0
SECTION
2
HEADER
9
$INSUNITS
70
4
9
$ACADVER
1
AC1014
9
$HANDSEED
5
FFFF
0
ENDSEC
0
SECTION
2
TABLES
0
TABLE
2
VPORT
5
8
100
AcDbSymbolTable
0
ENDTAB
0
TABLE
2
LTYPE
5
5
100
AcDbSymbolTable
0
LTYPE
5
14
100
AcDbSymbolTableRecord
100
AcDbLinetypeTableRecord
2
BYBLOCK
70
0
0
LTYPE
5
15
100
AcDbSymbolTableRecord
100
AcDbLinetypeTableRecord
2
BYLAYER
70
0
0
LTYPE
5
16
100
AcDbSymbolTableRecord
100
AcDbLinetypeTableRecord
2
DASHED
70
0
3
Dashed __ __ __ __ __ __ __ __ __ __ __ __ __ _
72
65
73
2
40
0.75
49
0.5
74
0
49
-0.25
74
0
0
ENDTAB
0
TABLE
2
LAYER
5
2
100
AcDbSymbolTable
70
3
0
LAYER
5
50
100
AcDbSymbolTableRecord
100
AcDbLayerTableRecord
2
1
70
0
62
7
6
DASHED
0
LAYER
5
51
100
AcDbSymbolTableRecord
100
AcDbLayerTableRecord
2
0
70
0
62
7
6
CONTINUOUS
0
ENDTAB
0
TABLE
2
STYLE
5
3
100
AcDbSymbolTable
70
1
0
STYLE
5
11
100
AcDbSymbolTableRecord
100
AcDbTextStyleTableRecord
2
STANDARD
70
0
0
ENDTAB
0
TABLE
2
VIEW
5
6
100
AcDbSymbolTable
70
0
0
ENDTAB
0
TABLE
2
UCS
5
7
100
AcDbSymbolTable
70
0
0
ENDTAB
0
TABLE
2
APPID
5
9
100
AcDbSymbolTable
70
2
0
APPID
5
12
100
AcDbSymbolTableRecord
100
AcDbRegAppTableRecord
2
ACAD
70
0
0
ENDTAB
0
TABLE
2
DIMSTYLE
5
A
100
AcDbSymbolTable
70
1
0
ENDTAB
0
TABLE
2
BLOCK_RECORD
5
1
100
AcDbSymbolTable
70
1
0
BLOCK_RECORD
5
1F
100
AcDbSymbolTableRecord
100
AcDbBlockTableRecord
2
*MODEL_SPACE
0
BLOCK_RECORD
5
1B
100
AcDbSymbolTableRecord
100
AcDbBlockTableRecord
2
*PAPER_SPACE
0
ENDTAB
0
ENDSEC
0
SECTION
2
BLOCKS
0
BLOCK
5
20
100
AcDbEntity
100
AcDbBlockBegin
2
*MODEL_SPACE
0
ENDBLK
5
21
100
AcDbEntity
100
AcDbBlockEnd
0
BLOCK
5
1C
100
AcDbEntity
100
AcDbBlockBegin
2
*PAPER_SPACE
0
ENDBLK
5
1D
100
AcDbEntity
100
AcDbBlockEnd
0
ENDSEC
0
SECTION
2
ENTITIES
0
CIRCLE
5
100
100
AcDbEntity
8
0
100
AcDbCircle
10
47.000000000038312
20
-82.889391500260132
30
0
40
1.5000000000000129
210
9.8607613152626476e-32
220
1.3000327549888466e-47
230
1
0
CIRCLE
5
101
100
AcDbEntity
8
0
100
AcDbCircle
10
82.889391500305209
20
-47.000000000023512
30
0
40
1.5000000000000129
210
9.8607613152626476e-32
220
1.3000327549888466e-47
230
1
0
CIRCLE
5
102
100
AcDbEntity
8
0
100
AcDbCircle
10
11.110608499801604
20
-46.999999999993321
30
0
40
1.500000000000012
210
9.8607613152626476e-32
220
1.3000327549888466e-47
230
1
0
CIRCLE
5
103
100
AcDbEntity
8
0
100
AcDbCircle
10
47.000000000068496
20
-11.11060849975668
30
0
40
1.5000000000000129
210
9.8607613152626476e-32
220
1.3000327549888466e-47
230
1
0
ARC
5
104
100
AcDbEntity
8
0
100
AcDbCircle
10
47.000000000000369
20
-47.000000000000099
30
0
40
32.99643291058522
210
9.8600839453980242e-32
220
1.1557813930199784e-33
230
1
100
AcDbArc
50
180.67158011546869
51
181.9113953797735
0
SPLINE
5
105
100
AcDbEntity
8
0
100
AcDbSpline
70
4
71
5
72
24
73
18
74
0
42
0.000000001
43
0.0000000001
44
0.0000000001
40
0.13450521797666964
40
0.13450521797666964
40
0.13450521797666964
40
0.13450521797666964
40
0.13450521797666964
40
0.13450521797666964
40
0.20000000000000001
40
0.26666666666666666
40
0.33333333333333331
40
0.39999999999999997
40
0.46666666666666662
40
0.53333333333333333
40
0.59999999999999998
40
0.66666666666666663
40
0.73333333333333328
40
0.79999999999999993
40
0.86666666666666659
40
0.93333333333333324
40
1
40
1
40
1
40
1
40
1
40
1
41
1
41
1
41
1
41
1
41
1
41
1
41
1
41
1
41
1
41
1
41
1
41
1
41
1
41
1
41
1
41
1
41
1
41
1
10
14.005833729083543
20
-47.386751711905447
30
0
10
14.015963511829913
20
-47.379394213641788
30
0
10
14.036247253699948
20
-47.365972880715375
30
0
10
14.066317699698514
20
-47.350090533190368
30
0
10
14.105777560478558
20
-47.337364562632615
30
0
10
14.155042117194158
20
-47.334246656073383
30
0
10
14.206304065133889
20
-47.341018717982578
30
0
10
14.262200518689612
20
-47.352942145848942
30
0
10
14.325912084825756
20
-47.364499937598211
30
0
10
14.400565686157519
20
-47.370143022502901
30
0
10
14.488807327665171
20
-47.365031315308073
30
0
10
14.592195367830294
20
-47.346002212594684
30
0
10
14.711307729831351
20
-47.311465507179271
30
0
10
14.846166638876232
20
-47.260807164338694
30
0
10
14.966427771721676
20
-47.207385713768588
30
0
10
15.063439578206543
20
-47.160174104728235
30
0
10
15.131121349664557
20
-47.125547122957848
30
0
10
15.165714056478611
20
-47.107445471342672
30
0
0
LINE
5
106
100
AcDbEntity
8
0
100
AcDbLine
10
15.165714056478611
20
-47.107445471342658
30
0
11
15.165634379162734
21
-46.898165043658565
31
0
0
SPLINE
5
107
100
AcDbEntity
8
0
100
AcDbSpline
70
4
71
5
72
24
73
18
74
0
42
0.000000001
43
0.0000000001
44
0.0000000001
40
0.13478277032037178
40
0.13478277032037178
40
0.13478277032037178
40
0.13478277032037178
40
0.13478277032037178
40
0.13478277032037178
40
0.20000000000000001
40
0.26666666666666666
40
0.33333333333333331
40
0.39999999999999997
40
0.46666666666666662
40
0.53333333333333333
40
0.59999999999999998
40
0.66666666666666663
40
0.73333333333333328
40
0.79999999999999993
40
0.86666666666666659
40
0.93333333333333324
40
1
40
1
40
1
40
1
40
1
40
1
41
1
41
1
41
1
41
1
41
1
41
1
41
1
41
1
41
1
41
1
41
1
41
1
41
1
41
1
41
1
41
1
41
1
41
1
10
14.00575645633122
20
-46.619897670909687
30
0
10
14.015847564528151
20
-46.627204385944545
30
0
10
14.036097027817435
20
-46.640564110510851
30
0
10
14.066136105330768
20
-46.656383710982119
30
0
10
14.105564287883448
20
-46.669055671634055
30
0
10
14.154790037244013
20
-46.672133491296592
30
0
10
14.206046813800414
20
-46.665322398423612
30
0
10
14.261934172170239
20
-46.653356412186191
30
0
10
14.325636919265099
20
-46.641750111216083
30
0
10
14.400286202081285
20
-46.636050183666384
30
0
10
14.488531710269301
20
-46.641094698613315
30
0
10
14.591934209993518
20
-46.660045071961775
30
0
10
14.711072835113136
20
-46.694491070380025
30
0
10
14.845970278380534
20
-46.745046711490048
30
0
10
14.966272053622676
20
-46.79837657486766
30
0
10
15.063319780818823
20
-46.845514301496095
30
0
10
15.131027899044998
20
-46.88008973758145
30
0
10
15.165634379162734
20
-46.898165043658565
30
0
0
ARC
5
108
100
AcDbEntity
8
0
100
AcDbCircle
10
47.000000000000369
20
-47.000000000000099
30
0
40
32.99643291058522
210
9.8553408905799671e-32
220
-3.2690923364568491e-33
230
1
100
AcDbArc
50
178.10015154404064
51
179.33996680834503
0
SPLINE
5
109
100
AcDbEntity
8
0
100
AcDbSpline
70
4
71
5
72
24
73
18
74
0
42
0.000000001
43
0.0000000001
44
0.0000000001
40
0.13450521797666964
40
0.13450521797666964
40
0.13450521797666964
40
0.13450521797666964
40
0.13450521797666964
40
0.13450521797666964
40
0.20000000000000001
40
0.26666666666666666
40
0.33333333333333331
40
0.39999999999999997
40
0.46666666666666662
40
0.53333333333333333
40
0.59999999999999998
40
0.66666666666666663
40
0.73333333333333328
40
0.79999999999999993
40
0.86666666666666659
40
0.93333333333333324
40
1
40
1
40
1
40
1
40
1
40
1
41
1
41
1
41
1
41
1
41
1
41
1
41
1
41
1
41
1
41
1
41
1
41
1
41
1
41
1
41
1
41
1
41
1
41
1
10
14.021705109100749
20
-45.906084606365155
30
0
10
14.032154784741342
20
-45.899188987597071
30
0
10
14.053020248057845
20
-45.886691195697729
30
0
10
14.083772973945495
20
-45.87217394609813
30
0
10
14.123764049781567
20
-45.861231149705482
30
0
10
14.173118884715507
20
-45.860326628650022
30
0
10
14.22402538787602
20
-45.869391730141245
30
0
10
14.279330614854015
20
-45.883810936815124
30
0
10
14.342459489316454
20
-45.898215499243243
30
0
10
14.416784743392324
20
-45.907202223095716
30
0
10
14.50516686731479
20
-45.906054609326006
30
0
10
14.609304540067999
20
-45.891683154535102
30
0
10
14.729846447275746
20
-45.862525181197753
30
0
10
14.866842340330289
20
-45.81796827001309
30
0
10
14.989379122534196
20
-45.769996106611842
30
0
10
15.088411385415396
20
-45.72718445476022
30
0
10
15.157578539495866
20
-45.695628871250634
30
0
10
15.192948541284782
20
-45.679097442716703
30
0
0
LINE
5
110
100
AcDbEntity
8
0
100
AcDbLine
10
15.192948541284782
20
-45.679097442716703
30
0
11
15.202258275082389
21
-45.470024171788225
31
0
0
SPLINE
5
111
100
AcDbEntity
8
0
100
AcDbSpline
70
4
71
5
72
24
73
18
74
0
42
0.000000001
43
0.0000000001
44
0.0000000001
40
0.13478277032037178
40
0.13478277032037178
40
0.13478277032037178
40
0.13478277032037178
40
0.13478277032037178
40
0.13478277032037178
40
0.20000000000000001
40
0.26666666666666666
40
0.33333333333333331
40
0.39999999999999997
40
0.46666666666666662
40
0.53333333333333333
40
0.59999999999999998
40
0.66666666666666663
40
0.73333333333333328
40
0.79999999999999993
40
0.86666666666666659
40
0.93333333333333324
40
1
40
1
40
1
40
1
40
1
40
1
41
1
41
1
41
1
41
1
41
1
41
1
41
1
41
1
41
1
41
1
41
1
41
1
41
1
41
1
41
1
41
1
41
1
41
1
10
14.056032690609825
20
-45.139999269532282
30
0
10
14.06578582320182
20
-45.147751363048592
30
0
10
14.085415514852802
20
-45.162006123996399
30
0
10
14.114714601322564
20
-45.179157493299172
30
0
10
14.153534556954156
20
-45.193585632851203
30
0
10
14.202572653403649
20
-45.198868858248069
30
0
10
14.254083396323001
20
-45.194364250276912
30
0
10
14.310451331784284
20
-45.184917689843402
30
0
10
14.374610649175706
20
-45.176181088587349
30
0
10
14.449440491413885
20
-45.173836027894751
30
0
10
14.537370820939833
20
-45.182834583104842
30
0
10
14.639818995942008
20
-45.206405010296265
30
0
10
14.757292242518481
20
-45.246161458090377
30
0
10
14.8897856827751
20
-45.302718343940768
30
0
10
15.007573686861559
20
-45.361391826431699
30
0
10
15.102408867345808
20
-45.412836118322573
30
0
10
15.168497586928053
20
-45.450414452482065
30
0
10
15.202258275082389
20
-45.470024171788225
30
0
0
ARC
5
112
100
AcDbEntity
8
0
100
AcDbCircle
10
47.000000000000369
20
-47.000000000000099
30
0
40
32.99643291058522
210
1.0022935054508647e-31
220
1.6889493677930049e-32
230
1
100
AcDbArc
50
175.52872297261206
51
176.7685382369165
0
SPLINE
5
113
100
AcDbEntity
8
0
100
AcDbSpline
70
4
71
5
72
24
73
18
74
0
42
0.000000001
43
0.0000000001
44
0.0000000001
40
0.13450521797666964
40
0.13450521797666964
40
0.13450521797666964
40
0.13450521797666964
40
0.13450521797666964
40
0.13450521797666964
40
0.20000000000000001
40
0.26666666666666666
40
0.33333333333333331
40
0.39999999999999997
40
0.46666666666666662
40
0.53333333333333333
40
0.59999999999999998
40
0.66666666666666663
40
0.73333333333333328
40
0.79999999999999993
40
0.86666666666666659
40
0.93333333333333324
40
1
40
1
40
1
40
1
40
1
40
1
41
1
41
1
41
1
41
1
41
1
41
1
41
1
41
1
41
1
41
1
41
1
41
1
41
1
41
1
41
1
41
1
41
1
41
1
10
14.10399038619004
20
-44.427620500846523
30
0
10
14.114738910468796
20
-44.421200648432524
30
0
10
14.136144074965472
20
-44.409651566449888
30
0
10
14.167517148844922
20
-44.396528650584415
30
0
10
14.207958903032399
20
-44.387391065692498
30
0
10
14.257304622115399
20
-44.388701751725847
30
0
10
14.307753161574102
20
-44.400041636891096
30
0
10
14.362355784607399
20
-44.416927584009201
30
0
10
14.424774834244323
20
-44.434149908244429
30
0
10
14.498622059893989
20
-44.446462172978855
30
0
10
14.586966676395814
20
-44.449280963775628
30
0
10
14.691644262323106
20
-44.439596099104577
30
0
10
14.81337295937845
20
-44.415875578123178
30
0
10
14.952229944945817
20
-44.377509830283806
30
0
10
15.07679560373635
20
-44.335083563604258
30
0
10
15.177648885215916
20
-44.296758085910696
30
0
10
15.248162128475467
20
-44.268337449407596
30
0
10
15.284238194762773
20
-44.253409536051933
30
0
0
LINE
5
114
100
AcDbEntity
8
0
100
AcDbLine
10
15.284238194762775
20
-44.253409536051933
30
0
11
15.302918591108964
21
-44.044964467622705
31
0
0
SPLINE
5
115
100
AcDbEntity
8
0
100
AcDbSpline
70
4
71
5
72
24
73
18
74
0
42
0.000000001
43
0.0000000001
44
0.0000000001
40
0.13478277032037178
40
0.13478277032037178
40
0.13478277032037178
40
0.13478277032037178
40
0.13478277032037178
40
0.13478277032037178
40
0.20000000000000001
40
0.26666666666666666
40
0.33333333333333331
40
0.39999999999999997
40
0.46666666666666662
40
0.53333333333333333
40
0.59999999999999998
40
0.66666666666666663
40
0.73333333333333328
40
0.79999999999999993
40
0.86666666666666659
40
0.93333333333333324
40
1
40
1
40
1
40
1
40
1
40
1
41
1
41
1
41
1
41
1
41
1
41
1
41
1
41
1
41
1
41
1
41
1
41
1
41
1
41
1
41
1
41
1
41
1
41
1
10
14.172653690779766
20
-43.663846662092269
30
0
10
14.182049206255755
20
-43.672028522405377
30
0
10
14.201019594681819
20
-43.687149612543195
30
0
10
14.229519685647055
20
-43.705598210102245
30
0
10
14.267653236133187
20
-43.721753472201435
30
0
10
14.316404923471477
20
-43.729231463619797
30
0
10
14.368065896972723
20
-43.727042412231434
30
0
10
14.424800892005038
20
-43.720134301717373
30
0
10
14.489287571366287
20
-43.714284994527617
30
0
10
14.564147275682744
20
-43.715299523332249
30
0
10
14.651585346564957
20
-43.728233996912884
30
0
10
14.752872879854708
20
-43.756377010243725
30
0
10
14.868444172403084
20
-43.801363843218731
30
0
10
14.99826678549282
20
-43.863808075768077
30
0
10
15.113303809058902
20
-43.927707016787032
30
0
10
15.20573545739868
20
-43.983354271982833
30
0
10
15.270071684451011
20
-44.023859826452465
30
0
10
15.302918591108964
20
-44.044964467622705
30
0
0
ARC
5
116
100
AcDbEntity
8
0
100
AcDbCircle
10
47.000000000000369
20
-47.000000000000099
30
0
40
32.99643291058522
210
1.0088617052704676e-31
220
1.2375714273297885e-32
230
1
100
AcDbArc
50
172.95729440118345
51
174.19710966548791
0
SPLINE
5
117
100
AcDbEntity
8
0
100
AcDbSpline
70
4
71
5
72
24
73
18
74
0
42
0.000000001
43
0.0000000001
44
0.0000000001
40
0.13450521797666964
40
0.13450521797666964
40
0.13450521797666964
40
0.13450521797666964
40
0.13450521797666964
40
0.13450521797666964
40
0.20000000000000001
40
0.26666666666666666
40
0.33333333333333331
40
0.39999999999999997
40
0.46666666666666662
40
0.53333333333333333
40
0.59999999999999998
40
0.66666666666666663
40
0.73333333333333328
40
0.79999999999999993
40
0.86666666666666659
40
0.93333333333333324
40
1
40
1
40
1
40
1
40
1
40
1
41
1
41
1
41
1
41
1
41
1
41
1
41
1
41
1
41
1
41
1
41
1
41
1
41
1
41
1
41
1
41
1
41
1
41
1
10
14.252523848754088
20
-42.954336825300146
30
0
10
14.263549575573542
20
-42.948405667968636
30
0
10
14.285451334097754
20
-42.937828554216829
30
0
10
14.317381574773421
20
-42.926126399891587
30
0
10
14.358192563001468
20
-42.918812428380321
30
0
10
14.407429790522354
20
-42.922335681955239
30
0
10
14.4573187696346
20
-42.935927513774949
30
0
10
14.511108826307076
20
-42.955246195287003
30
0
10
14.572692347459403
20
-42.975251597860307
30
0
10
14.645912826198188
20
-42.990864608214054
30
0
10
14.734042020978873
20
-42.997644126907801
30
0
10
14.839048713352959
20
-42.99266535638516
30
0
10
14.961719054860012
20
-42.974430057732171
30
0
10
15.102157493450719
20
-42.94233273674844
30
0
10
15.228501170168599
20
-42.905537807645466
30
0
10
15.330972365159445
20
-42.871775686521588
30
0
10
15.402689693310247
20
-42.84654723240461
30
0
10
15.43939917169954
20
-42.833252897058067
30
0
0
LINE
5
118
100
AcDbEntity
8
0
100
AcDbLine
10
15.439399171699538
20
-42.83325289705806
30
0
11
15.467412610762105
21
-42.625855811755486
31
-3.8518598887744717e-33
0
SPLINE
5
119
100
AcDbEntity
8
0
100
AcDbSpline
70
4
71
5
72
24
73
18
74
0
42
0.000000001
43
0.0000000001
44
0.0000000001
40
0.13478277032037178
40
0.13478277032037178
40
0.13478277032037178
40
0.13478277032037178
40
0.13478277032037178
40
0.13478277032037178
40
0.20000000000000001
40
0.26666666666666666
40
0.33333333333333331
40
0.39999999999999997
40
0.46666666666666662
40
0.53333333333333333
40
0.59999999999999998
40
0.66666666666666663
40
0.73333333333333328
40
0.79999999999999993
40
0.86666666666666659
40
0.93333333333333324
40
1
40
1
40
1
40
1
40
1
40
1
41
1
41
1
41
1
41
1
41
1
41
1
41
1
41
1
41
1
41
1
41
1
41
1
41
1
41
1
41
1
41
1
41
1
41
1
10
14.355384597666909
20
-42.194412623490727
30
0
10
14.364403574709108
20
-42.203007773422819
30
0
10
14.382676456072589
20
-42.218964740887458
30
0
10
14.410320156142966
20
-42.238673413682491
30
0
10
14.447690505587865
20
-42.25652326378097
30
0
10
14.496057604404664
20
-42.266180961541302
30
0
10
14.547764770162351
20
-42.266311875193907
30
0
10
14.604752568036146
20
-42.261956126614507
30
0
10
14.669436741777041
20
-42.259005893217285
30
0
10
14.744175550689809
20
-42.263377968393172
30
0
10
14.830945274290022
20
-42.280222312035889
30
0
10
14.930868186254912
20
-42.312881235222648
30
0
10
15.044304779572526
20
-42.3630078558839
30
0
10
15.171195120029752
20
-42.431213680758134
30
0
10
15.283249493819429
20
-42.500209396341717
30
0
10
15.373091464976014
20
-42.559947548676156
30
0
10
15.435545634899192
20
-42.603298750659839
30
0
10
15.467412610762105
20
-42.625855811755486
30
0
0
ARC
5
120
100
AcDbEntity
8
0
100
AcDbCircle
10
47.000000000000369
20
-47.000000000000099
30
0
40
32.996432910585227
210
1.0133981918776237e-31
220
7.8370118271118761e-33
230
1
100
AcDbArc
50
170.38586582975489
51
171.62568109405936
0
SPLINE
5
121
100
AcDbEntity
8
0
100
AcDbSpline
70
4
71
5
72
24
73
18
74
0
42
0.000000001
43
0.0000000001
44
0.0000000001
40
0.13450521797666964
40
0.13450521797666964
40
0.13450521797666964
40
0.13450521797666964
40
0.13450521797666964
40
0.13450521797666964
40
0.20000000000000001
40
0.26666666666666666
40
0.33333333333333331
40
0.39999999999999997
40
0.46666666666666662
40
0.53333333333333333
40
0.59999999999999998
40
0.66666666666666663
40
0.73333333333333328
40
0.79999999999999993
40
0.86666666666666659
40
0.93333333333333324
40
1
40
1
40
1
40
1
40
1
40
1
41
1
41
1
41
1
41
1
41
1
41
1
41
1
41
1
41
1
41
1
41
1
41
1
41
1
41
1
41
1
41
1
41
1
41
1
10
14.467006370166516
20
-41.489200576980132
30
0
10
14.478287095180189
20
-41.483770059292631
30
0
10
14.500641340505009
20
-41.474186214671121
30
0
10
14.533064444721537
20
-41.463928388467572
30
0
10
14.574162479091097
20
-41.458452759702233
30
0
10
14.623192057826255
20
-41.464181485454894
30
0
10
14.67242100682747
20
-41.479997891788614
30
0
10
14.725290171123502
20
-41.501710402441027
30
0
10
14.785914142775333
20
-41.524458595134021
30
0
10
14.858360418303437
20
-41.543340908582032
30
0
10
14.946096710893155
20
-41.554067502124354
30
0
10
15.05122104021015
20
-41.553804852331353
30
0
10
15.174585984426415
20
-41.541091499471463
30
0
10
15.316323051715061
20
-41.515327245076222
30
0
10
15.444190307009521
20
-41.484237753640286
30
0
10
15.548073052162081
20
-41.455106981504883
30
0
10
15.620850036049562
20
-41.433121516523144
30
0
10
15.658118998536759
20
-41.421487532207863
30
0
0
LINE
5
122
100
AcDbEntity
8
0
100
AcDbLine
10
15.658118998536759
20
-41.42148753220787
30
0
11
15.695409064977531
21
-41.215556100160796
31
-7.7037197775489434e-33
0
SPLINE
5
123
100
AcDbEntity
8
0
100
AcDbSpline
70
4
71
5
72
24
73
18
74
0
42
0.000000001
43
0.0000000001
44
0.0000000001
40
0.13478277032037178
40
0.13478277032037178
40
0.13478277032037178
40
0.13478277032037178
40
0.13478277032037178
40
0.13478277032037178
40
0.20000000000000001
40
0.26666666666666666
40
0.33333333333333331
40
0.39999999999999997
40
0.46666666666666662
40
0.53333333333333333
40
0.59999999999999998
40
0.66666666666666663
40
0.73333333333333328
40
0.79999999999999993
40
0.86666666666666659
40
0.93333333333333324
40
1
40
1
40
1
40
1
40
1
40
1
41
1
41
1
41
1
41
1
41
1
41
1
41
1
41
1
41
1
41
1
41
1
41
1
41
1
41
1
41
1
41
1
41
1
41
1
10
14.6038574155431
20
-40.734656398325271
30
0
10
14.612481691132009
20
-40.743647528388244
30
0
10
14.630020266281655
20
-40.760408237970836
30
0
10
14.656751904724125
20
-40.781337295357723
30
0
10
14.693283794217354
20
-40.800845786232884
30
0
10
14.741168899612457
20
-40.812663741017175
30
0
10
14.792818126276078
20
-40.815114356068058
30
0
10
14.849943961150519
20
-40.813319741321308
30
0
10
14.914695363953488
20
-40.813274523094037
30
0
10
14.989162763447855
20
-40.820995339863629
30
0
10
15.075089397090274
20
-40.841715631302023
30
0
10
15.173446456283617
20
-40.878824693619734
30
0
10
15.284519904167965
20
-40.933990153624215
30
0
10
15.408222431733904
20
-41.007820213369037
30
0
10
15.517068493150848
20
-41.0817737553282
30
0
10
15.604139857350747
20
-41.145482500112593
30
0
10
15.664586195758103
20
-41.191592046058801
30
0
10
15.695409064977531
20
-41.215556100160796
30
0
0
ARC
5
124
100
AcDbEntity
8
0
100
AcDbCircle
10
47.000000000000369
20
-47.000000000000099
30
0
40
32.996432910585206
210
8.4337659090359731e-32
220
-1.821220392577321e-32
230
1
100
AcDbArc
50
167.81443725832639
51
169.05425252263078
0
SPLINE
5
125
100
AcDbEntity
8
0
100
AcDbSpline
70
4
71
5
72
24
73
18
74
0
42
0.000000001
43
0.0000000001
44
0.0000000001
40
0.13450521797666964
40
0.13450521797666964
40
0.13450521797666964
40
0.13450521797666964
40
0.13450521797666964
40
0.13450521797666964
40
0.20000000000000001
40
0.26666666666666666
40
0.33333333333333331
40
0.39999999999999997
40
0.46666666666666662
40
0.53333333333333333
40
0.59999999999999998
40
0.66666666666666663
40
0.73333333333333328
40
0.79999999999999993
40
0.86666666666666659
40
0.93333333333333324
40
1
40
1
40
1
40
1
40
1
40
1
41
1
41
1
41
1
41
1
41
1
41
1
41
1
41
1
41
1
41
1
41
1
41
1
41
1
41
1
41
1
41
1
41
1
41
1
10
14.747006011173099
20
-40.035162345306404
30
0
10
14.758519016502083
20
-40.030243403602832
30
0
10
14.781280730152393
20
-40.021672128699244
30
0
10
14.814131402092837
20
-40.01287928851422
30
0
10
14.855433716632124
20
-40.009253029682419
30
0
10
14.904156907534974
20
-40.017175690721558
30
0
10
14.952626685873383
20
-40.035184819431819
30
0
10
15.004468486332049
20
-40.05924743311769
30
0
10
15.064010819872474
20
-40.084692604097675
30
0
10
15.13553699503232
20
-40.106806194173608
30
0
10
15.222703696213975
20
-40.121458260632593
30
0
10
15.327733956064865
20
-40.125912260510987
30
0
10
15.45154506241041
20
-40.118746456444924
30
0
10
15.594295318806219
20
-40.099367154417756
30
0
10
15.723428645042009
20
-40.074045710747143
30
0
10
15.828513734332528
20
-40.049604953098488
30
0
10
15.902203810796497
20
-40.030906753052584
30
0
10
15.939957202651001
20
-40.020956549064692
30
0
0
LINE
5
126
100
AcDbEntity
8
0
100
AcDbLine
10
15.939957202651001
20
-40.020956549064685
30
0
11
15.986448799238826
21
-39.816905488771361
31
-7.7037197775489434e-33
0
SPLINE
5
127
100
AcDbEntity
8
0
100
AcDbSpline
70
4
71
5
72
24
73
18
74
0
42
0.000000001
43
0.0000000001
44
0.0000000001
40
0.13478277032037178
40
0.13478277032037178
40
0.13478277032037178
40
0.13478277032037178
40
0.13478277032037178
40
0.13478277032037178
40
0.20000000000000001
40
0.26666666666666666
40
0.33333333333333331
40
0.39999999999999997
40
0.46666666666666662
40
0.53333333333333333
40
0.59999999999999998
40
0.66666666666666663
40
0.73333333333333328
40
0.79999999999999993
40
0.86666666666666659
40
0.93333333333333324
40
1
40
1
40
1
40
1
40
1
40
1
41
1
41
1
41
1
41
1
41
1
41
1
41
1
41
1
41
1
41
1
41
1
41
1
41
1
41
1
41
1
41
1
41
1
41
1
10
14.917571753220557
20
-39.287517741365193
30
0
10
14.925783959212886
20
-39.29688674461967
30
0
10
14.942552907792415
20
-39.314417442481677
30
0
10
14.968318650644674
20
-39.336524736124126
30
0
10
15.003938509822554
20
-39.357652580271591
30
0
10
15.051245187566378
20
-39.371606992291667
30
0
10
15.102732460467038
20
-39.376372373528255
30
0
10
15.159881288513146
20
-39.377142506729427
30
0
10
15.224569519670236
20
-39.380002394735612
30
0
10
15.298615542313934
20
-39.391056404401425
30
0
10
15.38352604119375
20
-39.415610915726049
30
0
10
15.480119169587942
20
-39.457095384461773
30
0
10
15.588605784896938
20
-39.517188587914603
30
0
10
15.708871379143726
20
-39.596494198615176
30
0
10
15.814289926705765
20
-39.675256634358348
30
0
10
15.898415333809162
20
-39.742807670659218
30
0
10
15.956732109819505
20
-39.791582702078813
30
0
10
15.986448799238826
20
-39.816905488771354
30
0
0
ARC
5
128
100
AcDbEntity
8
0
100
AcDbCircle
10
47.000000000000369
20
-47.000000000000099
30
0
40
32.99643291058522
210
9.2854646475383826e-32
220
1.3780475173105597e-32
230
1
100
AcDbArc
50
165.24300868689778
51
166.48282395120216
0
SPLINE
5
129
100
AcDbEntity
8
0
100
AcDbSpline
70
4
71
5
72
24
73
18
74
0
42
0.000000001
43
0.0000000001
44
0.0000000001
40
0.13450521797666964
40
0.13450521797666964
40
0.13450521797666964
40
0.13450521797666964
40
0.13450521797666964
40
0.13450521797666964
40
0.20000000000000001
40
0.26666666666666666
40
0.33333333333333331
40
0.39999999999999997
40
0.46666666666666662
40
0.53333333333333333
40
0.59999999999999998
40
0.66666666666666663
40
0.73333333333333328
40
0.79999999999999993
40
0.86666666666666659
40
0.93333333333333324
40
1
40
1
40
1
40
1
40
1
40
1
41
1
41
1
41
1
41
1
41
1
41
1
41
1
41
1
41
1
41
1
41
1
41
1
41
1
41
1
41
1
41
1
41
1
41
1
10
15.091958889759933
20
-38.595150369770302
30
0
10
15.103680989743676
20
-38.590752910144623
30
0
10
15.126804332657374
20
-38.583211466365924
30
0
10
15.160016415440298
20
-38.575901319809404
30
0
10
15.201439832784452
20
-38.574131733713841
30
0
10
15.249758513832724
20
-38.58423237485448
30
0
10
15.297371509825242
20
-38.604397957952763
30
0
10
15.34808154395966
20
-38.630762215770453
30
0
10
15.406422329052978
20
-38.65885312184939
30
0
10
15.476884359646688
20
-38.684153454725738
30
0
10
15.563305927284469
20
-38.702701486789508
30
0
10
15.668030600703617
20
-38.711863166576279
30
0
10
15.792038530087375
20
-38.710259342279784
30
0
10
15.935514495571546
20
-38.697304019955929
30
0
10
16.065653835415031
20
-38.67780161806833
30
0
10
16.171729641458679
20
-38.658100095339691
30
0
10
16.246184408491999
20
-38.642726815916092
30
0
10
16.284346199406937
20
-38.634480430642235
30
0
0
LINE
5
130
100
AcDbEntity
8
0
100
AcDbLine
10
16.28434619940694
20
-38.634480430642228
30
0
11
16.339945698253516
21
-38.432720673782434
31
-3.8518598887744717e-33
0
SPLINE
5
131
100
AcDbEntity
8
0
100
AcDbSpline
70
4
71
5
72
24
73
18
74
0
42
0.000000001
43
0.0000000001
44
0.0000000001
40
0.13478277032037178
40
0.13478277032037178
40
0.13478277032037178
40
0.13478277032037178
40
0.13478277032037178
40
0.13478277032037178
40
0.20000000000000001
40
0.26666666666666666
40
0.33333333333333331
40
0.39999999999999997
40
0.46666666666666662
40
0.53333333333333333
40
0.59999999999999998
40
0.66666666666666663
40
0.73333333333333328
40
0.79999999999999993
40
0.86666666666666659
40
0.93333333333333324
40
1
40
1
40
1
40
1
40
1
40
1
41
1
41
1
41
1
41
1
41
1
41
1
41
1
41
1
41
1
41
1
41
1
41
1
41
1
41
1
41
1
41
1
41
1
41
1
10
15.295895831773121
20
-37.855910997276581
30
0
10
15.303679429878898
20
-37.865639005796851
30
0
10
15.319644981457532
20
-37.883904387445803
30
0
10
15.344392939942448
20
-37.907145396196526
30
0
10
15.379029035148978
20
-37.929850044949951
30
0
10
15.425662015888243
20
-37.945912811877079
30
0
10
15.476883646510389
20
-37.952983362455768
30
0
10
15.533940377593996
20
-37.956316692659058
30
0
10
15.598435163616529
20
-37.962075927464859
30
0
10
15.671910690574194
20
-37.976440868722527
30
0
10
15.755634056246775
20
-38.004780150415364
30
0
10
15.850268728136097
20
-38.050556481369938
30
0
10
15.955950033264193
20
-38.115456408556689
30
0
10
16.072536495290276
20
-38.200077859267289
30
0
10
16.174315230071997
20
-38.283490571730788
30
0
10
16.25532526270462
20
-38.354747860750905
30
0
10
16.311395034092012
20
-38.406090151221697
30
0
10
16.339945698253516
20
-38.432720673782434
30
0
0
ARC
5
132
100
AcDbEntity
8
0
100
AcDbCircle
10
47.000000000000369
20
-47.000000000000099
30
0
40
32.99643291058522
210
9.7803392170314546e-32
220
-1.760360575478326e-32
230
1
100
AcDbArc
50
162.67158011546923
51
163.91139537977361
0
SPLINE
5
133
100
AcDbEntity
8
0
100
AcDbSpline
70
4
71
5
72
24
73
18
74
0
42
0.000000001
43
0.0000000001
44
0.0000000001
40
0.13450521797666964
40
0.13450521797666964
40
0.13450521797666964
40
0.13450521797666964
40
0.13450521797666964
40
0.13450521797666964
40
0.20000000000000001
40
0.26666666666666666
40
0.33333333333333331
40
0.39999999999999997
40
0.46666666666666662
40
0.53333333333333333
40
0.59999999999999998
40
0.66666666666666663
40
0.73333333333333328
40
0.79999999999999993
40
0.86666666666666659
40
0.93333333333333324
40
1
40
1
40
1
40
1
40
1
40
1
41
1
41
1
41
1
41
1
41
1
41
1
41
1
41
1
41
1
41
1
41
1
41
1
41
1
41
1
41
1
41
1
41
1
41
1
10
15.501170316736799
20
-37.172064642850017
30
0
10
15.513077904625943
20
-37.168197521200682
30
0
10
15.536516309467711
20
-37.161701096011022
30
0
10
15.570022918378347
20
-37.15588836474528
30
0
10
15.611484017277572
20
-37.155979015096854
30
0
10
15.659300881078009
20
-37.168237294991968
30
0
10
15.705961208487171
20
-37.190518721677606
30
0
10
15.755437353037218
20
-37.219131529520489
30
0
10
15.812459099106398
20
-37.249811599351936
30
0
10
15.881715083981625
20
-37.27824772352534
30
0
10
15.967217476539526
20
-37.300654367925716
30
0
10
16.071425661971695
20
-37.314505277217037
30
0
10
16.19538067892719
20
-37.318466662578814
30
0
10
16.339293411999396
20
-37.311961410253303
30
0
10
16.470176682139414
20
-37.298317325390684
30
0
10
16.577029582379666
20
-37.283394713826922
30
0
10
16.652099097990174
20
-37.271377314764493
30
0
10
16.69059243519731
20
-37.264851355327131
30
0
0
LINE
5
134
100
AcDbEntity
8
0
100
AcDbLine
10
16.69059243519731
20
-37.264851355327131
30
0
11
16.755187866311292
21
-37.065789219200454
31
-7.7037197775489434e-33
0
SPLINE
5
135
100
AcDbEntity
8
0
100
AcDbSpline
70
4
71
5
72
24
73
18
74
0
42
0.000000001
43
0.0000000001
44
0.0000000001
40
0.13478277032037178
40
0.13478277032037178
40
0.13478277032037178
40
0.13478277032037178
40
0.13478277032037178
40
0.13478277032037178
40
0.20000000000000001
40
0.26666666666666666
40
0.33333333333333331
40
0.39999999999999997
40
0.46666666666666662
40
0.53333333333333333
40
0.59999999999999998
40
0.66666666666666663
40
0.73333333333333328
40
0.79999999999999993
40
0.86666666666666659
40
0.93333333333333324
40
1
40
1
40
1
40
1
40
1
40
1
41
1
41
1
41
1
41
1
41
1
41
1
41
1
41
1
41
1
41
1
41
1
41
1
41
1
41
1
41
1
41
1
41
1
41
1
10
15.738067756854964
20
-36.442719231520059
30
0
10
15.745407071943468
20
-36.452786654391602
30
0
10
15.760537074025065
20
-36.471749935779656
30
0
10
15.78421740904777
20
-36.496077855340012
30
0
10
15.817799987796672
20
-36.520313584558366
30
0
10
15.863665358914202
20
-36.538452358117652
30
0
10
15.914518193710471
20
-36.547813838890526
30
0
10
15.971367923168437
20
-36.55370365321253
30
0
10
16.035539380140499
20
-36.562350636485512
30
0
10
16.108296441479155
20
-36.579997580255046
30
0
10
16.190664066228162
20
-36.612064560774236
30
0
10
16.283149699977663
20
-36.662040566509148
30
0
10
16.38581286684067
20
-36.731616517613546
30
0
10
16.498485407027164
20
-36.821383391994054
30
0
10
16.596419360201704
20
-36.909278399075767
30
0
10
16.674150874938849
20
-36.984098438118153
30
0
10
16.727860724645637
20
-37.037904591099924
30
0
10
16.755187866311292
20
-37.065789219200454
30
0
0
ARC
5
136
100
AcDbEntity
8
0
100
AcDbCircle
10
47.000000000000369
20
-47.000000000000099
30
0
40
32.99643291058522
210
9.7911584460180134e-32
220
1.699152977477869e-32
230
1
100
AcDbArc
50
160.10015154404067
51
161.33996680834505
0
SPLINE
5
137
100
AcDbEntity
8
0
100
AcDbSpline
70
4
71
5
72
24
73
18
74
0
42
0.000000001
43
0.0000000001
44
0.0000000001
40
0.13450521797666964
40
0.13450521797666964
40
0.13450521797666964
40
0.13450521797666964
40
0.13450521797666964
40
0.13450521797666964
40
0.20000000000000001
40
0.26666666666666666
40
0.33333333333333331
40
0.39999999999999997
40
0.46666666666666662
40
0.53333333333333333
40
0.59999999999999998
40
0.66666666666666663
40
0.73333333333333328
40
0.79999999999999993
40
0.86666666666666659
40
0.93333333333333324
40
1
40
1
40
1
40
1
40
1
40
1
41
1
41
1
41
1
41
1
41
1
41
1
41
1
41
1
41
1
41
1
41
1
41
1
41
1
41
1
41
1
41
1
41
1
41
1
10
15.973816194748672
20
-35.76877106981155
30
0
10
15.985885290245898
20
-35.765442074006927
30
0
10
16.009591555187633
20
-35.760003750342058
30
0
10
16.043325212374778
20
-35.755700140434314
30
0
10
16.084740495693644
20
-35.757650844675283
30
0
10
16.131959245446147
20
-35.772042076780522
30
0
10
16.177572936582227
20
-35.796394475225426
30
0
10
16.225715553177199
20
-35.827198210706385
30
0
10
16.281303426014262
20
-35.860405658712679
30
0
10
16.349213892834239
20
-35.891920307613411
30
0
10
16.433624919872525
20
-35.91814044035052
30
0
10
16.53710675590056
20
-35.936652685258387
30
0
10
16.660759231519904
20
-35.946171302575507
30
0
10
16.804818911088013
20
-35.946129220960785
30
0
10
16.936182530036795
20
-35.93837093049428
30
0
10
17.043597336952836
20
-35.92825728224912
30
0
10
17.119130421126535
20
-35.919619964990254
30
0
10
17.157877784167535
20
-35.914827573803237
30
0
0
LINE
5
138
100
AcDbEntity
8
0
100
AcDbLine
10
17.157877784167535
20
-35.914827573803237
30
0
11
17.231339060947182
21
-35.718863943060121
31
-7.7037197775489434e-33
0
SPLINE
5
139
100
AcDbEntity
8
0
100
AcDbSpline
70
4
71
5
72
24
73
18
74
0
42
0.000000001
43
0.0000000001
44
0.0000000001
40
0.13478277032037178
40
0.13478277032037178
40
0.13478277032037178
40
0.13478277032037178
40
0.13478277032037178
40
0.13478277032037178
40
0.20000000000000001
40
0.26666666666666666
40
0.33333333333333331
40
0.39999999999999997
40
0.46666666666666662
40
0.53333333333333333
40
0.59999999999999998
40
0.66666666666666663
40
0.73333333333333328
40
0.79999999999999993
40
0.86666666666666659
40
0.93333333333333324
40
1
40
1
40
1
40
1
40
1
40
1
41
1
41
1
41
1
41
1
41
1
41
1
41
1
41
1
41
1
41
1
41
1
41
1
41
1
41
1
41
1
41
1
41
1
41
1
10
16.243197053054345
20
-35.050788424240565
30
0
10
16.250077304721732
20
-35.061174987013509
30
0
10
16.264341287495633
20
-35.080797978615649
30
0
10
16.286906310012835
20
-35.106163815793252
30
0
10
16.319367741459764
20
-35.131881817943267
30
0
10
16.364373136202019
20
-35.152060069058706
30
0
10
16.414754764330755
20
-35.163693627249344
30
0
10
16.471283004373657
20
-35.172128064387842
30
0
10
16.535001899521017
20
-35.183645382254447
30
0
10
16.606893972201828
20
-35.204538789939626
30
0
10
16.68773997859272
20
-35.240268890653937
30
0
10
16.777890320444257
20
-35.294343926144592
30
0
10
16.877328599086802
20
-35.368455784460451
30
0
10
16.985860309932534
20
-35.463187303972305
30
0
10
17.079752255551497
20
-35.555387596825256
30
0
10
17.154048711467205
20
-35.633619708288521
30
0
10
17.205290475003917
20
-35.689781365349809
30
0
10
17.231339060947182
20
-35.718863943060121
30
0
0
ARC
5
140
100
AcDbEntity
8
0
100
AcDbCircle
10
47.000000000000369
20
-47.000000000000099
30
0
40
32.99643291058522
210
9.3864087990832472e-32
220
1.1915761471033152e-33
230
1
100
AcDbArc
50
157.52872297261214
51
158.76853823691647
0
SPLINE
5
141
100
AcDbEntity
8
0
100
AcDbSpline
70
4
71
5
72
24
73
18
74
0
42
0.000000001
43
0.0000000001
44
0.0000000001
40
0.13450521797666964
40
0.13450521797666964
40
0.13450521797666964
40
0.13450521797666964
40
0.13450521797666964
40
0.13450521797666964
40
0.20000000000000001
40
0.26666666666666666
40
0.33333333333333331
40
0.39999999999999997
40
0.46666666666666662
40
0.53333333333333333
40
0.59999999999999998
40
0.66666666666666663
40
0.73333333333333328
40
0.79999999999999993
40
0.86666666666666659
40
0.93333333333333324
40
1
40
1
40
1
40
1
40
1
40
1
41
1
41
1
41
1
41
1
41
1
41
1
41
1
41
1
41
1
41
1
41
1
41
1
41
1
41
1
41
1
41
1
41
1
41
1
10
16.50894467789821
20
-34.388095697157013
30
0
10
16.521150975451377
20
-34.385311531351618
30
0
10
16.545077359230376
20
-34.380942261271663
30
0
10
16.57897012959782
20
-34.378156439619538
30
0
10
16.620256192467377
20
-34.381963269291148
30
0
10
16.666781735893938
20
-34.398458471580284
30
0
10
16.711256930853384
20
-34.424832799294862
30
0
10
16.757969066670405
20
-34.457765427790086
30
0
10
16.812011119697232
20
-34.493433378590282
30
0
10
16.87843930581948
20
-34.527963085909505
30
0
10
16.961588974763345
20
-34.557943903125448
30
0
10
17.06413606274112
20
-34.581080202452284
30
0
10
17.187236977394406
20
-34.596136882496239
30
0
10
17.331153486435621
20
-34.602558056339063
30
0
10
17.462732905346819
20
-34.600701184433184
30
0
10
17.570493299812558
20
-34.59541686704825
30
0
10
17.646337838970069
20
-34.590177026000433
30
0
10
17.68526119581237
20
-34.587127854301812
30
0
0
LINE
5
142
100
AcDbEntity
8
0
100
AcDbLine
10
17.68526119581237
20
-34.587127854301812
30
0
11
17.767440377022666
21
-34.394657373615239
31
-7.7037197775489434e-33
0
SPLINE
5
143
100
AcDbEntity
8
0
100
AcDbSpline
70
4
71
5
72
24
73
18
74
0
42
0.000000001
43
0.0000000001
44
0.0000000001
40
0.13478277032037178
40
0.13478277032037178
40
0.13478277032037178
40
0.13478277032037178
40
0.13478277032037178
40
0.13478277032037178
40
0.20000000000000001
40
0.26666666666666666
40
0.33333333333333331
40
0.39999999999999997
40
0.46666666666666662
40
0.53333333333333333
40
0.59999999999999998
40
0.66666666666666663
40
0.73333333333333328
40
0.79999999999999993
40
0.86666666666666659
40
0.93333333333333324
40
1
40
1
40
1
40
1
40
1
40
1
41
1
41
1
41
1
41
1
41
1
41
1
41
1
41
1
41
1
41
1
41
1
41
1
41
1
41
1
41
1
41
1
41
1
41
1
10
16.810266457192682
20
-33.682921738842168
30
0
10
16.816673789527723
20
-33.693606524361371
30
0
10
16.830043027230918
20
-33.71384970808397
30
0
10
16.851447294290281
20
-33.740202379458509
30
0
10
16.882722205432351
20
-33.767350861906465
30
0
10
16.926776988923756
20
-33.789527954265694
30
0
10
16.976585948490836
20
-33.803410161436112
30
0
10
17.032678858766154
20
-33.814372235557194
30
0
10
17.095816870713861
20
-33.828736693671985
30
0
10
17.16669917367004
20
-33.852834488730281
30
0
10
17.245860748605136
20
-33.892155753971956
30
0
10
17.333494247767668
20
-33.95022091929328
30
0
10
17.429507382730069
20
-34.028719433400965
30
0
10
17.533679695813074
20
-34.128224821370978
30
0
10
17.623340547993379
20
-34.224544720875642
30
0
10
17.694052321913002
20
-34.306031355698622
30
0
10
17.74272280518727
20
-34.364435414736263
30
0
10
17.767440377022666
20
-34.394657373615239
30
0
0
ARC
5
144
100
AcDbEntity
8
0
100
AcDbCircle
10
47.000000000000369
20
-47.000000000000099
30
0
40
32.996432910585213
210
1.0499025314294089e-31
220
-8.2383173056536855e-33
230
1
100
AcDbArc
50
154.95729440118359
51
156.19710966548791
0
SPLINE
5
145
100
AcDbEntity
8
0
100
AcDbSpline
70
4
71
5
72
24
73
18
74
0
42
0.000000001
43
0.0000000001
44
0.0000000001
40
0.13450521797666964
40
0.13450521797666964
40
0.13450521797666964
40
0.13450521797666964
40
0.13450521797666964
40
0.13450521797666964
40
0.20000000000000001
40
0.26666666666666666
40
0.33333333333333331
40
0.39999999999999997
40
0.46666666666666662
40
0.53333333333333333
40
0.59999999999999998
40
0.66666666666666663
40
0.73333333333333328
40
0.79999999999999993
40
0.86666666666666659
40
0.93333333333333324
40
1
40
1
40
1
40
1
40
1
40
1
41
1
41
1
41
1
41
1
41
1
41
1
41
1
41
1
41
1
41
1
41
1
41
1
41
1
41
1
41
1
41
1
41
1
41
1
10
17.105478088636648
20
-33.032819021343009
30
0
10
17.117797006386926
20
-33.030585292476246
30
0
10
17.141895324450445
20
-33.027293875109677
30
0
10
17.175878952469212
20
-33.026031451987222
30
0
10
17.216952650253294
20
-33.031686740641142
30
0
10
17.262691291101198
20
-33.050252693971984
30
0
10
17.305938422760235
20
-33.078595836570202
30
0
10
17.351126005774336
20
-33.113591036148655
30
0
10
17.403513405488194
20
-33.15164765923663
30
0
10
17.468325533386309
20
-33.189122886739099
30
0
10
17.550046391868271
20
-33.222804011057946
30
0
10
17.651452215607829
20
-33.250517771375939
30
0
10
17.773753660435549
20
-33.271082191996882
30
0
10
17.91723717025344
20
-33.283953689907698
30
0
10
18.048767405688302
20
-33.288001976055334
30
0
10
18.156656372610328
20
-33.28755763144261
30
0
10
18.232659625943377
20
-33.285725818948372
30
0
10
18.271680590126312
20
-33.284426007364154
30
0
0
LINE
5
146
100
AcDbEntity
8
0
100
AcDbLine
10
18.271680590126312
20
-33.284426007364154
30
0
11
18.36241217783293
21
-33.095836286667733
31
-9.6296497219361793e-33
0
SPLINE
5
147
100
AcDbEntity
8
0
100
AcDbSpline
70
4
71
5
72
24
73
18
74
0
42
0.000000001
43
0.0000000001
44
0.0000000001
40
0.13478277032037178
40
0.13478277032037178
40
0.13478277032037178
40
0.13478277032037178
40
0.13478277032037178
40
0.13478277032037178
40
0.20000000000000001
40
0.26666666666666666
40
0.33333333333333331
40
0.39999999999999997
40
0.46666666666666662
40
0.53333333333333333
40
0.59999999999999998
40
0.66666666666666663
40
0.73333333333333328
40
0.79999999999999993
40
0.86666666666666659
40
0.93333333333333324
40
1
40
1
40
1
40
1
40
1
40
1
41
1
41
1
41
1
41
1
41
1
41
1
41
1
41
1
41
1
41
1
41
1
41
1
41
1
41
1
41
1
41
1
41
1
41
1
10
17.438133966957114
20
-32.341873876789961
30
0
10
17.444055476445197
20
-32.352835367319329
30
0
10
17.456503045212163
20
-32.373657976084395
30
0
10
17.476703451468364
20
-32.400944410882786
30
0
10
17.506728858796684
20
-32.429468700198036
30
0
10
17.549744310566211
20
-32.453599972088412
30
0
10
17.598880292955769
20
-32.469702871320877
30
0
10
17.654424909807204
20
-32.483170506266113
30
0
10
17.716854887001769
20
-32.500353176522125
30
0
10
17.786584672708358
20
-32.527606829201268
30
0
10
17.863902395310777
20
-32.570440071175078
30
0
10
17.948842569579483
20
-32.632378430811606
30
0
10
18.041237203185606
20
-32.715105515150498
30
0
10
18.140840329330864
20
-32.81918438096973
30
0
10
18.226089523048522
20
-32.919429911666988
30
0
10
18.293074210869889
20
-33.004006966611627
30
0
10
18.339075398005598
20
-33.064535809623266
30
0
10
18.36241217783293
20
-33.095836286667726
30
0
0
ARC
5
148
100
AcDbEntity
8
0
100
AcDbCircle
10
47.000000000000369
20
-47.000000000000099
30
0
40
32.99643291058522
210
9.3593030830508494e-32
220
-7.2271327664964953e-33
230
1
100
AcDbArc
50
152.38586582975501
51
153.62568109405936
0
SPLINE
5
149
100
AcDbEntity
8
0
100
AcDbSpline
70
4
71
5
72
24
73
18
74
0
42
0.000000001
43
0.0000000001
44
0.0000000001
40
0.13450521797666964
40
0.13450521797666964
40
0.13450521797666964
40
0.13450521797666964
40
0.13450521797666964
40
0.13450521797666964
40
0.20000000000000001
40
0.26666666666666666
40
0.33333333333333331
40
0.39999999999999997
40
0.46666666666666662
40
0.53333333333333333
40
0.59999999999999998
40
0.66666666666666663
40
0.73333333333333328
40
0.79999999999999993
40
0.86666666666666659
40
0.93333333333333324
40
1
40
1
40
1
40
1
40
1
40
1
41
1
41
1
41
1
41
1
41
1
41
1
41
1
41
1
41
1
41
1
41
1
41
1
41
1
41
1
41
1
41
1
41
1
41
1
10
17.762215088062987
20
-31.705670389230839
30
0
10
17.77462181734947
20
-31.703991595735385
30
0
10
17.798843538891994
20
-31.701784659558733
30
0
10
17.832849586057883
20
-31.702048177318115
30
0
10
17.873628201795352
20
-31.709540535955632
30
0
10
17.918487828528949
20
-31.730139850968971
30
0
10
17.960419802919855
20
-31.760394729133615
30
0
10
18.003991831352536
20
-31.797382024120594
30
0
10
18.054619076502252
20
-31.837750678522131
30
0
10
18.117684623176014
20
-31.878095956086948
30
0
10
18.197812096262719
20
-31.915409558206683
30
0
10
18.297872437930408
20
-31.947644967690771
30
0
10
18.419128114098868
20
-31.973675714882365
30
0
10
18.561889667999825
20
-31.992971615377336
30
0
10
18.693105835568574
20
-32.002916906868954
30
0
10
18.800906100925651
20
-32.007313429879332
30
0
10
18.87691500799674
20
-32.008893334965251
30
0
10
18.915954996491461
20
-32.009345501142995
30
0
0
LINE
5
150
100
AcDbEntity
8
0
100
AcDbLine
10
18.915954996491465
20
-32.009345501142988
30
0
11
19.015056269351554
21
-31.825016335036199
31
-1.1555579666323415e-32
0
SPLINE
5
151
100
AcDbEntity
8
0
100
AcDbSpline
70
4
71
5
72
24
73
18
74
0
42
0.000000001
43
0.0000000001
44
0.0000000001
40
0.13478277032037178
40
0.13478277032037178
40
0.13478277032037178
40
0.13478277032037178
40
0.13478277032037178
40
0.13478277032037178
40
0.20000000000000001
40
0.26666666666666666
40
0.33333333333333331
40
0.39999999999999997
40
0.46666666666666662
40
0.53333333333333333
40
0.59999999999999998
40
0.66666666666666663
40
0.73333333333333328
40
0.79999999999999993
40
0.86666666666666659
40
0.93333333333333324
40
1
40
1
40
1
40
1
40
1
40
1
41
1
41
1
41
1
41
1
41
1
41
1
41
1
41
1
41
1
41
1
41
1
41
1
41
1
41
1
41
1
41
1
41
1
41
1
10
18.125535140741235
20
-31.030345530007892
30
0
10
18.130958902250295
20
-31.041561650564297
30
0
10
18.142459734334096
20
-31.062921750408915
30
0
10
18.161415598857257
20
-31.091086997382838
30
0
10
18.190131035197332
20
-31.120929649442775
30
0
10
18.232020527849723
20
-31.146966503694188
30
0
10
18.28038457973237
20
-31.165257665892639
30
0
10
18.335269043693611
20
-31.181203739637567
30
0
10
18.396865260469308
20
-31.20117001842361
30
0
10
18.465302102417724
20
-31.231524643494112
30
0
10
18.540620265083788
20
-31.277783601751064
30
0
10
18.622696056251755
20
-31.343470420089407
30
0
10
18.711286118005638
20
-31.430259473321179
30
0
10
18.806119469772536
20
-31.538702216004953
30
0
10
18.886785324496582
20
-31.642671496736931
30
0
10
18.949908027972931
20
-31.730168644870297
30
0
10
18.993147278701137
20
-31.792700374821464
30
0
10
19.015056269351554
20
-31.825016335036199
30
0
0
ARC
5
152
100
AcDbEntity
8
0
100
AcDbCircle
10
47.000000000000369
20
-47.000000000000099
30
0
40
32.996432910585206
210
1.1622414622188012e-31
220
3.6927367841429949e-33
230
1
100
AcDbArc
50
149.81443725832645
51
151.05425252263075
0
SPLINE
5
153
100
AcDbEntity
8
0
100
AcDbSpline
70
4
71
5
72
24
73
18
74
0
42
0.000000001
43
0.0000000001
44
0.0000000001
40
0.13450521797666964
40
0.13450521797666964
40
0.13450521797666964
40
0.13450521797666964
40
0.13450521797666964
40
0.13450521797666964
40
0.20000000000000001
40
0.26666666666666666
40
0.33333333333333331
40
0.39999999999999997
40
0.46666666666666662
40
0.53333333333333333
40
0.59999999999999998
40
0.66666666666666663
40
0.73333333333333328
40
0.79999999999999993
40
0.86666666666666659
40
0.93333333333333324
40
1
40
1
40
1
40
1
40
1
40
1
41
1
41
1
41
1
41
1
41
1
41
1
41
1
41
1
41
1
41
1
41
1
41
1
41
1
41
1
41
1
41
1
41
1
41
1
10
18.477833095260692
20
-30.409322501545184
30
0
10
18.490302650581707
20
-30.408202024287707
30
0
10
18.514598996279545
20
-30.407084013776739
30
0
10
18.54855897893917
20
-30.408872941728262
30
0
10
18.588960389924864
20
-30.418187281736166
30
0
10
18.632850661225945
20
-30.440778474152985
30
0
10
18.673383032932712
20
-30.472884158585842
30
0
10
18.71525175851739
20
-30.511789061491605
30
0
10
18.764016892568836
20
-30.554388450109087
30
0
10
18.825208852400173
20
-30.597522527716514
30
0
10
18.9035815740244
20
-30.63839346300826
30
0
10
19.002094925408393
20
-30.675085603833729
30
0
10
19.122060640122815
20
-30.706530255135334
30
0
10
19.263812735336369
20
-30.732211698838839
30
0
10
19.394450583140113
20
-30.748033967180916
30
0
10
19.501945051544155
20
-30.757262503802156
30
0
10
19.577806540529906
20
-30.762250944749656
30
0
10
19.616786931995133
20
-30.764454178086851
30
0
0
LINE
5
154
100
AcDbEntity
8
0
100
AcDbLine
10
19.616786931995133
20
-30.764454178086851
30
0
11
19.724058313233819
21
-30.584756780979205
31
-1.1555579666323415e-32
0
SPLINE
5
155
100
AcDbEntity
8
0
100
AcDbSpline
70
4
71
5
72
24
73
18
74
0
42
0.000000001
43
0.0000000001
44
0.0000000001
40
0.13478277032037178
40
0.13478277032037178
40
0.13478277032037178
40
0.13478277032037178
40
0.13478277032037178
40
0.13478277032037178
40
0.20000000000000001
40
0.26666666666666666
40
0.33333333333333331
40
0.39999999999999997
40
0.46666666666666662
40
0.53333333333333333
40
0.59999999999999998
40
0.66666666666666663
40
0.73333333333333328
40
0.79999999999999993
40
0.86666666666666659
40
0.93333333333333324
40
1
40
1
40
1
40
1
40
1
40
1
41
1
41
1
41
1
41
1
41
1
41
1
41
1
41
1
41
1
41
1
41
1
41
1
41
1
41
1
41
1
41
1
41
1
41
1
10
18.871085644062205
20
-29.75097794204482
30
0
10
18.87600073485838
20
-29.762426104854121
30
0
10
18.886531669113747
20
-29.784280679379847
30
0
10
18.904204817315417
20
-29.813268017470204
30
0
10
18.931552453599984
20
-29.844368933145123
30
0
10
18.972231627271807
20
-29.872258934998147
30
0
10
19.019726349883467
20
-29.892701524196173
30
0
10
19.073840130948255
20
-29.911093923470403
30
0
10
19.13447854072189
20
-29.933803601358161
30
0
10
19.201484616220196
20
-29.967198068644795
30
0
10
19.274651538193833
20
-30.016789583799248
30
0
10
19.353697656540511
20
-30.086092576329051
30
0
10
19.438304737847588
20
-30.176768816850597
30
0
10
19.528177333486344
20
-30.289357047147014
30
0
10
19.604097398920587
20
-30.396840697618828
30
0
10
19.663230997327645
20
-30.487081731328924
30
0
10
19.703621233551779
20
-30.551490417637375
30
0
10
19.724058313233819
20
-30.584756780979205
30
0
0
ARC
5
156
100
AcDbEntity
8
0
100
AcDbCircle
10
47.000000000000369
20
-47.000000000000099
30
0
40
32.996432910585199
210
1.0960350017643213e-31
220
-1.189115064438135e-32
230
1
100
AcDbArc
50
147.24300868689787
51
148.48282395120222
0
SPLINE
5
157
100
AcDbEntity
8
0
100
AcDbSpline
70
4
71
5
72
24
73
18
74
0
42
0.000000001
43
0.0000000001
44
0.0000000001
40
0.13450521797666964
40
0.13450521797666964
40
0.13450521797666964
40
0.13450521797666964
40
0.13450521797666964
40
0.13450521797666964
40
0.20000000000000001
40
0.26666666666666666
40
0.33333333333333331
40
0.39999999999999997
40
0.46666666666666662
40
0.53333333333333333
40
0.59999999999999998
40
0.66666666666666663
40
0.73333333333333328
40
0.79999999999999993
40
0.86666666666666659
40
0.93333333333333324
40
1
40
1
40
1
40
1
40
1
40
1
41
1
41
1
41
1
41
1
41
1
41
1
41
1
41
1
41
1
41
1
41
1
41
1
41
1
41
1
41
1
41
1
41
1
41
1
10
19.250890950799565
20
-29.146386030410415
30
0
10
19.263398220130181
20
-29.145826125882998
30
0
10
19.287720260376521
20
-29.145799292562099
30
0
10
19.321565787644293
20
-29.149110028042951
30
0
10
19.361508630813201
20
-29.160227591580043
30
0
10
19.404341157516406
20
-29.184765165745304
30
0
10
19.443392299736576
20
-29.21865699987061
30
0
10
19.483473404431919
20
-29.259401161398287
30
0
10
19.530278220894914
20
-29.3041454947323
30
0
10
19.58947336142031
20
-29.349981506090415
30
0
10
19.665933499350754
20
-29.39432746592971
30
0
10
19.762701467671775
20
-29.435402445008009
30
0
10
19.88113562594808
20
-29.472197675076671
30
0
10
20.021592792619209
20
-29.504212942978821
30
0
10
20.151389233418104
20
-29.525880324228581
30
0
10
20.258361425315385
20
-29.539922289416097
30
0
10
20.333922721272831
20
-29.548309220168981
30
0
10
20.372765014387767
20
-29.552259083646891
30
0
0
LINE
5
158
100
AcDbEntity
8
0
100
AcDbLine
10
20.372765014387767
20
-29.552259083646891
30
0
11
20.487990473719186
21
-29.377555342181573
31
-7.7037197775489434e-33
0
SPLINE
5
159
100
AcDbEntity
8
0
100
AcDbSpline
70
4
71
5
72
24
73
18
74
0
42
0.000000001
43
0.0000000001
44
0.0000000001
40
0.13478277032037178
40
0.13478277032037178
40
0.13478277032037178
40
0.13478277032037178
40
0.13478277032037178
40
0.13478277032037178
40
0.20000000000000001
40
0.26666666666666666
40
0.33333333333333331
40
0.39999999999999997
40
0.46666666666666662
40
0.53333333333333333
40
0.59999999999999998
40
0.66666666666666663
40
0.73333333333333328
40
0.79999999999999993
40
0.86666666666666659
40
0.93333333333333324
40
1
40
1
40
1
40
1
40
1
40
1
41
1
41
1
41
1
41
1
41
1
41
1
41
1
41
1
41
1
41
1
41
1
41
1
41
1
41
1
41
1
41
1
41
1
41
1
10
19.673284037426146
20
-28.506347588961248
30
0
10
19.677680559170678
20
-28.518004738947099
30
0
10
19.687220387697518
20
-28.540309775949318
30
0
10
19.703575228209207
20
-28.570060828514904
30
0
10
19.729499989938279
20
-28.602357374699629
30
0
10
19.768886922187452
20
-28.632044357402204
30
0
10
19.815416667477503
20
-28.654597204945695
30
0
10
19.868650787692395
20
-28.675398889904812
30
0
10
19.928209272776588
20
-28.700806232625283
30
0
10
19.993649640506085
20
-28.737173290115159
30
0
10
20.064517973343683
20
-28.789997491455352
30
0
10
20.14037523050639
20
-28.862777091172678
30
0
10
20.220828943964626
20
-28.957157909103032
30
0
10
20.305559792028099
20
-29.073664889299803
30
0
10
20.376581175264402
20
-29.184446451743597
30
0
10
20.431606581404637
20
-29.277249637598054
30
0
10
20.469066462564186
20
-29.343405569741247
30
0
10
20.487990473719186
20
-29.377555342181573
30
0
0
ARC
5
160
100
AcDbEntity
8
0
100
AcDbCircle
10
47.000000000000369
20
-47.000000000000099
30
0
40
32.996432910585213
210
8.8847365779683622e-32
220
-2.5412513616804799e-33
230
1
100
AcDbArc
50
144.67158011546931
51
145.91139537977367
0
SPLINE
5
161
100
AcDbEntity
8
0
100
AcDbSpline
70
4
71
5
72
24
73
18
74
0
42
0.000000001
43
0.0000000001
44
0.0000000001
40
0.13450521797666964
40
0.13450521797666964
40
0.13450521797666964
40
0.13450521797666964
40
0.13450521797666964
40
0.13450521797666964
40
0.20000000000000001
40
0.26666666666666666
40
0.33333333333333331
40
0.39999999999999997
40
0.46666666666666662
40
0.53333333333333333
40
0.59999999999999998
40
0.66666666666666663
40
0.73333333333333328
40
0.79999999999999993
40
0.86666666666666659
40
0.93333333333333324
40
1
40
1
40
1
40
1
40
1
40
1
41
1
41
1
41
1
41
1
41
1
41
1
41
1
41
1
41
1
41
1
41
1
41
1
41
1
41
1
41
1
41
1
41
1
41
1
10
20.079831819039136
20
-27.91940436180451
30
0
10
20.09235161440342
20
-27.919406157580369
30
0
10
20.116650367846034
20
-27.920470555488262
30
0
10
20.150313279334291
20
-27.925296431117772
30
0
10
20.189717115115975
20
-27.938194828890659
30
0
10
20.231405638212788
20
-27.964629369395524
30
0
10
20.268896907142956
20
-28.000239099569775
30
0
10
20.307109672938203
20
-28.042740466400382
30
0
10
20.351859913141297
20
-28.089539635318268
30
0
10
20.408939023225585
20
-28.137985272800179
30
0
10
20.483332596919968
20
-28.185716950325581
30
0
10
20.578160304367966
20
-28.231092048115222
30
0
10
20.694824395572905
20
-28.27316375625438
30
0
10
20.833703771660346
20
-28.311448373866313
30
0
10
20.962397412696273
20
-28.338917232801471
30
0
10
21.068631900328466
20
-28.357744347906095
30
0
10
21.143740832863436
20
-28.369512878301997
30
0
10
21.182366804418979
20
-28.375201417421234
30
0
0
LINE
5
162
100
AcDbEntity
8
0
100
AcDbLine
10
21.182366804418979
20
-28.375201417421231
30
0
11
21.305314293102544
21
-28.205843161683521
31
-9.6296497219361793e-33
0
SPLINE
5
163
100
AcDbEntity
8
0
100
AcDbSpline
70
4
71
5
72
24
73
18
74
0
42
0.000000001
43
0.0000000001
44
0.0000000001
40
0.13478277032037178
40
0.13478277032037178
40
0.13478277032037178
40
0.13478277032037178
40
0.13478277032037178
40
0.13478277032037178
40
0.20000000000000001
40
0.26666666666666666
40
0.33333333333333331
40
0.39999999999999997
40
0.46666666666666662
40
0.53333333333333333
40
0.59999999999999998
40
0.66666666666666663
40
0.73333333333333328
40
0.79999999999999993
40
0.86666666666666659
40
0.93333333333333324
40
1
40
1
40
1
40
1
40
1
40
1
41
1
41
1
41
1
41
1
41
1
41
1
41
1
41
1
41
1
41
1
41
1
41
1
41
1
41
1
41
1
41
1
41
1
41
1
10
20.5305148000275
20
-27.298960990649622
30
0
10
20.534383898710701
20
-27.310803651863317
30
0
10
20.542913409563933
20
-27.333514231965911
30
0
10
20.557917005913392
20
-27.363969084346195
30
0
10
20.582366684066994
20
-27.397396220094826
30
0
10
20.620382054853678
20
-27.428820398014619
30
0
10
20.665853118107421
20
-27.453438085470015
30
0
10
20.718100371038815
20
-27.476607164288854
30
0
10
20.77645898857082
20
-27.504661004835086
30
0
10
20.840201860339874
20
-27.543927414114236
30
0
10
20.908628884650447
20
-27.599877920728652
30
0
10
20.981144514208534
20
-27.675987559205378
30
0
10
21.057282836746033
20
-27.773882884137663
30
0
10
21.13670130058243
20
-27.894073984681725
30
0
10
21.202680974006665
20
-28.007930359773852
30
0
10
21.253487374035025
20
-28.103108804506853
30
0
10
21.287941460914595
20
-28.170878753241652
30
0
10
21.305314293102544
20
-28.205843161683521
30
0
0
ARC
5
164
100
AcDbEntity
8
0
100
AcDbCircle
10
47.000000000000369
20
-47.000000000000099
30
0
40
32.996432910585192
210
9.6215513529938341e-32
220
3.2014178158748224e-33
230
1
100
AcDbArc
50
142.10015154404076
51
143.33996680834508
0
SPLINE
5
165
100
AcDbEntity
8
0
100
AcDbSpline
70
4
71
5
72
24
73
18
74
0
42
0.000000001
43
0.0000000001
44
0.0000000001
40
0.13450521797666964
40
0.13450521797666964
40
0.13450521797666964
40
0.13450521797666964
40
0.13450521797666964
40
0.13450521797666964
40
0.20000000000000001
40
0.26666666666666666
40
0.33333333333333331
40
0.39999999999999997
40
0.46666666666666662
40
0.53333333333333333
40
0.59999999999999998
40
0.66666666666666663
40
0.73333333333333328
40
0.79999999999999993
40
0.86666666666666659
40
0.93333333333333324
40
1
40
1
40
1
40
1
40
1
40
1
41
1
41
1
41
1
41
1
41
1
41
1
41
1
41
1
41
1
41
1
41
1
41
1
41
1
41
1
41
1
41
1
41
1
41
1
10
20.962986323388403
20
-26.730848473518101
30
0
10
20.975493431584656
20
-26.731411965980776
30
0
10
20.99971996376787
20
-26.733565451561738
30
0
10
21.033132466852823
20
-26.739896748668635
30
0
10
21.071917941165989
20
-26.754550005020743
30
0
10
21.112378505518905
20
-26.782828276218609
30
0
10
21.148234398732882
20
-26.820084189184279
30
0
10
21.184501870203182
20
-26.864257169221201
30
0
10
21.227107413118084
20
-26.913016926424923
30
0
10
21.281955543029785
20
-26.963974626964028
30
0
10
21.354132733731184
20
-27.014995896929253
30
0
10
21.446829209923269
20
-27.064579734021915
30
0
10
21.561488288103128
20
-27.111843193410397
30
0
10
21.698510189025875
20
-27.156320060607243
30
0
10
21.825841858432675
20
-27.189535078601544
30
0
10
21.931124699679639
20
-27.213109428319026
30
0
10
22.005630009397702
20
-27.228235858103901
30
0
10
22.043961871827587
20
-27.235651616903734
30
0
0
LINE
5
166
100
AcDbEntity
8
0
100
AcDbLine
10
22.043961871827584
20
-27.235651616903731
30
0
11
22.174383789983271
21
-27.071979911882039
31
-1.5407439555097887e-32
0
SPLINE
5
167
100
AcDbEntity
8
0
100
AcDbSpline
70
4
71
5
72
24
73
18
74
0
42
0.000000001
43
0.0000000001
44
0.0000000001
40
0.13478277032037178
40
0.13478277032037178
40
0.13478277032037178
40
0.13478277032037178
40
0.13478277032037178
40
0.13478277032037178
40
0.20000000000000001
40
0.26666666666666666
40
0.33333333333333331
40
0.39999999999999997
40
0.46666666666666662
40
0.53333333333333333
40
0.59999999999999998
40
0.66666666666666663
40
0.73333333333333328
40
0.79999999999999993
40
0.86666666666666659
40
0.93333333333333324
40
1
40
1
40
1
40
1
40
1
40
1
41
1
41
1
41
1
41
1
41
1
41
1
41
1
41
1
41
1
41
1
41
1
41
1
41
1
41
1
41
1
41
1
41
1
41
1
10
21.441051583192916
20
-26.131249663036762
30
0
10
21.444385466964945
20
-26.143253985934678
30
0
10
21.451887482844857
20
-26.166324373051701
30
0
10
21.46550961978576
20
-26.197421693227014
30
0
10
21.488434975965902
20
-26.231912100736707
30
0
10
21.525002227392523
20
-26.265010189761398
30
0
10
21.569323035939966
20
-26.291643140382355
30
0
10
21.620478202573672
20
-26.317132953619577
30
0
10
21.6775194260643
20
-26.347776795290176
30
0
10
21.739436432212223
20
-26.389863479035995
30
0
10
21.805284345075272
20
-26.448827614050359
30
0
10
21.874312310201379
20
-26.528114016603457
30
0
10
21.94598190936923
20
-26.629326700381437
30
0
10
22.019928050761596
20
-26.752959872391642
30
0
10
22.080733140092235
20
-26.869661768544969
30
0
10
22.127218216680525
20
-26.967023795435413
30
0
10
22.158597123334371
20
-27.036271281104071
30
0
10
22.174383789983271
20
-27.071979911882039
30
0
0
ARC
5
168
100
AcDbEntity
8
0
100
AcDbCircle
10
47.000000000000369
20
-47.000000000000099
30
0
40
32.996432910585199
210
1.0026244477099309e-31
220
3.569871012926412e-33
230
1
100
AcDbArc
50
139.52872297261217
51
140.7685382369165
0
SPLINE
5
169
100
AcDbEntity
8
0
100
AcDbSpline
70
4
71
5
72
24
73
18
74
0
42
0.000000001
43
0.0000000001
44
0.0000000001
40
0.13450521797666964
40
0.13450521797666964
40
0.13450521797666964
40
0.13450521797666964
40
0.13450521797666964
40
0.13450521797666964
40
0.20000000000000001
40
0.26666666666666666
40
0.33333333333333331
40
0.39999999999999997
40
0.46666666666666662
40
0.53333333333333333
40
0.59999999999999998
40
0.66666666666666663
40
0.73333333333333328
40
0.79999999999999993
40
0.86666666666666659
40
0.93333333333333324
40
1
40
1
40
1
40
1
40
1
40
1
41
1
41
1
41
1
41
1
41
1
41
1
41
1
41
1
41
1
41
1
41
1
41
1
41
1
41
1
41
1
41
1
41
1
41
1
10
21.89857590820813
20
-25.583111958934047
30
0
10
21.911045141584932
20
-25.584236013284706
30
0
10
21.935150663497044
20
-25.587474249705359
30
0
10
21.968245469844106
20
-25.595298217899863
30
0
10
22.006334473905149
20
-25.611676823122998
30
0
10
22.045485597322156
20
-25.641741876339022
30
0
10
22.079633905822817
20
-25.680568943645493
30
0
10
22.113883045107194
20
-25.726324578385608
30
0
10
22.154258088840532
20
-25.776946728213229
30
0
10
22.206764781745342
20
-25.83031386978222
30
0
10
22.276580234197208
20
-25.88452198213961
30
0
10
22.366958800766625
20
-25.938214703286143
30
0
10
22.479381957797081
20
-25.990574731606671
30
0
10
22.61427043968191
20
-26.041154277897007
30
0
10
22.739983708423029
20
-26.080048564324542
30
0
10
22.844102877653818
20
-26.108322673051898
30
0
10
22.917854520776572
20
-26.126776539609224
30
0
10
22.955815078811163
20
-26.135904583738334
30
0
0
LINE
5
170
100
AcDbEntity
8
0
100
AcDbLine
10
22.955815078811156
20
-26.135904583738338
30
0
11
23.093448774052682
21
-25.978249042464707
31
-1.5407439555097887e-32
0
SPLINE
5
171
100
AcDbEntity
8
0
100
AcDbSpline
70
4
71
5
72
24
73
18
74
0
42
0.000000001
43
0.0000000001
44
0.0000000001
40
0.13478277032037178
40
0.13478277032037178
40
0.13478277032037178
40
0.13478277032037178
40
0.13478277032037178
40
0.13478277032037178
40
0.20000000000000001
40
0.26666666666666666
40
0.33333333333333331
40
0.39999999999999997
40
0.46666666666666662
40
0.53333333333333333
40
0.59999999999999998
40
0.66666666666666663
40
0.73333333333333328
40
0.79999999999999993
40
0.86666666666666659
40
0.93333333333333324
40
1
40
1
40
1
40
1
40
1
40
1
41
1
41
1
41
1
41
1
41
1
41
1
41
1
41
1
41
1
41
1
41
1
41
1
41
1
41
1
41
1
41
1
41
1
41
1
10
22.403060687017721
20
-25.005565221334368
30
0
10
22.405852641880347
20
-25.017707030807749
30
0
10
22.412312054725327
20
-25.04109076424982
30
0
10
22.424525299086753
20
-25.072767926355834
30
0
10
22.44588016467706
20
-25.108252146535953
30
0
10
22.480925655165706
20
-25.142957491519034
30
0
10
22.524006952796761
20
-25.171552070087394
30
0
10
22.573967013435059
20
-25.199311284651372
30
0
10
22.629575969451388
20
-25.232483414827392
30
0
10
22.689542417367893
20
-25.277305616059817
30
0
10
22.752678609850101
20
-25.339164633553303
30
0
10
22.818079897408889
20
-25.421468127919674
30
0
10
22.885136440172353
20
-25.525794341667872
30
0
10
22.95346134143287
20
-25.652620604389224
30
0
10
23.008969393312103
20
-25.771932999515879
30
0
10
23.051039531702422
20
-25.871282534398816
30
0
10
23.079280065188538
20
-25.941868101780834
30
0
10
23.093448774052682
20
-25.978249042464707
30
0
0
ARC
5
172
100
AcDbEntity
8
0
100
AcDbCircle
10
47.000000000000369
20
-47.000000000000099
30
0
40
32.996432910585192
210
1.0032164881807171e-31
220
-9.3198118481817647e-34
230
1
100
AcDbArc
50
136.95729440118359
51
138.19710966548794
0
SPLINE
5
173
100
AcDbEntity
8
0
100
AcDbSpline
70
4
71
5
72
24
73
18
74
0
42
0.000000001
43
0.0000000001
44
0.0000000001
40
0.13450521797666964
40
0.13450521797666964
40
0.13450521797666964
40
0.13450521797666964
40
0.13450521797666964
40
0.13450521797666964
40
0.20000000000000001
40
0.26666666666666666
40
0.33333333333333331
40
0.39999999999999997
40
0.46666666666666662
40
0.53333333333333333
40
0.59999999999999998
40
0.66666666666666663
40
0.73333333333333328
40
0.79999999999999993
40
0.86666666666666659
40
0.93333333333333324
40
1
40
1
40
1
40
1
40
1
40
1
41
1
41
1
41
1
41
1
41
1
41
1
41
1
41
1
41
1
41
1
41
1
41
1
41
1
41
1
41
1
41
1
41
1
41
1
10
22.884716420585214
20
-24.478506206648944
30
0
10
22.897122667765977
20
-24.480188559191724
30
0
10
22.921058634093889
20
-24.484505025074867
30
0
10
22.95376909516742
20
-24.493805907926259
30
0
10
22.991084922791153
20
-24.5118768776892
30
0
10
23.028847760120033
20
-24.543668165907341
30
0
10
23.061219713758589
20
-24.583988195008281
30
0
10
23.093381547648491
20
-24.631234338692501
30
0
10
23.131444782235405
20
-24.6836169348712
30
0
10
23.181504296641542
20
-24.739286043149185
30
0
10
23.248817411813867
20
-24.796571829974607
30
0
10
23.336696058355358
20
-24.854265305180196
30
0
10
23.446656888959723
20
-24.91161645630395
30
0
10
23.579140304355427
20
-24.968196821212803
30
0
10
23.702982002637874
20
-25.012692048156865
30
0
10
23.805727817702106
20
-25.045608975601898
30
0
10
23.878577268235365
20
-25.067353115300325
30
0
10
23.916090074362675
20
-25.078175062092619
30
0
0
LINE
5
174
100
AcDbEntity
8
0
100
AcDbLine
10
23.916090074362678
20
-25.078175062092612
30
0
11
24.060658370744473
21
-24.926853181845971
31
-1.5407439555097887e-32
0
SPLINE
5
175
100
AcDbEntity
8
0
100
AcDbSpline
70
4
71
5
72
24
73
18
74
0
42
0.000000001
43
0.0000000001
44
0.0000000001
40
0.13478277032037178
40
0.13478277032037178
40
0.13478277032037178
40
0.13478277032037178
40
0.13478277032037178
40
0.13478277032037178
40
0.20000000000000001
40
0.26666666666666666
40
0.33333333333333331
40
0.39999999999999997
40
0.46666666666666662
40
0.53333333333333333
40
0.59999999999999998
40
0.66666666666666663
40
0.73333333333333328
40
0.79999999999999993
40
0.86666666666666659
40
0.93333333333333324
40
1
40
1
40
1
40
1
40
1
40
1
41
1
41
1
41
1
41
1
41
1
41
1
41
1
41
1
41
1
41
1
41
1
41
1
41
1
41
1
41
1
41
1
41
1
41
1
10
23.414604753193533
20
-23.924174644199017
30
0
10
23.416849156521216
20
-23.936429488259449
30
0
10
23.422252957933448
20
-23.96007947629937
30
0
10
23.433032713866609
20
-23.992272686747292
30
0
10
23.45277408300975
20
-24.028679259100727
30
0
10
23.486227235606524
20
-24.064921968096069
30
0
10
23.527982262321135
20
-24.09542058893603
30
0
10
23.576646604050694
20
-24.125393301462921
30
0
10
23.630711303555895
20
-24.161026915888808
30
0
10
23.688606428795364
20
-24.208494368659615
30
0
10
23.748903753007419
20
-24.27312369280336
30
0
10
23.810546653509522
20
-24.35827853069852
30
0
10
23.872855096915522
20
-24.465508175306454
30
0
10
23.935421160785928
20
-24.595272117524196
30
0
10
23.985520389384423
20
-24.71695473233882
30
0
10
24.02309086591686
20
-24.818091698472667
30
0
10
24.048136153559135
20
-24.889873197629054
30
0
10
24.060658370744477
20
-24.926853181845971
30
0
0
ARC
5
176
100
AcDbEntity
8
0
100
AcDbCircle
10
47.000000000000369
20
-47.000000000000099
30
0
40
32.996432910585192
210
9.1743813747417054e-32
220
2.0807253017334304e-32
230
1
100
AcDbArc
50
134.38586582975503
51
135.62568109405936
0
SPLINE
5
177
100
AcDbEntity
8
0
100
AcDbSpline
70
4
71
5
72
24
73
18
74
0
42
0.000000001
43
0.0000000001
44
0.0000000001
40
0.13450521797666964
40
0.13450521797666964
40
0.13450521797666964
40
0.13450521797666964
40
0.13450521797666964
40
0.13450521797666964
40
0.20000000000000001
40
0.26666666666666666
40
0.33333333333333331
40
0.39999999999999997
40
0.46666666666666662
40
0.53333333333333333
40
0.59999999999999998
40
0.66666666666666663
40
0.73333333333333328
40
0.79999999999999993
40
0.86666666666666659
40
0.93333333333333324
40
1
40
1
40
1
40
1
40
1
40
1
41
1
41
1
41
1
41
1
41
1
41
1
41
1
41
1
41
1
41
1
41
1
41
1
41
1
41
1
41
1
41
1
41
1
41
1
10
23.91942190476588
20
-23.419255745644026
30
0
10
23.931740181219844
20
-23.421493008344786
30
0
10
23.955458388112838
20
-23.426879010902596
30
0
10
23.987718629397424
20
-23.437638077670599
30
0
10
24.024186131473098
20
-23.457365019445188
30
0
10
24.060484633385045
20
-23.490818519241831
30
0
10
24.091015039355021
20
-23.532550310964528
30
0
10
24.121024798197183
20
-23.581191816147108
30
0
10
24.15669956934877
20
-23.635229367099399
30
0
10
24.204211092056266
20
-23.693088331910907
30
0
10
24.26888631029329
20
-23.753336427253437
30
0
10
24.354088060907849
20
-23.814914469537001
30
0
10
24.461365118607155
20
-23.877141245878065
30
0
10
24.591176663546367
20
-23.939608484080381
30
0
10
24.712897390670989
20
-23.989615044075432
30
0
10
24.81406293517081
20
-24.027108499926957
30
0
10
24.885863484016191
20
-24.052099122962886
30
0
10
24.922852992436987
20
-24.064593178457734
30
0
0
LINE
5
178
100
AcDbEntity
8
0
100
AcDbLine
10
24.922852992436987
20
-24.064593178457731
30
0
11
25.074064748649679
21
-23.919909701366578
31
-1.3481509610710651e-32
0
SPLINE
5
179
100
AcDbEntity
8
0
100
AcDbSpline
70
4
71
5
72
24
73
18
74
0
42
0.000000001
43
0.0000000001
44
0.0000000001
40
0.13478277032037178
40
0.13478277032037178
40
0.13478277032037178
40
0.13478277032037178
40
0.13478277032037178
40
0.13478277032037178
40
0.20000000000000001
40
0.26666666666666666
40
0.33333333333333331
40
0.39999999999999997
40
0.46666666666666662
40
0.53333333333333333
40
0.59999999999999998
40
0.66666666666666663
40
0.73333333333333328
40
0.79999999999999993
40
0.86666666666666659
40
0.93333333333333324
40
1
40
1
40
1
40
1
40
1
40
1
41
1
41
1
41
1
41
1
41
1
41
1
41
1
41
1
41
1
41
1
41
1
41
1
41
1
41
1
41
1
41
1
41
1
41
1
10
24.473646666589985
20
-22.88925570833872
30
0
10
24.475338998453125
20
-22.901598907361173
30
0
10
24.479676305895701
20
-22.925467522070463
30
0
10
24.489000864406751
20
-22.958111948018797
30
0
10
24.507088980612505
20
-22.995367554553908
30
0
10
24.538882425120114
20
-23.03307463956887
30
0
10
24.579227091851344
20
-23.065415882516888
30
0
10
24.626497711164312
20
-23.097541731952504
30
0
10
24.678909275048653
20
-23.135565069271028
30
0
10
24.734616484533692
20
-23.18558218044743
30
0
10
24.791953509689147
20
-23.252851656383648
30
0
10
24.849713882536552
20
-23.340686347296703
30
0
10
24.907148745672249
20
-23.450603476530535
30
0
10
24.963829972426353
20
-23.583043770934374
30
0
10
25.008419484565046
20
-23.706851552844562
30
0
10
25.041414637299845
20
-23.809572273839123
30
0
10
25.063214241222052
20
-23.882405146383441
30
0
10
25.074064748649679
20
-23.919909701366578
30
0
0
ARC
5
180
100
AcDbEntity
8
0
100
AcDbCircle
10
47.000000000000369
20
-47.000000000000099
30
0
40
32.996432910585185
210
1.0902087187715009e-31
220
-1.7030304863011342e-33
230
1
100
AcDbArc
50
131.81443725832645
51
133.05425252263078
0
SPLINE
5
181
100
AcDbEntity
8
0
100
AcDbSpline
70
4
71
5
72
24
73
18
74
0
42
0.000000001
43
0.0000000001
44
0.0000000001
40
0.13450521797666964
40
0.13450521797666964
40
0.13450521797666964
40
0.13450521797666964
40
0.13450521797666964
40
0.13450521797666964
40
0.20000000000000001
40
0.26666666666666666
40
0.33333333333333331
40
0.39999999999999997
40
0.46666666666666662
40
0.53333333333333333
40
0.59999999999999998
40
0.66666666666666663
40
0.73333333333333328
40
0.79999999999999993
40
0.86666666666666659
40
0.93333333333333324
40
1
40
1
40
1
40
1
40
1
40
1
41
1
41
1
41
1
41
1
41
1
41
1
41
1
41
1
41
1
41
1
41
1
41
1
41
1
41
1
41
1
41
1
41
1
41
1
10
25.000608601606334
20
-22.407493765379929
30
0
10
25.012814099964061
20
-22.410281432689345
30
0
10
25.036266782109927
20
-22.416726125229438
30
0
10
25.0680118357729
20
-22.42892170858542
30
0
10
25.103557571604533
20
-22.450264894936236
30
0
10
25.1383186377474
20
-22.485313235414893
30
0
10
25.166946011874231
20
-22.528372747484582
30
0
10
25.194743260008114
20
-22.578311656647429
30
0
10
25.227957723482966
20
-22.633895337937155
30
0
10
25.272825572608049
20
-22.693827639027063
30
0
10
25.334732646627408
20
-22.756916711240663
30
0
10
25.417085916328162
20
-22.822255310620022
30
0
10
25.521463159404931
20
-22.889232395732147
30
0
10
25.648341410711804
20
-22.95746070652347
30
0
10
25.767696037333067
20
-23.012877893012696
30
0
10
25.867077577325233
20
-23.05487237044035
30
0
10
25.937684627732772
20
-23.083059149024812
30
0
10
25.97407634649975
20
-23.097200151857201
30
0
0
LINE
5
182
100
AcDbEntity
8
0
100
AcDbLine
10
25.97407634649975
20
-23.097200151857201
30
0
11
26.131627042189987
21
-22.959446451189528
31
-1.3481509610710651e-32
0
SPLINE
5
183
100
AcDbEntity
8
0
100
AcDbSpline
70
4
71
5
72
24
73
18
74
0
42
0.000000001
43
0.0000000001
44
0.0000000001
40
0.13478277032037178
40
0.13478277032037178
40
0.13478277032037178
40
0.13478277032037178
40
0.13478277032037178
40
0.13478277032037178
40
0.20000000000000001
40
0.26666666666666666
40
0.33333333333333331
40
0.39999999999999997
40
0.46666666666666662
40
0.53333333333333333
40
0.59999999999999998
40
0.66666666666666663
40
0.73333333333333328
40
0.79999999999999993
40
0.86666666666666659
40
0.93333333333333324
40
1
40
1
40
1
40
1
40
1
40
1
41
1
41
1
41
1
41
1
41
1
41
1
41
1
41
1
41
1
41
1
41
1
41
1
41
1
41
1
41
1
41
1
41
1
41
1
10
25.578053657733591
20
-21.902892602760595
30
0
10
25.579190510001027
20
-21.915299299184888
30
0
10
25.582452588713991
20
-21.939338472350009
30
0
10
25.590303171383027
20
-21.972368372269308
30
0
10
25.606701607592562
20
-22.010397985152601
30
0
10
25.636771316244918
20
-22.049493509136127
30
0
10
25.675624374203156
20
-22.083612243232977
30
0
10
25.721406074363124
20
-22.117826532391945
30
0
10
25.772058952712015
20
-22.158163018661988
30
0
10
25.825466059536382
20
-22.210629060438485
30
0
10
25.879727316497139
20
-22.280403216395044
30
0
10
25.933488839985831
20
-22.370740872947763
30
0
10
25.985934456680454
20
-22.483124128337266
30
0
10
26.036616697870851
20
-22.617974057799781
30
0
10
26.0756066962064
20
-22.743657674409437
30
0
10
26.103960077297032
20
-22.847755284402954
30
0
10
26.122470095998022
20
-22.921492854622695
30
0
10
26.13162704218999
20
-22.959446451189528
30
0
0
ARC
5
184
100
AcDbEntity
8
0
100
AcDbCircle
10
47.000000000000369
20
-47.000000000000099
30
0
40
32.996432910585192
210
1.1488367215186099e-31
220
-3.3482204728922342e-32
230
1
100
AcDbArc
50
129.24300868689787
51
130.48282395120225
0
SPLINE
5
185
100
AcDbEntity
8
0
100
AcDbSpline
70
4
71
5
72
24
73
18
74
0
42
0.000000001
43
0.0000000001
44
0.0000000001
40
0.13450521797666964
40
0.13450521797666964
40
0.13450521797666964
40
0.13450521797666964
40
0.13450521797666964
40
0.13450521797666964
40
0.20000000000000001
40
0.26666666666666666
40
0.33333333333333331
40
0.39999999999999997
40
0.46666666666666662
40
0.53333333333333333
40
0.59999999999999998
40
0.66666666666666663
40
0.73333333333333328
40
0.79999999999999993
40
0.86666666666666659
40
0.93333333333333324
40
1
40
1
40
1
40
1
40
1
40
1
41
1
41
1
41
1
41
1
41
1
41
1
41
1
41
1
41
1
41
1
41
1
41
1
41
1
41
1
41
1
41
1
41
1
41
1
10
26.126099144986313
20
-21.445257819836986
30
0
10
26.138167284998453
20
-21.448590277764069
30
0
10
26.161307211816499
20
-21.456080681533351
30
0
10
26.192473147544501
20
-21.469688221195472
30
0
10
26.227025532750638
20
-21.492604669785592
30
0
10
26.260179158963307
20
-21.529177268252862
30
0
10
26.286845849525314
20
-21.57347778454271
30
0
10
26.312374606992513
20
-21.624613527368766
30
0
10
26.34306187328146
20
-21.681631400859025
30
0
10
26.385195690947128
20
-21.743516342548908
30
0
10
26.444209948140482
20
-21.809319338638193
30
0
10
26.523548888402047
20
-21.878286911869623
30
0
10
26.624816114979502
20
-21.949879422816878
30
0
10
26.748505556741208
20
-22.023731403459294
30
0
10
26.865253718525139
20
-22.084447613604166
30
0
10
26.962651112814065
20
-22.130858541319132
30
0
10
27.031922471580806
20
-22.16218471103123
30
0
10
27.067643112615475
20
-22.177944183103378
30
0
0
LINE
5
186
100
AcDbEntity
8
0
100
AcDbLine
10
27.067643112615475
20
-22.177944183103378
30
0
11
27.231215461649395
21
-22.047397676479719
31
-1.1555579666323415e-32
0
SPLINE
5
187
100
AcDbEntity
8
0
100
AcDbSpline
70
4
71
5
72
24
73
18
74
0
42
0.000000001
43
0.0000000001
44
0.0000000001
40
0.13478277032037178
40
0.13478277032037178
40
0.13478277032037178
40
0.13478277032037178
40
0.13478277032037178
40
0.13478277032037178
40
0.20000000000000001
40
0.26666666666666666
40
0.33333333333333331
40
0.39999999999999997
40
0.46666666666666662
40
0.53333333333333333
40
0.59999999999999998
40
0.66666666666666663
40
0.73333333333333328
40
0.79999999999999993
40
0.86666666666666659
40
0.93333333333333324
40
1
40
1
40
1
40
1
40
1
40
1
41
1
41
1
41
1
41
1
41
1
41
1
41
1
41
1
41
1
41
1
41
1
41
1
41
1
41
1
41
1
41
1
41
1
41
1
10
26.725601597921589
20
-20.967071731491465
30
0
10
26.726180681124156
20
-20.979516939882142
30
0
10
26.728360961715097
20
-21.003678259807511
30
0
10
26.734721758513402
20
-21.037027115875052
30
0
10
26.749397490458541
20
-21.075754148527274
30
0
10
26.777682906864179
20
-21.116159378296985
30
0
10
26.814966111161354
20
-21.151986892952795
30
0
10
26.859166693916961
20
-21.18822071881009
30
0
10
26.907958878574423
20
-21.230789121716388
30
0
10
26.958958327932528
20
-21.285598434467165
30
0
10
27.010034541748297
20
-21.357736754579687
30
0
10
27.059688947324698
20
-21.450395448754144
30
0
10
27.107039699085821
20
-21.565018505379236
30
0
10
27.151620887423693
20
-21.702006500088665
30
0
10
27.18493285128833
20
-21.829312841320228
30
0
10
27.208587360798617
20
-21.934577701579776
30
0
10
27.223770517564088
20
-22.009071471821713
30
0
10
27.231215461649395
20
-22.047397676479719
30
0
0
ARC
5
188
100
AcDbEntity
8
0
100
AcDbCircle
10
47.000000000000369
20
-47.000000000000099
30
0
40
32.99643291058517
210
1.0842932742275644e-31
220
-1.1468730197363667e-32
230
1
100
AcDbArc
50
126.67158011546927
51
127.91139537977368
0
SPLINE
5
189
100
AcDbEntity
8
0
100
AcDbSpline
70
4
71
5
72
24
73
18
74
0
42
0.000000001
43
0.0000000001
44
0.0000000001
40
0.13450521797666964
40
0.13450521797666964
40
0.13450521797666964
40
0.13450521797666964
40
0.13450521797666964
40
0.13450521797666964
40
0.20000000000000001
40
0.26666666666666666
40
0.33333333333333331
40
0.39999999999999997
40
0.46666666666666662
40
0.53333333333333333
40
0.59999999999999998
40
0.66666666666666663
40
0.73333333333333328
40
0.79999999999999993
40
0.86666666666666659
40
0.93333333333333324
40
1
40
1
40
1
40
1
40
1
40
1
41
1
41
1
41
1
41
1
41
1
41
1
41
1
41
1
41
1
41
1
41
1
41
1
41
1
41
1
41
1
41
1
41
1
41
1
10
27.293626946734683
20
-20.534485724152582
30
0
10
27.305533424773305
20
-20.538356261570577
30
0
10
27.328313995530451
20
-20.546877291892706
30
0
10
27.35883804927656
20
-20.561869384086997
30
0
10
27.392327499951726
20
-20.586312944238763
30
0
10
27.423806919243169
20
-20.624336148348487
30
0
10
27.448459223074437
20
-20.669788453514325
30
0
10
27.471668078354842
20
-20.722018049422822
30
0
10
27.499766347387514
20
-20.780355288704495
30
0
10
27.539081281692269
20
-20.844068242957587
30
0
10
27.595083875199421
20
-20.912452644445668
30
0
10
27.671248707954742
20
-20.984910300015081
30
0
10
27.769201979315476
20
-21.060974059008132
30
0
10
27.889453517457209
20
-21.140300981441037
30
0
10
28.003360099143123
20
-21.206193940874606
30
0
10
28.098577202338607
20
-21.256927853444957
30
0
10
28.166373366166813
20
-21.291330327547854
30
0
10
28.201350992851925
20
-21.308676531380314
30
0
0
LINE
5
190
100
AcDbEntity
8
0
100
AcDbLine
10
28.201350992851925
20
-21.308676531380314
30
0
11
28.370615582287208
21
-21.185600122091522
31
-1.3481509610710651e-32
0
SPLINE
5
191
100
AcDbEntity
8
0
100
AcDbSpline
70
4
71
5
72
24
73
18
74
0
42
0.000000001
43
0.0000000001
44
0.0000000001
40
0.13478277032037178
40
0.13478277032037178
40
0.13478277032037178
40
0.13478277032037178
40
0.13478277032037178
40
0.13478277032037178
40
0.20000000000000001
40
0.26666666666666666
40
0.33333333333333331
40
0.39999999999999997
40
0.46666666666666662
40
0.53333333333333333
40
0.59999999999999998
40
0.66666666666666663
40
0.73333333333333328
40
0.79999999999999993
40
0.86666666666666659
40
0.93333333333333324
40
1
40
1
40
1
40
1
40
1
40
1
41
1
41
1
41
1
41
1
41
1
41
1
41
1
41
1
41
1
41
1
41
1
41
1
41
1
41
1
41
1
41
1
41
1
41
1
10
27.913979478321135
20
-20.083677713224553
30
0
10
27.913999626262328
20
-20.096136370588145
30
0
10
27.915093717936287
20
-20.120371179590911
30
0
10
27.919951919065621
20
-20.153971831648718
30
0
10
27.932875391775308
20
-20.193318292979988
30
0
10
27.959319552869886
20
-20.234951857780381
30
0
10
27.994957820094296
20
-20.272416001148656
30
0
10
28.037488271354189
20
-20.310596393601081
30
0
10
28.08432150135371
20
-20.355310986045296
30
0
10
28.132810587141691
20
-20.412353191108636
30
0
10
28.180598897115217
20
-20.486710398400774
30
0
10
28.226046187414639
20
-20.58150352791818
30
0
10
28.268206716129775
20
-20.698135550197151
30
0
10
28.306597071034783
20
-20.836985734562866
30
0
10
28.334163914566531
20
-20.965658422387371
30
0
10
28.353071915462333
20
-21.071878543493302
30
0
10
28.364897633435167
20
-21.146978493217979
30
0
10
28.370615582287215
20
-21.185600122091522
30
0
0
ARC
5
192
100
AcDbEntity
8
0
100
AcDbCircle
10
47.000000000000369
20
-47.000000000000099
30
0
40
32.996432910585177
210
1.1035725701174767e-31
220
-1.4594236295866546e-32
230
1
100
AcDbArc
50
124.10015154404073
51
125.33996680834505
0
SPLINE
5
193
100
AcDbEntity
8
0
100
AcDbSpline
70
4
71
5
72
24
73
18
74
0
42
0.000000001
43
0.0000000001
44
0.0000000001
40
0.13450521797666964
40
0.13450521797666964
40
0.13450521797666964
40
0.13450521797666964
40
0.13450521797666964
40
0.13450521797666964
40
0.20000000000000001
40
0.26666666666666666
40
0.33333333333333331
40
0.39999999999999997
40
0.46666666666666662
40
0.53333333333333333
40
0.59999999999999998
40
0.66666666666666663
40
0.73333333333333328
40
0.79999999999999993
40
0.86666666666666659
40
0.93333333333333324
40
1
40
1
40
1
40
1
40
1
40
1
41
1
41
1
41
1
41
1
41
1
41
1
41
1
41
1
41
1
41
1
41
1
41
1
41
1
41
1
41
1
41
1
41
1
41
1
10
28.500840761236379
20
-19.677011652119532
30
0
10
28.51256159923927
20
-19.681412474281174
30
0
10
28.534936936897687
20
-19.690946970935066
30
0
10
28.564757637279893
20
-19.707293423583046
30
0
10
28.597116710127288
20
-19.733214869219317
30
0
10
28.626858527136424
20
-19.772612105298666
30
0
10
28.64944679777782
20
-19.8191246644468
30
0
10
28.6702890113256
20
-19.872342929982423
30
0
10
28.69574169692757
20
-19.931882051619272
30
0
10
28.732158572825846
20
-19.997294709024803
30
0
10
28.785036720876434
20
-20.068122798827854
30
0
10
28.857874060288566
20
-20.143924616659778
30
0
10
28.952316111579929
20
-20.224306441410782
30
0
10
29.068887575507276
20
-20.308948551769429
30
0
10
29.17972318439864
20
-20.379885560840595
30
0
10
29.272568241926592
20
-20.434840286918231
30
0
10
29.338752678364802
20
-20.472249783407463
30
0
10
29.372916850415137
20
-20.491147786054192
30
0
0
LINE
5
194
100
AcDbEntity
8
0
100
AcDbLine
10
29.372916850415137
20
-20.491147786054196
30
0
11
29.547532803894839
21
-20.375789333609255
31
-1.5407439555097887e-32
0
SPLINE
5
195
100
AcDbEntity
8
0
100
AcDbSpline
70
4
71
5
72
24
73
18
74
0
42
0.000000001
43
0.0000000001
44
0.0000000001
40
0.13478277032037178
40
0.13478277032037178
40
0.13478277032037178
40
0.13478277032037178
40
0.13478277032037178
40
0.13478277032037178
40
0.20000000000000001
40
0.26666666666666666
40
0.33333333333333331
40
0.39999999999999997
40
0.46666666666666662
40
0.53333333333333333
40
0.59999999999999998
40
0.66666666666666663
40
0.73333333333333328
40
0.79999999999999993
40
0.86666666666666659
40
0.93333333333333324
40
1
40
1
40
1
40
1
40
1
40
1
41
1
41
1
41
1
41
1
41
1
41
1
41
1
41
1
41
1
41
1
41
1
41
1
41
1
41
1
41
1
41
1
41
1
41
1
10
29.140794064033532
20
-19.254489585948292
30
0
10
29.140255236138074
20
-19.266936602206894
30
0
10
29.140260935540041
20
-19.291196094606953
30
0
10
29.143606757229861
20
-19.324980875413441
30
0
10
29.154751944549965
20
-19.364867526886979
30
0
10
29.179301595312289
20
-19.407645582259235
30
0
10
29.213223154736575
20
-19.446670906541069
30
0
10
29.253997823831988
20
-19.486720975359368
30
0
10
29.298777783281047
20
-19.533491708103057
30
0
10
29.344658854933176
20
-19.592651930069295
30
0
10
29.389063021767953
20
-19.66907827902121
30
0
10
29.430211671995966
20
-19.765814943134025
30
0
10
29.467097071971121
20
-19.884221049695704
30
0
10
29.499219280377581
20
-20.024653797924941
30
0
10
29.52098548762223
20
-20.154433702673209
30
0
10
29.535108901706067
20
-20.261395171437666
30
0
10
29.543553365464078
20
-20.33695005934085
30
0
10
29.547532803894839
20
-20.375789333609255
30
0
0
ARC
5
196
100
AcDbEntity
8
0
100
AcDbCircle
10
47.000000000000369
20
-47.000000000000099
30
0
40
32.99643291058517
210
1.2009773819125457e-31
220
-1.3085140678558072e-32
230
1
100
AcDbArc
50
121.52872297261214
51
122.76853823691651
0
SPLINE
5
197
100
AcDbEntity
8
0
100
AcDbSpline
70
4
71
5
72
24
73
18
74
0
42
0.000000001
43
0.0000000001
44
0.0000000001
40
0.13450521797666964
40
0.13450521797666964
40
0.13450521797666964
40
0.13450521797666964
40
0.13450521797666964
40
0.13450521797666964
40
0.20000000000000001
40
0.26666666666666666
40
0.33333333333333331
40
0.39999999999999997
40
0.46666666666666662
40
0.53333333333333333
40
0.59999999999999998
40
0.66666666666666663
40
0.73333333333333328
40
0.79999999999999993
40
0.86666666666666659
40
0.93333333333333324
40
1
40
1
40
1
40
1
40
1
40
1
41
1
41
1
41
1
41
1
41
1
41
1
41
1
41
1
41
1
41
1
41
1
41
1
41
1
41
1
41
1
41
1
41
1
41
1
10
29.745309420528208
20
-18.874562442403981
30
0
10
29.756821014287461
20
-18.879484686639103
30
0
10
29.778746057894892
20
-18.890013448417392
30
0
10
29.807803349991239
20
-18.907681341938847
30
0
10
29.838966878144582
20
-18.93502847071781
30
0
10
29.866911196810072
20
-18.975720397976399
30
0
10
29.887389944490629
20
-19.023199541002715
30
0
10
29.905823542861434
20
-19.077299301661107
30
0
10
29.928579386711203
20
-19.137920401785774
30
0
10
29.962024865461391
20
-19.204901029957007
30
0
10
30.011672078502414
20
-19.278030169728169
30
0
10
30.081035239863159
20
-19.357023495049397
30
0
10
30.171775877362457
20
-19.441561507260733
30
0
10
30.284432507660686
20
-19.531348347599259
30
0
10
30.391973935591498
20
-19.607186548612241
30
0
10
30.48225996986212
20
-19.666251416692351
30
0
10
30.54669939226336
20
-19.706592597820539
30
0
10
30.579981307583047
20
-19.727004341219203
30
0
0
LINE
5
198
100
AcDbEntity
8
0
100
AcDbLine
10
30.579981307583047
20
-19.727004341219203
30
0
11
30.759596971815213
21
-19.619596162189133
31
-1.7333369499485123e-32
0
SPLINE
5
199
100
AcDbEntity
8
0
100
AcDbSpline
70
4
71
5
72
24
73
18
74
0
42
0.000000001
43
0.0000000001
44
0.0000000001
40
0.13478277032037178
40
0.13478277032037178
40
0.13478277032037178
40
0.13478277032037178
40
0.13478277032037178
40
0.13478277032037178
40
0.20000000000000001
40
0.26666666666666666
40
0.33333333333333331
40
0.39999999999999997
40
0.46666666666666662
40
0.53333333333333333
40
0.59999999999999998
40
0.66666666666666663
40
0.73333333333333328
40
0.79999999999999993
40
0.86666666666666659
40
0.93333333333333324
40
1
40
1
40
1
40
1
40
1
40
1
41
1
41
1
41
1
41
1
41
1
41
1
41
1
41
1
41
1
41
1
41
1
41
1
41
1
41
1
41
1
41
1
41
1
41
1
10
30.403574713750906
20
-18.481177224200444
30
0
10
30.402477995146469
20
-18.4935875327198
30
0
10
30.401395290798604
20
-18.517822853127971
30
0
10
30.403221995009304
20
-18.551723724630769
30
0
10
30.412566452015778
20
-18.592070239838726
30
0
10
30.435172152716348
20
-18.635906636472349
30
0
10
30.467308690834194
20
-18.676414549858219
30
0
10
30.506245463007978
20
-18.718253639533767
30
0
10
30.548881971027676
20
-18.766986322545552
30
0
10
30.592062630171625
20
-18.828145420600844
30
0
10
30.632993229785065
20
-18.906486998716773
30
0
10
30.669760372036301
20
-19.004972382657439
30
0
10
30.701296360984717
20
-19.124914119361001
30
0
10
30.727085733039804
20
-19.266646618587998
30
0
10
30.74300746975268
20
-19.397272380803315
30
0
10
30.75231785434816
20
-19.504759791062931
30
0
10
30.757364057865143
20
-19.580617459655421
30
0
10
30.759596971815213
20
-19.619596162189133
30
0
0
ARC
5
200
100
AcDbEntity
8
0
100
AcDbCircle
10
47.000000000000369
20
-47.000000000000099
30
0
40
32.99643291058517
210
1.133231988101146e-31
220
-2.1816962388367618e-32
230
1
100
AcDbArc
50
118.95729440118359
51
120.19710966548791
0
SPLINE
5
201
100
AcDbEntity
8
0
100
AcDbSpline
70
4
71
5
72
24
73
18
74
0
42
0.000000001
43
0.0000000001
44
0.0000000001
40
0.13450521797666964
40
0.13450521797666964
40
0.13450521797666964
40
0.13450521797666964
40
0.13450521797666964
40
0.13450521797666964
40
0.20000000000000001
40
0.26666666666666666
40
0.33333333333333331
40
0.39999999999999997
40
0.46666666666666662
40
0.53333333333333333
40
0.59999999999999998
40
0.66666666666666663
40
0.73333333333333328
40
0.79999999999999993
40
0.86666666666666659
40
0.93333333333333324
40
1
40
1
40
1
40
1
40
1
40
1
41
1
41
1
41
1
41
1
41
1
41
1
41
1
41
1
41
1
41
1
41
1
41
1
41
1
41
1
41
1
41
1
41
1
41
1
10
31.024526730347489
20
-18.128754120922245
30
0
10
31.035805897045272
20
-18.134187874486031
30
0
10
31.057236492481724
20
-18.145689697863677
30
0
10
31.085471858772955
20
-18.164643451472347
30
0
10
31.11537708303387
20
-18.193361189916072
30
0
10
31.141467627216819
20
-18.235265860227795
30
0
10
31.159795610464087
20
-18.283615970456882
30
0
10
31.175783470843985
20
-18.338488276519822
30
0
10
31.19579664570044
20
-18.400069272304279
30
0
10
31.226203372559365
20
-18.468482981170041
30
0
10
31.272519667710938
20
-18.543765898554017
30
0
10
31.338268962844346
20
-18.625791649319993
30
0
10
31.425125446983643
20
-18.714315600685605
30
0
10
31.533640368191996
20
-18.809066352256632
30
0
10
31.637671041038292
20
-18.889653017167337
30
0
10
31.725216227994064
20
-18.952709078466118
30
0
10
31.787780863937371
20
-18.995900702463182
30
0
10
31.820113497178223
20
-19.01778508007903
30
0
0
LINE
5
202
100
AcDbEntity
8
0
100
AcDbLine
10
31.82011349717822
20
-19.01778508007903
30
0
11
32.00436715011881
21
-18.918543480242235
31
-2.311115933264683e-32
0
SPLINE
5
203
100
AcDbEntity
8
0
100
AcDbSpline
70
4
71
5
72
24
73
18
74
0
42
0.000000001
43
0.0000000001
44
0.0000000001
40
0.13478277032037178
40
0.13478277032037178
40
0.13478277032037178
40
0.13478277032037178
40
0.13478277032037178
40
0.13478277032037178
40
0.20000000000000001
40
0.26666666666666666
40
0.33333333333333331
40
0.39999999999999997
40
0.46666666666666662
40
0.53333333333333333
40
0.59999999999999998
40
0.66666666666666663
40
0.73333333333333328
40
0.79999999999999993
40
0.86666666666666659
40
0.93333333333333324
40
1
40
1
40
1
40
1
40
1
40
1
41
1
41
1
41
1
41
1
41
1
41
1
41
1
41
1
41
1
41
1
41
1
41
1
41
1
41
1
41
1
41
1
41
1
41
1
10
31.69977835529885
20
-17.765297976163147
30
0
10
31.698125954630754
20
-17.777646584233484
30
0
10
31.695957026955519
20
-17.801808925939767
30
0
10
31.696260934947922
20
-17.835757616295286
30
0
10
31.703785843147941
20
-17.876482742725454
30
0
10
31.724402068913975
20
-17.921289199951477
30
0
10
31.754688867014444
20
-17.963198124894728
30
0
10
31.791709328789235
20
-18.006741977068977
30
0
10
31.832116521126586
20
-18.057338469210748
30
0
10
31.872509807661441
20
-18.120373277070819
30
0
10
31.909884411273094
20
-18.20047231483834
30
0
10
31.9421960014161
20
-18.300508082150305
30
0
10
31.968319070052949
20
-18.421743902300193
30
0
10
31.987723669393464
20
-18.564490722133634
30
0
10
31.997768871315728
20
-18.695699278914915
30
0
10
32.002247476547325
20
-18.803496165330127
30
0
10
32.003885257440963
20
-18.879503847362717
30
0
10
32.00436715011881
20
-18.918543480242235
30
0
0
ARC
5
204
100
AcDbEntity
8
0
100
AcDbCircle
10
47.000000000000369
20
-47.000000000000099
30
0
40
32.996432910585163
210
1.0765818997880046e-31
220
-1.6286479529027764e-33
230
1
100
AcDbArc
50
116.38586582975499
51
117.62568109405937
0
SPLINE
5
205
100
AcDbEntity
8
0
100
AcDbSpline
70
4
71
5
72
24
73
18
74
0
42
0.000000001
43
0.0000000001
44
0.0000000001
40
0.13450521797666964
40
0.13450521797666964
40
0.13450521797666964
40
0.13450521797666964
40
0.13450521797666964
40
0.13450521797666964
40
0.20000000000000001
40
0.26666666666666666
40
0.33333333333333331
40
0.39999999999999997
40
0.46666666666666662
40
0.53333333333333333
40
0.59999999999999998
40
0.66666666666666663
40
0.73333333333333328
40
0.79999999999999993
40
0.86666666666666659
40
0.93333333333333324
40
1
40
1
40
1
40
1
40
1
40
1
41
1
41
1
41
1
41
1
41
1
41
1
41
1
41
1
41
1
41
1
41
1
41
1
41
1
41
1
41
1
41
1
41
1
41
1
10
32.335916517273866
20
-17.441088646379654
30
0
10
32.346940542169506
20
-17.44702296641556
30
0
10
32.367833531067816
20
-17.459474688250978
30
0
10
32.395190109283853
20
-17.479676131609516
30
0
10
32.423776804510538
20
-17.509706646014603
30
0
10
32.447961031327161
20
-17.552739668950224
30
0
10
32.464101340022012
20
-17.601863375694656
30
0
10
32.4776112649879
20
-17.65739772164028
30
0
10
32.49484146698029
20
-17.719814597154365
30
0
10
32.522148206846673
20
-17.789523610609674
30
0
10
32.565040309254243
20
-17.866808695829718
30
0
10
32.627043327830016
20
-17.951701683094598
30
0
10
32.709840741209355
20
-18.044033298157437
30
0
10
32.813995418717951
20
-18.143557145556983
30
0
10
32.914305832549303
20
-18.228729983546966
30
0
10
32.998933867834438
20
-18.295650251548622
30
0
10
33.059497720469281
20
-18.34160533623189
30
0
10
33.090815958010857
20
-18.364918275840832
30
0
0
LINE
5
206
100
AcDbEntity
8
0
100
AcDbLine
10
33.090815958010857
20
-18.364918275840829
30
0
11
33.2793365373238
21
-18.274043114572045
31
-1.1555579666323415e-32
0
SPLINE
5
207
100
AcDbEntity
8
0
100
AcDbSpline
70
4
71
5
72
24
73
18
74
0
42
0.000000001
43
0.0000000001
44
0.0000000001
40
0.13478277032037178
40
0.13478277032037178
40
0.13478277032037178
40
0.13478277032037178
40
0.13478277032037178
40
0.13478277032037178
40
0.20000000000000001
40
0.26666666666666666
40
0.33333333333333331
40
0.39999999999999997
40
0.46666666666666662
40
0.53333333333333333
40
0.59999999999999998
40
0.66666666666666663
40
0.73333333333333328
40
0.79999999999999993
40
0.86666666666666659
40
0.93333333333333324
40
1
40
1
40
1
40
1
40
1
40
1
41
1
41
1
41
1
41
1
41
1
41
1
41
1
41
1
41
1
41
1
41
1
41
1
41
1
41
1
41
1
41
1
41
1
41
1
10
33.026794607045495
20
-17.108293527370826
30
0
10
33.024589852028782
20
-17.120555566538886
30
0
10
33.021339068957865
20
-17.144596269802676
30
0
10
33.02011956870173
20
-17.178524410866519
30
0
10
33.025809773931606
20
-17.219546133534067
30
0
10
33.044395006428076
20
-17.265232417110603
30
0
10
33.072771070930422
20
-17.308457954613754
30
0
10
33.107800668022989
20
-17.353618877763349
30
0
10
33.145897169970134
20
-17.405977284433447
30
0
10
33.183421737192454
20
-17.470760858384111
30
0
10
33.217165077324545
20
-17.552456047000948
30
0
10
33.244956044116904
20
-17.653840738961858
30
0
10
33.265613584058464
20
-17.776126489750681
30
0
10
33.278594332403742
20
-17.919600157092543
30
0
10
33.282742769835572
20
-18.051127271868012
30
0
10
33.282380576388377
20
-18.159016545855472
30
0
10
33.280606636385912
20
-18.235021171971848
30
0
10
33.279336537323807
20
-18.274043114572045
30
0
0
ARC
5
208
100
AcDbEntity
8
0
100
AcDbCircle
10
47.000000000000369
20
-47.000000000000099
30
0
40
32.996432910585163
210
9.7433588054527464e-32
220
-1.0889645056933035e-32
230
1
100
AcDbArc
50
113.81443725832642
51
115.05425252263079
0
SPLINE
5
209
100
AcDbEntity
8
0
100
AcDbSpline
70
4
71
5
72
24
73
18
74
0
42
0.000000001
43
0.0000000001
44
0.0000000001
40
0.13450521797666964
40
0.13450521797666964
40
0.13450521797666964
40
0.13450521797666964
40
0.13450521797666964
40
0.13450521797666964
40
0.20000000000000001
40
0.26666666666666666
40
0.33333333333333331
40
0.39999999999999997
40
0.46666666666666662
40
0.53333333333333333
40
0.59999999999999998
40
0.66666666666666663
40
0.73333333333333328
40
0.79999999999999993
40
0.86666666666666659
40
0.93333333333333324
40
1
40
1
40
1
40
1
40
1
40
1
41
1
41
1
41
1
41
1
41
1
41
1
41
1
41
1
41
1
41
1
41
1
41
1
41
1
41
1
41
1
41
1
41
1
41
1
10
33.676837816799662
20
-16.812950885525627
30
0
10
33.68758449897414
20
-16.819373821102857
30
0
10
33.707897805635156
20
-16.832750365285381
30
0
10
33.734320503268151
20
-16.854158815375321
30
0
10
33.761531099660822
20
-16.88544162828229
30
0
10
33.783760305296816
20
-16.929516341060587
30
0
10
33.797680435005532
20
-16.97931471571248
30
0
10
33.808685217366474
20
-17.035399262758702
30
0
10
33.823097747161029
20
-17.098526318721742
30
0
10
33.847249507894816
20
-17.169390252090572
30
0
10
33.886631038572325
20
-17.248521863270334
30
0
10
33.944762914762578
20
-17.336111123855552
30
0
10
34.023334514410308
20
-17.43206445903061
30
0
10
34.122919194559827
20
-17.536160974474914
30
0
10
34.219307337552351
20
-17.625748458783484
30
0
10
34.300847791566305
20
-17.696398164974191
30
0
10
34.359288893353494
20
-17.745024162918931
30
0
10
34.389529664433297
20
-17.76971871536314
30
0
0
LINE
5
210
100
AcDbEntity
8
0
100
AcDbLine
10
34.389529664433297
20
-17.76971871536314
30
0
11
34.581937514760675
21
-17.687393003143256
31
-2.5037089277034066e-32
0
SPLINE
5
211
100
AcDbEntity
8
0
100
AcDbSpline
70
4
71
5
72
24
73
18
74
0
42
0.000000001
43
0.0000000001
44
0.0000000001
40
0.13478277032037178
40
0.13478277032037178
40
0.13478277032037178
40
0.13478277032037178
40
0.13478277032037178
40
0.13478277032037178
40
0.20000000000000001
40
0.26666666666666666
40
0.33333333333333331
40
0.39999999999999997
40
0.46666666666666662
40
0.53333333333333333
40
0.59999999999999998
40
0.66666666666666663
40
0.73333333333333328
40
0.79999999999999993
40
0.86666666666666659
40
0.93333333333333324
40
1
40
1
40
1
40
1
40
1
40
1
41
1
41
1
41
1
41
1
41
1
41
1
41
1
41
1
41
1
41
1
41
1
41
1
41
1
41
1
41
1
41
1
41
1
41
1
10
34.381951034862645
20
-16.511486997347507
30
0
10
34.3791983655805
20
-16.523637773498269
30
0
10
34.374872273758392
20
-16.547508423542588
30
0
10
34.37213182116492
20
-16.581347688553901
30
0
10
34.375975864108604
20
-16.622583395168661
30
0
10
34.392492675150628
20
-16.669057499000644
30
0
10
34.418900860437311
20
-16.713512598583723
30
0
10
34.451869047900949
20
-16.760199644619583
30
0
10
34.487578138172942
20
-16.814214522954963
30
0
10
34.522158416598209
20
-16.880616397499846
30
0
10
34.55220253865437
20
-16.963743213728343
30
0
10
34.575416914787439
20
-17.06627265506113
30
0
10
34.590567324497442
20
-17.189362069260898
30
0
10
34.597098080347841
20
-17.333273647239011
30
0
10
34.595341398888316
20
-17.464854441903483
30
0
10
34.590139136171743
20
-17.572618828823572
30
0
10
34.584957047752233
20
-17.648467335821636
30
0
10
34.581937514760675
20
-17.687393003143256
30
0
0
ARC
5
212
100
AcDbEntity
8
0
100
AcDbCircle
10
47.000000000000369
20
-47.000000000000099
30
0
40
32.996432910585163
210
8.0419002726578057e-32
220
3.1261943527847308e-32
230
1
100
AcDbArc
50
111.24300868689788
51
112.48282395120223
0
SPLINE
5
213
100
AcDbEntity
8
0
100
AcDbSpline
70
4
71
5
72
24
73
18
74
0
42
0.000000001
43
0.0000000001
44
0.0000000001
40
0.13450521797666964
40
0.13450521797666964
40
0.13450521797666964
40
0.13450521797666964
40
0.13450521797666964
40
0.13450521797666964
40
0.20000000000000001
40
0.26666666666666666
40
0.33333333333333331
40
0.39999999999999997
40
0.46666666666666662
40
0.53333333333333333
40
0.59999999999999998
40
0.66666666666666663
40
0.73333333333333328
40
0.79999999999999993
40
0.86666666666666659
40
0.93333333333333324
40
1
40
1
40
1
40
1
40
1
40
1
41
1
41
1
41
1
41
1
41
1
41
1
41
1
41
1
41
1
41
1
41
1
41
1
41
1
41
1
41
1
41
1
41
1
41
1
10
35.044590191880985
20
-16.24560582421627
30
0
10
35.055037888946579
20
-16.252504440397356
30
0
10
35.074730605074038
20
-16.266778868347181
30
0
10
35.100166210327366
20
-16.289351211399129
30
0
10
35.125945909366131
20
-16.321823323386006
30
0
10
35.146175327159668
20
-16.366850965401003
30
0
10
35.15784724459354
20
-16.417223720661106
30
0
10
35.166324722182402
20
-16.473745521994058
30
0
10
35.177890554862181
20
-16.537455628916462
30
0
10
35.198838698031423
20
-16.609331771667751
30
0
10
35.234630347817117
20
-16.690150548273369
30
0
10
35.288774011759514
20
-16.78025968906471
30
0
10
35.36296156493048
20
-16.879641507104679
30
0
10
35.45777569742809
20
-16.988101054065069
30
0
10
35.550047456689377
20
-17.081922767421368
30
0
10
35.628336117809397
20
-17.156159632695108
30
0
10
35.684536776147411
20
-17.207358617612734
30
0
10
35.713639179877006
20
-17.233385051350002
30
0
0
LINE
5
214
100
AcDbEntity
8
0
100
AcDbLine
10
35.713639179877006
20
-17.233385051350002
30
0
11
35.909546817414416
21
-17.159774581207301
31
-1.7333369499485123e-32
0
SPLINE
5
215
100
AcDbEntity
8
0
100
AcDbSpline
70
4
71
5
72
24
73
18
74
0
42
0.000000001
43
0.0000000001
44
0.0000000001
40
0.13478277032037178
40
0.13478277032037178
40
0.13478277032037178
40
0.13478277032037178
40
0.13478277032037178
40
0.13478277032037178
40
0.20000000000000001
40
0.26666666666666666
40
0.33333333333333331
40
0.39999999999999997
40
0.46666666666666662
40
0.53333333333333333
40
0.59999999999999998
40
0.66666666666666663
40
0.73333333333333328
40
0.79999999999999993
40
0.86666666666666659
40
0.93333333333333324
40
1
40
1
40
1
40
1
40
1
40
1
41
1
41
1
41
1
41
1
41
1
41
1
41
1
41
1
41
1
41
1
41
1
41
1
41
1
41
1
41
1
41
1
41
1
41
1
10
35.762518534052454
20
-15.976080275020042
30
0
10
35.759223494014478
20
-15.988095318107394
30
0
10
35.753830805614378
20
-16.011747842619823
30
0
10
35.749574919590394
20
-16.045430083802287
30
0
10
35.751565058856968
20
-16.086796731138897
30
0
10
35.765980185785203
20
-16.133965062566098
30
0
10
35.790367309285536
20
-16.179560197574748
30
0
10
35.821207693578174
20
-16.227679344999387
30
0
10
35.854457458819475
20
-16.283241916223531
30
0
10
35.886023808368968
20
-16.351128366824238
30
0
10
35.912308207485715
20
-16.435519404319233
30
0
10
35.930899242295411
20
-16.538987114373956
30
0
10
35.94051201086495
20
-16.662632306285538
30
0
10
35.940579622147297
20
-16.806691976133973
30
0
10
35.932921359519113
20
-16.938061464478121
30
0
10
35.922889504197933
20
-17.045483941197144
30
0
10
35.914309703397848
20
-17.121023580277921
30
0
10
35.909546817414416
20
-17.159774581207301
30
0
0
ARC
5
216
100
AcDbEntity
8
0
100
AcDbCircle
10
47.000000000000369
20
-47.000000000000099
30
0
40
32.996432910585163
210
9.5471338477778676e-32
220
6.2410605007363648e-33
230
1
100
AcDbArc
50
108.67158011546928
51
109.91139537977365
0
SPLINE
5
217
100
AcDbEntity
8
0
100
AcDbSpline
70
4
71
5
72
24
73
18
74
0
42
0.000000001
43
0.0000000001
44
0.0000000001
40
0.13450521797666964
40
0.13450521797666964
40
0.13450521797666964
40
0.13450521797666964
40
0.13450521797666964
40
0.13450521797666964
40
0.20000000000000001
40
0.26666666666666666
40
0.33333333333333331
40
0.39999999999999997
40
0.46666666666666662
40
0.53333333333333333
40
0.59999999999999998
40
0.66666666666666663
40
0.73333333333333328
40
0.79999999999999993
40
0.86666666666666659
40
0.93333333333333324
40
1
40
1
40
1
40
1
40
1
40
1
41
1
41
1
41
1
41
1
41
1
41
1
41
1
41
1
41
1
41
1
41
1
41
1
41
1
41
1
41
1
41
1
41
1
41
1
10
36.436419171258486
20
-15.740196019901315
30
0
10
36.446546842943718
20
-15.747556423791346
30
0
10
36.465579310028097
20
-15.762699988710269
30
0
10
36.489976598977812
20
-15.786390767029312
30
0
10
36.514273483779647
20
-15.819986783584012
30
0
10
36.532462374375484
20
-15.865876675157098
30
0
10
36.541862573846124
20
-15.916722367000055
30
0
10
36.547795674151253
20
-15.973567595233932
30
0
10
36.556491517668434
20
-16.037732449439051
30
0
10
36.574193856500642
20
-16.110476052586776
30
0
10
36.606323545775076
20
-16.192819236357735
30
0
10
36.65636995933604
20
-16.285266789537619
30
0
10
36.726024062171199
20
-16.387876948686948
30
0
10
36.815876703972179
20
-16.500481104069923
30
0
10
36.903846256458849
20
-16.598348102029295
30
0
10
36.978725461740282
20
-16.67602262321904
30
0
10
37.032572495982571
20
-16.729691487167624
30
0
10
37.060477923993872
20
-16.756997388424072
30
0
0
LINE
5
218
100
AcDbEntity
8
0
100
AcDbLine
10
37.060477923993872
20
-16.756997388424075
30
0
11
37.259490816831203
21
-16.692250402049162
31
-1.9259299443872359e-32
0
SPLINE
5
219
100
AcDbEntity
8
0
100
AcDbSpline
70
4
71
5
72
24
73
18
74
0
42
0.000000001
43
0.0000000001
44
0.0000000001
40
0.13478277032037178
40
0.13478277032037178
40
0.13478277032037178
40
0.13478277032037178
40
0.13478277032037178
40
0.13478277032037178
40
0.20000000000000001
40
0.26666666666666666
40
0.33333333333333331
40
0.39999999999999997
40
0.46666666666666662
40
0.53333333333333333
40
0.59999999999999998
40
0.66666666666666663
40
0.73333333333333328
40
0.79999999999999993
40
0.86666666666666659
40
0.93333333333333324
40
1
40
1
40
1
40
1
40
1
40
1
41
1
41
1
41
1
41
1
41
1
41
1
41
1
41
1
41
1
41
1
41
1
41
1
41
1
41
1
41
1
41
1
41
1
41
1
10
37.165716825401105
20
-15.50315159827389
30
0
10
37.161886050379415
20
-15.515006711600048
30
0
10
37.155437625558086
20
-15.538393477543961
30
0
10
37.149674876891666
20
-15.571850863346352
30
0
10
37.1498071046055
20
-15.613265144482257
30
0
10
37.162091517272721
20
-15.66103271276247
30
0
10
37.184408466565465
20
-15.707676060662711
30
0
10
37.213058939257465
20
-15.75713040391703
30
0
10
37.243782418865841
20
-15.814128772405908
30
0
10
37.272271269112508
20
-15.883363084785438
30
0
10
37.29474301200802
20
-15.968848391228409
30
0
10
37.308673265624378
20
-16.073045999806755
30
0
10
37.312729034216837
20
-16.196997964468665
30
0
10
37.306333364771035
20
-16.340915609184194
30
0
10
37.292788943695918
20
-16.471809230541488
30
0
10
37.277947698591682
20
-16.578673462487401
30
0
10
37.265987463987983
20
-16.65375210687079
30
0
10
37.259490816831203
20
-16.692250402049162
30
0
0
ARC
5
220
100
AcDbEntity
8
0
100
AcDbCircle
10
47.000000000000369
20
-47.000000000000099
30
0
40
32.996432910585156
210
9.5655209313292791e-32
220
1.951470763958388e-33
230
1
100
AcDbArc
50
106.10015154404068
51
107.33996680834508
0
SPLINE
5
221
100
AcDbEntity
8
0
100
AcDbSpline
70
4
71
5
72
24
73
18
74
0
42
0.000000001
43
0.0000000001
44
0.0000000001
40
0.13450521797666964
40
0.13450521797666964
40
0.13450521797666964
40
0.13450521797666964
40
0.13450521797666964
40
0.13450521797666964
40
0.20000000000000001
40
0.26666666666666666
40
0.33333333333333331
40
0.39999999999999997
40
0.46666666666666662
40
0.53333333333333333
40
0.59999999999999998
40
0.66666666666666663
40
0.73333333333333328
40
0.79999999999999993
40
0.86666666666666659
40
0.93333333333333324
40
1
40
1
40
1
40
1
40
1
40
1
41
1
41
1
41
1
41
1
41
1
41
1
41
1
41
1
41
1
41
1
41
1
41
1
41
1
41
1
41
1
41
1
41
1
41
1
10
37.849521796595951
20
-15.297739300665354
30
0
10
37.859309047117875
20
-15.305546669390445
30
0
10
37.877642936303353
20
-15.32152887415406
30
0
10
37.900952776056371
20
-15.346290377665488
30
0
10
37.923717915928776
20
-15.380942640881724
30
0
10
37.939829649321851
20
-15.427602365878412
30
0
10
37.946939200078553
20
-15.478818597847539
30
0
10
37.950315974625511
20
-15.535872774257784
30
0
10
37.956124316708532
20
-15.600363156268486
30
0
10
37.970545201049163
20
-15.673827723876805
30
0
10
37.998948224894036
20
-15.75752948659945
30
0
10
38.044796601256969
20
-15.852129275098925
30
0
10
38.109776979662975
20
-15.957761132152719
30
0
10
38.194487179504563
20
-16.074283126175004
30
0
10
38.277977366245118
20
-16.175998317627954
30
0
10
38.349296318933661
20
-16.256954068585156
30
0
10
38.400681288319369
20
-16.312984729615096
30
0
10
38.427333542794081
20
-16.341515107939536
30
0
0
LINE
5
222
100
AcDbEntity
8
0
100
AcDbLine
10
38.427333542794081
20
-16.341515107939532
30
0
11
38.62905090545032
21
-16.285761997146267
31
-2.1185229388259594e-32
0
SPLINE
5
223
100
AcDbEntity
8
0
100
AcDbSpline
70
4
71
5
72
24
73
18
74
0
42
0.000000001
43
0.0000000001
44
0.0000000001
40
0.13478277032037178
40
0.13478277032037178
40
0.13478277032037178
40
0.13478277032037178
40
0.13478277032037178
40
0.13478277032037178
40
0.20000000000000001
40
0.26666666666666666
40
0.33333333333333331
40
0.39999999999999997
40
0.46666666666666662
40
0.53333333333333333
40
0.59999999999999998
40
0.66666666666666663
40
0.73333333333333328
40
0.79999999999999993
40
0.86666666666666659
40
0.93333333333333324
40
1
40
1
40
1
40
1
40
1
40
1
41
1
41
1
41
1
41
1
41
1
41
1
41
1
41
1
41
1
41
1
41
1
41
1
41
1
41
1
41
1
41
1
41
1
41
1
10
38.588720054291123
20
-15.093653382525405
30
0
10
38.584361258956818
20
-15.105324691469836
30
0
10
38.576870083983671
20
-15.128398601010989
30
0
10
38.569612078083701
20
-15.161563752710912
30
0
10
38.567886127955774
20
-15.202942264795416
30
0
10
38.578015087189719
20
-15.251212872403164
30
0
10
38.598216918908996
20
-15.29881049969973
30
0
10
38.624619781761226
20
-15.349500444317945
30
0
10
38.652755102737522
20
-15.407819822942903
30
0
10
38.678109080928323
20
-15.478262568410006
30
0
10
38.696722912503013
20
-15.564669987770385
30
0
10
38.705964331249135
20
-15.669387654755573
30
0
10
38.704454932086321
20
-15.793396769406842
30
0
10
38.69160886193945
20
-15.936882558005944
30
0
10
38.67220555907894
20
-16.067036710042636
30
0
10
38.652584812484186
20
-16.173127486874076
30
0
10
38.63726823039768
20
-16.247593938161952
30
0
10
38.62905090545032
20
-16.285761997146267
30
0
0
ARC
5
224
100
AcDbEntity
8
0
100
AcDbCircle
10
47.000000000000369
20
-47.000000000000099
30
0
40
32.996432910585163
210
1.0763038391144915e-31
220
5.4139532784508178e-34
230
1
100
AcDbArc
50
103.52872297261207
51
104.76853823691651
0
SPLINE
5
225
100
AcDbEntity
8
0
100
AcDbSpline
70
4
71
5
72
24
73
18
74
0
42
0.000000001
43
0.0000000001
44
0.0000000001
40
0.13450521797666964
40
0.13450521797666964
40
0.13450521797666964
40
0.13450521797666964
40
0.13450521797666964
40
0.13450521797666964
40
0.20000000000000001
40
0.26666666666666666
40
0.33333333333333331
40
0.39999999999999997
40
0.46666666666666662
40
0.53333333333333333
40
0.59999999999999998
40
0.66666666666666663
40
0.73333333333333328
40
0.79999999999999993
40
0.86666666666666659
40
0.93333333333333324
40
1
40
1
40
1
40
1
40
1
40
1
41
1
41
1
41
1
41
1
41
1
41
1
41
1
41
1
41
1
41
1
41
1
41
1
41
1
41
1
41
1
41
1
41
1
41
1
10
39.281052267265395
20
-14.919126715457665
30
0
10
39.290479386403952
20
-14.927365326016229
30
0
10
39.308077775677646
20
-14.944153984591095
30
0
10
39.330253223318827
20
-14.96993634692217
30
0
10
39.351440772299753
20
-15.005575071753432
30
0
10
39.365442901603217
20
-15.052910663697183
30
0
10
39.370247485956895
20
-15.104394293117283
30
0
10
39.371061134371146
20
-15.16154251818552
30
0
10
39.373970277792026
20
-15.226228552954986
30
0
10
39.385080665899196
20
-15.3002661371616
30
0
10
39.409699824404441
20
-15.385157914625047
30
0
10
39.451257831040969
20
-15.481719427059666
30
0
10
39.511433623183471
20
-15.59016025351559
30
0
10
39.590830785996623
20
-15.710365426388268
30
0
10
39.669673468866073
20
-15.815723970475737
30
0
10
39.737288542082332
20
-15.89979791709178
30
0
10
39.786107964121548
20
-15.958077536908474
30
0
10
39.81145337096612
20
-15.987774935915857
30
0
0
LINE
5
226
100
AcDbEntity
8
0
100
AcDbLine
10
39.81145337096612
20
-15.987774935915859
30
0
11
40.015468971517969
21
-15.941127980049592
31
-1.9259299443872359e-32
0
SPLINE
5
227
100
AcDbEntity
8
0
100
AcDbSpline
70
4
71
5
72
24
73
18
74
0
42
0.000000001
43
0.0000000001
44
0.0000000001
40
0.13478277032037178
40
0.13478277032037178
40
0.13478277032037178
40
0.13478277032037178
40
0.13478277032037178
40
0.13478277032037178
40
0.20000000000000001
40
0.26666666666666666
40
0.33333333333333331
40
0.39999999999999997
40
0.46666666666666662
40
0.53333333333333333
40
0.59999999999999998
40
0.66666666666666663
40
0.73333333333333328
40
0.79999999999999993
40
0.86666666666666659
40
0.93333333333333324
40
1
40
1
40
1
40
1
40
1
40
1
41
1
41
1
41
1
41
1
41
1
41
1
41
1
41
1
41
1
41
1
41
1
41
1
41
1
41
1
41
1
41
1
41
1
41
1
10
40.028662481596562
20
-14.748410302684027
30
0
10
40.023784443983359
20
-14.759874302783771
30
0
10
40.015265605087855
20
-14.782588888139088
30
0
10
40.006526958612298
20
-14.815395015534712
30
0
10
40.002946306476481
20
-14.856654427751248
30
0
10
40.010899413901228
20
-14.90533086410678
30
0
10
40.028945444246474
20
-14.953786915512726
30
0
10
40.053047525406924
20
-15.005610378692321
30
0
10
40.078538026958995
20
-15.065133319986117
30
0
10
40.10070607355604
20
-15.136642636226124
30
0
10
40.115424508030308
20
-15.223798155460639
30
0
10
40.119958480918676
20
-15.328824993407469
30
0
10
40.112886953729642
20
-15.452641520194641
30
0
10
40.093616353157415
20
-15.59540649139455
30
0
10
40.068393244181223
20
-15.724559060969689
30
0
10
40.044032509668391
20
-15.829662729980953
30
0
10
40.025390425657022
20
-15.90336702265062
30
0
10
40.015468971517969
20
-15.941127980049592
30
0
0
ARC
5
228
100
AcDbEntity
8
0
100
AcDbCircle
10
47.000000000000369
20
-47.000000000000099
30
0
40
32.99643291058517
210
1.028605300792575e-31
220
1.9914508929734821e-32
230
1
100
AcDbArc
50
100.95729440118353
51
102.19710966548791
0
SPLINE
5
229
100
AcDbEntity
8
0
100
AcDbSpline
70
4
71
5
72
24
73
18
74
0
42
0.000000001
43
0.0000000001
44
0.0000000001
40
0.13450521797666964
40
0.13450521797666964
40
0.13450521797666964
40
0.13450521797666964
40
0.13450521797666964
40
0.13450521797666964
40
0.20000000000000001
40
0.26666666666666666
40
0.33333333333333331
40
0.39999999999999997
40
0.46666666666666662
40
0.53333333333333333
40
0.59999999999999998
40
0.66666666666666663
40
0.73333333333333328
40
0.79999999999999993
40
0.86666666666666659
40
0.93333333333333324
40
1
40
1
40
1
40
1
40
1
40
1
41
1
41
1
41
1
41
1
41
1
41
1
41
1
41
1
41
1
41
1
41
1
41
1
41
1
41
1
41
1
41
1
41
1
41
1
10
40.728127671410697
20
-14.605120739638078
30
0
10
40.737175674202547
20
-14.613774000564861
30
0
10
40.754003122750476
20
-14.631335302826887
30
0
10
40.774999519879458
20
-14.658086601731057
30
0
10
40.794566809064946
20
-14.694640016528433
30
0
10
40.806431135853821
20
-14.742556147836614
30
0
10
40.808921078010989
20
-14.794203493529608
30
0
10
40.807169961712916
20
-14.851330678335987
30
0
10
40.807174047843979
20
-14.91608209679878
30
0
10
40.814951564874626
20
-14.990543595762212
30
0
10
40.835737278331401
20
-15.076454427224277
30
0
10
40.872921222946786
20
-15.174783201558654
30
0
10
40.928171242788764
20
-15.285814612023817
30
0
10
41.002095473253974
20
-15.409460886525945
30
0
10
41.076131873581609
20
-15.51825060516153
30
0
10
41.139906899566505
20
-15.605273433696707
30
0
10
41.186062458440261
20
-15.66568464490185
30
0
10
41.21004997537834
20
-15.696489257982781
30
0
0
LINE
5
230
100
AcDbEntity
8
0
100
AcDbLine
10
41.210049975378325
20
-15.69648925798278
30
0
11
41.415952953557202
21
-15.659042397804741
31
-2.4074124304840448e-32
0
SPLINE
5
231
100
AcDbEntity
8
0
100
AcDbSpline
70
4
71
5
72
24
73
18
74
0
42
0.000000001
43
0.0000000001
44
0.0000000001
40
0.13478277032037178
40
0.13478277032037178
40
0.13478277032037178
40
0.13478277032037178
40
0.13478277032037178
40
0.13478277032037178
40
0.20000000000000001
40
0.26666666666666666
40
0.33333333333333331
40
0.39999999999999997
40
0.46666666666666662
40
0.53333333333333333
40
0.59999999999999998
40
0.66666666666666663
40
0.73333333333333328
40
0.79999999999999993
40
0.86666666666666659
40
0.93333333333333324
40
1
40
1
40
1
40
1
40
1
40
1
41
1
41
1
41
1
41
1
41
1
41
1
41
1
41
1
41
1
41
1
41
1
41
1
41
1
41
1
41
1
41
1
41
1
41
1
10
41.482644254900137
20
-14.468117632366685
30
0
10
41.4772567987266
20
-14.479351236651199
30
0
10
41.467727451716556
20
-14.501660753668693
30
0
10
41.457525763136466
20
-14.534041789585375
30
0
10
41.452097619949619
20
-14.575099010968644
30
0
10
41.457858859065254
20
-14.624083248207132
30
0
10
41.473712745732961
20
-14.673300139683583
30
0
10
41.495465506817737
20
-14.726152755866508
30
0
10
41.518259854467807
20
-14.786759388546836
30
0
10
41.537197325975434
20
-14.8591912653135
30
0
10
41.547990722380995
20
-14.946919364805298
30
0
10
41.547808118593622
20
-15.052043863639394
30
0
10
41.535188704493031
20
-15.175418452555345
30
0
10
41.509532381920408
20
-15.3171750967036
30
0
10
41.478540262813254
20
-15.445065987730029
30
0
10
41.449488599659681
20
-15.54897088411921
30
0
10
41.427558556399717
20
-15.621764587533987
30
0
10
41.415952953557202
20
-15.659042397804741
30
0
0
ARC
5
232
100
AcDbEntity
8
0
100
AcDbCircle
10
47.000000000000369
20
-47.000000000000099
30
0
40
32.996432910585156
210
1.0724562593167375e-31
220
-9.1086974014106735e-33
230
1
100
AcDbArc
50
98.385865829754934
51
99.62568109405936
0
SPLINE
5
233
100
AcDbEntity
8
0
100
AcDbSpline
70
4
71
5
72
24
73
18
74
0
42
0.000000001
43
0.0000000001
44
0.0000000001
40
0.13450521797666964
40
0.13450521797666964
40
0.13450521797666964
40
0.13450521797666964
40
0.13450521797666964
40
0.13450521797666964
40
0.20000000000000001
40
0.26666666666666666
40
0.33333333333333331
40
0.39999999999999997
40
0.46666666666666662
40
0.53333333333333333
40
0.59999999999999998
40
0.66666666666666663
40
0.73333333333333328
40
0.79999999999999993
40
0.86666666666666659
40
0.93333333333333324
40
1
40
1
40
1
40
1
40
1
40
1
41
1
41
1
41
1
41
1
41
1
41
1
41
1
41
1
41
1
41
1
41
1
41
1
41
1
41
1
41
1
41
1
41
1
41
1
10
42.187833791748517
20
-14.356353739453137
30
0
10
42.196484456720171
20
-14.365404224232234
30
0
10
42.212507076300412
20
-14.383702804055769
30
0
10
42.232282138967612
20
-14.411369165977174
30
0
10
42.250189762441302
20
-14.448763657027888
30
0
10
42.259892393540383
20
-14.497163830988853
30
0
10
42.260062679088918
20
-14.548870882073881
30
0
10
42.255750324593684
20
-14.60586198007084
30
0
10
42.252849345206002
20
-14.670548381487459
30
0
10
42.257278328275881
20
-14.745283839658326
30
0
10
42.274188737023493
20
-14.832040712137681
30
0
10
42.306923736101851
20
-14.931938727306166
30
0
10
42.357136717456143
20
-15.04533711929624
30
0
10
42.425439142011285
20
-15.172175488286147
30
0
10
42.494520160339803
20
-15.284177293454535
30
0
10
42.554326704678346
20
-15.3739737515134
30
0
10
42.597725449233586
20
-15.436394893967304
30
0
10
42.620306768598383
20
-15.468244684730603
30
0
0
LINE
5
234
100
AcDbEntity
8
0
100
AcDbLine
10
42.620306768598383
20
-15.468244684730601
30
0
11
42.827682463208319
21
-15.440073333233659
31
-2.6963019221421302e-32
0
SPLINE
5
235
100
AcDbEntity
8
0
100
AcDbSpline
70
4
71
5
72
24
73
18
74
0
42
0.000000001
43
0.0000000001
44
0.0000000001
40
0.13478277032037178
40
0.13478277032037178
40
0.13478277032037178
40
0.13478277032037178
40
0.13478277032037178
40
0.13478277032037178
40
0.20000000000000001
40
0.26666666666666666
40
0.33333333333333331
40
0.39999999999999997
40
0.46666666666666662
40
0.53333333333333333
40
0.59999999999999998
40
0.66666666666666663
40
0.73333333333333328
40
0.79999999999999993
40
0.86666666666666659
40
0.93333333333333324
40
1
40
1
40
1
40
1
40
1
40
1
41
1
41
1
41
1
41
1
41
1
41
1
41
1
41
1
41
1
41
1
41
1
41
1
41
1
41
1
41
1
41
1
41
1
41
1
10
42.947737248410135
20
-14.253339843709302
30
0
10
42.941851223296027
20
-14.264320429194557
30
0
10
42.931330559008131
20
-14.286179949475963
30
0
10
42.919686373166634
20
-14.318070682816714
30
0
10
42.912421670486758
20
-14.358843029586858
30
0
10
42.915979438924403
20
-14.408036419973453
30
0
10
42.929609254296714
20
-14.457915035250885
30
0
10
42.948968888139902
20
-14.511690366301931
30
0
10
42.969021177105333
20
-14.573258636676261
30
0
10
42.984689935976171
20
-14.646467205809193
30
0
10
42.991536557849088
20
-14.734591212840986
30
0
10
42.986637745125705
20
-14.839601665811937
30
0
10
42.968495857934116
20
-14.962285856853608
30
0
10
42.936505481780351
20
-15.102748694934247
30
0
10
42.899806766545595
20
-15.229120352177494
30
0
10
42.866122680934602
20
-15.331617225311188
30
0
10
42.840948842614651
20
-15.403353742639979
30
0
10
42.827682463208319
20
-15.440073333233659
30
0
0
ARC
5
236
100
AcDbEntity
8
0
100
AcDbCircle
10
47.000000000000369
20
-47.000000000000099
30
0
40
32.996432910585156
210
1.0059770793292187e-31
220
-1.4535434841421451e-32
230
1
100
AcDbArc
50
95.814437258326294
51
97.054252522630762
0
SPLINE
5
237
100
AcDbEntity
8
0
100
AcDbSpline
70
4
71
5
72
24
73
18
74
0
42
0.000000001
43
0.0000000001
44
0.0000000001
40
0.13450521797666964
40
0.13450521797666964
40
0.13450521797666964
40
0.13450521797666964
40
0.13450521797666964
40
0.13450521797666964
40
0.20000000000000001
40
0.26666666666666666
40
0.33333333333333331
40
0.39999999999999997
40
0.46666666666666662
40
0.53333333333333333
40
0.59999999999999998
40
0.66666666666666663
40
0.73333333333333328
40
0.79999999999999993
40
0.86666666666666659
40
0.93333333333333324
40
1
40
1
40
1
40
1
40
1
40
1
41
1
41
1
41
1
41
1
41
1
41
1
41
1
41
1
41
1
41
1
41
1
41
1
41
1
41
1
41
1
41
1
41
1
41
1
10
43.65723097441402
20
-14.173326698534678
30
0
10
43.665466880277464
20
-14.182756180694206
30
0
10
43.680652403466517
20
-14.20175518717471
30
0
10
43.699166307327452
20
-14.230280895742348
30
0
10
43.715378201518867
20
-14.26844115551798
30
0
10
43.72289959712036
20
-14.317227900622591
30
0
10
43.72074988312783
20
-14.368890525980076
30
0
10
43.713884974943504
20
-14.425630764680776
30
0
10
43.708084772223472
20
-14.490121879247411
30
0
10
43.709156301950117
20
-14.564980789358952
30
0
10
43.722157350675836
20
-14.652408986060257
30
0
10
43.750377480285458
20
-14.753675060754984
30
0
10
43.795452300890119
20
-14.869212064999854
30
0
10
43.857995367541989
20
-14.998987092882372
30
0
10
43.921981883893963
20
-15.113975427853461
30
0
10
43.977699504165074
20
-15.206364677319835
30
0
10
44.018254035105883
20
-15.270670043148765
30
0
10
44.039383681125372
20
-15.303500870354483
30
0
0
LINE
5
238
100
AcDbEntity
8
0
100
AcDbLine
10
44.039383681125372
20
-15.303500870354485
30
0
11
44.247814465115539
21
-15.284661760891435
31
-1.3481509610710651e-32
0
SPLINE
5
239
100
AcDbEntity
8
0
100
AcDbSpline
70
4
71
5
72
24
73
18
74
0
42
0.000000001
43
0.0000000001
44
0.0000000001
40
0.13478277032037178
40
0.13478277032037178
40
0.13478277032037178
40
0.13478277032037178
40
0.13478277032037178
40
0.13478277032037178
40
0.20000000000000001
40
0.26666666666666666
40
0.33333333333333331
40
0.39999999999999997
40
0.46666666666666662
40
0.53333333333333333
40
0.59999999999999998
40
0.66666666666666663
40
0.73333333333333328
40
0.79999999999999993
40
0.86666666666666659
40
0.93333333333333324
40
1
40
1
40
1
40
1
40
1
40
1
41
1
41
1
41
1
41
1
41
1
41
1
41
1
41
1
41
1
41
1
41
1
41
1
41
1
41
1
41
1
41
1
41
1
41
1
10
44.420990959816045
20
-14.104509470595074
30
0
10
44.414618219432626
20
-14.115214923843221
30
0
10
44.403127425084634
20
-14.13658042522381
30
0
10
44.390064191822361
20
-14.167916632295794
30
0
10
44.380977559793862
20
-14.208321994372506
30
0
10
44.382324692681365
20
-14.257625468965756
30
0
10
44.393702988123998
20
-14.30806535915098
30
0
10
44.410630506999482
20
-14.362655108709955
30
0
10
44.427900354638908
20
-14.425061026475429
30
0
10
44.440268846077828
20
-14.49889885565918
30
0
10
44.443154905232809
20
-14.587241300208584
30
0
10
44.433549749130307
20
-14.691926230239172
30
0
10
44.409921924194151
20
-14.813672953772945
30
0
10
44.371661918819456
20
-14.952559112323225
30
0
10
44.329330513785628
20
-15.077157040083478
30
0
10
44.291081840982855
20
-15.178039474899755
30
0
10
44.262714904363108
20
-15.248574338343541
30
0
10
44.247814465115539
20
-15.284661760891435
30
0
0
ARC
5
240
100
AcDbEntity
8
0
100
AcDbCircle
10
47.000000000000369
20
-47.000000000000099
30
0
40
32.996432910585163
210
9.8449701033559463e-32
220
5.5783275325855958e-33
230
1
100
AcDbArc
50
93.243008686897738
51
94.482823951202207
0
SPLINE
5
241
100
AcDbEntity
8
0
100
AcDbSpline
70
4
71
5
72
24
73
18
74
0
42
0.000000001
43
0.0000000001
44
0.0000000001
40
0.13450521797666964
40
0.13450521797666964
40
0.13450521797666964
40
0.13450521797666964
40
0.13450521797666964
40
0.13450521797666964
40
0.20000000000000001
40
0.26666666666666666
40
0.33333333333333331
40
0.39999999999999997
40
0.46666666666666662
40
0.53333333333333333
40
0.59999999999999998
40
0.66666666666666663
40
0.73333333333333328
40
0.79999999999999993
40
0.86666666666666659
40
0.93333333333333324
40
1
40
1
40
1
40
1
40
1
40
1
41
1
41
1
41
1
41
1
41
1
41
1
41
1
41
1
41
1
41
1
41
1
41
1
41
1
41
1
41
1
41
1
41
1
41
1
10
45.133360049032561
20
-14.056408208985367
30
0
10
45.141164609769461
20
-14.066197698803153
30
0
10
45.15548245494454
20
-14.085858870470014
30
0
10
45.172697915460716
20
-14.115186478703109
30
0
10
45.187181431772473
20
-14.154035657518939
30
0
10
45.192506444786609
20
-14.203110723755225
30
0
10
45.188041060490896
20
-14.254624881733095
30
0
10
45.178637423628956
20
-14.310999993847933
30
0
10
45.169949678412976
20
-14.375165945042488
30
0
10
45.167661596878105
20
-14.44999755121216
30
0
10
45.176727103200001
20
-14.537921003382433
30
0
10
45.200375531755469
20
-14.640351201205723
30
0
10
45.24022141692047
20
-14.757794141554815
30
0
10
45.296879172256233
20
-14.890244478694592
30
0
10
45.355642326303219
20
-15.007987772264691
30
0
10
45.407158814634727
20
-15.102783753485552
30
0
10
45.444787460532879
20
-15.168843840240662
30
0
10
45.464422880911968
20
-15.202589586972017
30
0
0
LINE
5
242
100
AcDbEntity
8
0
100
AcDbLine
10
45.464422880911968
20
-15.202589586972019
30
0
11
45.673489002421938
21
-15.193120659002163
31
-2.311115933264683e-32
0
SPLINE
5
243
100
AcDbEntity
8
0
100
AcDbSpline
70
4
71
5
72
24
73
18
74
0
42
0.000000001
43
0.0000000001
44
0.0000000001
40
0.13478277032037178
40
0.13478277032037178
40
0.13478277032037178
40
0.13478277032037178
40
0.13478277032037178
40
0.13478277032037178
40
0.20000000000000001
40
0.26666666666666666
40
0.33333333333333331
40
0.39999999999999997
40
0.46666666666666662
40
0.53333333333333333
40
0.59999999999999998
40
0.66666666666666663
40
0.73333333333333328
40
0.79999999999999993
40
0.86666666666666659
40
0.93333333333333324
40
1
40
1
40
1
40
1
40
1
40
1
41
1
41
1
41
1
41
1
41
1
41
1
41
1
41
1
41
1
41
1
41
1
41
1
41
1
41
1
41
1
41
1
41
1
41
1
10
45.899438452207583
20
-14.02192623758868
30
0
10
45.892591830405877
20
-14.032334999241591
30
0
10
45.880154046928396
20
-14.053163454444968
30
0
10
45.865698073858667
20
-14.083882028297442
30
0
10
45.854807811749154
20
-14.123839034658749
30
0
10
45.853941596140153
20
-14.173153302822259
30
0
10
45.86304545728035
20
-14.224052888689116
30
0
10
45.877506771417856
20
-14.279347120265362
30
0
10
45.891959398556459
20
-14.342465008208741
30
0
10
45.901002714067729
20
-14.416783397881865
30
0
10
45.899922398365732
20
-14.505166370022401
30
0
10
45.885630242390206
20
-14.609314955595295
30
0
10
45.85656406300447
20
-14.729879029922344
30
0
10
45.812111478967907
20
-14.866908810702286
30
0
10
45.764232633951181
20
-14.989482085334851
30
0
10
45.721496401693422
20
-15.088546918035689
30
0
10
45.689993494009073
20
-15.157738079766464
30
0
10
45.673489002421938
20
-15.193120659002163
30
0
0
ARC
5
244
100
AcDbEntity
8
0
100
AcDbCircle
10
47.000000000000369
20
-47.000000000000099
30
0
40
32.996432910585156
210
9.8311894105725247e-32
220
2.5805991256514969e-32
230
1
100
AcDbArc
50
90.671580115469126
51
91.911395379773623
0
SPLINE
5
245
100
AcDbEntity
8
0
100
AcDbSpline
70
4
71
5
72
24
73
18
74
0
42
0.000000001
43
0.0000000001
44
0.0000000001
40
0.13450521797666964
40
0.13450521797666964
40
0.13450521797666964
40
0.13450521797666964
40
0.13450521797666964
40
0.13450521797666964
40
0.20000000000000001
40
0.26666666666666666
40
0.33333333333333331
40
0.39999999999999997
40
0.46666666666666662
40
0.53333333333333333
40
0.59999999999999998
40
0.66666666666666663
40
0.73333333333333328
40
0.79999999999999993
40
0.86666666666666659
40
0.93333333333333324
40
1
40
1
40
1
40
1
40
1
40
1
41
1
41
1
41
1
41
1
41
1
41
1
41
1
41
1
41
1
41
1
41
1
41
1
41
1
41
1
41
1
41
1
41
1
41
1
10
46.613248288095022
20
-14.005833729083353
30
0
10
46.620605786358681
20
-14.015963511829721
30
0
10
46.634027119285086
20
-14.036247253699756
30
0
10
46.649909466810094
20
-14.066317699698324
30
0
10
46.662635437367854
20
-14.105777560478368
30
0
10
46.665753343927079
20
-14.155042117193965
30
0
10
46.658981282017891
20
-14.206304065133695
30
0
10
46.64705785415152
20
-14.262200518689419
30
0
10
46.635500062402251
20
-14.325912084825562
30
0
10
46.629856977497575
20
-14.400565686157325
30
0
10
46.634968684692389
20
-14.488807327664979
30
0
10
46.653997787405785
20
-14.592195367830101
30
0
10
46.688534492821191
20
-14.711307729831159
30
0
10
46.739192835661775
20
-14.846166638876037
30
0
10
46.792614286231881
20
-14.966427771721481
30
0
10
46.839825895272227
20
-15.063439578206349
30
0
10
46.874452877042614
20
-15.131121349664365
30
0
10
46.892554528657797
20
-15.165714056478418
30
0
0
LINE
5
246
100
AcDbEntity
8
0
100
AcDbLine
10
46.892554528657804
20
-15.165714056478418
30
0
11
47.101834956341904
21
-15.16563437916254
31
-1.9259299443872359e-32
0
SPLINE
5
247
100
AcDbEntity
8
0
100
AcDbSpline
70
4
71
5
72
24
73
18
74
0
42
0.000000001
43
0.0000000001
44
0.0000000001
40
0.13478277032037178
40
0.13478277032037178
40
0.13478277032037178
40
0.13478277032037178
40
0.13478277032037178
40
0.13478277032037178
40
0.20000000000000001
40
0.26666666666666666
40
0.33333333333333331
40
0.39999999999999997
40
0.46666666666666662
40
0.53333333333333333
40
0.59999999999999998
40
0.66666666666666663
40
0.73333333333333328
40
0.79999999999999993
40
0.86666666666666659
40
0.93333333333333324
40
1
40
1
40
1
40
1
40
1
40
1
41
1
41
1
41
1
41
1
41
1
41
1
41
1
41
1
41
1
41
1
41
1
41
1
41
1
41
1
41
1
41
1
41
1
41
1
10
47.380102329090775
20
-14.005756456331028
30
0
10
47.372795614055924
20
-14.015847564527961
30
0
10
47.359435889489617
20
-14.036097027817245
30
0
10
47.343616289018343
20
-14.066136105330578
30
0
10
47.330944328366407
20
-14.105564287883256
30
0
10
47.327866508703877
20
-14.154790037243819
30
0
10
47.334677601576857
20
-14.206046813800221
30
0
10
47.34664358781427
20
-14.261934172170045
30
0
10
47.358249888784378
20
-14.325636919264905
30
0
10
47.363949816334085
20
-14.400286202081091
30
0
10
47.358905301387146
20
-14.488531710269108
30
0
10
47.339954928038694
20
-14.591934209993324
30
0
10
47.305508929620437
20
-14.711072835112942
30
0
10
47.254953288510421
20
-14.845970278380339
30
0
10
47.201623425132802
20
-14.966272053622481
30
0
10
47.154485698504374
20
-15.063319780818629
30
0
10
47.119910262419012
20
-15.131027899044804
30
0
10
47.101834956341904
20
-15.16563437916254
30
0
0
ARC
5
248
100
AcDbEntity
8
0
100
AcDbCircle
10
47.000000000000369
20
-47.000000000000099
30
0
40
32.996432910585163
210
1.1087258501902459e-31
220
-3.6777288785139539e-33
230
1
100
AcDbArc
50
88.100151544040543
51
89.339966808345025
0
SPLINE
5
249
100
AcDbEntity
8
0
100
AcDbSpline
70
4
71
5
72
24
73
18
74
0
42
0.000000001
43
0.0000000001
44
0.0000000001
40
0.13450521797666964
40
0.13450521797666964
40
0.13450521797666964
40
0.13450521797666964
40
0.13450521797666964
40
0.13450521797666964
40
0.20000000000000001
40
0.26666666666666666
40
0.33333333333333331
40
0.39999999999999997
40
0.46666666666666662
40
0.53333333333333333
40
0.59999999999999998
40
0.66666666666666663
40
0.73333333333333328
40
0.79999999999999993
40
0.86666666666666659
40
0.93333333333333324
40
1
40
1
40
1
40
1
40
1
40
1
41
1
41
1
41
1
41
1
41
1
41
1
41
1
41
1
41
1
41
1
41
1
41
1
41
1
41
1
41
1
41
1
41
1
41
1
10
48.093915393635307
20
-14.021705109100557
30
0
10
48.100811012403391
20
-14.032154784741152
30
0
10
48.113308804302726
20
-14.053020248057653
30
0
10
48.127826053902325
20
-14.083772973945303
30
0
10
48.138768850294973
20
-14.123764049781373
30
0
10
48.139673371350433
20
-14.173118884715317
30
0
10
48.130608269859216
20
-14.22402538787583
30
0
10
48.116189063185331
20
-14.279330614853823
30
0
10
48.101784500757212
20
-14.342459489316264
30
0
10
48.092797776904739
20
-14.41678474339213
30
0
10
48.093945390674449
20
-14.505166867314596
30
0
10
48.108316845465353
20
-14.609304540067807
30
0
10
48.137474818802701
20
-14.729846447275552
30
0
10
48.182031729987365
20
-14.866842340330093
30
0
10
48.230003893388613
20
-14.989379122534
30
0
10
48.272815545240235
20
-15.088411385415203
30
0
10
48.304371128749821
20
-15.157578539495674
30
0
10
48.320902557283752
20
-15.192948541284588
30
0
0
LINE
5
250
100
AcDbEntity
8
0
100
AcDbLine
10
48.320902557283752
20
-15.192948541284588
30
0
11
48.529975828212237
21
-15.202258275082198
31
-2.5037089277034066e-32
0
SPLINE
5
251
100
AcDbEntity
8
0
100
AcDbSpline
70
4
71
5
72
24
73
18
74
0
42
0.000000001
43
0.0000000001
44
0.0000000001
40
0.13478277032037178
40
0.13478277032037178
40
0.13478277032037178
40
0.13478277032037178
40
0.13478277032037178
40
0.13478277032037178
40
0.20000000000000001
40
0.26666666666666666
40
0.33333333333333331
40
0.39999999999999997
40
0.46666666666666662
40
0.53333333333333333
40
0.59999999999999998
40
0.66666666666666663
40
0.73333333333333328
40
0.79999999999999993
40
0.86666666666666659
40
0.93333333333333324
40
1
40
1
40
1
40
1
40
1
40
1
41
1
41
1
41
1
41
1
41
1
41
1
41
1
41
1
41
1
41
1
41
1
41
1
41
1
41
1
41
1
41
1
41
1
41
1
10
48.860000730468165
20
-14.056032690609634
30
0
10
48.852248636951856
20
-14.06578582320163
30
0
10
48.837993876004049
20
-14.08541551485261
30
0
10
48.820842506701268
20
-14.114714601322371
30
0
10
48.806414367149245
20
-14.153534556953966
30
0
10
48.801131141752379
20
-14.202572653403458
30
0
10
48.805635749723535
20
-14.254083396322809
30
0
10
48.815082310157045
20
-14.310451331784094
30
0
10
48.823818911413099
20
-14.374610649175512
30
0
10
48.826163972105697
20
-14.449440491413693
30
0
10
48.817165416895605
20
-14.537370820939639
30
0
10
48.793594989704175
20
-14.639818995941816
30
0
10
48.753838541910071
20
-14.757292242518288
30
0
10
48.697281656059694
20
-14.889785682774905
30
0
10
48.638608173568755
20
-15.007573686861369
30
0
10
48.587163881677881
20
-15.102408867345616
30
0
10
48.54958554751839
20
-15.16849758692786
30
0
10
48.529975828212237
20
-15.202258275082198
30
0
0
ARC
5
252
100
AcDbEntity
8
0
100
AcDbCircle
10
47.000000000000369
20
-47.000000000000099
30
0
40
32.996432910585156
210
9.830750490782959e-32
220
-7.6873825490273335e-33
230
1
100
AcDbArc
50
85.528722972611988
51
86.76853823691647
0
SPLINE
5
253
100
AcDbEntity
8
0
100
AcDbSpline
70
4
71
5
72
24
73
18
74
0
42
0.000000001
43
0.0000000001
44
0.0000000001
40
0.13450521797666964
40
0.13450521797666964
40
0.13450521797666964
40
0.13450521797666964
40
0.13450521797666964
40
0.13450521797666964
40
0.20000000000000001
40
0.26666666666666666
40
0.33333333333333331
40
0.39999999999999997
40
0.46666666666666662
40
0.53333333333333333
40
0.59999999999999998
40
0.66666666666666663
40
0.73333333333333328
40
0.79999999999999993
40
0.86666666666666659
40
0.93333333333333324
40
1
40
1
40
1
40
1
40
1
40
1
41
1
41
1
41
1
41
1
41
1
41
1
41
1
41
1
41
1
41
1
41
1
41
1
41
1
41
1
41
1
41
1
41
1
41
1
10
49.572379499153939
20
-14.103990386189849
30
0
10
49.57879935156793
20
-14.114738910468603
30
0
10
49.590348433550567
20
-14.136144074965278
30
0
10
49.60347134941604
20
-14.167517148844729
30
0
10
49.612608934307964
20
-14.207958903032205
30
0
10
49.611298248274608
20
-14.257304622115205
30
0
10
49.599958363109366
20
-14.307753161573908
30
0
10
49.583072415991253
20
-14.362355784607207
30
0
10
49.565850091756033
20
-14.424774834244129
30
0
10
49.553537827021607
20
-14.498622059893796
30
0
10
49.550719036224827
20
-14.586966676395621
30
0
10
49.560403900895878
20
-14.691644262322912
30
0
10
49.584124421877284
20
-14.813372959378256
30
0
10
49.622490169716649
20
-14.952229944945621
30
0
10
49.664916436396204
20
-15.076795603736155
30
0
10
49.703241914089766
20
-15.177648885215723
30
0
10
49.731662550592858
20
-15.248162128475272
30
0
10
49.746590463948522
20
-15.28423819476258
30
0
0
LINE
5
254
100
AcDbEntity
8
0
100
AcDbLine
10
49.746590463948522
20
-15.284238194762583
30
0
11
49.95503553237775
21
-15.302918591108769
31
-1.9259299443872359e-32
0
SPLINE
5
255
100
AcDbEntity
8
0
100
AcDbSpline
70
4
71
5
72
24
73
18
74
0
42
0.000000001
43
0.0000000001
44
0.0000000001
40
0.13478277032037178
40
0.13478277032037178
40
0.13478277032037178
40
0.13478277032037178
40
0.13478277032037178
40
0.13478277032037178
40
0.20000000000000001
40
0.26666666666666666
40
0.33333333333333331
40
0.39999999999999997
40
0.46666666666666662
40
0.53333333333333333
40
0.59999999999999998
40
0.66666666666666663
40
0.73333333333333328
40
0.79999999999999993
40
0.86666666666666659
40
0.93333333333333324
40
1
40
1
40
1
40
1
40
1
40
1
41
1
41
1
41
1
41
1
41
1
41
1
41
1
41
1
41
1
41
1
41
1
41
1
41
1
41
1
41
1
41
1
41
1
41
1
10
50.336153337908193
20
-14.172653690779576
30
0
10
50.327971477595085
20
-14.182049206255563
30
0
10
50.31285038745726
20
-14.201019594681625
30
0
10
50.294401789898217
20
-14.229519685646864
30
0
10
50.278246527799027
20
-14.267653236132993
30
0
10
50.270768536380658
20
-14.316404923471284
30
0
10
50.272957587769021
20
-14.368065896972531
30
0
10
50.279865698283082
20
-14.424800892004846
30
0
10
50.285715005472852
20
-14.489287571366095
30
0
10
50.284700476668213
20
-14.564147275682553
30
0
10
50.271766003087571
20
-14.651585346564763
30
0
10
50.243622989756737
20
-14.752872879854515
30
0
10
50.198636156781724
20
-14.868444172402889
30
0
10
50.136191924232378
20
-14.998266785492625
30
0
10
50.072292983213423
20
-15.11330380905871
30
0
10
50.016645728017622
20
-15.205735457398482
30
0
10
49.976140173547989
20
-15.270071684450816
30
0
10
49.95503553237775
20
-15.302918591108769
30
0
0
ARC
5
256
100
AcDbEntity
8
0
100
AcDbCircle
10
47.000000000000369
20
-47.000000000000099
30
0
40
32.996432910585156
210
9.7863622677996446e-32
220
-1.2090191396201225e-32
230
1
100
AcDbArc
50
82.957294401183404
51
84.197109665487886
0
SPLINE
5
257
100
AcDbEntity
8
0
100
AcDbSpline
70
4
71
5
72
24
73
18
74
0
42
0.000000001
43
0.0000000001
44
0.0000000001
40
0.13450521797666964
40
0.13450521797666964
40
0.13450521797666964
40
0.13450521797666964
40
0.13450521797666964
40
0.13450521797666964
40
0.20000000000000001
40
0.26666666666666666
40
0.33333333333333331
40
0.39999999999999997
40
0.46666666666666662
40
0.53333333333333333
40
0.59999999999999998
40
0.66666666666666663
40
0.73333333333333328
40
0.79999999999999993
40
0.86666666666666659
40
0.93333333333333324
40
1
40
1
40
1
40
1
40
1
40
1
41
1
41
1
41
1
41
1
41
1
41
1
41
1
41
1
41
1
41
1
41
1
41
1
41
1
41
1
41
1
41
1
41
1
41
1
10
51.045663174700309
20
-14.252523848753889
30
0
10
51.051594332031826
20
-14.263549575573343
30
0
10
51.062171445783626
20
-14.285451334097552
30
0
10
51.073873600108868
20
-14.31738157477322
30
0
10
51.081187571620134
20
-14.358192563001268
30
0
10
51.077664318045215
20
-14.407429790522153
30
0
10
51.064072486225513
20
-14.4573187696344
30
0
10
51.044753804713459
20
-14.511108826306875
30
0
10
51.024748402140148
20
-14.572692347459204
30
0
10
51.009135391786408
20
-14.645912826197989
30
0
10
51.002355873092654
20
-14.734042020978674
30
0
10
51.007334643615309
20
-14.839048713352753
30
0
10
51.025569942268291
20
-14.96171905485981
30
0
10
51.057667263252029
20
-15.10215749345052
30
0
10
51.094462192354996
20
-15.228501170168393
30
0
10
51.128224313478867
20
-15.330972365159244
30
0
10
51.153452767595844
20
-15.402689693310043
30
0
10
51.166747102942395
20
-15.439399171699337
30
0
0
LINE
5
258
100
AcDbEntity
8
0
100
AcDbLine
10
51.166747102942402
20
-15.439399171699336
30
0
11
51.374144188244976
21
-15.467412610761905
31
-1.9259299443872359e-32
0
SPLINE
5
259
100
AcDbEntity
8
0
100
AcDbSpline
70
4
71
5
72
24
73
18
74
0
42
0.000000001
43
0.0000000001
44
0.0000000001
40
0.13478277032037178
40
0.13478277032037178
40
0.13478277032037178
40
0.13478277032037178
40
0.13478277032037178
40
0.13478277032037178
40
0.20000000000000001
40
0.26666666666666666
40
0.33333333333333331
40
0.39999999999999997
40
0.46666666666666662
40
0.53333333333333333
40
0.59999999999999998
40
0.66666666666666663
40
0.73333333333333328
40
0.79999999999999993
40
0.86666666666666659
40
0.93333333333333324
40
1
40
1
40
1
40
1
40
1
40
1
41
1
41
1
41
1
41
1
41
1
41
1
41
1
41
1
41
1
41
1
41
1
41
1
41
1
41
1
41
1
41
1
41
1
41
1
10
51.805587376509727
20
-14.355384597666706
30
0
10
51.796992226577636
20
-14.364403574708906
30
0
10
51.781035259112997
20
-14.382676456072389
30
0
10
51.761326586317963
20
-14.410320156142767
30
0
10
51.743476736219485
20
-14.447690505587666
30
0
10
51.733819038459153
20
-14.496057604404465
30
0
10
51.733688124806562
20
-14.54776477016215
30
0
10
51.738043873385948
20
-14.604752568035943
30
0
10
51.74099410678317
20
-14.669436741776838
30
0
10
51.736622031607283
20
-14.744175550689606
30
0
10
51.719777687964566
20
-14.830945274289819
30
0
10
51.687118764777807
20
-14.930868186254711
30
0
10
51.636992144116562
20
-15.044304779572325
30
0
10
51.568786319242321
20
-15.171195120029552
30
0
10
51.499790603658738
20
-15.283249493819223
30
0
10
51.440052451324298
20
-15.373091464975811
30
0
10
51.396701249340623
20
-15.43554563489899
30
0
10
51.374144188244976
20
-15.467412610761905
30
0
0
ARC
5
260
100
AcDbEntity
8
0
100
AcDbCircle
10
47.000000000000369
20
-47.000000000000099
30
0
40
32.996432910585156
210
9.928123766190019e-32
220
-4.315820189892803e-33
230
1
100
AcDbArc
50
80.385865829754806
51
81.625681094059331
0
SPLINE
5
261
100
AcDbEntity
8
0
100
AcDbSpline
70
4
71
5
72
24
73
18
74
0
42
0.000000001
43
0.0000000001
44
0.0000000001
40
0.13450521797666964
40
0.13450521797666964
40
0.13450521797666964
40
0.13450521797666964
40
0.13450521797666964
40
0.13450521797666964
40
0.20000000000000001
40
0.26666666666666666
40
0.33333333333333331
40
0.39999999999999997
40
0.46666666666666662
40
0.53333333333333333
40
0.59999999999999998
40
0.66666666666666663
40
0.73333333333333328
40
0.79999999999999993
40
0.86666666666666659
40
0.93333333333333324
40
1
40
1
40
1
40
1
40
1
40
1
41
1
41
1
41
1
41
1
41
1
41
1
41
1
41
1
41
1
41
1
41
1
41
1
41
1
41
1
41
1
41
1
41
1
41
1
10
52.51079942302033
20
-14.467006370166324
30
0
10
52.516229940707824
20
-14.478287095180001
30
0
10
52.525813785329333
20
-14.500641340504821
30
0
10
52.53607161153289
20
-14.533064444721349
30
0
10
52.541547240298229
20
-14.574162479090909
30
0
10
52.535818514545561
20
-14.623192057826067
30
0
10
52.520002108211841
20
-14.672421006827282
30
0
10
52.498289597559442
20
-14.72529017112331
30
0
10
52.475541404866448
20
-14.785914142775145
30
0
10
52.456659091418423
20
-14.858360418303247
30
0
10
52.445932497876115
20
-14.946096710892965
30
0
10
52.446195147669101
20
-15.051221040209962
30
0
10
52.458908500528992
20
-15.174585984426223
30
0
10
52.484672754924233
20
-15.316323051714871
30
0
10
52.515762246360175
20
-15.444190307009329
30
0
10
52.544893018495571
20
-15.54807305216189
30
0
10
52.566878483477311
20
-15.620850036049372
30
0
10
52.578512467792599
20
-15.658118998536567
30
0
0
LINE
5
262
100
AcDbEntity
8
0
100
AcDbLine
10
52.578512467792599
20
-15.658118998536567
30
0
11
52.784443899839673
21
-15.695409064977339
31
-2.311115933264683e-32
0
SPLINE
5
263
100
AcDbEntity
8
0
100
AcDbSpline
70
4
71
5
72
24
73
18
74
0
42
0.000000001
43
0.0000000001
44
0.0000000001
40
0.13478277032037178
40
0.13478277032037178
40
0.13478277032037178
40
0.13478277032037178
40
0.13478277032037178
40
0.13478277032037178
40
0.20000000000000001
40
0.26666666666666666
40
0.33333333333333331
40
0.39999999999999997
40
0.46666666666666662
40
0.53333333333333333
40
0.59999999999999998
40
0.66666666666666663
40
0.73333333333333328
40
0.79999999999999993
40
0.86666666666666659
40
0.93333333333333324
40
1
40
1
40
1
40
1
40
1
40
1
41
1
41
1
41
1
41
1
41
1
41
1
41
1
41
1
41
1
41
1
41
1
41
1
41
1
41
1
41
1
41
1
41
1
41
1
10
53.265343601675184
20
-14.603857415542912
30
0
10
53.256352471612203
20
-14.612481691131819
30
0
10
53.239591762029612
20
-14.630020266281463
30
0
10
53.218662704642725
20
-14.656751904723935
30
0
10
53.199154213767564
20
-14.693283794217162
30
0
10
53.187336258983279
20
-14.741168899612267
30
0
10
53.18488564393239
20
-14.792818126275886
30
0
10
53.186680258679139
20
-14.849943961150325
30
0
10
53.186725476906403
20
-14.914695363953296
30
0
10
53.179004660136819
20
-14.989162763447663
30
0
10
53.158284368698425
20
-15.075089397090082
30
0
10
53.121175306380707
20
-15.173446456283429
30
0
10
53.066009846376232
20
-15.284519904167775
30
0
10
52.992179786631411
20
-15.408222431733712
30
0
10
52.918226244672255
20
-15.517068493150656
30
0
10
52.854517499887869
20
-15.604139857350557
30
0
10
52.808407953941654
20
-15.664586195757913
30
0
10
52.784443899839673
20
-15.695409064977339
30
0
0
ARC
5
264
100
AcDbEntity
8
0
100
AcDbCircle
10
47.000000000000369
20
-47.000000000000099
30
0
40
32.996432910585149
210
8.4337659090359688e-32
220
-1.8212203925773196e-32
230
1
100
AcDbArc
50
77.814437258326208
51
79.054252522630748
0
SPLINE
5
265
100
AcDbEntity
8
0
100
AcDbSpline
70
4
71
5
72
24
73
18
74
0
42
0.000000001
43
0.0000000001
44
0.0000000001
40
0.13450521797666964
40
0.13450521797666964
40
0.13450521797666964
40
0.13450521797666964
40
0.13450521797666964
40
0.13450521797666964
40
0.20000000000000001
40
0.26666666666666666
40
0.33333333333333331
40
0.39999999999999997
40
0.46666666666666662
40
0.53333333333333333
40
0.59999999999999998
40
0.66666666666666663
40
0.73333333333333328
40
0.79999999999999993
40
0.86666666666666659
40
0.93333333333333324
40
1
40
1
40
1
40
1
40
1
40
1
41
1
41
1
41
1
41
1
41
1
41
1
41
1
41
1
41
1
41
1
41
1
41
1
41
1
41
1
41
1
41
1
41
1
41
1
10
53.964837654694065
20
-14.747006011172907
30
0
10
53.969756596397644
20
-14.758519016501893
30
0
10
53.978327871301239
20
-14.781280730152202
30
0
10
53.987120711486256
20
-14.814131402092645
30
0
10
53.990746970318057
20
-14.855433716631932
30
0
10
53.982824309278925
20
-14.90415690753478
30
0
10
53.964815180568664
20
-14.95262668587319
30
0
10
53.940752566882786
20
-15.004468486331859
30
0
10
53.915307395902801
20
-15.064010819872282
30
0
10
53.893193805826876
20
-15.13553699503213
30
0
10
53.878541739367883
20
-15.222703696213781
30
0
10
53.874087739489489
20
-15.327733956064671
30
0
10
53.881253543555552
20
-15.451545062410217
30
0
10
53.90063284558272
20
-15.594295318806026
30
0
10
53.925954289253333
20
-15.723428645041817
30
0
10
53.950395046901988
20
-15.828513734332336
30
0
10
53.969093246947899
20
-15.902203810796301
30
0
10
53.979043450935791
20
-15.939957202650806
30
0
0
LINE
5
266
100
AcDbEntity
8
0
100
AcDbLine
10
53.979043450935798
20
-15.939957202650806
30
0
11
54.183094511229122
21
-15.98644879923863
31
-2.311115933264683e-32
0
SPLINE
5
267
100
AcDbEntity
8
0
100
AcDbSpline
70
4
71
5
72
24
73
18
74
0
42
0.000000001
43
0.0000000001
44
0.0000000001
40
0.13478277032037178
40
0.13478277032037178
40
0.13478277032037178
40
0.13478277032037178
40
0.13478277032037178
40
0.13478277032037178
40
0.20000000000000001
40
0.26666666666666666
40
0.33333333333333331
40
0.39999999999999997
40
0.46666666666666662
40
0.53333333333333333
40
0.59999999999999998
40
0.66666666666666663
40
0.73333333333333328
40
0.79999999999999993
40
0.86666666666666659
40
0.93333333333333324
40
1
40
1
40
1
40
1
40
1
40
1
41
1
41
1
41
1
41
1
41
1
41
1
41
1
41
1
41
1
41
1
41
1
41
1
41
1
41
1
41
1
41
1
41
1
41
1
10
54.712482258635269
20
-14.917571753220367
30
0
10
54.703113255380799
20
-14.925783959212692
30
0
10
54.685582557518799
20
-14.942552907792221
30
0
10
54.663475263876336
20
-14.968318650644481
30
0
10
54.642347419728878
20
-15.003938509822364
30
0
10
54.628393007708802
20
-15.051245187566186
30
0
10
54.623627626472206
20
-15.10273246046685
30
0
10
54.622857493271049
20
-15.159881288512958
30
0
10
54.619997605264849
20
-15.224569519670045
30
0
10
54.608943595599044
20
-15.29861554231374
30
0
10
54.58438908427442
20
-15.383526041193559
30
0
10
54.542904615538689
20
-15.480119169587748
30
0
10
54.48281141208588
20
-15.588605784896748
30
0
10
54.403505801385293
20
-15.708871379143535
30
0
10
54.324743365642121
20
-15.814289926705571
30
0
10
54.257192329341251
20
-15.898415333808966
30
0
10
54.208417297921656
20
-15.95673210981931
30
0
10
54.183094511229122
20
-15.98644879923863
30
0
0
ARC
5
268
100
AcDbEntity
8
0
100
AcDbCircle
10
47.000000000000369
20
-47.000000000000099
30
0
40
32.996432910585156
210
8.9714980730307774e-32
220
1.8610967102262597e-33
230
1
100
AcDbArc
50
75.243008686897639
51
76.48282395120215
0
SPLINE
5
269
100
AcDbEntity
8
0
100
AcDbSpline
70
4
71
5
72
24
73
18
74
0
42
0.000000001
43
0.0000000001
44
0.0000000001
40
0.13450521797666964
40
0.13450521797666964
40
0.13450521797666964
40
0.13450521797666964
40
0.13450521797666964
40
0.13450521797666964
40
0.20000000000000001
40
0.26666666666666666
40
0.33333333333333331
40
0.39999999999999997
40
0.46666666666666662
40
0.53333333333333333
40
0.59999999999999998
40
0.66666666666666663
40
0.73333333333333328
40
0.79999999999999993
40
0.86666666666666659
40
0.93333333333333324
40
1
40
1
40
1
40
1
40
1
40
1
41
1
41
1
41
1
41
1
41
1
41
1
41
1
41
1
41
1
41
1
41
1
41
1
41
1
41
1
41
1
41
1
41
1
41
1
10
55.404849630230153
20
-15.09195888975974
30
0
10
55.409247089855839
20
-15.103680989743484
30
0
10
55.416788533634531
20
-15.12680433265718
30
0
10
55.424098680191058
20
-15.160016415440104
30
0
10
55.425868266286614
20
-15.201439832784258
30
0
10
55.415767625145975
20
-15.249758513832528
30
0
10
55.395602042047699
20
-15.297371509825046
30
0
10
55.369237784230009
20
-15.348081543959466
30
0
10
55.341146878151079
20
-15.406422329052782
30
0
10
55.315846545274717
20
-15.476884359646492
30
0
10
55.297298513210947
20
-15.563305927284276
30
0
10
55.28813683342419
20
-15.668030600703421
30
0
10
55.289740657720678
20
-15.792038530087179
30
0
10
55.302695980044533
20
-15.935514495571351
30
0
10
55.322198381932132
20
-16.065653835414835
30
0
10
55.341899904660764
20
-16.171729641458484
30
0
10
55.357273184084363
20
-16.2461844084918
30
0
10
55.365519569358227
20
-16.284346199406738
30
0
0
LINE
5
270
100
AcDbEntity
8
0
100
AcDbLine
10
55.365519569358227
20
-16.284346199406741
30
0
11
55.567279326218028
21
-16.339945698253317
31
-2.311115933264683e-32
0
SPLINE
5
271
100
AcDbEntity
8
0
100
AcDbSpline
70
4
71
5
72
24
73
18
74
0
42
0.000000001
43
0.0000000001
44
0.0000000001
40
0.13478277032037178
40
0.13478277032037178
40
0.13478277032037178
40
0.13478277032037178
40
0.13478277032037178
40
0.13478277032037178
40
0.20000000000000001
40
0.26666666666666666
40
0.33333333333333331
40
0.39999999999999997
40
0.46666666666666662
40
0.53333333333333333
40
0.59999999999999998
40
0.66666666666666663
40
0.73333333333333328
40
0.79999999999999993
40
0.86666666666666659
40
0.93333333333333324
40
1
40
1
40
1
40
1
40
1
40
1
41
1
41
1
41
1
41
1
41
1
41
1
41
1
41
1
41
1
41
1
41
1
41
1
41
1
41
1
41
1
41
1
41
1
41
1
10
56.144089002723874
20
-15.295895831772926
30
0
10
56.134360994203604
20
-15.303679429878702
30
0
10
56.116095612554645
20
-15.319644981457337
30
0
10
56.092854603803922
20
-15.344392939942253
30
0
10
56.070149955050503
20
-15.379029035148786
30
0
10
56.054087188123376
20
-15.425662015888049
30
0
10
56.047016637544687
20
-15.476883646510194
30
0
10
56.043683307341396
20
-15.533940377593803
30
0
10
56.037924072535588
20
-15.598435163616333
30
0
10
56.023559131277921
20
-15.671910690574
30
0
10
55.995219849585084
20
-15.75563405624658
30
0
10
55.949443518630524
20
-15.850268728135903
30
0
10
55.884543591443759
20
-15.955950033263996
30
0
10
55.799922140733159
20
-16.07253649529008
30
0
10
55.716509428269667
20
-16.174315230071805
30
0
10
55.645252139249557
20
-16.255325262704421
30
0
10
55.593909848778758
20
-16.311395034091817
30
0
10
55.567279326218028
20
-16.339945698253317
30
0
0
ARC
5
272
100
AcDbEntity
8
0
100
AcDbCircle
10
47.000000000000369
20
-47.000000000000099
30
0
40
32.996432910585156
210
8.9708141502635283e-32
220
-2.165824680686065e-33
230
1
100
AcDbArc
50
72.671580115469069
51
73.911395379773609
0
SPLINE
5
273
100
AcDbEntity
8
0
100
AcDbSpline
70
4
71
5
72
24
73
18
74
0
42
0.000000001
43
0.0000000001
44
0.0000000001
40
0.13450521797666964
40
0.13450521797666964
40
0.13450521797666964
40
0.13450521797666964
40
0.13450521797666964
40
0.13450521797666964
40
0.20000000000000001
40
0.26666666666666666
40
0.33333333333333331
40
0.39999999999999997
40
0.46666666666666662
40
0.53333333333333333
40
0.59999999999999998
40
0.66666666666666663
40
0.73333333333333328
40
0.79999999999999993
40
0.86666666666666659
40
0.93333333333333324
40
1
40
1
40
1
40
1
40
1
40
1
41
1
41
1
41
1
41
1
41
1
41
1
41
1
41
1
41
1
41
1
41
1
41
1
41
1
41
1
41
1
41
1
41
1
41
1
10
56.827935357150437
20
-15.501170316736602
30
0
10
56.831802478799773
20
-15.513077904625746
30
0
10
56.838298903989433
20
-15.536516309467514
30
0
10
56.844111635255175
20
-15.570022918378148
30
0
10
56.844020984903601
20
-15.611484017277373
30
0
10
56.831762705008501
20
-15.659300881077808
30
0
10
56.809481278322863
20
-15.705961208486972
30
0
10
56.780868470479966
20
-15.755437353037021
30
0
10
56.750188400648518
20
-15.812459099106199
30
0
10
56.721752276475115
20
-15.881715083981426
30
0
10
56.699345632074738
20
-15.967217476539325
30
0
10
56.685494722783424
20
-16.071425661971499
30
0
10
56.681533337421648
20
-16.195380678926995
30
0
10
56.688038589747151
20
-16.339293411999193
30
0
10
56.701682674609771
20
-16.470176682139211
30
0
10
56.716605286173532
20
-16.577029582379463
30
0
10
56.728622685235962
20
-16.652099097989971
30
0
10
56.735148644673323
20
-16.690592435197111
30
0
0
LINE
5
274
100
AcDbEntity
8
0
100
AcDbLine
10
56.735148644673323
20
-16.690592435197111
30
0
11
56.934210780800001
21
-16.75518786631109
31
-1.5407439555097887e-32
0
SPLINE
5
275
100
AcDbEntity
8
0
100
AcDbSpline
70
4
71
5
72
24
73
18
74
0
42
0.000000001
43
0.0000000001
44
0.0000000001
40
0.13478277032037178
40
0.13478277032037178
40
0.13478277032037178
40
0.13478277032037178
40
0.13478277032037178
40
0.13478277032037178
40
0.20000000000000001
40
0.26666666666666666
40
0.33333333333333331
40
0.39999999999999997
40
0.46666666666666662
40
0.53333333333333333
40
0.59999999999999998
40
0.66666666666666663
40
0.73333333333333328
40
0.79999999999999993
40
0.86666666666666659
40
0.93333333333333324
40
1
40
1
40
1
40
1
40
1
40
1
41
1
41
1
41
1
41
1
41
1
41
1
41
1
41
1
41
1
41
1
41
1
41
1
41
1
41
1
41
1
41
1
41
1
41
1
10
57.557280768480396
20
-15.738067756854765
30
0
10
57.547213345608853
20
-15.745407071943269
30
0
10
57.528250064220799
20
-15.760537074024866
30
0
10
57.50392214466045
20
-15.784217409047569
30
0
10
57.479686415442089
20
-15.817799987796473
30
0
10
57.461547641882802
20
-15.863665358914004
30
0
10
57.452186161109928
20
-15.914518193710272
30
0
10
57.446296346787932
20
-15.971367923168234
30
0
10
57.437649363514957
20
-16.035539380140296
30
0
10
57.420002419745408
20
-16.108296441478956
30
0
10
57.387935439226219
20
-16.190664066227964
30
0
10
57.337959433491307
20
-16.283149699977464
30
0
10
57.268383482386909
20
-16.385812866840467
30
0
10
57.178616608006401
20
-16.498485407026966
30
0
10
57.090721600924688
20
-16.596419360201505
30
0
10
57.015901561882309
20
-16.67415087493865
30
0
10
56.962095408900531
20
-16.727860724645435
30
0
10
56.934210780800001
20
-16.75518786631109
30
0
0
ARC
5
276
100
AcDbEntity
8
0
100
AcDbCircle
10
47.000000000000369
20
-47.000000000000099
30
0
40
32.996432910585163
210
1.0530607032022793e-31
220
1.2061014711225818e-33
230
1
100
AcDbArc
50
70.100151544040472
51
71.339966808345025
0
SPLINE
5
277
100
AcDbEntity
8
0
100
AcDbSpline
70
4
71
5
72
24
73
18
74
0
42
0.000000001
43
0.0000000001
44
0.0000000001
40
0.13450521797666964
40
0.13450521797666964
40
0.13450521797666964
40
0.13450521797666964
40
0.13450521797666964
40
0.13450521797666964
40
0.20000000000000001
40
0.26666666666666666
40
0.33333333333333331
40
0.39999999999999997
40
0.46666666666666662
40
0.53333333333333333
40
0.59999999999999998
40
0.66666666666666663
40
0.73333333333333328
40
0.79999999999999993
40
0.86666666666666659
40
0.93333333333333324
40
1
40
1
40
1
40
1
40
1
40
1
41
1
41
1
41
1
41
1
41
1
41
1
41
1
41
1
41
1
41
1
41
1
41
1
41
1
41
1
41
1
41
1
41
1
41
1
10
58.231228930188941
20
-15.973816194748473
30
0
10
58.234557925993556
20
-15.985885290245703
30
0
10
58.239996249658425
20
-16.009591555187438
30
0
10
58.244299859566162
20
-16.043325212374583
30
0
10
58.242349155325208
20
-16.084740495693449
30
0
10
58.227957923219968
20
-16.131959245445952
30
0
10
58.203605524775064
20
-16.177572936582035
30
0
10
58.172801789294098
20
-16.225715553177007
30
0
10
58.139594341287804
20
-16.281303426014066
30
0
10
58.108079692387079
20
-16.349213892834044
30
0
10
58.081859559649956
20
-16.433624919872329
30
0
10
58.063347314742096
20
-16.537106755900364
30
0
10
58.053828697424976
20
-16.660759231519709
30
0
10
58.053870779039698
20
-16.804818911087818
30
0
10
58.061629069506196
20
-16.9361825300366
30
0
10
58.071742717751356
20
-17.043597336952637
30
0
10
58.080380035010222
20
-17.119130421126339
30
0
10
58.085172426197246
20
-17.15787778416734
30
0
0
LINE
5
278
100
AcDbEntity
8
0
100
AcDbLine
10
58.085172426197246
20
-17.15787778416734
30
0
11
58.281136056940355
21
-17.231339060946986
31
-1.5407439555097887e-32
0
SPLINE
5
279
100
AcDbEntity
8
0
100
AcDbSpline
70
4
71
5
72
24
73
18
74
0
42
0.000000001
43
0.0000000001
44
0.0000000001
40
0.13478277032037178
40
0.13478277032037178
40
0.13478277032037178
40
0.13478277032037178
40
0.13478277032037178
40
0.13478277032037178
40
0.20000000000000001
40
0.26666666666666666
40
0.33333333333333331
40
0.39999999999999997
40
0.46666666666666662
40
0.53333333333333333
40
0.59999999999999998
40
0.66666666666666663
40
0.73333333333333328
40
0.79999999999999993
40
0.86666666666666659
40
0.93333333333333324
40
1
40
1
40
1
40
1
40
1
40
1
41
1
41
1
41
1
41
1
41
1
41
1
41
1
41
1
41
1
41
1
41
1
41
1
41
1
41
1
41
1
41
1
41
1
41
1
10
58.949211575759904
20
-16.243197053054153
30
0
10
58.938825012986975
20
-16.250077304721533
30
0
10
58.919202021384827
20
-16.264341287495437
30
0
10
58.893836184207224
20
-16.28690631001264
30
0
10
58.868118182057209
20
-16.319367741459569
30
0
10
58.847939930941777
20
-16.36437313620182
30
0
10
58.836306372751139
20
-16.41475476433056
30
0
10
58.827871935612635
20
-16.471283004373461
30
0
10
58.816354617746036
20
-16.535001899520822
30
0
10
58.79546121006085
20
-16.606893972201636
30
0
10
58.759731109346532
20
-16.687739978592525
30
0
10
58.705656073855899
20
-16.777890320444062
30
0
10
58.631544215540032
20
-16.877328599086606
30
0
10
58.536812696028178
20
-16.985860309932335
30
0
10
58.444612403175221
20
-17.079752255551298
30
0
10
58.366380291711963
20
-17.154048711467009
30
0
10
58.310218634650674
20
-17.205290475003721
30
0
10
58.281136056940355
20
-17.231339060946986
30
0
0
ARC
5
280
100
AcDbEntity
8
0
100
AcDbCircle
10
47.000000000000369
20
-47.000000000000099
30
0
40
32.996432910585163
210
1.0996537377221026e-31
220
7.8704056890751042e-33
230
1
100
AcDbArc
50
67.528722972611831
51
68.768538236916427
0
SPLINE
5
281
100
AcDbEntity
8
0
100
AcDbSpline
70
4
71
5
72
24
73
18
74
0
42
0.000000001
43
0.0000000001
44
0.0000000001
40
0.13450521797666964
40
0.13450521797666964
40
0.13450521797666964
40
0.13450521797666964
40
0.13450521797666964
40
0.13450521797666964
40
0.20000000000000001
40
0.26666666666666666
40
0.33333333333333331
40
0.39999999999999997
40
0.46666666666666662
40
0.53333333333333333
40
0.59999999999999998
40
0.66666666666666663
40
0.73333333333333328
40
0.79999999999999993
40
0.86666666666666659
40
0.93333333333333324
40
1
40
1
40
1
40
1
40
1
40
1
41
1
41
1
41
1
41
1
41
1
41
1
41
1
41
1
41
1
41
1
41
1
41
1
41
1
41
1
41
1
41
1
41
1
41
1
10
59.61190430284347
20
-16.508944677898015
30
0
10
59.614688468648865
20
-16.521150975451178
30
0
10
59.619057738728813
20
-16.545077359230181
30
0
10
59.621843560380938
20
-16.578970129597629
30
0
10
59.618036730709328
20
-16.620256192467181
30
0
10
59.601541528420192
20
-16.666781735893743
30
0
10
59.575167200705614
20
-16.711256930853189
30
0
10
59.54223457221039
20
-16.75796906667021
30
0
10
59.506566621410187
20
-16.812011119697033
30
0
10
59.472036914090978
20
-16.878439305819288
30
0
10
59.442056096875021
20
-16.961588974763149
30
0
10
59.418919797548185
20
-17.064136062740921
30
0
10
59.403863117504237
20
-17.18723697739421
30
0
10
59.397441943661413
20
-17.331153486435422
30
0
10
59.399298815567292
20
-17.46273290534662
30
0
10
59.404583132952226
20
-17.570493299812359
30
0
10
59.409822974000043
20
-17.646337838969874
30
0
10
59.412872145698657
20
-17.685261195812171
30
0
0
LINE
5
282
100
AcDbEntity
8
0
100
AcDbLine
10
59.412872145698657
20
-17.685261195812171
30
0
11
59.605342626385237
21
-17.767440377022471
31
-2.311115933264683e-32
0
SPLINE
5
283
100
AcDbEntity
8
0
100
AcDbSpline
70
4
71
5
72
24
73
18
74
0
42
0.000000001
43
0.0000000001
44
0.0000000001
40
0.13478277032037178
40
0.13478277032037178
40
0.13478277032037178
40
0.13478277032037178
40
0.13478277032037178
40
0.13478277032037178
40
0.20000000000000001
40
0.26666666666666666
40
0.33333333333333331
40
0.39999999999999997
40
0.46666666666666662
40
0.53333333333333333
40
0.59999999999999998
40
0.66666666666666663
40
0.73333333333333328
40
0.79999999999999993
40
0.86666666666666659
40
0.93333333333333324
40
1
40
1
40
1
40
1
40
1
40
1
41
1
41
1
41
1
41
1
41
1
41
1
41
1
41
1
41
1
41
1
41
1
41
1
41
1
41
1
41
1
41
1
41
1
41
1
10
60.317078261158301
20
-16.81026645719249
30
0
10
60.306393475639098
20
-16.816673789527528
30
0
10
60.286150291916499
20
-16.830043027230722
30
0
10
60.25979762054196
20
-16.851447294290086
30
0
10
60.232649138094004
20
-16.882722205432156
30
0
10
60.210472045734782
20
-16.926776988923564
30
0
10
60.196589838564364
20
-16.976585948490637
30
0
10
60.185627764443275
20
-17.032678858765959
30
0
10
60.171263306328484
20
-17.095816870713666
30
0
10
60.147165511270188
20
-17.166699173669844
30
0
10
60.10784424602852
20
-17.24586074860494
30
0
10
60.049779080707196
20
-17.333494247767472
30
0
10
59.971280566599503
20
-17.429507382729874
30
0
10
59.871775178629498
20
-17.533679695812875
30
0
10
59.775455279124834
20
-17.62334054799318
30
0
10
59.693968644301847
20
-17.694052321912807
30
0
10
59.63556458526422
20
-17.742722805187071
30
0
10
59.605342626385237
20
-17.767440377022471
30
0
0
ARC
5
284
100
AcDbEntity
8
0
100
AcDbCircle
10
47.000000000000369
20
-47.000000000000099
30
0
40
32.996432910585163
210
1.1020775037409226e-31
220
2.9289028755321918e-33
230
1
100
AcDbArc
50
64.957294401183276
51
66.197109665487858
0
SPLINE
5
285
100
AcDbEntity
8
0
100
AcDbSpline
70
4
71
5
72
24
73
18
74
0
42
0.000000001
43
0.0000000001
44
0.0000000001
40
0.13450521797666964
40
0.13450521797666964
40
0.13450521797666964
40
0.13450521797666964
40
0.13450521797666964
40
0.13450521797666964
40
0.20000000000000001
40
0.26666666666666666
40
0.33333333333333331
40
0.39999999999999997
40
0.46666666666666662
40
0.53333333333333333
40
0.59999999999999998
40
0.66666666666666663
40
0.73333333333333328
40
0.79999999999999993
40
0.86666666666666659
40
0.93333333333333324
40
1
40
1
40
1
40
1
40
1
40
1
41
1
41
1
41
1
41
1
41
1
41
1
41
1
41
1
41
1
41
1
41
1
41
1
41
1
41
1
41
1
41
1
41
1
41
1
10
60.967180978657481
20
-17.105478088636445
30
0
10
60.969414707524237
20
-17.117797006386727
30
0
10
60.972706124890806
20
-17.141895324450246
30
0
10
60.973968548013275
20
-17.175878952469013
30
0
10
60.968313259359341
20
-17.216952650253099
30
0
10
60.949747306028506
20
-17.262691291101
30
0
10
60.921404163430282
20
-17.305938422760033
30
0
10
60.886408963851828
20
-17.351126005774137
30
0
10
60.848352340763853
20
-17.403513405487992
30
0
10
60.810877113261384
20
-17.46832553338611
30
0
10
60.777195988942545
20
-17.550046391868072
30
0
10
60.749482228624544
20
-17.651452215607634
30
0
10
60.728917808003608
20
-17.77375366043535
30
0
10
60.716046310092793
20
-17.917237170253241
30
0
10
60.711998023945142
20
-18.048767405688103
30
0
10
60.712442368557866
20
-18.156656372610122
30
0
10
60.714274181052104
20
-18.232659625943171
30
0
10
60.71557399263633
20
-18.27168059012611
30
0
0
LINE
5
286
100
AcDbEntity
8
0
100
AcDbLine
10
60.71557399263633
20
-18.27168059012611
30
0
11
60.904163713332757
21
-18.362412177832731
31
-1.9259299443872359e-32
0
SPLINE
5
287
100
AcDbEntity
8
0
100
AcDbSpline
70
4
71
5
72
24
73
18
74
0
42
0.000000001
43
0.0000000001
44
0.0000000001
40
0.13478277032037178
40
0.13478277032037178
40
0.13478277032037178
40
0.13478277032037178
40
0.13478277032037178
40
0.13478277032037178
40
0.20000000000000001
40
0.26666666666666666
40
0.33333333333333331
40
0.39999999999999997
40
0.46666666666666662
40
0.53333333333333333
40
0.59999999999999998
40
0.66666666666666663
40
0.73333333333333328
40
0.79999999999999993
40
0.86666666666666659
40
0.93333333333333324
40
1
40
1
40
1
40
1
40
1
40
1
41
1
41
1
41
1
41
1
41
1
41
1
41
1
41
1
41
1
41
1
41
1
41
1
41
1
41
1
41
1
41
1
41
1
41
1
10
61.658126123210522
20
-17.438133966956915
30
0
10
61.647164632681168
20
-17.444055476444994
30
0
10
61.626342023916088
20
-17.45650304521196
30
0
10
61.599055589117697
20
-17.476703451468161
30
0
10
61.570531299802447
20
-17.506728858796485
30
0
10
61.546400027912071
20
-17.549744310566012
30
0
10
61.530297128679607
20
-17.598880292955563
30
0
10
61.51682949373437
20
-17.654424909807005
30
0
10
61.499646823478358
20
-17.716854887001567
30
0
10
61.472393170799215
20
-17.786584672708159
30
0
10
61.429559928825405
20
-17.863902395310575
30
0
10
61.367621569188877
20
-17.948842569579281
30
0
10
61.284894484849993
20
-18.041237203185403
30
0
10
61.18081561903076
20
-18.140840329330665
30
0
10
61.080570088333495
20
-18.226089523048319
30
0
10
60.995993033388856
20
-18.29307421086969
30
0
10
60.935464190377218
20
-18.339075398005392
30
0
10
60.904163713332757
20
-18.362412177832731
30
0
0
ARC
5
288
100
AcDbEntity
8
0
100
AcDbCircle
10
47.000000000000369
20
-47.000000000000099
30
0
40
32.996432910585177
210
9.9306289828042966e-32
220
3.6947606389185529e-33
230
1
100
AcDbArc
50
62.385865829754735
51
63.625681094059289
0
SPLINE
5
289
100
AcDbEntity
8
0
100
AcDbSpline
70
4
71
5
72
24
73
18
74
0
42
0.000000001
43
0.0000000001
44
0.0000000001
40
0.13450521797666964
40
0.13450521797666964
40
0.13450521797666964
40
0.13450521797666964
40
0.13450521797666964
40
0.13450521797666964
40
0.20000000000000001
40
0.26666666666666666
40
0.33333333333333331
40
0.39999999999999997
40
0.46666666666666662
40
0.53333333333333333
40
0.59999999999999998
40
0.66666666666666663
40
0.73333333333333328
40
0.79999999999999993
40
0.86666666666666659
40
0.93333333333333324
40
1
40
1
40
1
40
1
40
1
40
1
41
1
41
1
41
1
41
1
41
1
41
1
41
1
41
1
41
1
41
1
41
1
41
1
41
1
41
1
41
1
41
1
41
1
41
1
10
62.294329610769637
20
-17.762215088062781
30
0
10
62.296008404265102
20
-17.774621817349264
30
0
10
62.298215340441757
20
-17.798843538891788
30
0
10
62.297951822682371
20
-17.832849586057677
30
0
10
62.290459464044858
20
-17.873628201795142
30
0
10
62.269860149031508
20
-17.918487828528743
30
0
10
62.239605270866861
20
-17.960419802919645
30
0
10
62.202617975879882
20
-18.00399183135233
30
0
10
62.162249321478349
20
-18.054619076502043
30
0
10
62.121904043913531
20
-18.117684623175808
30
0
10
62.084590441793786
20
-18.197812096262513
30
0
10
62.052355032309691
20
-18.297872437930202
30
0
10
62.026324285118115
20
-18.419128114098658
30
0
10
62.007028384623133
20
-18.561889667999615
30
0
10
61.997083093131522
20
-18.693105835568367
30
0
10
61.992686570121137
20
-18.800906100925442
30
0
10
61.991106665035211
20
-18.87691500799653
30
0
10
61.990654498857474
20
-18.915954996491251
30
0
0
LINE
5
290
100
AcDbEntity
8
0
100
AcDbLine
10
61.990654498857481
20
-18.915954996491255
30
0
11
62.174983664964273
21
-19.015056269351348
31
-1.5407439555097887e-32
0
SPLINE
5
291
100
AcDbEntity
8
0
100
AcDbSpline
70
4
71
5
72
24
73
18
74
0
42
0.000000001
43
0.0000000001
44
0.0000000001
40
0.13478277032037178
40
0.13478277032037178
40
0.13478277032037178
40
0.13478277032037178
40
0.13478277032037178
40
0.13478277032037178
40
0.20000000000000001
40
0.26666666666666666
40
0.33333333333333331
40
0.39999999999999997
40
0.46666666666666662
40
0.53333333333333333
40
0.59999999999999998
40
0.66666666666666663
40
0.73333333333333328
40
0.79999999999999993
40
0.86666666666666659
40
0.93333333333333324
40
1
40
1
40
1
40
1
40
1
40
1
41
1
41
1
41
1
41
1
41
1
41
1
41
1
41
1
41
1
41
1
41
1
41
1
41
1
41
1
41
1
41
1
41
1
41
1
10
62.969654469992577
20
-18.125535140741022
30
0
10
62.958438349436179
20
-18.130958902250086
30
0
10
62.937078249591565
20
-18.142459734333887
30
0
10
62.908913002617638
20
-18.161415598857047
30
0
10
62.879070350557704
20
-18.190131035197126
30
0
10
62.853033496306303
20
-18.232020527849517
30
0
10
62.834742334107844
20
-18.280384579732161
30
0
10
62.818796260362916
20
-18.335269043693401
30
0
10
62.79882998157688
20
-18.396865260469099
30
0
10
62.768475356506379
20
-18.46530210241751
30
0
10
62.722216398249415
20
-18.540620265083579
30
0
10
62.656529579911073
20
-18.622696056251545
30
0
10
62.569740526679311
20
-18.711286118005432
30
0
10
62.461297783995526
20
-18.806119469772327
30
0
10
62.357328503263545
20
-18.886785324496373
30
0
10
62.269831355130179
20
-18.949908027972722
30
0
10
62.207299625179012
20
-18.993147278700931
30
0
10
62.17498366496428
20
-19.015056269351348
30
0
0
ARC
5
292
100
AcDbEntity
8
0
100
AcDbCircle
10
47.000000000000369
20
-47.000000000000099
30
0
40
32.99643291058517
210
1.0382911618061595e-31
220
-1.7616405995536953e-32
230
1
100
AcDbArc
50
59.814437258326123
51
61.054252522630719
0
SPLINE
5
293
100
AcDbEntity
8
0
100
AcDbSpline
70
4
71
5
72
24
73
18
74
0
42
0.000000001
43
0.0000000001
44
0.0000000001
40
0.13450521797666964
40
0.13450521797666964
40
0.13450521797666964
40
0.13450521797666964
40
0.13450521797666964
40
0.13450521797666964
40
0.20000000000000001
40
0.26666666666666666
40
0.33333333333333331
40
0.39999999999999997
40
0.46666666666666662
40
0.53333333333333333
40
0.59999999999999998
40
0.66666666666666663
40
0.73333333333333328
40
0.79999999999999993
40
0.86666666666666659
40
0.93333333333333324
40
1
40
1
40
1
40
1
40
1
40
1
41
1
41
1
41
1
41
1
41
1
41
1
41
1
41
1
41
1
41
1
41
1
41
1
41
1
41
1
41
1
41
1
41
1
41
1
10
63.590677498455321
20
-18.477833095260483
30
0
10
63.591797975712801
20
-18.490302650581498
30
0
10
63.592915986223765
20
-18.514598996279336
30
0
10
63.591127058272249
20
-18.548558978938964
30
0
10
63.581812718264331
20
-18.588960389924651
30
0
10
63.559221525847519
20
-18.632850661225731
30
0
10
63.527115841414663
20
-18.673383032932506
30
0
10
63.4882109385089
20
-18.71525175851718
30
0
10
63.445611549891403
20
-18.764016892568627
30
0
10
63.402477472283991
20
-18.825208852399967
30
0
10
63.361606536992234
20
-18.903581574024191
30
0
10
63.324914396166776
20
-19.002094925408183
30
0
10
63.293469744865156
20
-19.122060640122601
30
0
10
63.267788301161652
20
-19.26381273533616
30
0
10
63.251966032819588
20
-19.394450583139907
30
0
10
63.242737496198338
20
-19.501945051543942
30
0
10
63.237749055250838
20
-19.577806540529693
30
0
10
63.235545821913647
20
-19.61678693199492
30
0
0
LINE
5
294
100
AcDbEntity
8
0
100
AcDbLine
10
63.235545821913639
20
-19.616786931994923
30
0
11
63.415243219021285
21
-19.724058313233606
31
-2.311115933264683e-32
0
SPLINE
5
295
100
AcDbEntity
8
0
100
AcDbSpline
70
4
71
5
72
24
73
18
74
0
42
0.000000001
43
0.0000000001
44
0.0000000001
40
0.13478277032037178
40
0.13478277032037178
40
0.13478277032037178
40
0.13478277032037178
40
0.13478277032037178
40
0.13478277032037178
40
0.20000000000000001
40
0.26666666666666666
40
0.33333333333333331
40
0.39999999999999997
40
0.46666666666666662
40
0.53333333333333333
40
0.59999999999999998
40
0.66666666666666663
40
0.73333333333333328
40
0.79999999999999993
40
0.86666666666666659
40
0.93333333333333324
40
1
40
1
40
1
40
1
40
1
40
1
41
1
41
1
41
1
41
1
41
1
41
1
41
1
41
1
41
1
41
1
41
1
41
1
41
1
41
1
41
1
41
1
41
1
41
1
10
64.249022057955671
20
-18.871085644061996
30
0
10
64.237573895146383
20
-18.87600073485817
30
0
10
64.21571932062065
20
-18.886531669113538
30
0
10
64.186731982530304
20
-18.904204817315208
30
0
10
64.155631066855378
20
-18.931552453599775
30
0
10
64.127741065002354
20
-18.972231627271597
30
0
10
64.107298475804328
20
-19.019726349883253
30
0
10
64.088906076530094
20
-19.073840130948049
30
0
10
64.066196398642333
20
-19.13447854072168
30
0
10
64.032801931355706
20
-19.201484616219986
30
0
10
63.98321041620126
20
-19.274651538193627
30
0
10
63.913907423671461
20
-19.353697656540302
30
0
10
63.823231183149915
20
-19.438304737847382
30
0
10
63.710642952853497
20
-19.528177333486131
30
0
10
63.603159302381684
20
-19.604097398920374
30
0
10
63.512918268671577
20
-19.663230997327432
30
0
10
63.44850958236313
20
-19.703621233551566
30
0
10
63.415243219021285
20
-19.724058313233606
30
0
0
ARC
5
296
100
AcDbEntity
8
0
100
AcDbCircle
10
47.000000000000369
20
-47.000000000000099
30
0
40
32.99643291058517
210
1.1627279024969185e-31
220
-1.5253581589571675e-33
230
1
100
AcDbArc
50
57.243008686897561
51
58.482823951202114
0
SPLINE
5
297
100
AcDbEntity
8
0
100
AcDbSpline
70
4
71
5
72
24
73
18
74
0
42
0.000000001
43
0.0000000001
44
0.0000000001
40
0.13450521797666964
40
0.13450521797666964
40
0.13450521797666964
40
0.13450521797666964
40
0.13450521797666964
40
0.13450521797666964
40
0.20000000000000001
40
0.26666666666666666
40
0.33333333333333331
40
0.39999999999999997
40
0.46666666666666662
40
0.53333333333333333
40
0.59999999999999998
40
0.66666666666666663
40
0.73333333333333328
40
0.79999999999999993
40
0.86666666666666659
40
0.93333333333333324
40
1
40
1
40
1
40
1
40
1
40
1
41
1
41
1
41
1
41
1
41
1
41
1
41
1
41
1
41
1
41
1
41
1
41
1
41
1
41
1
41
1
41
1
41
1
41
1
10
64.853613969590086
20
-19.250890950799356
30
0
10
64.854173874117492
20
-19.263398220129972
30
0
10
64.854200707438409
20
-19.287720260376311
30
0
10
64.850889971957557
20
-19.321565787644083
30
0
10
64.839772408420458
20
-19.361508630812992
30
0
10
64.815234834255193
20
-19.404341157516196
30
0
10
64.78134300012988
20
-19.443392299736367
30
0
10
64.740598838602224
20
-19.483473404431709
30
0
10
64.695854505268201
20
-19.530278220894701
30
0
10
64.650018493910082
20
-19.589473361420097
30
0
10
64.605672534070791
20
-19.665933499350544
30
0
10
64.564597554992503
20
-19.762701467671565
30
0
10
64.527802324923826
20
-19.881135625947866
30
0
10
64.495787057021673
20
-20.021592792618996
30
0
10
64.474119675771917
20
-20.151389233417891
30
0
10
64.460077710584414
20
-20.258361425315172
30
0
10
64.451690779831509
20
-20.333922721272618
30
0
10
64.447740916353609
20
-20.372765014387547
30
0
0
LINE
5
298
100
AcDbEntity
8
0
100
AcDbLine
10
64.447740916353609
20
-20.372765014387547
30
0
11
64.622444657818917
21
-20.48799047371897
31
-1.5407439555097887e-32
0
SPLINE
5
299
100
AcDbEntity
8
0
100
AcDbSpline
70
4
71
5
72
24
73
18
74
0
42
0.000000001
43
0.0000000001
44
0.0000000001
40
0.13478277032037178
40
0.13478277032037178
40
0.13478277032037178
40
0.13478277032037178
40
0.13478277032037178
40
0.13478277032037178
40
0.20000000000000001
40
0.26666666666666666
40
0.33333333333333331
40
0.39999999999999997
40
0.46666666666666662
40
0.53333333333333333
40
0.59999999999999998
40
0.66666666666666663
40
0.73333333333333328
40
0.79999999999999993
40
0.86666666666666659
40
0.93333333333333324
40
1
40
1
40
1
40
1
40
1
40
1
41
1
41
1
41
1
41
1
41
1
41
1
41
1
41
1
41
1
41
1
41
1
41
1
41
1
41
1
41
1
41
1
41
1
41
1
10
65.49365241103925
20
-19.673284037425937
30
0
10
65.481995261053399
20
-19.677680559170469
30
0
10
65.459690224051187
20
-19.687220387697305
30
0
10
65.429939171485614
20
-19.703575228208994
30
0
10
65.397642625300875
20
-19.72949998993807
30
0
10
65.367955642598304
20
-19.768886922187242
30
0
10
65.34540279505481
20
-19.815416667477294
30
0
10
65.324601110095685
20
-19.868650787692182
30
0
10
65.299193767375215
20
-19.928209272776378
30
0
10
65.262826709885346
20
-19.993649640505872
30
0
10
65.210002508545159
20
-20.064517973343477
30
0
10
65.137222908827823
20
-20.140375230506177
30
0
10
65.04284209089748
20
-20.220828943964413
30
0
10
64.926335110700705
20
-20.305559792027893
30
0
10
64.815553548256901
20
-20.376581175264189
30
0
10
64.722750362402451
20
-20.43160658140442
30
0
10
64.656594430259247
20
-20.469066462563973
30
0
10
64.622444657818917
20
-20.48799047371897
30
0
0
ARC
5
300
100
AcDbEntity
8
0
100
AcDbCircle
10
47.000000000000369
20
-47.000000000000099
30
0
40
32.99643291058517
210
1.0310263390617659e-31
220
1.7571025147218747e-32
230
1
100
AcDbArc
50
54.671580115468984
51
55.911395379773538
0
SPLINE
5
301
100
AcDbEntity
8
0
100
AcDbSpline
70
4
71
5
72
24
73
18
74
0
42
0.000000001
43
0.0000000001
44
0.0000000001
40
0.13450521797666964
40
0.13450521797666964
40
0.13450521797666964
40
0.13450521797666964
40
0.13450521797666964
40
0.13450521797666964
40
0.20000000000000001
40
0.26666666666666666
40
0.33333333333333331
40
0.39999999999999997
40
0.46666666666666662
40
0.53333333333333333
40
0.59999999999999998
40
0.66666666666666663
40
0.73333333333333328
40
0.79999999999999993
40
0.86666666666666659
40
0.93333333333333324
40
1
40
1
40
1
40
1
40
1
40
1
41
1
41
1
41
1
41
1
41
1
41
1
41
1
41
1
41
1
41
1
41
1
41
1
41
1
41
1
41
1
41
1
41
1
41
1
10
66.080595638195973
20
-20.079831819038926
30
0
10
66.080593842420129
20
-20.09235161440321
30
0
10
66.079529444512232
20
-20.116650367845832
30
0
10
66.074703568882725
20
-20.150313279334089
30
0
10
66.061805171109839
20
-20.189717115115769
30
0
10
66.035370630604973
20
-20.231405638212578
30
0
10
65.999760900430729
20
-20.268896907142746
30
0
10
65.957259533600109
20
-20.307109672937997
30
0
10
65.910460364682223
20
-20.351859913141091
30
0
10
65.862014727200318
20
-20.408939023225372
30
0
10
65.814283049674913
20
-20.483332596919759
30
0
10
65.768907951885268
20
-20.57816030436776
30
0
10
65.726836243746121
20
-20.694824395572699
30
0
10
65.688551626134185
20
-20.83370377166014
30
0
10
65.661082767199034
20
-20.962397412696067
30
0
10
65.642255652094391
20
-21.068631900328253
30
0
10
65.630487121698508
20
-21.143740832863223
30
0
10
65.62479858257926
20
-21.182366804418763
30
0
0
LINE
5
302
100
AcDbEntity
8
0
100
AcDbLine
10
65.624798582579274
20
-21.182366804418763
30
0
11
65.794156838316965
21
-21.305314293102334
31
-1.5407439555097887e-32
0
SPLINE
5
303
100
AcDbEntity
8
0
100
AcDbSpline
70
4
71
5
72
24
73
18
74
0
42
0.000000001
43
0.0000000001
44
0.0000000001
40
0.13478277032037178
40
0.13478277032037178
40
0.13478277032037178
40
0.13478277032037178
40
0.13478277032037178
40
0.13478277032037178
40
0.20000000000000001
40
0.26666666666666666
40
0.33333333333333331
40
0.39999999999999997
40
0.46666666666666662
40
0.53333333333333333
40
0.59999999999999998
40
0.66666666666666663
40
0.73333333333333328
40
0.79999999999999993
40
0.86666666666666659
40
0.93333333333333324
40
1
40
1
40
1
40
1
40
1
40
1
41
1
41
1
41
1
41
1
41
1
41
1
41
1
41
1
41
1
41
1
41
1
41
1
41
1
41
1
41
1
41
1
41
1
41
1
10
66.701039009350879
20
-20.530514800027291
30
0
10
66.689196348137173
20
-20.534383898710487
30
0
10
66.66648576803459
20
-20.542913409563731
30
0
10
66.636030915654302
20
-20.55791700591319
30
0
10
66.602603779905664
20
-20.582366684066788
30
0
10
66.571179601985889
20
-20.620382054853469
30
0
10
66.546561914530486
20
-20.665853118107211
30
0
10
66.523392835711647
20
-20.718100371038609
30
0
10
66.495338995165412
20
-20.776458988570617
30
0
10
66.456072585886275
20
-20.840201860339668
30
0
10
66.400122079271839
20
-20.908628884650241
30
0
10
66.324012440795116
20
-20.981144514208324
30
0
10
66.22611711586282
20
-21.057282836745827
30
0
10
66.105926015318758
20
-21.136701300582217
30
0
10
65.992069640226646
20
-21.202680974006451
30
0
10
65.896891195493652
20
-21.253487374034812
30
0
10
65.829121246758845
20
-21.287941460914382
30
0
10
65.794156838316965
20
-21.305314293102334
30
0
0
ARC
5
304
100
AcDbEntity
8
0
100
AcDbCircle
10
47.000000000000369
20
-47.000000000000099
30
0
40
32.996432910585177
210
9.621551352993833e-32
220
3.2014178158748491e-33
230
1
100
AcDbArc
50
52.100151544040436
51
53.339966808344968
0
SPLINE
5
305
100
AcDbEntity
8
0
100
AcDbSpline
70
4
71
5
72
24
73
18
74
0
42
0.000000001
43
0.0000000001
44
0.0000000001
40
0.13450521797666964
40
0.13450521797666964
40
0.13450521797666964
40
0.13450521797666964
40
0.13450521797666964
40
0.13450521797666964
40
0.20000000000000001
40
0.26666666666666666
40
0.33333333333333331
40
0.39999999999999997
40
0.46666666666666662
40
0.53333333333333333
40
0.59999999999999998
40
0.66666666666666663
40
0.73333333333333328
40
0.79999999999999993
40
0.86666666666666659
40
0.93333333333333324
40
1
40
1
40
1
40
1
40
1
40
1
41
1
41
1
41
1
41
1
41
1
41
1
41
1
41
1
41
1
41
1
41
1
41
1
41
1
41
1
41
1
41
1
41
1
41
1
10
67.269151526482375
20
-20.962986323388201
30
0
10
67.2685880340197
20
-20.97549343158445
30
0
10
67.266434548438752
20
-20.999719963767664
30
0
10
67.260103251331856
20
-21.033132466852621
30
0
10
67.245449994979751
20
-21.071917941165779
30
0
10
67.217171723781874
20
-21.112378505518695
30
0
10
67.179915810816212
20
-21.148234398732676
30
0
10
67.135742830779293
20
-21.184501870202972
30
0
10
67.086983073575567
20
-21.227107413117878
30
0
10
67.036025373036466
20
-21.281955543029575
30
0
10
66.985004103071233
20
-21.354132733730978
30
0
10
66.935420265978564
20
-21.44682920992306
30
0
10
66.888156806590089
20
-21.561488288102918
30
0
10
66.84367993939324
20
-21.698510189025669
30
0
10
66.81046492139896
20
-21.825841858432469
30
0
10
66.786890571681454
20
-21.93112469967943
30
0
10
66.771764141896583
20
-22.005630009397503
30
0
10
66.76434838309676
20
-22.043961871827378
30
0
0
LINE
5
306
100
AcDbEntity
8
0
100
AcDbLine
10
66.76434838309676
20
-22.043961871827374
30
0
11
66.928020088118444
21
-22.174383789983061
31
-1.5407439555097887e-32
0
SPLINE
5
307
100
AcDbEntity
8
0
100
AcDbSpline
70
4
71
5
72
24
73
18
74
0
42
0.000000001
43
0.0000000001
44
0.0000000001
40
0.13478277032037178
40
0.13478277032037178
40
0.13478277032037178
40
0.13478277032037178
40
0.13478277032037178
40
0.13478277032037178
40
0.20000000000000001
40
0.26666666666666666
40
0.33333333333333331
40
0.39999999999999997
40
0.46666666666666662
40
0.53333333333333333
40
0.59999999999999998
40
0.66666666666666663
40
0.73333333333333328
40
0.79999999999999993
40
0.86666666666666659
40
0.93333333333333324
40
1
40
1
40
1
40
1
40
1
40
1
41
1
41
1
41
1
41
1
41
1
41
1
41
1
41
1
41
1
41
1
41
1
41
1
41
1
41
1
41
1
41
1
41
1
41
1
10
67.868750336963728
20
-21.441051583192706
30
0
10
67.856746014065806
20
-21.444385466964739
30
0
10
67.833675626948789
20
-21.451887482844647
30
0
10
67.802578306773469
20
-21.46550961978555
30
0
10
67.768087899263776
20
-21.488434975965692
30
0
10
67.734989810239085
20
-21.525002227392314
30
0
10
67.708356859618121
20
-21.569323035939757
30
0
10
67.682867046380906
20
-21.620478202573466
30
0
10
67.65222320471031
20
-21.677519426064098
30
0
10
67.610136520964488
20
-21.73943643221202
30
0
10
67.551172385950125
20
-21.805284345075066
30
0
10
67.47188598339703
20
-21.874312310201169
30
0
10
67.370673299619042
20
-21.945981909369024
30
0
10
67.247040127608841
20
-22.019928050761386
30
0
10
67.130338231455525
20
-22.080733140092029
30
0
10
67.032976204565074
20
-22.127218216680316
30
0
10
66.963728718896419
20
-22.158597123334161
30
0
10
66.928020088118444
20
-22.174383789983061
30
0
0
ARC
5
308
100
AcDbEntity
8
0
100
AcDbCircle
10
47.000000000000369
20
-47.000000000000099
30
0
40
32.996432910585185
210
1.0426262756467534e-31
220
8.2582405163004413e-33
230
1
100
AcDbArc
50
49.528722972611845
51
50.768538236916406
0
SPLINE
5
309
100
AcDbEntity
8
0
100
AcDbSpline
70
4
71
5
72
24
73
18
74
0
42
0.000000001
43
0.0000000001
44
0.0000000001
40
0.13450521797666964
40
0.13450521797666964
40
0.13450521797666964
40
0.13450521797666964
40
0.13450521797666964
40
0.13450521797666964
40
0.20000000000000001
40
0.26666666666666666
40
0.33333333333333331
40
0.39999999999999997
40
0.46666666666666662
40
0.53333333333333333
40
0.59999999999999998
40
0.66666666666666663
40
0.73333333333333328
40
0.79999999999999993
40
0.86666666666666659
40
0.93333333333333324
40
1
40
1
40
1
40
1
40
1
40
1
41
1
41
1
41
1
41
1
41
1
41
1
41
1
41
1
41
1
41
1
41
1
41
1
41
1
41
1
41
1
41
1
41
1
41
1
10
68.416888041066443
20
-21.898575908207924
30
0
10
68.415763986715788
20
-21.911045141584722
30
0
10
68.412525750295131
20
-21.935150663496842
30
0
10
68.404701782100631
20
-21.968245469843897
30
0
10
68.388323176877492
20
-22.006334473904943
30
0
10
68.358258123661471
20
-22.045485597321949
30
0
10
68.319431056355
20
-22.079633905822607
30
0
10
68.273675421614882
20
-22.113883045106984
30
0
10
68.223053271787251
20
-22.154258088840322
30
0
10
68.169686130218281
20
-22.206764781745136
30
0
10
68.11547801786088
20
-22.276580234196999
30
0
10
68.061785296714362
20
-22.366958800766419
30
0
10
68.009425268393812
20
-22.479381957796871
30
0
10
67.95884572210349
20
-22.614270439681697
30
0
10
67.919951435675955
20
-22.739983708422823
30
0
10
67.89167732694861
20
-22.844102877653608
30
0
10
67.873223460391273
20
-22.917854520776363
30
0
10
67.86409541626216
20
-22.955815078810954
30
0
0
LINE
5
310
100
AcDbEntity
8
0
100
AcDbLine
10
67.864095416262174
20
-22.95581507881095
30
0
11
68.021750957535801
21
-23.093448774052479
31
-1.5407439555097887e-32
0
SPLINE
5
311
100
AcDbEntity
8
0
100
AcDbSpline
70
4
71
5
72
24
73
18
74
0
42
0.000000001
43
0.0000000001
44
0.0000000001
40
0.13478277032037178
40
0.13478277032037178
40
0.13478277032037178
40
0.13478277032037178
40
0.13478277032037178
40
0.13478277032037178
40
0.20000000000000001
40
0.26666666666666666
40
0.33333333333333331
40
0.39999999999999997
40
0.46666666666666662
40
0.53333333333333333
40
0.59999999999999998
40
0.66666666666666663
40
0.73333333333333328
40
0.79999999999999993
40
0.86666666666666659
40
0.93333333333333324
40
1
40
1
40
1
40
1
40
1
40
1
41
1
41
1
41
1
41
1
41
1
41
1
41
1
41
1
41
1
41
1
41
1
41
1
41
1
41
1
41
1
41
1
41
1
41
1
10
68.994434778666118
20
-22.403060687017515
30
0
10
68.982292969192741
20
-22.405852641880138
30
0
10
68.958909235750681
20
-22.412312054725124
30
0
10
68.92723207364466
20
-22.424525299086543
30
0
10
68.891747853464537
20
-22.445880164676851
30
0
10
68.85704250848147
20
-22.480925655165503
30
0
10
68.828447929913096
20
-22.524006952796555
30
0
10
68.800688715349111
20
-22.573967013434846
30
0
10
68.767516585173098
20
-22.629575969451174
30
0
10
68.722694383940677
20
-22.689542417367687
30
0
10
68.660835366447188
20
-22.752678609849891
30
0
10
68.578531872080816
20
-22.81807989740868
30
0
10
68.474205658332622
20
-22.885136440172143
30
0
10
68.347379395611256
20
-22.953461341432664
30
0
10
68.228067000484614
20
-23.008969393311894
30
0
10
68.128717465601682
20
-23.051039531702212
30
0
10
68.058131898219671
20
-23.079280065188335
30
0
10
68.021750957535801
20
-23.093448774052479
30
0
0
ARC
5
312
100
AcDbEntity
8
0
100
AcDbCircle
10
47.000000000000369
20
-47.000000000000099
30
0
40
32.996432910585185
210
8.7702155483544106e-32
220
-1.4444524499352437e-32
230
1
100
AcDbArc
50
46.957294401183276
51
48.197109665487837
0
SPLINE
5
313
100
AcDbEntity
8
0
100
AcDbSpline
70
4
71
5
72
24
73
18
74
0
42
0.000000001
43
0.0000000001
44
0.0000000001
40
0.13450521797666964
40
0.13450521797666964
40
0.13450521797666964
40
0.13450521797666964
40
0.13450521797666964
40
0.13450521797666964
40
0.20000000000000001
40
0.26666666666666666
40
0.33333333333333331
40
0.39999999999999997
40
0.46666666666666662
40
0.53333333333333333
40
0.59999999999999998
40
0.66666666666666663
40
0.73333333333333328
40
0.79999999999999993
40
0.86666666666666659
40
0.93333333333333324
40
1
40
1
40
1
40
1
40
1
40
1
41
1
41
1
41
1
41
1
41
1
41
1
41
1
41
1
41
1
41
1
41
1
41
1
41
1
41
1
41
1
41
1
41
1
41
1
10
69.521493793351553
20
-22.884716420584997
30
0
10
69.51981144080878
20
-22.89712266776576
30
0
10
69.51549497492563
20
-22.921058634093676
30
0
10
69.506194092074239
20
-22.953769095167203
30
0
10
69.488123122311293
20
-22.991084922790932
30
0
10
69.456331834093149
20
-23.02884776011982
30
0
10
69.416011804992209
20
-23.061219713758373
30
0
10
69.368765661308004
20
-23.093381547648278
30
0
10
69.316383065129287
20
-23.131444782235192
30
0
10
69.260713956851305
20
-23.181504296641325
30
0
10
69.203428170025887
20
-23.248817411813651
30
0
10
69.145734694820305
20
-23.336696058355141
30
0
10
69.088383543696537
20
-23.446656888959506
30
0
10
69.031803178787683
20
-23.579140304355203
30
0
10
68.987307951843633
20
-23.702982002637654
30
0
10
68.954391024398589
20
-23.805727817701889
30
0
10
68.932646884700176
20
-23.878577268235148
30
0
10
68.921824937907871
20
-23.916090074362462
30
0
0
LINE
5
314
100
AcDbEntity
8
0
100
AcDbLine
10
68.921824937907871
20
-23.916090074362465
30
0
11
69.073146818154513
21
-24.060658370744257
31
-1.5407439555097887e-32
0
SPLINE
5
315
100
AcDbEntity
8
0
100
AcDbSpline
70
4
71
5
72
24
73
18
74
0
42
0.000000001
43
0.0000000001
44
0.0000000001
40
0.13478277032037178
40
0.13478277032037178
40
0.13478277032037178
40
0.13478277032037178
40
0.13478277032037178
40
0.13478277032037178
40
0.20000000000000001
40
0.26666666666666666
40
0.33333333333333331
40
0.39999999999999997
40
0.46666666666666662
40
0.53333333333333333
40
0.59999999999999998
40
0.66666666666666663
40
0.73333333333333328
40
0.79999999999999993
40
0.86666666666666659
40
0.93333333333333324
40
1
40
1
40
1
40
1
40
1
40
1
41
1
41
1
41
1
41
1
41
1
41
1
41
1
41
1
41
1
41
1
41
1
41
1
41
1
41
1
41
1
41
1
41
1
41
1
10
70.075825355801484
20
-23.414604753193309
30
0
10
70.063570511741048
20
-23.416849156520996
30
0
10
70.039920523701113
20
-23.422252957933228
30
0
10
70.007727313253199
20
-23.433032713866385
30
0
10
69.97132074089977
20
-23.45277408300953
30
0
10
69.935078031904425
20
-23.486227235606304
30
0
10
69.904579411064475
20
-23.527982262320911
30
0
10
69.874606698537576
20
-23.576646604050477
30
0
10
69.8389730841117
20
-23.630711303555675
30
0
10
69.791505631340883
20
-23.688606428795151
30
0
10
69.726876307197131
20
-23.748903753007205
30
0
10
69.641721469301984
20
-23.810546653509306
30
0
10
69.534491824694044
20
-23.872855096915309
30
0
10
69.404727882476294
20
-23.935421160785708
30
0
10
69.283045267661677
20
-23.985520389384199
30
0
10
69.181908301527827
20
-24.023090865916643
30
0
10
69.11012680237144
20
-24.048136153558914
30
0
10
69.073146818154513
20
-24.060658370744257
30
0
0
ARC
5
316
100
AcDbEntity
8
0
100
AcDbCircle
10
47.000000000000369
20
-47.000000000000099
30
0
40
32.996432910585199
210
9.1743813747417075e-32
220
2.0807253017334321e-32
230
1
100
AcDbArc
50
44.385865829754714
51
45.62568109405926
0
SPLINE
5
317
100
AcDbEntity
8
0
100
AcDbSpline
70
4
71
5
72
24
73
18
74
0
42
0.000000001
43
0.0000000001
44
0.0000000001
40
0.13450521797666964
40
0.13450521797666964
40
0.13450521797666964
40
0.13450521797666964
40
0.13450521797666964
40
0.13450521797666964
40
0.20000000000000001
40
0.26666666666666666
40
0.33333333333333331
40
0.39999999999999997
40
0.46666666666666662
40
0.53333333333333333
40
0.59999999999999998
40
0.66666666666666663
40
0.73333333333333328
40
0.79999999999999993
40
0.86666666666666659
40
0.93333333333333324
40
1
40
1
40
1
40
1
40
1
40
1
41
1
41
1
41
1
41
1
41
1
41
1
41
1
41
1
41
1
41
1
41
1
41
1
41
1
41
1
41
1
41
1
41
1
41
1
10
70.58074425435646
20
-23.91942190476567
30
0
10
70.578506991655701
20
-23.931740181219631
30
0
10
70.573120989097887
20
-23.955458388112625
30
0
10
70.562361922329899
20
-23.987718629397207
30
0
10
70.542634980555306
20
-24.024186131472884
30
0
10
70.509181480758656
20
-24.060484633384831
30
0
10
70.467449689035959
20
-24.091015039354808
30
0
10
70.418808183853386
20
-24.12102479819697
30
0
10
70.364770632901084
20
-24.156699569348554
30
0
10
70.306911668089597
20
-24.204211092056049
30
0
10
70.246663572747053
20
-24.268886310293077
30
0
10
70.185085530463482
20
-24.354088060907632
30
0
10
70.122858754122433
20
-24.461365118606942
30
0
10
70.060391515920116
20
-24.59117666354615
30
0
10
70.010384955925076
20
-24.712897390670765
30
0
10
69.972891500073544
20
-24.814062935170597
30
0
10
69.947900877037611
20
-24.885863484015974
30
0
10
69.935406821542756
20
-24.922852992436773
30
0
0
LINE
5
318
100
AcDbEntity
8
0
100
AcDbLine
10
69.935406821542756
20
-24.922852992436773
30
0
11
70.08009029863392
21
-25.074064748649466
31
-1.5407439555097887e-32
0
SPLINE
5
319
100
AcDbEntity
8
0
100
AcDbSpline
70
4
71
5
72
24
73
18
74
0
42
0.000000001
43
0.0000000001
44
0.0000000001
40
0.13478277032037178
40
0.13478277032037178
40
0.13478277032037178
40
0.13478277032037178
40
0.13478277032037178
40
0.13478277032037178
40
0.20000000000000001
40
0.26666666666666666
40
0.33333333333333331
40
0.39999999999999997
40
0.46666666666666662
40
0.53333333333333333
40
0.59999999999999998
40
0.66666666666666663
40
0.73333333333333328
40
0.79999999999999993
40
0.86666666666666659
40
0.93333333333333324
40
1
40
1
40
1
40
1
40
1
40
1
41
1
41
1
41
1
41
1
41
1
41
1
41
1
41
1
41
1
41
1
41
1
41
1
41
1
41
1
41
1
41
1
41
1
41
1
10
71.110744291661774
20
-24.473646666589769
30
0
10
71.098401092639321
20
-24.475338998452905
30
0
10
71.074532477930049
20
-24.479676305895488
30
0
10
71.041888051981701
20
-24.489000864406538
30
0
10
71.004632445446589
20
-24.507088980612288
30
0
10
70.966925360431631
20
-24.538882425119898
30
0
10
70.93458411748361
20
-24.579227091851131
30
0
10
70.902458268047994
20
-24.626497711164099
30
0
10
70.864434930729473
20
-24.678909275048436
30
0
10
70.814417819553071
20
-24.734616484533468
30
0
10
70.747148343616843
20
-24.791953509688934
30
0
10
70.659313652703787
20
-24.849713882536339
30
0
10
70.549396523469966
20
-24.907148745672036
30
0
10
70.41695622906613
20
-24.963829972426133
30
0
10
70.293148447155943
20
-25.008419484564829
30
0
10
70.190427726161374
20
-25.041414637299631
30
0
10
70.117594853617049
20
-25.063214241221839
30
0
10
70.08009029863392
20
-25.074064748649466
30
0
0
ARC
5
320
100
AcDbEntity
8
0
100
AcDbCircle
10
47.000000000000369
20
-47.000000000000099
30
0
40
32.996432910585192
210
1.0902087187715007e-31
220
-1.7030304863011127e-33
230
1
100
AcDbArc
50
41.81443725832613
51
43.054252522630691
0
SPLINE
5
321
100
AcDbEntity
8
0
100
AcDbSpline
70
4
71
5
72
24
73
18
74
0
42
0.000000001
43
0.0000000001
44
0.0000000001
40
0.13450521797666964
40
0.13450521797666964
40
0.13450521797666964
40
0.13450521797666964
40
0.13450521797666964
40
0.13450521797666964
40
0.20000000000000001
40
0.26666666666666666
40
0.33333333333333331
40
0.39999999999999997
40
0.46666666666666662
40
0.53333333333333333
40
0.59999999999999998
40
0.66666666666666663
40
0.73333333333333328
40
0.79999999999999993
40
0.86666666666666659
40
0.93333333333333324
40
1
40
1
40
1
40
1
40
1
40
1
41
1
41
1
41
1
41
1
41
1
41
1
41
1
41
1
41
1
41
1
41
1
41
1
41
1
41
1
41
1
41
1
41
1
41
1
10
71.592506234620558
20
-25.000608601606128
30
0
10
71.589718567311152
20
-25.012814099963855
30
0
10
71.583273874771052
20
-25.03626678210972
30
0
10
71.571078291415077
20
-25.068011835772694
30
0
10
71.549735105064258
20
-25.103557571604323
30
0
10
71.514686764585605
20
-25.13831863774719
30
0
10
71.471627252515916
20
-25.166946011874025
30
0
10
71.421688343353068
20
-25.194743260007904
30
0
10
71.36610466206335
20
-25.22795772348276
30
0
10
71.306172360973434
20
-25.272825572607843
30
0
10
71.243083288759834
20
-25.334732646627195
30
0
10
71.177744689380475
20
-25.417085916327949
30
0
10
71.110767604268347
20
-25.521463159404718
30
0
10
71.042539293477034
20
-25.648341410711591
30
0
10
70.987122106987798
20
-25.767696037332858
30
0
10
70.945127629560162
20
-25.867077577325031
30
0
10
70.916940850975692
20
-25.937684627732565
30
0
10
70.902799848143289
20
-25.97407634649954
30
0
0
LINE
5
322
100
AcDbEntity
8
0
100
AcDbLine
10
70.902799848143289
20
-25.97407634649954
30
0
11
71.040553548810962
21
-26.131627042189777
31
-1.5407439555097887e-32
0
SPLINE
5
323
100
AcDbEntity
8
0
100
AcDbSpline
70
4
71
5
72
24
73
18
74
0
42
0.000000001
43
0.0000000001
44
0.0000000001
40
0.13478277032037178
40
0.13478277032037178
40
0.13478277032037178
40
0.13478277032037178
40
0.13478277032037178
40
0.13478277032037178
40
0.20000000000000001
40
0.26666666666666666
40
0.33333333333333331
40
0.39999999999999997
40
0.46666666666666662
40
0.53333333333333333
40
0.59999999999999998
40
0.66666666666666663
40
0.73333333333333328
40
0.79999999999999993
40
0.86666666666666659
40
0.93333333333333324
40
1
40
1
40
1
40
1
40
1
40
1
41
1
41
1
41
1
41
1
41
1
41
1
41
1
41
1
41
1
41
1
41
1
41
1
41
1
41
1
41
1
41
1
41
1
41
1
10
72.097107397239895
20
-25.578053657733378
30
0
10
72.084700700815603
20
-25.579190510000821
30
0
10
72.060661527650481
20
-25.582452588713778
30
0
10
72.027631627731182
20
-25.590303171382814
30
0
10
71.98960201484789
20
-25.606701607592349
30
0
10
71.95050649086437
20
-25.636771316244712
30
0
10
71.91638775676752
20
-25.675624374202947
30
0
10
71.882173467608538
20
-25.721406074362918
30
0
10
71.841836981338517
20
-25.772058952711802
30
0
10
71.789370939562005
20
-25.825466059536168
30
0
10
71.719596783605454
20
-25.879727316496933
30
0
10
71.629259127052734
20
-25.933488839985625
30
0
10
71.516875871663231
20
-25.985934456680244
30
0
10
71.382025942200727
20
-26.036616697870649
30
0
10
71.256342325591064
20
-26.075606696206187
30
0
10
71.152244715597547
20
-26.103960077296819
30
0
10
71.078507145377799
20
-26.122470095997809
30
0
10
71.040553548810962
20
-26.131627042189777
30
0
0
ARC
5
324
100
AcDbEntity
8
0
100
AcDbCircle
10
47.000000000000369
20
-47.000000000000099
30
0
40
32.996432910585199
210
1.0406165002901406e-31
220
-1.0491283827743164e-32
230
1
100
AcDbArc
50
39.243008686897547
51
40.482823951202143
0
SPLINE
5
325
100
AcDbEntity
8
0
100
AcDbSpline
70
4
71
5
72
24
73
18
74
0
42
0.000000001
43
0.0000000001
44
0.0000000001
40
0.13450521797666964
40
0.13450521797666964
40
0.13450521797666964
40
0.13450521797666964
40
0.13450521797666964
40
0.13450521797666964
40
0.20000000000000001
40
0.26666666666666666
40
0.33333333333333331
40
0.39999999999999997
40
0.46666666666666662
40
0.53333333333333333
40
0.59999999999999998
40
0.66666666666666663
40
0.73333333333333328
40
0.79999999999999993
40
0.86666666666666659
40
0.93333333333333324
40
1
40
1
40
1
40
1
40
1
40
1
41
1
41
1
41
1
41
1
41
1
41
1
41
1
41
1
41
1
41
1
41
1
41
1
41
1
41
1
41
1
41
1
41
1
41
1
10
72.554742180163529
20
-26.1260991449861
30
0
10
72.551409722236443
20
-26.138167284998239
30
0
10
72.543919318467147
20
-26.161307211816286
30
0
10
72.530311778805043
20
-26.192473147544288
30
0
10
72.507395330214905
20
-26.227025532750432
30
0
10
72.470822731747646
20
-26.260179158963094
30
0
10
72.426522215457794
20
-26.286845849525101
30
0
10
72.375386472631746
20
-26.312374606992304
30
0
10
72.318368599141479
20
-26.343061873281243
30
0
10
72.256483657451611
20
-26.385195690946915
30
0
10
72.190680661362322
20
-26.444209948140269
30
0
10
72.121713088130875
20
-26.523548888401834
30
0
10
72.05012057718362
20
-26.624816114979293
30
0
10
71.976268596541217
20
-26.748505556740987
30
0
10
71.915552386396342
20
-26.865253718524929
30
0
10
71.869141458681369
20
-26.962651112813848
30
0
10
71.837815288969267
20
-27.031922471580593
30
0
10
71.822055816897119
20
-27.067643112615261
30
0
0
LINE
5
326
100
AcDbEntity
8
0
100
AcDbLine
10
71.822055816897119
20
-27.067643112615261
30
0
11
71.952602323520793
21
-27.231215461649182
31
-1.1555579666323415e-32
0
SPLINE
5
327
100
AcDbEntity
8
0
100
AcDbSpline
70
4
71
5
72
24
73
18
74
0
42
0.000000001
43
0.0000000001
44
0.0000000001
40
0.13478277032037178
40
0.13478277032037178
40
0.13478277032037178
40
0.13478277032037178
40
0.13478277032037178
40
0.13478277032037178
40
0.20000000000000001
40
0.26666666666666666
40
0.33333333333333331
40
0.39999999999999997
40
0.46666666666666662
40
0.53333333333333333
40
0.59999999999999998
40
0.66666666666666663
40
0.73333333333333328
40
0.79999999999999993
40
0.86666666666666659
40
0.93333333333333324
40
1
40
1
40
1
40
1
40
1
40
1
41
1
41
1
41
1
41
1
41
1
41
1
41
1
41
1
41
1
41
1
41
1
41
1
41
1
41
1
41
1
41
1
41
1
41
1
10
73.032928268509039
20
-26.725601597921379
30
0
10
73.020483060118366
20
-26.726180681123942
30
0
10
72.996321740192997
20
-26.728360961714884
30
0
10
72.962972884125449
20
-26.734721758513189
30
0
10
72.924245851473231
20
-26.749397490458328
30
0
10
72.883840621703527
20
-26.777682906863966
30
0
10
72.848013107047706
20
-26.814966111161141
30
0
10
72.811779281190411
20
-26.859166693916748
30
0
10
72.769210878284113
20
-26.907958878574206
30
0
10
72.714401565533336
20
-26.958958327932315
30
0
10
72.642263245420821
20
-27.010034541748091
30
0
10
72.549604551246361
20
-27.059688947324489
30
0
10
72.434981494621269
20
-27.107039699085608
30
0
10
72.29799349991184
20
-27.151620887423483
30
0
10
72.170687158680281
20
-27.184932851288117
30
0
10
72.065422298420728
20
-27.208587360798404
30
0
10
71.990928528178785
20
-27.223770517563878
30
0
10
71.952602323520793
20
-27.231215461649182
30
0
0
ARC
5
328
100
AcDbEntity
8
0
100
AcDbCircle
10
47.000000000000369
20
-47.000000000000099
30
0
40
32.996432910585199
210
9.8649686121909182e-32
220
1.1984568562905208e-32
230
1
100
AcDbArc
50
36.671580115468963
51
37.911395379773552
0
SPLINE
5
329
100
AcDbEntity
8
0
100
AcDbSpline
70
4
71
5
72
24
73
18
74
0
42
0.000000001
43
0.0000000001
44
0.0000000001
40
0.13450521797666964
40
0.13450521797666964
40
0.13450521797666964
40
0.13450521797666964
40
0.13450521797666964
40
0.13450521797666964
40
0.20000000000000001
40
0.26666666666666666
40
0.33333333333333331
40
0.39999999999999997
40
0.46666666666666662
40
0.53333333333333333
40
0.59999999999999998
40
0.66666666666666663
40
0.73333333333333328
40
0.79999999999999993
40
0.86666666666666659
40
0.93333333333333324
40
1
40
1
40
1
40
1
40
1
40
1
41
1
41
1
41
1
41
1
41
1
41
1
41
1
41
1
41
1
41
1
41
1
41
1
41
1
41
1
41
1
41
1
41
1
41
1
10
73.465514275847909
20
-27.293626946734463
30
0
10
73.461643738429927
20
-27.305533424773088
30
0
10
73.453122708107799
20
-27.328313995530227
30
0
10
73.438130615913508
20
-27.358838049276343
30
0
10
73.413687055761741
20
-27.392327499951506
30
0
10
73.375663851652021
20
-27.423806919242949
30
0
10
73.330211546486169
20
-27.448459223074213
30
0
10
73.277981950577683
20
-27.471668078354622
30
0
10
73.219644711296013
20
-27.499766347387297
30
0
10
73.155931757042907
20
-27.539081281692045
30
0
10
73.087547355554833
20
-27.595083875199201
30
0
10
73.015089699985424
20
-27.671248707954522
30
0
10
72.93902594099238
20
-27.769201979315248
30
0
10
72.859699018559468
20
-27.889453517456985
30
0
10
72.793806059125899
20
-28.003360099142903
30
0
10
72.743072146555548
20
-28.09857720233839
30
0
10
72.708669672452643
20
-28.166373366166596
30
0
10
72.691323468620183
20
-28.201350992851708
30
0
0
LINE
5
330
100
AcDbEntity
8
0
100
AcDbLine
10
72.691323468620183
20
-28.201350992851708
30
0
11
72.814399877908983
21
-28.370615582286995
31
-1.1555579666323415e-32
0
SPLINE
5
331
100
AcDbEntity
8
0
100
AcDbSpline
70
4
71
5
72
24
73
18
74
0
42
0.000000001
43
0.0000000001
44
0.0000000001
40
0.13478277032037178
40
0.13478277032037178
40
0.13478277032037178
40
0.13478277032037178
40
0.13478277032037178
40
0.13478277032037178
40
0.20000000000000001
40
0.26666666666666666
40
0.33333333333333331
40
0.39999999999999997
40
0.46666666666666662
40
0.53333333333333333
40
0.59999999999999998
40
0.66666666666666663
40
0.73333333333333328
40
0.79999999999999993
40
0.86666666666666659
40
0.93333333333333324
40
1
40
1
40
1
40
1
40
1
40
1
41
1
41
1
41
1
41
1
41
1
41
1
41
1
41
1
41
1
41
1
41
1
41
1
41
1
41
1
41
1
41
1
41
1
41
1
10
73.916322286775952
20
-27.913979478320915
30
0
10
73.903863629412356
20
-27.913999626262104
30
0
10
73.879628820409593
20
-27.91509371793607
30
0
10
73.846028168351793
20
-27.919951919065401
30
0
10
73.806681707020516
20
-27.932875391775092
30
0
10
73.765048142220138
20
-27.959319552869669
30
0
10
73.727583998851856
20
-27.994957820094079
30
0
10
73.689403606399424
20
-28.037488271353972
30
0
10
73.644689013955215
20
-28.084321501353493
30
0
10
73.587646808891861
20
-28.132810587141471
30
0
10
73.513289601599723
20
-28.180598897114994
30
0
10
73.418496472082325
20
-28.226046187414411
30
0
10
73.301864449803361
20
-28.268206716129548
30
0
10
73.163014265437639
20
-28.306597071034556
30
0
10
73.034341577613134
20
-28.334163914566304
30
0
10
72.928121456507199
20
-28.353071915462106
30
0
10
72.853021506782511
20
-28.364897633434943
30
0
10
72.814399877908983
20
-28.370615582286995
30
0
0
ARC
5
332
100
AcDbEntity
8
0
100
AcDbCircle
10
47.000000000000369
20
-47.000000000000099
30
0
40
32.996432910585199
210
1.1290891035306411e-31
220
-1.2866627262691453e-32
230
1
100
AcDbArc
50
34.100151544040394
51
35.339966808344961
0
SPLINE
5
333
100
AcDbEntity
8
0
100
AcDbSpline
70
4
71
5
72
24
73
18
74
0
42
0.000000001
43
0.0000000001
44
0.0000000001
40
0.13450521797666964
40
0.13450521797666964
40
0.13450521797666964
40
0.13450521797666964
40
0.13450521797666964
40
0.13450521797666964
40
0.20000000000000001
40
0.26666666666666666
40
0.33333333333333331
40
0.39999999999999997
40
0.46666666666666662
40
0.53333333333333333
40
0.59999999999999998
40
0.66666666666666663
40
0.73333333333333328
40
0.79999999999999993
40
0.86666666666666659
40
0.93333333333333324
40
1
40
1
40
1
40
1
40
1
40
1
41
1
41
1
41
1
41
1
41
1
41
1
41
1
41
1
41
1
41
1
41
1
41
1
41
1
41
1
41
1
41
1
41
1
41
1
10
74.32298834788098
20
-28.500840761236152
30
0
10
74.318587525719337
20
-28.512561599239046
30
0
10
74.309053029065439
20
-28.534936936897466
30
0
10
74.292706576417459
20
-28.564757637279676
30
0
10
74.266785130781187
20
-28.597116710127068
30
0
10
74.227387894701849
20
-28.626858527136207
30
0
10
74.180875335553708
20
-28.6494467977776
30
0
10
74.127657070018088
20
-28.670289011325373
30
0
10
74.068117948381229
20
-28.695741696927342
30
0
10
74.002705290975712
20
-28.732158572825618
30
0
10
73.931877201172654
20
-28.78503672087621
30
0
10
73.856075383340723
20
-28.857874060288339
30
0
10
73.775693558589722
20
-28.952316111579709
30
0
10
73.691051448231079
20
-29.068887575507048
30
0
10
73.620114439159906
20
-29.179723184398419
30
0
10
73.565159713082267
20
-29.272568241926372
30
0
10
73.527750216593034
20
-29.338752678364578
30
0
10
73.508852213946312
20
-29.37291685041491
30
0
0
LINE
5
334
100
AcDbEntity
8
0
100
AcDbLine
10
73.508852213946312
20
-29.37291685041491
30
0
11
73.624210666391249
21
-29.547532803894612
31
-1.1555579666323415e-32
0
SPLINE
5
335
100
AcDbEntity
8
0
100
AcDbSpline
70
4
71
5
72
24
73
18
74
0
42
0.000000001
43
0.0000000001
44
0.0000000001
40
0.13478277032037178
40
0.13478277032037178
40
0.13478277032037178
40
0.13478277032037178
40
0.13478277032037178
40
0.13478277032037178
40
0.20000000000000001
40
0.26666666666666666
40
0.33333333333333331
40
0.39999999999999997
40
0.46666666666666662
40
0.53333333333333333
40
0.59999999999999998
40
0.66666666666666663
40
0.73333333333333328
40
0.79999999999999993
40
0.86666666666666659
40
0.93333333333333324
40
1
40
1
40
1
40
1
40
1
40
1
41
1
41
1
41
1
41
1
41
1
41
1
41
1
41
1
41
1
41
1
41
1
41
1
41
1
41
1
41
1
41
1
41
1
41
1
10
74.745510414052205
20
-29.140794064033312
30
0
10
74.733063397793615
20
-29.140255236137854
30
0
10
74.708803905393552
20
-29.140260935539818
30
0
10
74.675019124587067
20
-29.143606757229641
30
0
10
74.635132473113529
20
-29.154751944549737
30
0
10
74.592354417741277
20
-29.179301595312065
30
0
10
74.553329093459439
20
-29.213223154736347
30
0
10
74.513279024641136
20
-29.253997823831767
30
0
10
74.466508291897455
20
-29.298777783280819
30
0
10
74.407348069931217
20
-29.344658854932952
30
0
10
74.330921720979291
20
-29.389063021767726
30
0
10
74.234185056866494
20
-29.430211671995746
30
0
10
74.115778950304801
20
-29.467097071970898
30
0
10
73.975346202075571
20
-29.499219280377357
30
0
10
73.845566297327295
20
-29.52098548762201
30
0
10
73.738604828562842
20
-29.535108901705843
30
0
10
73.663049940659661
20
-29.543553365463854
30
0
10
73.624210666391264
20
-29.547532803894612
30
0
0
ARC
5
336
100
AcDbEntity
8
0
100
AcDbCircle
10
47.000000000000369
20
-47.000000000000099
30
0
40
32.996432910585206
210
9.9326839931605065e-32
220
3.0934325257685019e-33
230
1
100
AcDbArc
50
31.528722972611842
51
32.768538236916413
0
SPLINE
5
337
100
AcDbEntity
8
0
100
AcDbSpline
70
4
71
5
72
24
73
18
74
0
42
0.000000001
43
0.0000000001
44
0.0000000001
40
0.13450521797666964
40
0.13450521797666964
40
0.13450521797666964
40
0.13450521797666964
40
0.13450521797666964
40
0.13450521797666964
40
0.20000000000000001
40
0.26666666666666666
40
0.33333333333333331
40
0.39999999999999997
40
0.46666666666666662
40
0.53333333333333333
40
0.59999999999999998
40
0.66666666666666663
40
0.73333333333333328
40
0.79999999999999993
40
0.86666666666666659
40
0.93333333333333324
40
1
40
1
40
1
40
1
40
1
40
1
41
1
41
1
41
1
41
1
41
1
41
1
41
1
41
1
41
1
41
1
41
1
41
1
41
1
41
1
41
1
41
1
41
1
41
1
10
75.125437557596541
20
-29.745309420527978
30
0
10
75.120515313361423
20
-29.756821014287226
30
0
10
75.109986551583134
20
-29.778746057894661
30
0
10
75.092318658061686
20
-29.807803349991005
30
0
10
75.064971529282715
20
-29.838966878144348
30
0
10
75.024279602024123
20
-29.866911196809838
30
0
10
74.976800458997801
20
-29.887389944490398
30
0
10
74.922700698339412
20
-29.905823542861199
30
0
10
74.862079598214734
20
-29.928579386710968
30
0
10
74.795098970043497
20
-29.962024865461157
30
0
10
74.721969830272343
20
-30.011672078502187
30
0
10
74.642976504951108
20
-30.081035239862928
30
0
10
74.558438492739782
20
-30.171775877362226
30
0
10
74.468651652401249
20
-30.284432507660455
30
0
10
74.392813451388264
20
-30.391973935591267
30
0
10
74.333748583308164
20
-30.482259969861893
30
0
10
74.29340740217998
20
-30.546699392263122
30
0
10
74.272995658781312
20
-30.579981307582813
30
0
0
LINE
5
338
100
AcDbEntity
8
0
100
AcDbLine
10
74.272995658781312
20
-30.579981307582813
30
0
11
74.380403837811372
21
-30.759596971814986
31
-7.7037197775489434e-33
0
SPLINE
5
339
100
AcDbEntity
8
0
100
AcDbSpline
70
4
71
5
72
24
73
18
74
0
42
0.000000001
43
0.0000000001
44
0.0000000001
40
0.13478277032037178
40
0.13478277032037178
40
0.13478277032037178
40
0.13478277032037178
40
0.13478277032037178
40
0.13478277032037178
40
0.20000000000000001
40
0.26666666666666666
40
0.33333333333333331
40
0.39999999999999997
40
0.46666666666666662
40
0.53333333333333333
40
0.59999999999999998
40
0.66666666666666663
40
0.73333333333333328
40
0.79999999999999993
40
0.86666666666666659
40
0.93333333333333324
40
1
40
1
40
1
40
1
40
1
40
1
41
1
41
1
41
1
41
1
41
1
41
1
41
1
41
1
41
1
41
1
41
1
41
1
41
1
41
1
41
1
41
1
41
1
41
1
10
75.518822775800075
20
-30.403574713750672
30
0
10
75.506412467280711
20
-30.402477995146235
30
0
10
75.482177146872544
20
-30.401395290798369
30
0
10
75.44827627536975
20
-30.403221995009066
30
0
10
75.407929760161792
20
-30.412566452015547
30
0
10
75.36409336352817
20
-30.435172152716113
30
0
10
75.323585450142303
20
-30.467308690833967
30
0
10
75.281746360466755
20
-30.506245463007744
30
0
10
75.233013677454977
20
-30.548881971027441
30
0
10
75.171854579399678
20
-30.592062630171387
30
0
10
75.093513001283753
20
-30.632993229784834
30
0
10
74.995027617343069
20
-30.669760372036066
30
0
10
74.875085880639503
20
-30.701296360984482
30
0
10
74.733353381412513
20
-30.727085733039573
30
0
10
74.602727619197196
20
-30.743007469752442
30
0
10
74.495240208937588
20
-30.752317854347922
30
0
10
74.419382540345097
20
-30.757364057864912
30
0
10
74.380403837811372
20
-30.759596971814986
30
0
0
ARC
5
340
100
AcDbEntity
8
0
100
AcDbCircle
10
47.000000000000369
20
-47.000000000000099
30
0
40
32.996432910585206
210
7.2798556003039951e-32
220
4.0281995116070753e-32
230
1
100
AcDbArc
50
28.957294401183258
51
30.197109665487812
0
SPLINE
5
341
100
AcDbEntity
8
0
100
AcDbSpline
70
4
71
5
72
24
73
18
74
0
42
0.000000001
43
0.0000000001
44
0.0000000001
40
0.13450521797666964
40
0.13450521797666964
40
0.13450521797666964
40
0.13450521797666964
40
0.13450521797666964
40
0.13450521797666964
40
0.20000000000000001
40
0.26666666666666666
40
0.33333333333333331
40
0.39999999999999997
40
0.46666666666666662
40
0.53333333333333333
40
0.59999999999999998
40
0.66666666666666663
40
0.73333333333333328
40
0.79999999999999993
40
0.86666666666666659
40
0.93333333333333324
40
1
40
1
40
1
40
1
40
1
40
1
41
1
41
1
41
1
41
1
41
1
41
1
41
1
41
1
41
1
41
1
41
1
41
1
41
1
41
1
41
1
41
1
41
1
41
1
10
75.871245879078273
20
-31.024526730347254
30
0
10
75.865812125514495
20
-31.035805897045037
30
0
10
75.854310302136838
20
-31.057236492481493
30
0
10
75.835356548528168
20
-31.085471858772724
30
0
10
75.806638810084451
20
-31.115377083033632
30
0
10
75.764734139772727
20
-31.141467627216585
30
0
10
75.716384029543633
20
-31.159795610463856
30
0
10
75.6615117234807
20
-31.175783470843751
30
0
10
75.599930727696247
20
-31.195796645700206
30
0
10
75.531517018830485
20
-31.22620337255913
30
0
10
75.456234101446498
20
-31.2725196677107
30
0
10
75.374208350680533
20
-31.338268962844111
30
0
10
75.285684399314917
20
-31.425125446983412
30
0
10
75.19093364774389
20
-31.533640368191762
30
0
10
75.110346982833192
20
-31.637671041038054
30
0
10
75.047290921534412
20
-31.72521622799383
30
0
10
75.004099297537337
20
-31.78778086393713
30
0
10
74.982214919921489
20
-31.820113497177985
30
0
0
LINE
5
342
100
AcDbEntity
8
0
100
AcDbLine
10
74.982214919921489
20
-31.820113497177978
30
0
11
75.081456519758291
21
-32.004367150118568
31
-7.7037197775489434e-33
0
SPLINE
5
343
100
AcDbEntity
8
0
100
AcDbSpline
70
4
71
5
72
24
73
18
74
0
42
0.000000001
43
0.0000000001
44
0.0000000001
40
0.13478277032037178
40
0.13478277032037178
40
0.13478277032037178
40
0.13478277032037178
40
0.13478277032037178
40
0.13478277032037178
40
0.20000000000000001
40
0.26666666666666666
40
0.33333333333333331
40
0.39999999999999997
40
0.46666666666666662
40
0.53333333333333333
40
0.59999999999999998
40
0.66666666666666663
40
0.73333333333333328
40
0.79999999999999993
40
0.86666666666666659
40
0.93333333333333324
40
1
40
1
40
1
40
1
40
1
40
1
41
1
41
1
41
1
41
1
41
1
41
1
41
1
41
1
41
1
41
1
41
1
41
1
41
1
41
1
41
1
41
1
41
1
41
1
10
76.234702023837372
20
-31.699778355298616
30
0
10
76.222353415767031
20
-31.69812595463052
30
0
10
76.198191074060745
20
-31.695957026955281
30
0
10
76.164242383705243
20
-31.696260934947688
30
0
10
76.123517257275068
20
-31.703785843147713
30
0
10
76.078710800049038
20
-31.724402068913736
30
0
10
76.036801875105795
20
-31.754688867014206
30
0
10
75.993258022931542
20
-31.791709328788997
30
0
10
75.942661530789778
20
-31.832116521126345
30
0
10
75.8796267229297
20
-31.872509807661199
30
0
10
75.799527685162175
20
-31.909884411272852
30
0
10
75.699491917850224
20
-31.942196001415866
30
0
10
75.578256097700319
20
-31.968319070052708
30
0
10
75.435509277866885
20
-31.987723669393226
30
0
10
75.30430072108561
20
-31.997768871315486
30
0
10
75.196503834670395
20
-32.00224747654709
30
0
10
75.120496152637799
20
-32.003885257440729
30
0
10
75.081456519758291
20
-32.004367150118568
30
0
0
ARC
5
344
100
AcDbEntity
8
0
100
AcDbCircle
10
47.000000000000369
20
-47.000000000000099
30
0
40
32.996432910585199
210
8.7903558581340181e-32
220
1.6089910850185133e-32
230
1
100
AcDbArc
50
26.3858658297547
51
27.625681094059267
0
SPLINE
5
345
100
AcDbEntity
8
0
100
AcDbSpline
70
4
71
5
72
24
73
18
74
0
42
0.000000001
43
0.0000000001
44
0.0000000001
40
0.13450521797666964
40
0.13450521797666964
40
0.13450521797666964
40
0.13450521797666964
40
0.13450521797666964
40
0.13450521797666964
40
0.20000000000000001
40
0.26666666666666666
40
0.33333333333333331
40
0.39999999999999997
40
0.46666666666666662
40
0.53333333333333333
40
0.59999999999999998
40
0.66666666666666663
40
0.73333333333333328
40
0.79999999999999993
40
0.86666666666666659
40
0.93333333333333324
40
1
40
1
40
1
40
1
40
1
40
1
41
1
41
1
41
1
41
1
41
1
41
1
41
1
41
1
41
1
41
1
41
1
41
1
41
1
41
1
41
1
41
1
41
1
41
1
10
76.558911353620857
20
-32.335916517273645
30
0
10
76.552977033584966
20
-32.346940542169278
30
0
10
76.540525311749533
20
-32.367833531067589
30
0
10
76.520323868390989
20
-32.395190109283625
30
0
10
76.490293353985919
20
-32.423776804510311
30
0
10
76.447260331050288
20
-32.447961031326933
30
0
10
76.398136624305849
20
-32.464101340021784
30
0
10
76.342602278360232
20
-32.477611264987672
30
0
10
76.280185402846143
20
-32.49484146698007
30
0
10
76.210476389390834
20
-32.522148206846438
30
0
10
76.133191304170794
20
-32.565040309254016
30
0
10
76.048298316905914
20
-32.627043327829782
30
0
10
75.955966701843082
20
-32.709840741209121
30
0
10
75.856442854443515
20
-32.813995418717724
30
0
10
75.771270016453542
20
-32.914305832549068
30
0
10
75.704349748451889
20
-32.998933867834204
30
0
10
75.658394663768618
20
-33.059497720469054
30
0
10
75.635081724159676
20
-33.090815958010623
30
0
0
LINE
5
346
100
AcDbEntity
8
0
100
AcDbLine
10
75.635081724159676
20
-33.090815958010623
30
0
11
75.725956885428459
21
-33.279336537323573
31
-7.7037197775489434e-33
0
SPLINE
5
347
100
AcDbEntity
8
0
100
AcDbSpline
70
4
71
5
72
24
73
18
74
0
42
0.000000001
43
0.0000000001
44
0.0000000001
40
0.13478277032037178
40
0.13478277032037178
40
0.13478277032037178
40
0.13478277032037178
40
0.13478277032037178
40
0.13478277032037178
40
0.20000000000000001
40
0.26666666666666666
40
0.33333333333333331
40
0.39999999999999997
40
0.46666666666666662
40
0.53333333333333333
40
0.59999999999999998
40
0.66666666666666663
40
0.73333333333333328
40
0.79999999999999993
40
0.86666666666666659
40
0.93333333333333324
40
1
40
1
40
1
40
1
40
1
40
1
41
1
41
1
41
1
41
1
41
1
41
1
41
1
41
1
41
1
41
1
41
1
41
1
41
1
41
1
41
1
41
1
41
1
41
1
10
76.891706472629679
20
-33.026794607045261
30
0
10
76.879444433461629
20
-33.024589852028548
30
0
10
76.855403730197835
20
-33.02133906895763
30
0
10
76.821475589133996
20
-33.020119568701496
30
0
10
76.780453866466445
20
-33.025809773931371
30
0
10
76.734767582889901
20
-33.044395006427848
30
0
10
76.691542045386768
20
-33.072771070930195
30
0
10
76.646381122237159
20
-33.107800668022762
30
0
10
76.594022715567064
20
-33.145897169969906
30
0
10
76.529239141616401
20
-33.183421737192226
30
0
10
76.447543952999567
20
-33.21716507732431
30
0
10
76.34615926103865
20
-33.244956044116677
30
0
10
76.223873510249831
20
-33.265613584058237
30
0
10
76.080399842907966
20
-33.278594332403514
30
0
10
75.9488727281325
20
-33.282742769835338
30
0
10
75.840983454145046
20
-33.28238057638815
30
0
10
75.76497882802866
20
-33.280606636385684
30
0
10
75.725956885428459
20
-33.27933653732358
30
0
0
ARC
5
348
100
AcDbEntity
8
0
100
AcDbCircle
10
47.000000000000369
20
-47.000000000000099
30
0
40
32.99643291058522
210
1.0448139737142161e-31
220
-7.7790691868249186e-33
230
1
100
AcDbArc
50
23.814437258326119
51
25.054252522630698
0
SPLINE
5
349
100
AcDbEntity
8
0
100
AcDbSpline
70
4
71
5
72
24
73
18
74
0
42
0.000000001
43
0.0000000001
44
0.0000000001
40
0.13450521797666964
40
0.13450521797666964
40
0.13450521797666964
40
0.13450521797666964
40
0.13450521797666964
40
0.13450521797666964
40
0.20000000000000001
40
0.26666666666666666
40
0.33333333333333331
40
0.39999999999999997
40
0.46666666666666662
40
0.53333333333333333
40
0.59999999999999998
40
0.66666666666666663
40
0.73333333333333328
40
0.79999999999999993
40
0.86666666666666659
40
0.93333333333333324
40
1
40
1
40
1
40
1
40
1
40
1
41
1
41
1
41
1
41
1
41
1
41
1
41
1
41
1
41
1
41
1
41
1
41
1
41
1
41
1
41
1
41
1
41
1
41
1
10
77.187049114474888
20
-33.676837816799441
30
0
10
77.180626178897668
20
-33.687584498973912
30
0
10
77.167249634715148
20
-33.707897805634929
30
0
10
77.145841184625198
20
-33.734320503267924
30
0
10
77.114558371718232
20
-33.761531099660594
30
0
10
77.070483658939935
20
-33.783760305296589
30
0
10
77.020685284288049
20
-33.797680435005297
30
0
10
76.964600737241824
20
-33.808685217366239
30
0
10
76.901473681278787
20
-33.823097747160794
30
0
10
76.830609747909961
20
-33.847249507894581
30
0
10
76.751478136730185
20
-33.886631038572098
30
0
10
76.663888876144966
20
-33.944762914762336
30
0
10
76.567935540969913
20
-34.023334514410074
30
0
10
76.463839025525601
20
-34.122919194559593
30
0
10
76.374251541217035
20
-34.219307337552117
30
0
10
76.303601835026328
20
-34.300847791566071
30
0
10
76.254975837081588
20
-34.359288893353266
30
0
10
76.230281284637385
20
-34.389529664433063
30
0
0
LINE
5
350
100
AcDbEntity
8
0
100
AcDbLine
10
76.230281284637371
20
-34.389529664433063
30
0
11
76.312606996857269
21
-34.581937514760448
31
-7.7037197775489434e-33
0
SPLINE
5
351
100
AcDbEntity
8
0
100
AcDbSpline
70
4
71
5
72
24
73
18
74
0
42
0.000000001
43
0.0000000001
44
0.0000000001
40
0.13478277032037178
40
0.13478277032037178
40
0.13478277032037178
40
0.13478277032037178
40
0.13478277032037178
40
0.13478277032037178
40
0.20000000000000001
40
0.26666666666666666
40
0.33333333333333331
40
0.39999999999999997
40
0.46666666666666662
40
0.53333333333333333
40
0.59999999999999998
40
0.66666666666666663
40
0.73333333333333328
40
0.79999999999999993
40
0.86666666666666659
40
0.93333333333333324
40
1
40
1
40
1
40
1
40
1
40
1
41
1
41
1
41
1
41
1
41
1
41
1
41
1
41
1
41
1
41
1
41
1
41
1
41
1
41
1
41
1
41
1
41
1
41
1
10
77.488513002653022
20
-34.381951034862418
30
0
10
77.47636222650226
20
-34.379198365580272
30
0
10
77.45249157645793
20
-34.374872273758164
30
0
10
77.418652311446621
20
-34.372131821164693
30
0
10
77.377416604831865
20
-34.375975864108376
30
0
10
77.330942500999868
20
-34.3924926751504
30
0
10
77.286487401416807
20
-34.418900860437091
30
0
10
77.239800355380936
20
-34.451869047900722
30
0
10
77.185785477045556
20
-34.487578138172722
30
0
10
77.119383602500676
20
-34.522158416597975
30
0
10
77.036256786272176
20
-34.552202538654136
30
0
10
76.933727344939385
20
-34.575416914787212
30
0
10
76.810637930739617
20
-34.590567324497215
30
0
10
76.666726352761515
20
-34.597098080347607
30
0
10
76.535145558097042
20
-34.595341398888081
30
0
10
76.427381171176947
20
-34.590139136171508
30
0
10
76.35153266417889
20
-34.584957047752006
30
0
10
76.312606996857269
20
-34.581937514760448
30
0
0
ARC
5
352
100
AcDbEntity
8
0
100
AcDbCircle
10
47.000000000000369
20
-47.000000000000099
30
0
40
32.996432910585213
210
9.2223093831912207e-32
220
9.4015835891052324e-33
230
1
100
AcDbArc
50
21.243008686897578
51
22.482823951202125
0
SPLINE
5
353
100
AcDbEntity
8
0
100
AcDbSpline
70
4
71
5
72
24
73
18
74
0
42
0.000000001
43
0.0000000001
44
0.0000000001
40
0.13450521797666964
40
0.13450521797666964
40
0.13450521797666964
40
0.13450521797666964
40
0.13450521797666964
40
0.13450521797666964
40
0.20000000000000001
40
0.26666666666666666
40
0.33333333333333331
40
0.39999999999999997
40
0.46666666666666662
40
0.53333333333333333
40
0.59999999999999998
40
0.66666666666666663
40
0.73333333333333328
40
0.79999999999999993
40
0.86666666666666659
40
0.93333333333333324
40
1
40
1
40
1
40
1
40
1
40
1
41
1
41
1
41
1
41
1
41
1
41
1
41
1
41
1
41
1
41
1
41
1
41
1
41
1
41
1
41
1
41
1
41
1
41
1
10
77.754394175784256
20
-35.044590191880751
30
0
10
77.74749555960318
20
-35.055037888946352
30
0
10
77.733221131653337
20
-35.07473060507381
30
0
10
77.710648788601404
20
-35.100166210327131
30
0
10
77.678176676614527
20
-35.125945909365903
30
0
10
77.633149034599526
20
-35.14617532715944
30
0
10
77.582776279339413
20
-35.157847244593313
30
0
10
77.526254478006464
20
-35.166324722182175
30
0
10
77.462544371084064
20
-35.177890554861953
30
0
10
77.390668228332785
20
-35.198838698031196
30
0
10
77.30984945172716
20
-35.234630347816882
30
0
10
77.219740310935819
20
-35.288774011759287
30
0
10
77.120358492895861
20
-35.362961564930245
30
0
10
77.011898945935457
20
-35.457775697427856
30
0
10
76.918077232579165
20
-35.550047456689143
30
0
10
76.843840367305432
20
-35.628336117809162
30
0
10
76.792641382387799
20
-35.684536776147183
30
0
10
76.766614948650528
20
-35.713639179876765
30
0
0
LINE
5
354
100
AcDbEntity
8
0
100
AcDbLine
10
76.766614948650528
20
-35.713639179876772
30
0
11
76.840225418793239
21
-35.909546817414181
31
-7.7037197775489434e-33
0
SPLINE
5
355
100
AcDbEntity
8
0
100
AcDbSpline
70
4
71
5
72
24
73
18
74
0
42
0.000000001
43
0.0000000001
44
0.0000000001
40
0.13478277032037178
40
0.13478277032037178
40
0.13478277032037178
40
0.13478277032037178
40
0.13478277032037178
40
0.13478277032037178
40
0.20000000000000001
40
0.26666666666666666
40
0.33333333333333331
40
0.39999999999999997
40
0.46666666666666662
40
0.53333333333333333
40
0.59999999999999998
40
0.66666666666666663
40
0.73333333333333328
40
0.79999999999999993
40
0.86666666666666659
40
0.93333333333333324
40
1
40
1
40
1
40
1
40
1
40
1
41
1
41
1
41
1
41
1
41
1
41
1
41
1
41
1
41
1
41
1
41
1
41
1
41
1
41
1
41
1
41
1
41
1
41
1
10
78.023919724980487
20
-35.762518534052226
30
0
10
78.011904681893142
20
-35.759223494014243
30
0
10
77.988252157380714
20
-35.753830805614143
30
0
10
77.954569916198253
20
-35.749574919590167
30
0
10
77.913203268861636
20
-35.751565058856741
30
0
10
77.866034937434435
20
-35.765980185784976
30
0
10
77.820439802425781
20
-35.790367309285301
30
0
10
77.772320655001138
20
-35.821207693577939
30
0
10
77.716758083776995
20
-35.854457458819248
30
0
10
77.648871633176284
20
-35.886023808368734
30
0
10
77.564480595681303
20
-35.912308207485488
30
0
10
77.461012885626573
20
-35.930899242295183
30
0
10
77.337367693714995
20
-35.940512010864715
30
0
10
77.193308023866564
20
-35.940579622147069
30
0
10
77.061938535522415
20
-35.932921359518879
30
0
10
76.954516058803392
20
-35.922889504197698
30
0
10
76.878976419722619
20
-35.914309703397606
30
0
10
76.840225418793239
20
-35.909546817414181
30
0
0
ARC
5
356
100
AcDbEntity
8
0
100
AcDbCircle
10
47.000000000000369
20
-47.000000000000099
30
0
40
32.996432910585213
210
1.033634755968187e-31
220
-1.7113393194927297e-32
230
1
100
AcDbArc
50
18.671580115468988
51
19.911395379773541
0
SPLINE
5
357
100
AcDbEntity
8
0
100
AcDbSpline
70
4
71
5
72
24
73
18
74
0
42
0.000000001
43
0.0000000001
44
0.0000000001
40
0.13450521797666964
40
0.13450521797666964
40
0.13450521797666964
40
0.13450521797666964
40
0.13450521797666964
40
0.13450521797666964
40
0.20000000000000001
40
0.26666666666666666
40
0.33333333333333331
40
0.39999999999999997
40
0.46666666666666662
40
0.53333333333333333
40
0.59999999999999998
40
0.66666666666666663
40
0.73333333333333328
40
0.79999999999999993
40
0.86666666666666659
40
0.93333333333333324
40
1
40
1
40
1
40
1
40
1
40
1
41
1
41
1
41
1
41
1
41
1
41
1
41
1
41
1
41
1
41
1
41
1
41
1
41
1
41
1
41
1
41
1
41
1
41
1
10
78.259803980099207
20
-36.436419171258251
30
0
10
78.252443576209188
20
-36.446546842943484
30
0
10
78.237300011290259
20
-36.465579310027863
30
0
10
78.213609232971223
20
-36.489976598977577
30
0
10
78.180013216416526
20
-36.514273483779419
30
0
10
78.134123324843443
20
-36.532462374375243
30
0
10
78.083277633000478
20
-36.54186257384589
30
0
10
78.026432404766595
20
-36.547795674151011
30
0
10
77.962267550561478
20
-36.556491517668199
30
0
10
77.88952394741375
20
-36.574193856500408
30
0
10
77.807180763642791
20
-36.606323545774835
30
0
10
77.71473321046291
20
-36.656369959335812
30
0
10
77.612123051313574
20
-36.726024062170957
30
0
10
77.499518895930606
20
-36.815876703971938
30
0
10
77.401651897971234
20
-36.903846256458607
30
0
10
77.323977376781485
20
-36.978725461740041
30
0
10
77.270308512832898
20
-37.032572495982336
30
0
10
77.243002611576458
20
-37.060477923993631
30
0
0
LINE
5
358
100
AcDbEntity
8
0
100
AcDbLine
10
77.243002611576458
20
-37.060477923993631
30
0
11
77.307749597951371
21
-37.259490816830962
31
-7.7037197775489434e-33
0
SPLINE
5
359
100
AcDbEntity
8
0
100
AcDbSpline
70
4
71
5
72
24
73
18
74
0
42
0.000000001
43
0.0000000001
44
0.0000000001
40
0.13478277032037178
40
0.13478277032037178
40
0.13478277032037178
40
0.13478277032037178
40
0.13478277032037178
40
0.13478277032037178
40
0.20000000000000001
40
0.26666666666666666
40
0.33333333333333331
40
0.39999999999999997
40
0.46666666666666662
40
0.53333333333333333
40
0.59999999999999998
40
0.66666666666666663
40
0.73333333333333328
40
0.79999999999999993
40
0.86666666666666659
40
0.93333333333333324
40
1
40
1
40
1
40
1
40
1
40
1
41
1
41
1
41
1
41
1
41
1
41
1
41
1
41
1
41
1
41
1
41
1
41
1
41
1
41
1
41
1
41
1
41
1
41
1
10
78.496848401726638
20
-37.165716825400864
30
0
10
78.484993288400474
20
-37.161886050379174
30
0
10
78.461606522456563
20
-37.155437625557838
30
0
10
78.428149136654184
20
-37.149674876891424
30
0
10
78.386734855518284
20
-37.149807104605259
30
0
10
78.338967287238063
20
-37.162091517272486
30
0
10
78.29232393933782
20
-37.18440846656523
30
0
10
78.242869596083494
20
-37.213058939257223
30
0
10
78.185871227594617
20
-37.243782418865599
30
0
10
78.116636915215096
20
-37.27227126911226
30
0
10
78.03115160877212
20
-37.294743012007778
30
0
10
77.926954000193774
20
-37.308673265624137
30
0
10
77.803002035531861
20
-37.312729034216602
30
0
10
77.659084390816332
20
-37.306333364770786
30
0
10
77.52819076945903
20
-37.292788943695669
30
0
10
77.421326537513124
20
-37.27794769859144
30
0
10
77.346247893129728
20
-37.265987463987749
30
0
10
77.307749597951371
20
-37.259490816830962
30
0
0
ARC
5
360
100
AcDbEntity
8
0
100
AcDbCircle
10
47.000000000000369
20
-47.000000000000099
30
0
40
32.996432910585234
210
9.2694582224820684e-32
220
1.0969211815672141e-33
230
1
100
AcDbArc
50
16.100151544040489
51
17.339966808344979
0
SPLINE
5
361
100
AcDbEntity
8
0
100
AcDbSpline
70
4
71
5
72
24
73
18
74
0
42
0.000000001
43
0.0000000001
44
0.0000000001
40
0.13450521797666964
40
0.13450521797666964
40
0.13450521797666964
40
0.13450521797666964
40
0.13450521797666964
40
0.13450521797666964
40
0.20000000000000001
40
0.26666666666666666
40
0.33333333333333331
40
0.39999999999999997
40
0.46666666666666662
40
0.53333333333333333
40
0.59999999999999998
40
0.66666666666666663
40
0.73333333333333328
40
0.79999999999999993
40
0.86666666666666659
40
0.93333333333333324
40
1
40
1
40
1
40
1
40
1
40
1
41
1
41
1
41
1
41
1
41
1
41
1
41
1
41
1
41
1
41
1
41
1
41
1
41
1
41
1
41
1
41
1
41
1
41
1
10
78.702260699335156
20
-37.849521796595717
30
0
10
78.694453330610074
20
-37.859309047117641
30
0
10
78.678471125846443
20
-37.877642936303118
30
0
10
78.653709622335015
20
-37.900952776056137
30
0
10
78.619057359118784
20
-37.923717915928549
30
0
10
78.572397634122098
20
-37.939829649321631
30
0
10
78.521181402152976
20
-37.946939200078326
30
0
10
78.464127225742729
20
-37.950315974625276
30
0
10
78.399636843732026
20
-37.956124316708305
30
0
10
78.326172276123714
20
-37.970545201048942
30
0
10
78.242470513401059
20
-37.998948224893809
30
0
10
78.147870724901594
20
-38.044796601256742
30
0
10
78.0422388678478
20
-38.10977697966274
30
0
10
77.925716873825507
20
-38.194487179504321
30
0
10
77.824001682372554
20
-38.277977366244883
30
0
10
77.743045931415352
20
-38.349296318933426
30
0
10
77.687015270385416
20
-38.400681288319134
30
0
10
77.658484892060969
20
-38.427333542793846
30
0
0
LINE
5
362
100
AcDbEntity
8
0
100
AcDbLine
10
77.658484892060969
20
-38.427333542793846
30
0
11
77.714238002854245
21
-38.629050905450086
31
-7.7037197775489434e-33
0
SPLINE
5
363
100
AcDbEntity
8
0
100
AcDbSpline
70
4
71
5
72
24
73
18
74
0
42
0.000000001
43
0.0000000001
44
0.0000000001
40
0.13478277032037178
40
0.13478277032037178
40
0.13478277032037178
40
0.13478277032037178
40
0.13478277032037178
40
0.13478277032037178
40
0.20000000000000001
40
0.26666666666666666
40
0.33333333333333331
40
0.39999999999999997
40
0.46666666666666662
40
0.53333333333333333
40
0.59999999999999998
40
0.66666666666666663
40
0.73333333333333328
40
0.79999999999999993
40
0.86666666666666659
40
0.93333333333333324
40
1
40
1
40
1
40
1
40
1
40
1
41
1
41
1
41
1
41
1
41
1
41
1
41
1
41
1
41
1
41
1
41
1
41
1
41
1
41
1
41
1
41
1
41
1
41
1
10
78.906346617475108
20
-38.588720054290889
30
0
10
78.89467530853068
20
-38.584361258956584
30
0
10
78.871601398989526
20
-38.576870083983437
30
0
10
78.838436247289607
20
-38.569612078083466
30
0
10
78.797057735205101
20
-38.567886127955546
30
0
10
78.748787127597353
20
-38.578015087189485
30
0
10
78.701189500300785
20
-38.598216918908776
30
0
10
78.650499555682558
20
-38.624619781760998
30
0
10
78.5921801770576
20
-38.652755102737288
30
0
10
78.521737431590509
20
-38.678109080928095
30
0
10
78.435330012230139
20
-38.696722912502786
30
0
10
78.330612345244944
20
-38.705964331248893
30
0
10
78.206603230593686
20
-38.70445493208608
30
0
10
78.063117441994564
20
-38.69160886193923
30
0
10
77.932963289957883
20
-38.672205559078705
30
0
10
77.826872513126432
20
-38.652584812483958
30
0
10
77.752406061838556
20
-38.637268230397446
30
0
10
77.714238002854245
20
-38.629050905450086
30
0
0
ARC
5
364
100
AcDbEntity
8
0
100
AcDbCircle
10
47.000000000000369
20
-47.000000000000099
30
0
40
32.99643291058522
210
1.0740530220552586e-31
220
-2.4868208071998122e-32
230
1
100
AcDbArc
50
13.528722972611918
51
14.768538236916418
0
SPLINE
5
365
100
AcDbEntity
8
0
100
AcDbSpline
70
4
71
5
72
24
73
18
74
0
42
0.000000001
43
0.0000000001
44
0.0000000001
40
0.13450521797666964
40
0.13450521797666964
40
0.13450521797666964
40
0.13450521797666964
40
0.13450521797666964
40
0.13450521797666964
40
0.20000000000000001
40
0.26666666666666666
40
0.33333333333333331
40
0.39999999999999997
40
0.46666666666666662
40
0.53333333333333333
40
0.59999999999999998
40
0.66666666666666663
40
0.73333333333333328
40
0.79999999999999993
40
0.86666666666666659
40
0.93333333333333324
40
1
40
1
40
1
40
1
40
1
40
1
41
1
41
1
41
1
41
1
41
1
41
1
41
1
41
1
41
1
41
1
41
1
41
1
41
1
41
1
41
1
41
1
41
1
41
1
10
79.080873284542861
20
-39.281052267265146
30
0
10
79.072634673984297
20
-39.290479386403703
30
0
10
79.055846015409429
20
-39.308077775677397
30
0
10
79.030063653078344
20
-39.330253223318579
30
0
10
78.994424928247099
20
-39.351440772299505
30
0
10
78.947089336303335
20
-39.365442901602975
30
0
10
78.895605706883245
20
-39.370247485956646
30
0
10
78.838457481815013
20
-39.371061134370898
30
0
10
78.773771447045547
20
-39.373970277791777
30
0
10
78.699733862838926
20
-39.385080665898954
30
0
10
78.614842085375486
20
-39.409699824404207
30
0
10
78.518280572940867
20
-39.451257831040721
30
0
10
78.409839746484934
20
-39.511433623183223
30
0
10
78.289634573612261
20
-39.590830785996381
30
0
10
78.184276029524796
20
-39.669673468865824
30
0
10
78.100202082908751
20
-39.737288542082084
30
0
10
78.04192246309205
20
-39.7861079641213
30
0
10
78.012225064084674
20
-39.811453370965872
30
0
0
LINE
5
366
100
AcDbEntity
8
0
100
AcDbLine
10
78.012225064084674
20
-39.811453370965864
30
0
11
78.05887201995094
21
-40.01546897151772
31
-7.7037197775489434e-33
0
SPLINE
5
367
100
AcDbEntity
8
0
100
AcDbSpline
70
4
71
5
72
24
73
18
74
0
42
0.000000001
43
0.0000000001
44
0.0000000001
40
0.13478277032037178
40
0.13478277032037178
40
0.13478277032037178
40
0.13478277032037178
40
0.13478277032037178
40
0.13478277032037178
40
0.20000000000000001
40
0.26666666666666666
40
0.33333333333333331
40
0.39999999999999997
40
0.46666666666666662
40
0.53333333333333333
40
0.59999999999999998
40
0.66666666666666663
40
0.73333333333333328
40
0.79999999999999993
40
0.86666666666666659
40
0.93333333333333324
40
1
40
1
40
1
40
1
40
1
40
1
41
1
41
1
41
1
41
1
41
1
41
1
41
1
41
1
41
1
41
1
41
1
41
1
41
1
41
1
41
1
41
1
41
1
41
1
10
79.25158969731649
20
-40.028662481596314
30
0
10
79.240125697216754
20
-40.023784443983111
30
0
10
79.217411111861438
20
-40.015265605087606
30
0
10
79.184604984465807
20
-40.006526958612049
30
0
10
79.143345572249274
20
-40.002946306476233
30
0
10
79.094669135893739
20
-40.010899413900979
30
0
10
79.046213084487803
20
-40.028945444246219
30
0
10
78.994389621308201
20
-40.053047525406676
30
0
10
78.934866680014409
20
-40.078538026958753
30
0
10
78.863357363774398
20
-40.100706073555791
30
0
10
78.776201844539884
20
-40.11542450803006
30
0
10
78.67117500659306
20
-40.119958480918427
30
0
10
78.547358479805894
20
-40.112886953729394
30
0
10
78.40459350860597
20
-40.093616353157174
30
0
10
78.275440939030844
20
-40.068393244180967
30
0
10
78.170337270019573
20
-40.044032509668142
30
0
10
78.096632977349913
20
-40.025390425656781
30
0
10
78.05887201995094
20
-40.01546897151772
30
0
0
ARC
5
368
100
AcDbEntity
8
0
100
AcDbCircle
10
47.000000000000369
20
-47.000000000000099
30
0
40
32.996432910585227
210
1.1359691630268081e-31
220
-3.1165270342237572e-33
230
1
100
AcDbArc
50
10.957294401183319
51
12.197109665487874
0
SPLINE
5
369
100
AcDbEntity
8
0
100
AcDbSpline
70
4
71
5
72
24
73
18
74
0
42
0.000000001
43
0.0000000001
44
0.0000000001
40
0.13450521797666964
40
0.13450521797666964
40
0.13450521797666964
40
0.13450521797666964
40
0.13450521797666964
40
0.13450521797666964
40
0.20000000000000001
40
0.26666666666666666
40
0.33333333333333331
40
0.39999999999999997
40
0.46666666666666662
40
0.53333333333333333
40
0.59999999999999998
40
0.66666666666666663
40
0.73333333333333328
40
0.79999999999999993
40
0.86666666666666659
40
0.93333333333333324
40
1
40
1
40
1
40
1
40
1
40
1
41
1
41
1
41
1
41
1
41
1
41
1
41
1
41
1
41
1
41
1
41
1
41
1
41
1
41
1
41
1
41
1
41
1
41
1
10
79.394879260362458
20
-40.728127671410455
30
0
10
79.38622599943568
20
-40.737175674202312
30
0
10
79.368664697173642
20
-40.754003122750234
30
0
10
79.341913398269483
20
-40.774999519879216
30
0
10
79.305359983472087
20
-40.794566809064705
30
0
10
79.257443852163902
20
-40.806431135853586
30
0
10
79.205796506470918
20
-40.808921078010755
30
0
10
79.148669321664528
20
-40.807169961712681
30
0
10
79.083917903201751
20
-40.807174047843738
30
0
10
79.009456404238307
20
-40.814951564874391
30
0
10
78.923545572776248
20
-40.835737278331159
30
0
10
78.825216798441872
20
-40.872921222946552
30
0
10
78.714185387976713
20
-40.928171242788522
30
0
10
78.590539113474577
20
-41.002095473253732
30
0
10
78.481749394838999
20
-41.076131873581375
30
0
10
78.394726566303817
20
-41.13990689956627
30
0
10
78.334315355098681
20
-41.186062458440034
30
0
10
78.30351074201775
20
-41.210049975378112
30
0
0
LINE
5
370
100
AcDbEntity
8
0
100
AcDbLine
10
78.30351074201775
20
-41.210049975378105
30
0
11
78.340957602195786
21
-41.415952953556967
31
-3.8518598887744717e-33
0
SPLINE
5
371
100
AcDbEntity
8
0
100
AcDbSpline
70
4
71
5
72
24
73
18
74
0
42
0.000000001
43
0.0000000001
44
0.0000000001
40
0.13478277032037178
40
0.13478277032037178
40
0.13478277032037178
40
0.13478277032037178
40
0.13478277032037178
40
0.13478277032037178
40
0.20000000000000001
40
0.26666666666666666
40
0.33333333333333331
40
0.39999999999999997
40
0.46666666666666662
40
0.53333333333333333
40
0.59999999999999998
40
0.66666666666666663
40
0.73333333333333328
40
0.79999999999999993
40
0.86666666666666659
40
0.93333333333333324
40
1
40
1
40
1
40
1
40
1
40
1
41
1
41
1
41
1
41
1
41
1
41
1
41
1
41
1
41
1
41
1
41
1
41
1
41
1
41
1
41
1
41
1
41
1
41
1
10
79.531882367633841
20
-41.48264425489991
30
0
10
79.520648763349328
20
-41.477256798726366
30
0
10
79.498339246331838
20
-41.467727451716321
30
0
10
79.465958210415153
20
-41.457525763136232
30
0
10
79.424900989031897
20
-41.452097619949399
30
0
10
79.375916751793397
20
-41.45785885906502
30
0
10
79.32669986031695
20
-41.473712745732733
30
0
10
79.273847244134018
20
-41.49546550681751
30
0
10
79.213240611453685
20
-41.518259854467573
30
0
10
79.140808734687027
20
-41.5371973259752
30
0
10
79.053080635195229
20
-41.547990722380767
30
0
10
78.947956136361128
20
-41.547808118593395
30
0
10
78.824581547445177
20
-41.535188704492796
30
0
10
78.682824903296918
20
-41.509532381920174
30
0
10
78.554934012270493
20
-41.47854026281302
30
0
10
78.451029115881312
20
-41.449488599659446
30
0
10
78.378235412466537
20
-41.427558556399482
30
0
10
78.340957602195786
20
-41.415952953556967
30
0
0
ARC
5
372
100
AcDbEntity
8
0
100
AcDbCircle
10
47.000000000000369
20
-47.000000000000099
30
0
40
32.996432910585213
210
1.011485425531685e-31
220
-1.0007499525681868e-32
230
1
100
AcDbArc
50
8.3858658297547812
51
9.6256810940592477
0
SPLINE
5
373
100
AcDbEntity
8
0
100
AcDbSpline
70
4
71
5
72
24
73
18
74
0
42
0.000000001
43
0.0000000001
44
0.0000000001
40
0.13450521797666964
40
0.13450521797666964
40
0.13450521797666964
40
0.13450521797666964
40
0.13450521797666964
40
0.13450521797666964
40
0.20000000000000001
40
0.26666666666666666
40
0.33333333333333331
40
0.39999999999999997
40
0.46666666666666662
40
0.53333333333333333
40
0.59999999999999998
40
0.66666666666666663
40
0.73333333333333328
40
0.79999999999999993
40
0.86666666666666659
40
0.93333333333333324
40
1
40
1
40
1
40
1
40
1
40
1
41
1
41
1
41
1
41
1
41
1
41
1
41
1
41
1
41
1
41
1
41
1
41
1
41
1
41
1
41
1
41
1
41
1
41
1
10
79.643646260547385
20
-42.187833791748261
30
0
10
79.63459577576829
20
-42.196484456719915
30
0
10
79.616297195944753
20
-42.212507076300156
30
0
10
79.588630834023348
20
-42.232282138967356
30
0
10
79.551236342972629
20
-42.250189762441046
30
0
10
79.502836169011658
20
-42.259892393540127
30
0
10
79.451129117926641
20
-42.260062679088655
30
0
10
79.394138019929684
20
-42.255750324593429
30
0
10
79.329451618513062
20
-42.252849345205739
30
0
10
79.254716160342184
20
-42.257278328275625
30
0
10
79.167959287862828
20
-42.274188737023238
30
0
10
79.068061272694351
20
-42.306923736101595
30
0
10
78.954662880704277
20
-42.357136717455887
30
0
10
78.827824511714368
20
-42.42543914201103
30
0
10
78.715822706545978
20
-42.494520160339547
30
0
10
78.626026248487108
20
-42.55432670467809
30
0
10
78.563605106033208
20
-42.59772544923333
30
0
10
78.531755315269919
20
-42.620306768598127
30
0
0
LINE
5
374
100
AcDbEntity
8
0
100
AcDbLine
10
78.531755315269905
20
-42.620306768598127
30
0
11
78.559926666766856
21
-42.827682463208063
31
-3.8518598887744717e-33
0
SPLINE
5
375
100
AcDbEntity
8
0
100
AcDbSpline
70
4
71
5
72
24
73
18
74
0
42
0.000000001
43
0.0000000001
44
0.0000000001
40
0.13478277032037178
40
0.13478277032037178
40
0.13478277032037178
40
0.13478277032037178
40
0.13478277032037178
40
0.13478277032037178
40
0.20000000000000001
40
0.26666666666666666
40
0.33333333333333331
40
0.39999999999999997
40
0.46666666666666662
40
0.53333333333333333
40
0.59999999999999998
40
0.66666666666666663
40
0.73333333333333328
40
0.79999999999999993
40
0.86666666666666659
40
0.93333333333333324
40
1
40
1
40
1
40
1
40
1
40
1
41
1
41
1
41
1
41
1
41
1
41
1
41
1
41
1
41
1
41
1
41
1
41
1
41
1
41
1
41
1
41
1
41
1
41
1
10
79.746660156291213
20
-42.947737248409872
30
0
10
79.735679570805956
20
-42.941851223295771
30
0
10
79.713820050524561
20
-42.931330559007883
30
0
10
79.681929317183801
20
-42.919686373166371
30
0
10
79.641156970413661
20
-42.912421670486502
30
0
10
79.591963580027056
20
-42.91597943892414
30
0
10
79.542084964749634
20
-42.929609254296459
30
0
10
79.488309633698591
20
-42.948968888139653
30
0
10
79.426741363324254
20
-42.969021177105077
30
0
10
79.353532794191338
20
-42.984689935975915
30
0
10
79.265408787159529
20
-42.991536557848832
30
0
10
79.160398334188585
20
-42.986637745125449
30
0
10
79.0377141431469
20
-42.96849585793386
30
0
10
78.897251305066277
20
-42.936505481780088
30
0
10
78.770879647823023
20
-42.899806766545339
30
0
10
78.66838277468932
20
-42.866122680934346
30
0
10
78.596646257360533
20
-42.840948842614395
30
0
10
78.559926666766856
20
-42.827682463208063
30
0
0
ARC
5
376
100
AcDbEntity
8
0
100
AcDbCircle
10
47.000000000000369
20
-47.000000000000099
30
0
40
32.996432910585227
210
1.0059770793292183e-31
220
-1.4535434841421514e-32
230
1
100
AcDbArc
50
5.8144372583261301
51
7.0542525226306747
0
SPLINE
5
377
100
AcDbEntity
8
0
100
AcDbSpline
70
4
71
5
72
24
73
18
74
0
42
0.000000001
43
0.0000000001
44
0.0000000001
40
0.13450521797666964
40
0.13450521797666964
40
0.13450521797666964
40
0.13450521797666964
40
0.13450521797666964
40
0.13450521797666964
40
0.20000000000000001
40
0.26666666666666666
40
0.33333333333333331
40
0.39999999999999997
40
0.46666666666666662
40
0.53333333333333333
40
0.59999999999999998
40
0.66666666666666663
40
0.73333333333333328
40
0.79999999999999993
40
0.86666666666666659
40
0.93333333333333324
40
1
40
1
40
1
40
1
40
1
40
1
41
1
41
1
41
1
41
1
41
1
41
1
41
1
41
1
41
1
41
1
41
1
41
1
41
1
41
1
41
1
41
1
41
1
41
1
10
79.82667330146586
20
-43.657230974413785
30
0
10
79.817243819306341
20
-43.665466880277236
30
0
10
79.798244812825828
20
-43.680652403466276
30
0
10
79.769719104258186
20
-43.699166307327211
30
0
10
79.731558844482564
20
-43.715378201518632
30
0
10
79.682772099377942
20
-43.722899597120126
30
0
10
79.631109474020462
20
-43.720749883127596
30
0
10
79.574369235319764
20
-43.713884974943262
30
0
10
79.509878120753129
20
-43.708084772223231
30
0
10
79.435019210641585
20
-43.709156301949875
30
0
10
79.347591013940274
20
-43.722157350675595
30
0
10
79.24632493924554
20
-43.750377480285216
30
0
10
79.130787935000683
20
-43.795452300889878
30
0
10
79.001012907118152
20
-43.857995367541747
30
0
10
78.886024572147079
20
-43.921981883893721
30
0
10
78.7936353226807
20
-43.977699504164832
30
0
10
78.729329956851771
20
-44.018254035105642
30
0
10
78.696499129646057
20
-44.03938368112513
30
0
0
LINE
5
378
100
AcDbEntity
8
0
100
AcDbLine
10
78.696499129646057
20
-44.03938368112513
30
0
11
78.715338239109101
21
-44.247814465115304
31
0
0
SPLINE
5
379
100
AcDbEntity
8
0
100
AcDbSpline
70
4
71
5
72
24
73
18
74
0
42
0.000000001
43
0.0000000001
44
0.0000000001
40
0.13478277032037178
40
0.13478277032037178
40
0.13478277032037178
40
0.13478277032037178
40
0.13478277032037178
40
0.13478277032037178
40
0.20000000000000001
40
0.26666666666666666
40
0.33333333333333331
40
0.39999999999999997
40
0.46666666666666662
40
0.53333333333333333
40
0.59999999999999998
40
0.66666666666666663
40
0.73333333333333328
40
0.79999999999999993
40
0.86666666666666659
40
0.93333333333333324
40
1
40
1
40
1
40
1
40
1
40
1
41
1
41
1
41
1
41
1
41
1
41
1
41
1
41
1
41
1
41
1
41
1
41
1
41
1
41
1
41
1
41
1
41
1
41
1
10
79.895490529405464
20
-44.420990959815811
30
0
10
79.884785076157328
20
-44.414618219432384
30
0
10
79.863419574776728
20
-44.403127425084392
30
0
10
79.83208336770474
20
-44.390064191822134
30
0
10
79.791678005628029
20
-44.380977559793628
30
0
10
79.742374531034784
20
-44.382324692681124
30
0
10
79.691934640849553
20
-44.393702988123763
30
0
10
79.637344891290581
20
-44.41063050699924
30
0
10
79.574938973525107
20
-44.427900354638666
30
0
10
79.501101144341362
20
-44.440268846077593
30
0
10
79.412758699791951
20
-44.443154905232575
30
0
10
79.308073769761364
20
-44.433549749130066
30
0
10
79.186327046227589
20
-44.40992192419391
30
0
10
79.047440887677297
20
-44.371661918819214
30
0
10
78.922842959917062
20
-44.329330513785393
30
0
10
78.821960525100778
20
-44.291081840982613
30
0
10
78.751425661656995
20
-44.262714904362866
30
0
10
78.715338239109101
20
-44.247814465115304
30
0
0
ARC
5
380
100
AcDbEntity
8
0
100
AcDbCircle
10
47.000000000000369
20
-47.000000000000099
30
0
40
32.99643291058522
210
9.8449701033559419e-32
220
5.5783275325855555e-33
230
1
100
AcDbArc
50
3.2430086868975576
51
4.4828239512020653
0
SPLINE
5
381
100
AcDbEntity
8
0
100
AcDbSpline
70
4
71
5
72
24
73
18
74
0
42
0.000000001
43
0.0000000001
44
0.0000000001
40
0.13450521797666964
40
0.13450521797666964
40
0.13450521797666964
40
0.13450521797666964
40
0.13450521797666964
40
0.13450521797666964
40
0.20000000000000001
40
0.26666666666666666
40
0.33333333333333331
40
0.39999999999999997
40
0.46666666666666662
40
0.53333333333333333
40
0.59999999999999998
40
0.66666666666666663
40
0.73333333333333328
40
0.79999999999999993
40
0.86666666666666659
40
0.93333333333333324
40
1
40
1
40
1
40
1
40
1
40
1
41
1
41
1
41
1
41
1
41
1
41
1
41
1
41
1
41
1
41
1
41
1
41
1
41
1
41
1
41
1
41
1
41
1
41
1
10
79.943591791015166
20
-45.133360049032319
30
0
10
79.933802301197389
20
-45.141164609769213
30
0
10
79.914141129530535
20
-45.155482454944291
30
0
10
79.884813521297431
20
-45.172697915460475
30
0
10
79.845964342481594
20
-45.187181431772231
30
0
10
79.796889276245309
20
-45.19250644478636
30
0
10
79.745375118267447
20
-45.188041060490647
30
0
10
79.689000006152611
20
-45.178637423628707
30
0
10
79.624834054958043
20
-45.169949678412721
30
0
10
79.550002448788376
20
-45.167661596877849
30
0
10
79.462078996618118
20
-45.176727103199752
30
0
10
79.359648798794808
20
-45.200375531755213
30
0
10
79.242205858445715
20
-45.240221416920221
30
0
10
79.109755521305942
20
-45.296879172255998
30
0
10
78.992012227735842
20
-45.355642326302984
30
0
10
78.897216246514986
20
-45.407158814634485
30
0
10
78.831156159759871
20
-45.444787460532645
30
0
10
78.797410413028516
20
-45.464422880911741
30
0
0
LINE
5
382
100
AcDbEntity
8
0
100
AcDbLine
10
78.797410413028516
20
-45.464422880911741
30
0
11
78.806879340998364
21
-45.673489002421697
31
0
0
SPLINE
5
383
100
AcDbEntity
8
0
100
AcDbSpline
70
4
71
5
72
24
73
18
74
0
42
0.000000001
43
0.0000000001
44
0.0000000001
40
0.13478277032037178
40
0.13478277032037178
40
0.13478277032037178
40
0.13478277032037178
40
0.13478277032037178
40
0.13478277032037178
40
0.20000000000000001
40
0.26666666666666666
40
0.33333333333333331
40
0.39999999999999997
40
0.46666666666666662
40
0.53333333333333333
40
0.59999999999999998
40
0.66666666666666663
40
0.73333333333333328
40
0.79999999999999993
40
0.86666666666666659
40
0.93333333333333324
40
1
40
1
40
1
40
1
40
1
40
1
41
1
41
1
41
1
41
1
41
1
41
1
41
1
41
1
41
1
41
1
41
1
41
1
41
1
41
1
41
1
41
1
41
1
41
1
10
79.978073762411853
20
-45.899438452207342
30
0
10
79.967665000758942
20
-45.892591830405642
30
0
10
79.94683654555557
20
-45.880154046928155
30
0
10
79.916117971703102
20
-45.865698073858425
30
0
10
79.876160965341796
20
-45.854807811748913
30
0
10
79.826846697178283
20
-45.853941596139919
30
0
10
79.775947111311424
20
-45.863045457280116
30
0
10
79.720652879735184
20
-45.877506771417622
30
0
10
79.657534991791806
20
-45.891959398556217
30
0
10
79.583216602118668
20
-45.901002714067488
30
0
10
79.494833629978132
20
-45.899922398365504
30
0
10
79.390685044405245
20
-45.885630242389965
30
0
10
79.270120970078182
20
-45.856564063004228
30
0
10
79.133091189298241
20
-45.812111478967665
30
0
10
79.010517914665684
20
-45.76423263395094
30
0
10
78.911453081964837
20
-45.72149640169318
30
0
10
78.842261920234066
20
-45.689993494008831
30
0
10
78.806879340998364
20
-45.673489002421697
30
0
0
ARC
5
384
100
AcDbEntity
8
0
100
AcDbCircle
10
47.000000000000369
20
-47.000000000000099
30
0
40
32.99643291058522
210
8.6275734522232697e-32
220
1.011308718892509e-33
230
1
100
AcDbArc
50
0.6715801154692278
51
1.9113953797732801
0
SPLINE
5
385
100
AcDbEntity
8
0
100
AcDbSpline
70
4
71
5
72
24
73
18
74
0
42
0.000000001
43
0.0000000001
44
0.0000000001
40
0.13450521797666964
40
0.13450521797666964
40
0.13450521797666964
40
0.13450521797666964
40
0.13450521797666964
40
0.13450521797666964
40
0.20000000000000001
40
0.26666666666666666
40
0.33333333333333331
40
0.39999999999999997
40
0.46666666666666662
40
0.53333333333333333
40
0.59999999999999998
40
0.66666666666666663
40
0.73333333333333328
40
0.79999999999999993
40
0.86666666666666659
40
0.93333333333333324
40
1
40
1
40
1
40
1
40
1
40
1
41
1
41
1
41
1
41
1
41
1
41
1
41
1
41
1
41
1
41
1
41
1
41
1
41
1
41
1
41
1
41
1
41
1
41
1
10
79.994166270917177
20
-46.613248288094738
30
0
10
79.984036488170801
20
-46.620605786358396
30
0
10
79.96375274630077
20
-46.634027119284802
30
0
10
79.933682300302195
20
-46.64990946680981
30
0
10
79.894222439522167
20
-46.66263543736757
30
0
10
79.844957882806568
20
-46.665753343926795
30
0
10
79.793695934866832
20
-46.658981282017606
30
0
10
79.737799481311114
20
-46.647057854151235
30
0
10
79.674087915174965
20
-46.635500062401967
30
0
10
79.599434313843204
20
-46.62985697749729
30
0
10
79.511192672335554
20
-46.634968684692105
30
0
10
79.407804632170425
20
-46.653997787405501
30
0
10
79.288692270169378
20
-46.688534492820907
30
0
10
79.153833361124484
20
-46.739192835661491
30
0
10
79.033572228279041
20
-46.792614286231597
30
0
10
78.936560421794169
20
-46.839825895271943
30
0
10
78.868878650336157
20
-46.87445287704233
30
0
10
78.834285943522104
20
-46.892554528657513
30
0
0
LINE
5
386
100
AcDbEntity
8
0
100
AcDbLine
10
78.834285943522104
20
-46.89255452865752
30
0
11
78.834365620837985
21
-47.101834956341619
31
0
0
SPLINE
5
387
100
AcDbEntity
8
0
100
AcDbSpline
70
4
71
5
72
24
73
18
74
0
42
0.000000001
43
0.0000000001
44
0.0000000001
40
0.13478277032037178
40
0.13478277032037178
40
0.13478277032037178
40
0.13478277032037178
40
0.13478277032037178
40
0.13478277032037178
40
0.20000000000000001
40
0.26666666666666666
40
0.33333333333333331
40
0.39999999999999997
40
0.46666666666666662
40
0.53333333333333333
40
0.59999999999999998
40
0.66666666666666663
40
0.73333333333333328
40
0.79999999999999993
40
0.86666666666666659
40
0.93333333333333324
40
1
40
1
40
1
40
1
40
1
40
1
41
1
41
1
41
1
41
1
41
1
41
1
41
1
41
1
41
1
41
1
41
1
41
1
41
1
41
1
41
1
41
1
41
1
41
1
10
79.994243543669498
20
-47.380102329090505
30
0
10
79.984152435472566
20
-47.372795614055647
30
0
10
79.963902972183277
20
-47.359435889489333
30
0
10
79.93386389466994
20
-47.343616289018058
30
0
10
79.894435712117271
20
-47.330944328366122
30
0
10
79.845209962756712
20
-47.327866508703593
30
0
10
79.793953186200312
20
-47.334677601576573
30
0
10
79.738065827830482
20
-47.346643587813986
30
0
10
79.674363080735617
20
-47.358249888784094
30
0
10
79.599713797919435
20
-47.3639498163338
30
0
10
79.511468289731425
20
-47.358905301386862
30
0
10
79.4080657900072
20
-47.339954928038409
30
0
10
79.288927164887582
20
-47.305508929620153
30
0
10
79.154029721620191
20
-47.254953288510137
30
0
10
79.033727946378036
20
-47.201623425132517
30
0
10
78.936680219181895
20
-47.154485698504089
30
0
10
78.868972100955716
20
-47.119910262418728
30
0
10
78.834365620837985
20
-47.101834956341619
30
0
0
ARC
5
388
100
AcDbEntity
8
0
100
AcDbCircle
10
47.000000000000369
20
-47.000000000000099
30
0
40
32.99643291058522
210
1.1087258501902463e-31
220
-3.67772887851388e-33
230
1
100
AcDbArc
50
358.10015154404061
51
359.33996680834497
0
SPLINE
5
389
100
AcDbEntity
8
0
100
AcDbSpline
70
4
71
5
72
24
73
18
74
0
42
0.000000001
43
0.0000000001
44
0.0000000001
40
0.13450521797666964
40
0.13450521797666964
40
0.13450521797666964
40
0.13450521797666964
40
0.13450521797666964
40
0.13450521797666964
40
0.20000000000000001
40
0.26666666666666666
40
0.33333333333333331
40
0.39999999999999997
40
0.46666666666666662
40
0.53333333333333333
40
0.59999999999999998
40
0.66666666666666663
40
0.73333333333333328
40
0.79999999999999993
40
0.86666666666666659
40
0.93333333333333324
40
1
40
1
40
1
40
1
40
1
40
1
41
1
41
1
41
1
41
1
41
1
41
1
41
1
41
1
41
1
41
1
41
1
41
1
41
1
41
1
41
1
41
1
41
1
41
1
10
79.978294890899974
20
-48.093915393635037
30
0
10
79.967845215259388
20
-48.100811012403128
30
0
10
79.946979751942877
20
-48.113308804302463
30
0
10
79.916227026055239
20
-48.127826053902055
30
0
10
79.876235950219169
20
-48.13876885029471
30
0
10
79.826881115285218
20
-48.13967337135017
30
0
10
79.775974612124713
20
-48.130608269858953
30
0
10
79.720669385146707
20
-48.116189063185068
30
0
10
79.657540510684271
20
-48.101784500756956
30
0
10
79.583215256608412
20
-48.092797776904476
30
0
10
79.494833132685955
20
-48.093945390674186
30
0
10
79.390695459932729
20
-48.108316845465083
30
0
10
79.270153552724992
20
-48.137474818802445
30
0
10
79.133157659670431
20
-48.182031729987102
30
0
10
79.010620877466536
20
-48.230003893388343
30
0
10
78.911588614585327
20
-48.272815545239965
30
0
10
78.842421460504852
20
-48.304371128749551
30
0
10
78.807051458715947
20
-48.320902557283489
30
0
0
LINE
5
390
100
AcDbEntity
8
0
100
AcDbLine
10
78.807051458715947
20
-48.320902557283489
30
0
11
78.797741724918339
21
-48.529975828211967
31
0
0
SPLINE
5
391
100
AcDbEntity
8
0
100
AcDbSpline
70
4
71
5
72
24
73
18
74
0
42
0.000000001
43
0.0000000001
44
0.0000000001
40
0.13478277032037178
40
0.13478277032037178
40
0.13478277032037178
40
0.13478277032037178
40
0.13478277032037178
40
0.13478277032037178
40
0.20000000000000001
40
0.26666666666666666
40
0.33333333333333331
40
0.39999999999999997
40
0.46666666666666662
40
0.53333333333333333
40
0.59999999999999998
40
0.66666666666666663
40
0.73333333333333328
40
0.79999999999999993
40
0.86666666666666659
40
0.93333333333333324
40
1
40
1
40
1
40
1
40
1
40
1
41
1
41
1
41
1
41
1
41
1
41
1
41
1
41
1
41
1
41
1
41
1
41
1
41
1
41
1
41
1
41
1
41
1
41
1
10
79.943967309390899
20
-48.860000730467902
30
0
10
79.934214176798918
20
-48.852248636951586
30
0
10
79.914584485147927
20
-48.837993876003779
30
0
10
79.885285398678164
20
-48.820842506701005
30
0
10
79.846465443046569
20
-48.806414367148989
30
0
10
79.797427346597075
20
-48.801131141752109
30
0
10
79.745916603677728
20
-48.805635749723272
30
0
10
79.689548668216446
20
-48.815082310156782
30
0
10
79.625389350825031
20
-48.823818911412829
30
0
10
79.550559508586844
20
-48.826163972105434
30
0
10
79.462629179060897
20
-48.817165416895342
30
0
10
79.360181004058731
20
-48.793594989703912
30
0
10
79.24270775748225
20
-48.753838541909801
30
0
10
79.110214317225626
20
-48.697281656059424
30
0
10
78.992426313139163
20
-48.638608173568485
30
0
10
78.897591132654924
20
-48.587163881677611
30
0
10
78.83150241307267
20
-48.54958554751812
30
0
10
78.797741724918339
20
-48.529975828211967
30
0
0
ARC
5
392
100
AcDbEntity
8
0
100
AcDbCircle
10
47.000000000000369
20
-47.000000000000099
30
0
40
32.996432910585227
210
1.0022935054508647e-31
220
1.6889493677930054e-32
230
1
100
AcDbArc
50
355.528722972612
51
356.76853823691658
0
SPLINE
5
393
100
AcDbEntity
8
0
100
AcDbSpline
70
4
71
5
72
24
73
18
74
0
42
0.000000001
43
0.0000000001
44
0.0000000001
40
0.13450521797666964
40
0.13450521797666964
40
0.13450521797666964
40
0.13450521797666964
40
0.13450521797666964
40
0.13450521797666964
40
0.20000000000000001
40
0.26666666666666666
40
0.33333333333333331
40
0.39999999999999997
40
0.46666666666666662
40
0.53333333333333333
40
0.59999999999999998
40
0.66666666666666663
40
0.73333333333333328
40
0.79999999999999993
40
0.86666666666666659
40
0.93333333333333324
40
1
40
1
40
1
40
1
40
1
40
1
41
1
41
1
41
1
41
1
41
1
41
1
41
1
41
1
41
1
41
1
41
1
41
1
41
1
41
1
41
1
41
1
41
1
41
1
10
79.896009613810691
20
-49.572379499153683
30
0
10
79.885261089531937
20
-49.578799351567682
30
0
10
79.863855925035253
20
-49.590348433550318
30
0
10
79.832482851155802
20
-49.603471349415791
30
0
10
79.792041096968333
20
-49.612608934307715
30
0
10
79.742695377885326
20
-49.611298248274373
30
0
10
79.692246838426627
20
-49.59995836310911
30
0
10
79.637644215393337
20
-49.583072415991005
30
0
10
79.575225165756407
20
-49.565850091755777
30
0
10
79.50137794010675
20
-49.553537827021366
30
0
10
79.413033323604921
20
-49.550719036224578
30
0
10
79.30835573767763
20
-49.560403900895629
30
0
10
79.18662704062227
20
-49.584124421877043
30
0
10
79.047770055054912
20
-49.6224901697164
30
0
10
78.923204396264381
20
-49.664916436395956
30
0
10
78.822351114784809
20
-49.703241914089517
30
0
10
78.751837871525254
20
-49.73166255059261
30
0
10
78.715761805237946
20
-49.746590463948273
30
0
0
LINE
5
394
100
AcDbEntity
8
0
100
AcDbLine
10
78.715761805237946
20
-49.746590463948273
30
0
11
78.697081408891762
21
-49.955035532377508
31
3.8518598887744717e-33
0
SPLINE
5
395
100
AcDbEntity
8
0
100
AcDbSpline
70
4
71
5
72
24
73
18
74
0
42
0.000000001
43
0.0000000001
44
0.0000000001
40
0.13478277032037178
40
0.13478277032037178
40
0.13478277032037178
40
0.13478277032037178
40
0.13478277032037178
40
0.13478277032037178
40
0.20000000000000001
40
0.26666666666666666
40
0.33333333333333331
40
0.39999999999999997
40
0.46666666666666662
40
0.53333333333333333
40
0.59999999999999998
40
0.66666666666666663
40
0.73333333333333328
40
0.79999999999999993
40
0.86666666666666659
40
0.93333333333333324
40
1
40
1
40
1
40
1
40
1
40
1
41
1
41
1
41
1
41
1
41
1
41
1
41
1
41
1
41
1
41
1
41
1
41
1
41
1
41
1
41
1
41
1
41
1
41
1
10
79.827346309220971
20
-50.336153337907945
30
0
10
79.81795079374497
20
-50.327971477594829
30
0
10
79.798980405318915
20
-50.312850387457011
30
0
10
79.770480314353676
20
-50.294401789897961
30
0
10
79.73234676386754
20
-50.278246527798778
30
0
10
79.683595076529258
20
-50.270768536380416
30
0
10
79.631934103028016
20
-50.272957587768772
30
0
10
79.575199107995701
20
-50.279865698282833
30
0
10
79.510712428634449
20
-50.285715005472596
30
0
10
79.435852724317982
20
-50.284700476667965
30
0
10
79.348414653435782
20
-50.271766003087336
30
0
10
79.247127120146018
20
-50.243622989756489
30
0
10
79.131555827597637
20
-50.198636156781482
30
0
10
79.001733214507908
20
-50.136191924232129
30
0
10
78.886696190941819
20
-50.072292983213174
30
0
10
78.79426454260205
20
-50.016645728017373
30
0
10
78.729928315549714
20
-49.976140173547741
30
0
10
78.697081408891762
20
-49.955035532377508
30
0
0
ARC
5
396
100
AcDbEntity
8
0
100
AcDbCircle
10
47.000000000000369
20
-47.000000000000099
30
0
40
32.99643291058522
210
1.1311912336179631e-31
220
1.086444034877278e-32
230
1
100
AcDbArc
50
352.95729440118356
51
354.19710966548791
0
SPLINE
5
397
100
AcDbEntity
8
0
100
AcDbSpline
70
4
71
5
72
24
73
18
74
0
42
0.000000001
43
0.0000000001
44
0.0000000001
40
0.13450521797666964
40
0.13450521797666964
40
0.13450521797666964
40
0.13450521797666964
40
0.13450521797666964
40
0.13450521797666964
40
0.20000000000000001
40
0.26666666666666666
40
0.33333333333333331
40
0.39999999999999997
40
0.46666666666666662
40
0.53333333333333333
40
0.59999999999999998
40
0.66666666666666663
40
0.73333333333333328
40
0.79999999999999993
40
0.86666666666666659
40
0.93333333333333324
40
1
40
1
40
1
40
1
40
1
40
1
41
1
41
1
41
1
41
1
41
1
41
1
41
1
41
1
41
1
41
1
41
1
41
1
41
1
41
1
41
1
41
1
41
1
41
1
10
79.747476151246644
20
-51.045663174700053
30
0
10
79.73645042442719
20
-51.051594332031563
30
0
10
79.714548665902981
20
-51.06217144578337
30
0
10
79.682618425227304
20
-51.073873600108612
30
0
10
79.641807436999258
20
-51.081187571619878
30
0
10
79.592570209478367
20
-51.07766431804496
30
0
10
79.542681230366128
20
-51.06407248622525
30
0
10
79.488891173693659
20
-51.044753804713203
30
0
10
79.42730765254133
20
-51.024748402139892
30
0
10
79.35408717380254
20
-51.009135391786145
30
0
10
79.265957979021849
20
-51.002355873092398
30
0
10
79.160951286647773
20
-51.007334643615046
30
0
10
79.038280945140713
20
-51.025569942268028
30
0
10
78.897842506550006
20
-51.057667263251773
30
0
10
78.771498829832126
20
-51.094462192354733
30
0
10
78.669027634841285
20
-51.128224313478611
30
0
10
78.597310306690474
20
-51.153452767595589
30
0
10
78.56060082830119
20
-51.166747102942132
30
0
0
LINE
5
398
100
AcDbEntity
8
0
100
AcDbLine
10
78.56060082830119
20
-51.166747102942139
30
0
11
78.532587389238614
21
-51.374144188244713
31
3.8518598887744717e-33
0
SPLINE
5
399
100
AcDbEntity
8
0
100
AcDbSpline
70
4
71
5
72
24
73
18
74
0
42
0.000000001
43
0.0000000001
44
0.0000000001
40
0.13478277032037178
40
0.13478277032037178
40
0.13478277032037178
40
0.13478277032037178
40
0.13478277032037178
40
0.13478277032037178
40
0.20000000000000001
40
0.26666666666666666
40
0.33333333333333331
40
0.39999999999999997
40
0.46666666666666662
40
0.53333333333333333
40
0.59999999999999998
40
0.66666666666666663
40
0.73333333333333328
40
0.79999999999999993
40
0.86666666666666659
40
0.93333333333333324
40
1
40
1
40
1
40
1
40
1
40
1
41
1
41
1
41
1
41
1
41
1
41
1
41
1
41
1
41
1
41
1
41
1
41
1
41
1
41
1
41
1
41
1
41
1
41
1
10
79.644615402333827
20
-51.805587376509479
30
0
10
79.635596425291624
20
-51.796992226577387
30
0
10
79.617323543928137
20
-51.781035259112748
30
0
10
79.589679843857766
20
-51.761326586317715
30
0
10
79.552309494412867
20
-51.743476736219236
30
0
10
79.50394239559607
20
-51.733819038458904
30
0
10
79.452235229838379
20
-51.733688124806314
30
0
10
79.395247431964592
20
-51.738043873385699
30
0
10
79.330563258223691
20
-51.740994106782921
30
0
10
79.255824449310921
20
-51.736622031607034
30
0
10
79.169054725710708
20
-51.719777687964317
30
0
10
79.069131813745813
20
-51.687118764777566
30
0
10
78.955695220428197
20
-51.636992144116306
30
0
10
78.828804879970974
20
-51.568786319242065
30
0
10
78.716750506181299
20
-51.499790603658482
30
0
10
78.626908535024711
20
-51.44005245132405
30
0
10
78.56445436510154
20
-51.39670124934036
30
0
10
78.532587389238614
20
-51.374144188244713
30
0
0
ARC
5
400
100
AcDbEntity
8
0
100
AcDbCircle
10
47.000000000000369
20
-47.000000000000099
30
0
40
32.996432910585213
210
8.7128405644895433e-32
220
-2.2572386640306149e-33
230
1
100
AcDbArc
50
350.38586582975495
51
351.62568109405936
0
SPLINE
5
401
100
AcDbEntity
8
0
100
AcDbSpline
70
4
71
5
72
24
73
18
74
0
42
0.000000001
43
0.0000000001
44
0.0000000001
40
0.13450521797666964
40
0.13450521797666964
40
0.13450521797666964
40
0.13450521797666964
40
0.13450521797666964
40
0.13450521797666964
40
0.20000000000000001
40
0.26666666666666666
40
0.33333333333333331
40
0.39999999999999997
40
0.46666666666666662
40
0.53333333333333333
40
0.59999999999999998
40
0.66666666666666663
40
0.73333333333333328
40
0.79999999999999993
40
0.86666666666666659
40
0.93333333333333324
40
1
40
1
40
1
40
1
40
1
40
1
41
1
41
1
41
1
41
1
41
1
41
1
41
1
41
1
41
1
41
1
41
1
41
1
41
1
41
1
41
1
41
1
41
1
41
1
10
79.532993629834209
20
-52.510799423020067
30
0
10
79.521712904820532
20
-52.516229940707568
30
0
10
79.499358659495712
20
-52.525813785329078
30
0
10
79.466935555279179
20
-52.536071611532627
30
0
10
79.425837520909624
20
-52.541547240297966
30
0
10
79.376807942174466
20
-52.535818514545312
30
0
10
79.327578993173248
20
-52.520002108211585
30
0
10
79.274709828877207
20
-52.498289597559179
30
0
10
79.214085857225371
20
-52.475541404866192
30
0
10
79.141639581697277
20
-52.456659091418167
30
0
10
79.053903289107566
20
-52.445932497875852
30
0
10
78.948778959790559
20
-52.446195147668845
30
0
10
78.82541401557431
20
-52.458908500528736
30
0
10
78.683676948285651
20
-52.484672754923977
30
0
10
78.555809692991204
20
-52.515762246359913
30
0
10
78.451926947838629
20
-52.544893018495316
30
0
10
78.37914996395115
20
-52.566878483477055
30
0
10
78.34188100146396
20
-52.578512467792336
30
0
0
LINE
5
402
100
AcDbEntity
8
0
100
AcDbLine
10
78.34188100146396
20
-52.578512467792329
30
0
11
78.304590935023185
21
-52.784443899839417
31
7.7037197775489434e-33
0
SPLINE
5
403
100
AcDbEntity
8
0
100
AcDbSpline
70
4
71
5
72
24
73
18
74
0
42
0.000000001
43
0.0000000001
44
0.0000000001
40
0.13478277032037178
40
0.13478277032037178
40
0.13478277032037178
40
0.13478277032037178
40
0.13478277032037178
40
0.13478277032037178
40
0.20000000000000001
40
0.26666666666666666
40
0.33333333333333331
40
0.39999999999999997
40
0.46666666666666662
40
0.53333333333333333
40
0.59999999999999998
40
0.66666666666666663
40
0.73333333333333328
40
0.79999999999999993
40
0.86666666666666659
40
0.93333333333333324
40
1
40
1
40
1
40
1
40
1
40
1
41
1
41
1
41
1
41
1
41
1
41
1
41
1
41
1
41
1
41
1
41
1
41
1
41
1
41
1
41
1
41
1
41
1
41
1
10
79.396142584457621
20
-53.265343601674928
30
0
10
79.387518308868707
20
-53.256352471611947
30
0
10
79.369979733719063
20
-53.239591762029349
30
0
10
79.343248095276607
20
-53.218662704642469
30
0
10
79.30671620578336
20
-53.199154213767308
30
0
10
79.25883110038825
20
-53.187336258983024
30
0
10
79.207181873724636
20
-53.184885643932134
30
0
10
79.150056038850195
20
-53.186680258678876
30
0
10
79.085304636047226
20
-53.186725476906147
30
0
10
79.01083723655286
20
-53.179004660136556
30
0
10
78.924910602910444
20
-53.158284368698162
30
0
10
78.826553543717097
20
-53.121175306380451
30
0
10
78.71548009583276
20
-53.066009846375977
30
0
10
78.591777568266806
20
-52.992179786631155
30
0
10
78.482931506849866
20
-52.918226244672006
30
0
10
78.395860142649965
20
-52.854517499887606
30
0
10
78.33541380424262
20
-52.808407953941398
30
0
10
78.304590935023185
20
-52.784443899839417
30
0
0
ARC
5
404
100
AcDbEntity
8
0
100
AcDbCircle
10
47.000000000000369
20
-47.000000000000099
30
0
40
32.99643291058522
210
1.0419112635717105e-31
220
1.5330763694984808e-32
230
1
100
AcDbArc
50
347.81443725832634
51
349.05425252263075
0
SPLINE
5
405
100
AcDbEntity
8
0
100
AcDbSpline
70
4
71
5
72
24
73
18
74
0
42
0.000000001
43
0.0000000001
44
0.0000000001
40
0.13450521797666964
40
0.13450521797666964
40
0.13450521797666964
40
0.13450521797666964
40
0.13450521797666964
40
0.13450521797666964
40
0.20000000000000001
40
0.26666666666666666
40
0.33333333333333331
40
0.39999999999999997
40
0.46666666666666662
40
0.53333333333333333
40
0.59999999999999998
40
0.66666666666666663
40
0.73333333333333328
40
0.79999999999999993
40
0.86666666666666659
40
0.93333333333333324
40
1
40
1
40
1
40
1
40
1
40
1
41
1
41
1
41
1
41
1
41
1
41
1
41
1
41
1
41
1
41
1
41
1
41
1
41
1
41
1
41
1
41
1
41
1
41
1
10
79.252993988827612
20
-53.964837654693802
30
0
10
79.241480983498633
20
-53.969756596397367
30
0
10
79.218719269848322
20
-53.978327871300962
30
0
10
79.18586859790787
20
-53.987120711485979
30
0
10
79.14456628336859
20
-53.99074697031778
30
0
10
79.095843092465742
20
-53.982824309278648
30
0
10
79.047373314127327
20
-53.964815180568387
30
0
10
78.995531513668666
20
-53.940752566882509
30
0
10
78.935989180128246
20
-53.915307395902524
30
0
10
78.8644630049684
20
-53.893193805826598
30
0
10
78.777296303786741
20
-53.878541739367606
30
0
10
78.672266043935849
20
-53.874087739489212
30
0
10
78.548454937590307
20
-53.881253543555275
30
0
10
78.405704681194507
20
-53.900632845582443
30
0
10
78.276571354958705
20
-53.925954289253056
30
0
10
78.171486265668193
20
-53.950395046901711
30
0
10
78.097796189204232
20
-53.969093246947622
30
0
10
78.060042797349723
20
-53.979043450935514
30
0
0
LINE
5
406
100
AcDbEntity
8
0
100
AcDbLine
10
78.060042797349709
20
-53.979043450935521
30
0
11
78.013551200761896
21
-54.183094511228845
31
7.7037197775489434e-33
0
SPLINE
5
407
100
AcDbEntity
8
0
100
AcDbSpline
70
4
71
5
72
24
73
18
74
0
42
0.000000001
43
0.0000000001
44
0.0000000001
40
0.13478277032037178
40
0.13478277032037178
40
0.13478277032037178
40
0.13478277032037178
40
0.13478277032037178
40
0.13478277032037178
40
0.20000000000000001
40
0.26666666666666666
40
0.33333333333333331
40
0.39999999999999997
40
0.46666666666666662
40
0.53333333333333333
40
0.59999999999999998
40
0.66666666666666663
40
0.73333333333333328
40
0.79999999999999993
40
0.86666666666666659
40
0.93333333333333324
40
1
40
1
40
1
40
1
40
1
40
1
41
1
41
1
41
1
41
1
41
1
41
1
41
1
41
1
41
1
41
1
41
1
41
1
41
1
41
1
41
1
41
1
41
1
41
1
10
79.082428246780154
20
-54.712482258634992
30
0
10
79.074216040787832
20
-54.703113255380522
30
0
10
79.057447092208292
20
-54.685582557518522
30
0
10
79.031681349356035
20
-54.663475263876066
30
0
10
78.996061490178164
20
-54.642347419728601
30
0
10
78.948754812434331
20
-54.628393007708524
30
0
10
78.897267539533672
20
-54.623627626471929
30
0
10
78.840118711487563
20
-54.622857493270772
30
0
10
78.775430480330485
20
-54.619997605264587
30
0
10
78.701384457686785
20
-54.608943595598767
30
0
10
78.616473958806964
20
-54.584389084274143
30
0
10
78.519880830412774
20
-54.542904615538419
30
0
10
78.411394215103783
20
-54.482811412085603
30
0
10
78.291128620856995
20
-54.403505801385023
30
0
10
78.185710073294956
20
-54.324743365641844
30
0
10
78.101584666191556
20
-54.257192329340981
30
0
10
78.043267890181212
20
-54.208417297921379
30
0
10
78.013551200761896
20
-54.183094511228845
30
0
0
ARC
5
408
100
AcDbEntity
8
0
100
AcDbCircle
10
47.000000000000369
20
-47.000000000000099
30
0
40
32.99643291058522
210
1.0163435919318713e-31
220
-1.2785690348497815e-33
230
1
100
AcDbArc
50
345.24300868689778
51
346.48282395120219
0
SPLINE
5
409
100
AcDbEntity
8
0
100
AcDbSpline
70
4
71
5
72
24
73
18
74
0
42
0.000000001
43
0.0000000001
44
0.0000000001
40
0.13450521797666964
40
0.13450521797666964
40
0.13450521797666964
40
0.13450521797666964
40
0.13450521797666964
40
0.13450521797666964
40
0.20000000000000001
40
0.26666666666666666
40
0.33333333333333331
40
0.39999999999999997
40
0.46666666666666662
40
0.53333333333333333
40
0.59999999999999998
40
0.66666666666666663
40
0.73333333333333328
40
0.79999999999999993
40
0.86666666666666659
40
0.93333333333333324
40
1
40
1
40
1
40
1
40
1
40
1
41
1
41
1
41
1
41
1
41
1
41
1
41
1
41
1
41
1
41
1
41
1
41
1
41
1
41
1
41
1
41
1
41
1
41
1
10
78.908041110240788
20
-55.40484963022989
30
0
10
78.896319010257045
20
-55.409247089855569
30
0
10
78.873195667343353
20
-55.416788533634261
30
0
10
78.839983584560414
20
-55.424098680190788
30
0
10
78.798560167216266
20
-55.425868266286351
30
0
10
78.750241486168008
20
-55.415767625145719
30
0
10
78.702628490175485
20
-55.395602042047436
30
0
10
78.651918456041059
20
-55.369237784229739
30
0
10
78.593577670947752
20
-55.341146878150809
30
0
10
78.523115640354035
20
-55.315846545274461
30
0
10
78.43669407271625
20
-55.297298513210684
30
0
10
78.331969399297108
20
-55.28813683342392
30
0
10
78.207961469913343
20
-55.289740657720408
30
0
10
78.064485504429172
20
-55.30269598004427
30
0
10
77.934346164585691
20
-55.322198381931862
30
0
10
77.828270358542042
20
-55.341899904660501
30
0
10
77.753815591508712
20
-55.357273184084093
30
0
10
77.715653800593785
20
-55.365519569357957
30
0
0
LINE
5
410
100
AcDbEntity
8
0
100
AcDbLine
10
77.71565380059377
20
-55.365519569357957
30
0
11
77.660054301747209
21
-55.567279326217758
31
3.8518598887744717e-33
0
SPLINE
5
411
100
AcDbEntity
8
0
100
AcDbSpline
70
4
71
5
72
24
73
18
74
0
42
0.000000001
43
0.0000000001
44
0.0000000001
40
0.13478277032037178
40
0.13478277032037178
40
0.13478277032037178
40
0.13478277032037178
40
0.13478277032037178
40
0.13478277032037178
40
0.20000000000000001
40
0.26666666666666666
40
0.33333333333333331
40
0.39999999999999997
40
0.46666666666666662
40
0.53333333333333333
40
0.59999999999999998
40
0.66666666666666663
40
0.73333333333333328
40
0.79999999999999993
40
0.86666666666666659
40
0.93333333333333324
40
1
40
1
40
1
40
1
40
1
40
1
41
1
41
1
41
1
41
1
41
1
41
1
41
1
41
1
41
1
41
1
41
1
41
1
41
1
41
1
41
1
41
1
41
1
41
1
10
78.704104168227602
20
-56.144089002723618
30
0
10
78.696320570121827
20
-56.134360994203341
30
0
10
78.680355018543196
20
-56.116095612554389
30
0
10
78.655607060058273
20
-56.092854603803666
30
0
10
78.620970964851736
20
-56.070149955050255
30
0
10
78.574337984112475
20
-56.05408718812312
30
0
10
78.523116353490337
20
-56.047016637544438
30
0
10
78.466059622406718
20
-56.043683307341141
30
0
10
78.401564836384196
20
-56.037924072535333
30
0
10
78.328089309426531
20
-56.023559131277672
30
0
10
78.244365943753948
20
-55.995219849584828
30
0
10
78.149731271864624
20
-55.949443518630268
30
0
10
78.044049966736537
20
-55.884543591443503
30
0
10
77.92746350471046
20
-55.799922140732903
30
0
10
77.825684769928728
20
-55.716509428269404
30
0
10
77.744674737296094
20
-55.645252139249294
30
0
10
77.688604965908709
20
-55.593909848778495
30
0
10
77.660054301747209
20
-55.567279326217758
30
0
0
ARC
5
412
100
AcDbEntity
8
0
100
AcDbCircle
10
47.000000000000369
20
-47.000000000000099
30
0
40
32.996432910585206
210
8.9708141502635316e-32
220
-2.1658246806860732e-33
230
1
100
AcDbArc
50
342.67158011546923
51
343.91139537977364
0
SPLINE
5
413
100
AcDbEntity
8
0
100
AcDbSpline
70
4
71
5
72
24
73
18
74
0
42
0.000000001
43
0.0000000001
44
0.0000000001
40
0.13450521797666964
40
0.13450521797666964
40
0.13450521797666964
40
0.13450521797666964
40
0.13450521797666964
40
0.13450521797666964
40
0.20000000000000001
40
0.26666666666666666
40
0.33333333333333331
40
0.39999999999999997
40
0.46666666666666662
40
0.53333333333333333
40
0.59999999999999998
40
0.66666666666666663
40
0.73333333333333328
40
0.79999999999999993
40
0.86666666666666659
40
0.93333333333333324
40
1
40
1
40
1
40
1
40
1
40
1
41
1
41
1
41
1
41
1
41
1
41
1
41
1
41
1
41
1
41
1
41
1
41
1
41
1
41
1
41
1
41
1
41
1
41
1
10
78.498829683263921
20
-56.827935357150182
30
0
10
78.48692209537478
20
-56.831802478799503
30
0
10
78.46348369053301
20
-56.83829890398917
30
0
10
78.429977081622383
20
-56.844111635254905
30
0
10
78.388515982723149
20
-56.844020984903338
30
0
10
78.340699118922714
20
-56.831762705008231
30
0
10
78.294038791513557
20
-56.809481278322593
30
0
10
78.244562646963502
20
-56.780868470479703
30
0
10
78.187540900894334
20
-56.750188400648256
30
0
10
78.118284916019093
20
-56.721752276474852
30
0
10
78.032782523461194
20
-56.699345632074476
30
0
10
77.928574338029023
20
-56.685494722783154
30
0
10
77.804619321073531
20
-56.681533337421385
30
0
10
77.660706588001332
20
-56.688038589746895
30
0
10
77.529823317861315
20
-56.701682674609508
30
0
10
77.422970417621059
20
-56.716605286173269
30
0
10
77.347900902010551
20
-56.728622685235699
30
0
10
77.309407564803408
20
-56.73514864467306
30
0
0
LINE
5
414
100
AcDbEntity
8
0
100
AcDbLine
10
77.309407564803422
20
-56.73514864467306
30
0
11
77.244812133689436
21
-56.934210780799731
31
7.7037197775489434e-33
0
SPLINE
5
415
100
AcDbEntity
8
0
100
AcDbSpline
70
4
71
5
72
24
73
18
74
0
42
0.000000001
43
0.0000000001
44
0.0000000001
40
0.13478277032037178
40
0.13478277032037178
40
0.13478277032037178
40
0.13478277032037178
40
0.13478277032037178
40
0.13478277032037178
40
0.20000000000000001
40
0.26666666666666666
40
0.33333333333333331
40
0.39999999999999997
40
0.46666666666666662
40
0.53333333333333333
40
0.59999999999999998
40
0.66666666666666663
40
0.73333333333333328
40
0.79999999999999993
40
0.86666666666666659
40
0.93333333333333324
40
1
40
1
40
1
40
1
40
1
40
1
41
1
41
1
41
1
41
1
41
1
41
1
41
1
41
1
41
1
41
1
41
1
41
1
41
1
41
1
41
1
41
1
41
1
41
1
10
78.261932243145765
20
-57.557280768480126
30
0
10
78.254592928057264
20
-57.54721334560859
30
0
10
78.239462925975658
20
-57.528250064220536
30
0
10
78.215782590952955
20
-57.50392214466018
30
0
10
78.182200012204049
20
-57.479686415441833
30
0
10
78.13633464108652
20
-57.461547641882539
30
0
10
78.085481806290261
20
-57.452186161109665
30
0
10
78.028632076832295
20
-57.446296346787669
30
0
10
77.964460619860233
20
-57.437649363514687
30
0
10
77.89170355852157
20
-57.420002419745146
30
0
10
77.809335933772559
20
-57.387935439225963
30
0
10
77.716850300023054
20
-57.337959433491044
30
0
10
77.614187133160058
20
-57.268383482386646
30
0
10
77.50151459297355
20
-57.178616608006138
30
0
10
77.403580639799017
20
-57.090721600924425
30
0
10
77.325849125061865
20
-57.015901561882039
30
0
10
77.272139275355087
20
-56.962095408900275
30
0
10
77.244812133689436
20
-56.934210780799731
30
0
0
ARC
5
416
100
AcDbEntity
8
0
100
AcDbCircle
10
47.000000000000369
20
-47.000000000000099
30
0
40
32.99643291058522
210
8.9520642016571835e-32
220
-6.1883843889251583e-33
230
1
100
AcDbArc
50
340.10015154404073
51
341.33996680834503
0
SPLINE
5
417
100
AcDbEntity
8
0
100
AcDbSpline
70
4
71
5
72
24
73
18
74
0
42
0.000000001
43
0.0000000001
44
0.0000000001
40
0.13450521797666964
40
0.13450521797666964
40
0.13450521797666964
40
0.13450521797666964
40
0.13450521797666964
40
0.13450521797666964
40
0.20000000000000001
40
0.26666666666666666
40
0.33333333333333331
40
0.39999999999999997
40
0.46666666666666662
40
0.53333333333333333
40
0.59999999999999998
40
0.66666666666666663
40
0.73333333333333328
40
0.79999999999999993
40
0.86666666666666659
40
0.93333333333333324
40
1
40
1
40
1
40
1
40
1
40
1
41
1
41
1
41
1
41
1
41
1
41
1
41
1
41
1
41
1
41
1
41
1
41
1
41
1
41
1
41
1
41
1
41
1
41
1
10
78.026183805252046
20
-58.231228930188635
30
0
10
78.014114709754821
20
-58.234557925993258
30
0
10
77.990408444813099
20
-58.23999624965812
30
0
10
77.956674787625943
20
-58.244299859565857
30
0
10
77.915259504307087
20
-58.242349155324916
30
0
10
77.868040754554585
20
-58.227957923219662
30
0
10
77.822427063418488
20
-58.203605524774758
30
0
10
77.774284446823515
20
-58.1728017892938
30
0
10
77.718696573986449
20
-58.139594341287506
30
0
10
77.650786107166482
20
-58.108079692386774
30
0
10
77.566375080128196
20
-58.081859559649658
30
0
10
77.462893244100158
20
-58.063347314741797
30
0
10
77.339240768480821
20
-58.05382869742467
30
0
10
77.195181088912705
20
-58.053870779039407
30
0
10
77.063817469963922
20
-58.061629069505898
30
0
10
76.956402663047896
20
-58.07174271775105
30
0
10
76.880869578874183
20
-58.080380035009924
30
0
10
76.842122215833186
20
-58.085172426196941
30
0
0
LINE
5
418
100
AcDbEntity
8
0
100
AcDbLine
10
76.842122215833186
20
-58.085172426196941
30
0
11
76.768660939053547
21
-58.281136056940056
31
7.7037197775489434e-33
0
SPLINE
5
419
100
AcDbEntity
8
0
100
AcDbSpline
70
4
71
5
72
24
73
18
74
0
42
0.000000001
43
0.0000000001
44
0.0000000001
40
0.13478277032037178
40
0.13478277032037178
40
0.13478277032037178
40
0.13478277032037178
40
0.13478277032037178
40
0.13478277032037178
40
0.20000000000000001
40
0.26666666666666666
40
0.33333333333333331
40
0.39999999999999997
40
0.46666666666666662
40
0.53333333333333333
40
0.59999999999999998
40
0.66666666666666663
40
0.73333333333333328
40
0.79999999999999993
40
0.86666666666666659
40
0.93333333333333324
40
1
40
1
40
1
40
1
40
1
40
1
41
1
41
1
41
1
41
1
41
1
41
1
41
1
41
1
41
1
41
1
41
1
41
1
41
1
41
1
41
1
41
1
41
1
41
1
10
77.756802946946365
20
-58.949211575759605
30
0
10
77.749922695278983
20
-58.938825012986669
30
0
10
77.735658712505085
20
-58.919202021384535
30
0
10
77.713093689987886
20
-58.893836184206918
30
0
10
77.680632258540953
20
-58.868118182056904
30
0
10
77.635626863798691
20
-58.847939930941479
30
0
10
77.585245235669959
20
-58.836306372750833
30
0
10
77.528716995627065
20
-58.827871935612336
30
0
10
77.464998100479704
20
-58.816354617745731
30
0
10
77.393106027798893
20
-58.795461210060544
30
0
10
77.312260021407994
20
-58.759731109346234
30
0
10
77.222109679556453
20
-58.705656073855593
30
0
10
77.12267140091393
20
-58.631544215539726
30
0
10
77.014139690068191
20
-58.53681269602788
30
0
10
76.920247744449227
20
-58.444612403174922
30
0
10
76.845951288533513
20
-58.366380291711657
30
0
10
76.794709524996804
20
-58.310218634650369
30
0
10
76.768660939053547
20
-58.281136056940056
30
0
0
ARC
5
420
100
AcDbEntity
8
0
100
AcDbCircle
10
47.000000000000369
20
-47.000000000000099
30
0
40
32.996432910585213
210
9.8575316110535463e-32
220
1.2581633808778099e-32
230
1
100
AcDbArc
50
337.52872297261212
51
338.76853823691653
0
SPLINE
5
421
100
AcDbEntity
8
0
100
AcDbSpline
70
4
71
5
72
24
73
18
74
0
42
0.000000001
43
0.0000000001
44
0.0000000001
40
0.13450521797666964
40
0.13450521797666964
40
0.13450521797666964
40
0.13450521797666964
40
0.13450521797666964
40
0.13450521797666964
40
0.20000000000000001
40
0.26666666666666666
40
0.33333333333333331
40
0.39999999999999997
40
0.46666666666666662
40
0.53333333333333333
40
0.59999999999999998
40
0.66666666666666663
40
0.73333333333333328
40
0.79999999999999993
40
0.86666666666666659
40
0.93333333333333324
40
1
40
1
40
1
40
1
40
1
40
1
41
1
41
1
41
1
41
1
41
1
41
1
41
1
41
1
41
1
41
1
41
1
41
1
41
1
41
1
41
1
41
1
41
1
41
1
10
77.491055322102497
20
-59.611904302843193
30
0
10
77.478849024549334
20
-59.614688468648595
30
0
10
77.454922640770334
20
-59.619057738728536
30
0
10
77.42102987040289
20
-59.621843560380661
30
0
10
77.379743807533345
20
-59.618036730709051
30
0
10
77.333218264106776
20
-59.601541528419915
30
0
10
77.28874306914733
20
-59.575167200705337
30
0
10
77.242030933330312
20
-59.542234572210113
30
0
10
77.187988880303479
20
-59.506566621409917
30
0
10
77.121560694181241
20
-59.472036914090708
30
0
10
77.038411025237366
20
-59.442056096874751
30
0
10
76.935863937259597
20
-59.418919797547915
30
0
10
76.812763022606305
20
-59.40386311750396
30
0
10
76.6688465135651
20
-59.397441943661136
30
0
10
76.537267094653899
20
-59.399298815567015
30
0
10
76.42950670018817
20
-59.404583132951949
30
0
10
76.353662161030641
20
-59.409822973999766
30
0
10
76.314738804188352
20
-59.412872145698394
30
0
0
LINE
5
422
100
AcDbEntity
8
0
100
AcDbLine
10
76.314738804188352
20
-59.412872145698394
30
0
11
76.232559622978044
21
-59.60534262638496
31
7.7037197775489434e-33
0
SPLINE
5
423
100
AcDbEntity
8
0
100
AcDbSpline
70
4
71
5
72
24
73
18
74
0
42
0.000000001
43
0.0000000001
44
0.0000000001
40
0.13478277032037178
40
0.13478277032037178
40
0.13478277032037178
40
0.13478277032037178
40
0.13478277032037178
40
0.13478277032037178
40
0.20000000000000001
40
0.26666666666666666
40
0.33333333333333331
40
0.39999999999999997
40
0.46666666666666662
40
0.53333333333333333
40
0.59999999999999998
40
0.66666666666666663
40
0.73333333333333328
40
0.79999999999999993
40
0.86666666666666659
40
0.93333333333333324
40
1
40
1
40
1
40
1
40
1
40
1
41
1
41
1
41
1
41
1
41
1
41
1
41
1
41
1
41
1
41
1
41
1
41
1
41
1
41
1
41
1
41
1
41
1
41
1
10
77.189733542808028
20
-60.317078261158031
30
0
10
77.183326210472984
20
-60.306393475638835
30
0
10
77.169956972769796
20
-60.286150291916236
30
0
10
77.148552705710443
20
-60.259797620541697
30
0
10
77.117277794568366
20
-60.232649138093741
30
0
10
77.073223011076962
20
-60.210472045734519
30
0
10
77.023414051509889
20
-60.196589838564094
30
0
10
76.967321141234564
20
-60.185627764443012
30
0
10
76.904183129286864
20
-60.171263306328214
30
0
10
76.833300826330685
20
-60.147165511269932
30
0
10
76.754139251395586
20
-60.10784424602825
30
0
10
76.66650575223305
20
-60.049779080706926
30
0
10
76.570492617270659
20
-59.971280566599233
30
0
10
76.466320304187647
20
-59.871775178629221
30
0
10
76.376659452007345
20
-59.775455279124557
30
0
10
76.305947678087719
20
-59.693968644301577
30
0
10
76.25727719481344
20
-59.635564585263943
30
0
10
76.232559622978044
20
-59.60534262638496
30
0
0
ARC
5
424
100
AcDbEntity
8
0
100
AcDbCircle
10
47.000000000000369
20
-47.000000000000099
30
0
40
32.996432910585213
210
1.0425802742405776e-31
220
1.9313620287869515e-32
230
1
100
AcDbArc
50
334.95729440118362
51
336.19710966548786
0
SPLINE
5
425
100
AcDbEntity
8
0
100
AcDbSpline
70
4
71
5
72
24
73
18
74
0
42
0.000000001
43
0.0000000001
44
0.0000000001
40
0.13450521797666964
40
0.13450521797666964
40
0.13450521797666964
40
0.13450521797666964
40
0.13450521797666964
40
0.13450521797666964
40
0.20000000000000001
40
0.26666666666666666
40
0.33333333333333331
40
0.39999999999999997
40
0.46666666666666662
40
0.53333333333333333
40
0.59999999999999998
40
0.66666666666666663
40
0.73333333333333328
40
0.79999999999999993
40
0.86666666666666659
40
0.93333333333333324
40
1
40
1
40
1
40
1
40
1
40
1
41
1
41
1
41
1
41
1
41
1
41
1
41
1
41
1
41
1
41
1
41
1
41
1
41
1
41
1
41
1
41
1
41
1
41
1
10
76.89452191136408
20
-60.96718097865719
30
0
10
76.882202993613802
20
-60.969414707523946
30
0
10
76.85810467555028
20
-60.972706124890514
30
0
10
76.82412104753152
20
-60.973968548012976
30
0
10
76.783047349747434
20
-60.96831325935905
30
0
10
76.737308708899533
20
-60.949747306028215
30
0
10
76.69406157724049
20
-60.92140416342999
30
0
10
76.648873994226392
20
-60.886408963851537
30
0
10
76.596486594512541
20
-60.848352340763554
30
0
10
76.531674466614419
20
-60.810877113261093
30
0
10
76.449953608132461
20
-60.777195988942253
30
0
10
76.348547784392892
20
-60.74948222862426
30
0
10
76.226246339565179
20
-60.728917808003317
30
0
10
76.082762829747281
20
-60.716046310092501
30
0
10
75.951232594312415
20
-60.711998023944858
30
0
10
75.843343627390396
20
-60.712442368557582
30
0
10
75.767340374057355
20
-60.71427418105182
30
0
10
75.728319409874416
20
-60.715573992636038
30
0
0
LINE
5
426
100
AcDbEntity
8
0
100
AcDbLine
10
75.72831940987443
20
-60.715573992636038
30
0
11
75.637587822167802
21
-60.904163713332466
31
1.3481509610710651e-32
0
SPLINE
5
427
100
AcDbEntity
8
0
100
AcDbSpline
70
4
71
5
72
24
73
18
74
0
42
0.000000001
43
0.0000000001
44
0.0000000001
40
0.13478277032037178
40
0.13478277032037178
40
0.13478277032037178
40
0.13478277032037178
40
0.13478277032037178
40
0.13478277032037178
40
0.20000000000000001
40
0.26666666666666666
40
0.33333333333333331
40
0.39999999999999997
40
0.46666666666666662
40
0.53333333333333333
40
0.59999999999999998
40
0.66666666666666663
40
0.73333333333333328
40
0.79999999999999993
40
0.86666666666666659
40
0.93333333333333324
40
1
40
1
40
1
40
1
40
1
40
1
41
1
41
1
41
1
41
1
41
1
41
1
41
1
41
1
41
1
41
1
41
1
41
1
41
1
41
1
41
1
41
1
41
1
41
1
10
76.561866033043614
20
-61.658126123210231
30
0
10
76.555944523555539
20
-61.64716463268087
30
0
10
76.54349695478858
20
-61.626342023915797
30
0
10
76.523296548532372
20
-61.599055589117398
30
0
10
76.493271141204048
20
-61.570531299802155
30
0
10
76.450255689434513
20
-61.546400027911773
30
0
10
76.401119707044955
20
-61.530297128679308
30
0
10
76.34557509019352
20
-61.516829493734079
30
0
10
76.283145112998952
20
-61.499646823478066
30
0
10
76.213415327292367
20
-61.472393170798924
30
0
10
76.136097604689951
20
-61.429559928825114
30
0
10
76.051157430421227
20
-61.367621569188586
30
0
10
75.958762796815108
20
-61.284894484849701
30
0
10
75.859159670669854
20
-61.180815619030469
30
0
10
75.77391047695221
20
-61.080570088333204
30
0
10
75.706925789130835
20
-60.995993033388565
30
0
10
75.660924601995134
20
-60.935464190376933
30
0
10
75.637587822167802
20
-60.904163713332466
30
0
0
ARC
5
428
100
AcDbEntity
8
0
100
AcDbCircle
10
47.000000000000369
20
-47.000000000000099
30
0
40
32.99643291058522
210
9.9306289828042988e-32
220
3.6947606389185926e-33
230
1
100
AcDbArc
50
332.38586582975506
51
333.62568109405936
0
SPLINE
5
429
100
AcDbEntity
8
0
100
AcDbSpline
70
4
71
5
72
24
73
18
74
0
42
0.000000001
43
0.0000000001
44
0.0000000001
40
0.13450521797666964
40
0.13450521797666964
40
0.13450521797666964
40
0.13450521797666964
40
0.13450521797666964
40
0.13450521797666964
40
0.20000000000000001
40
0.26666666666666666
40
0.33333333333333331
40
0.39999999999999997
40
0.46666666666666662
40
0.53333333333333333
40
0.59999999999999998
40
0.66666666666666663
40
0.73333333333333328
40
0.79999999999999993
40
0.86666666666666659
40
0.93333333333333324
40
1
40
1
40
1
40
1
40
1
40
1
41
1
41
1
41
1
41
1
41
1
41
1
41
1
41
1
41
1
41
1
41
1
41
1
41
1
41
1
41
1
41
1
41
1
41
1
10
76.237784911937737
20
-62.294329610769346
30
0
10
76.225378182651269
20
-62.296008404264818
30
0
10
76.201156461108724
20
-62.298215340441459
30
0
10
76.167150413942849
20
-62.29795182268208
30
0
10
76.126371798205369
20
-62.290459464044559
30
0
10
76.081512171471786
20
-62.269860149031217
30
0
10
76.039580197080866
20
-62.239605270866569
30
0
10
75.996008168648189
20
-62.202617975879591
30
0
10
75.945380923498476
20
-62.162249321478058
30
0
10
75.882315376824721
20
-62.121904043913247
30
0
10
75.802187903738002
20
-62.084590441793495
30
0
10
75.702127562070331
20
-62.052355032309407
30
0
10
75.580871885901871
20
-62.02632428511783
30
0
10
75.438110332000903
20
-62.007028384622842
30
0
10
75.306894164432151
20
-61.997083093131231
30
0
10
75.199093899075081
20
-61.992686570120846
30
0
10
75.123084992003996
20
-61.991106665034927
30
0
10
75.084045003509274
20
-61.990654498857182
30
0
0
LINE
5
430
100
AcDbEntity
8
0
100
AcDbLine
10
75.084045003509274
20
-61.990654498857189
30
0
11
74.984943730649178
21
-62.174983664963975
31
5.7777898331617076e-33
0
SPLINE
5
431
100
AcDbEntity
8
0
100
AcDbSpline
70
4
71
5
72
24
73
18
74
0
42
0.000000001
43
0.0000000001
44
0.0000000001
40
0.13478277032037178
40
0.13478277032037178
40
0.13478277032037178
40
0.13478277032037178
40
0.13478277032037178
40
0.13478277032037178
40
0.20000000000000001
40
0.26666666666666666
40
0.33333333333333331
40
0.39999999999999997
40
0.46666666666666662
40
0.53333333333333333
40
0.59999999999999998
40
0.66666666666666663
40
0.73333333333333328
40
0.79999999999999993
40
0.86666666666666659
40
0.93333333333333324
40
1
40
1
40
1
40
1
40
1
40
1
41
1
41
1
41
1
41
1
41
1
41
1
41
1
41
1
41
1
41
1
41
1
41
1
41
1
41
1
41
1
41
1
41
1
41
1
10
75.87446485925949
20
-62.969654469992292
30
0
10
75.869041097750426
20
-62.958438349435887
30
0
10
75.857540265666628
20
-62.937078249591274
30
0
10
75.838584401143478
20
-62.908913002617346
30
0
10
75.8098689648034
20
-62.879070350557413
30
0
10
75.767979472150998
20
-62.853033496306011
30
0
10
75.719615420268354
20
-62.834742334107546
30
0
10
75.664730956307125
20
-62.818796260362618
30
0
10
75.603134739531427
20
-62.798829981576588
30
0
10
75.534697897583015
20
-62.768475356506094
30
0
10
75.459379734916951
20
-62.722216398249124
30
0
10
75.377303943748984
20
-62.656529579910782
30
0
10
75.288713881995093
20
-62.569740526679027
30
0
10
75.193880530228199
20
-62.461297783995235
30
0
10
75.113214675504153
20
-62.357328503263254
30
0
10
75.050091972027801
20
-62.269831355129888
30
0
10
75.006852721299595
20
-62.20729962517872
30
0
10
74.984943730649164
20
-62.174983664963989
30
0
0
ARC
5
432
100
AcDbEntity
8
0
100
AcDbCircle
10
47.000000000000369
20
-47.000000000000099
30
0
40
32.996432910585199
210
1.1002663120124802e-31
220
-6.9618346056969245e-33
230
1
100
AcDbArc
50
329.81443725832645
51
331.0542525226308
0
SPLINE
5
433
100
AcDbEntity
8
0
100
AcDbSpline
70
4
71
5
72
24
73
18
74
0
42
0.000000001
43
0.0000000001
44
0.0000000001
40
0.13450521797666964
40
0.13450521797666964
40
0.13450521797666964
40
0.13450521797666964
40
0.13450521797666964
40
0.13450521797666964
40
0.20000000000000001
40
0.26666666666666666
40
0.33333333333333331
40
0.39999999999999997
40
0.46666666666666662
40
0.53333333333333333
40
0.59999999999999998
40
0.66666666666666663
40
0.73333333333333328
40
0.79999999999999993
40
0.86666666666666659
40
0.93333333333333324
40
1
40
1
40
1
40
1
40
1
40
1
41
1
41
1
41
1
41
1
41
1
41
1
41
1
41
1
41
1
41
1
41
1
41
1
41
1
41
1
41
1
41
1
41
1
41
1
10
75.522166904740047
20
-63.590677498455022
30
0
10
75.509697349419028
20
-63.591797975712502
30
0
10
75.485401003721194
20
-63.59291598622346
30
0
10
75.451441021061569
20
-63.591127058271944
30
0
10
75.411039610075875
20
-63.581812718264032
30
0
10
75.367149338774794
20
-63.559221525847221
30
0
10
75.32661696706802
20
-63.527115841414378
30
0
10
75.284748241483342
20
-63.488210938508601
30
0
10
75.235983107431906
20
-63.445611549891112
30
0
10
75.174791147600558
20
-63.402477472283692
30
0
10
75.096418425976339
20
-63.361606536991943
30
0
10
74.997905074592339
20
-63.324914396166477
30
0
10
74.877939359877914
20
-63.293469744864865
30
0
10
74.736187264664366
20
-63.26778830116136
30
0
10
74.605549416860612
20
-63.251966032819297
30
0
10
74.498054948456584
20
-63.242737496198053
30
0
10
74.422193459470833
20
-63.237749055250546
30
0
10
74.383213068005603
20
-63.235545821913355
30
0
0
LINE
5
434
100
AcDbEntity
8
0
100
AcDbLine
10
74.383213068005617
20
-63.235545821913348
30
0
11
74.275941686766927
21
-63.415243219021001
31
1.1555579666323415e-32
0
SPLINE
5
435
100
AcDbEntity
8
0
100
AcDbSpline
70
4
71
5
72
24
73
18
74
0
42
0.000000001
43
0.0000000001
44
0.0000000001
40
0.13478277032037178
40
0.13478277032037178
40
0.13478277032037178
40
0.13478277032037178
40
0.13478277032037178
40
0.13478277032037178
40
0.20000000000000001
40
0.26666666666666666
40
0.33333333333333331
40
0.39999999999999997
40
0.46666666666666662
40
0.53333333333333333
40
0.59999999999999998
40
0.66666666666666663
40
0.73333333333333328
40
0.79999999999999993
40
0.86666666666666659
40
0.93333333333333324
40
1
40
1
40
1
40
1
40
1
40
1
41
1
41
1
41
1
41
1
41
1
41
1
41
1
41
1
41
1
41
1
41
1
41
1
41
1
41
1
41
1
41
1
41
1
41
1
10
75.128914355938534
20
-64.249022057955386
30
0
10
75.123999265142359
20
-64.237573895146085
30
0
10
75.113468330886988
20
-64.215719320620352
30
0
10
75.095795182685322
20
-64.186731982530006
30
0
10
75.068447546400762
20
-64.155631066855079
30
0
10
75.027768372728929
20
-64.127741065002056
30
0
10
74.980273650117255
20
-64.107298475804043
30
0
10
74.926159869052469
20
-64.088906076529796
30
0
10
74.865521459278838
20
-64.066196398642035
30
0
10
74.79851538378054
20
-64.032801931355408
30
0
10
74.725348461806902
20
-63.983210416200961
30
0
10
74.646302343460221
20
-63.913907423671155
30
0
10
74.561695262153137
20
-63.823231183149609
30
0
10
74.471822666514399
20
-63.710642952853192
30
0
10
74.395902601080152
20
-63.603159302381378
30
0
10
74.336769002673094
20
-63.512918268671285
30
0
10
74.296378766448953
20
-63.448509582362831
30
0
10
74.275941686766927
20
-63.415243219021001
30
0
0
ARC
5
436
100
AcDbEntity
8
0
100
AcDbCircle
10
47.000000000000369
20
-47.000000000000099
30
0
40
32.996432910585213
210
1.2294208032295158e-31
220
8.8404343264670558e-33
230
1
100
AcDbArc
50
327.24300868689789
51
328.48282395120219
0
SPLINE
5
437
100
AcDbEntity
8
0
100
AcDbSpline
70
4
71
5
72
24
73
18
74
0
42
0.000000001
43
0.0000000001
44
0.0000000001
40
0.13450521797666964
40
0.13450521797666964
40
0.13450521797666964
40
0.13450521797666964
40
0.13450521797666964
40
0.13450521797666964
40
0.20000000000000001
40
0.26666666666666666
40
0.33333333333333331
40
0.39999999999999997
40
0.46666666666666662
40
0.53333333333333333
40
0.59999999999999998
40
0.66666666666666663
40
0.73333333333333328
40
0.79999999999999993
40
0.86666666666666659
40
0.93333333333333324
40
1
40
1
40
1
40
1
40
1
40
1
41
1
41
1
41
1
41
1
41
1
41
1
41
1
41
1
41
1
41
1
41
1
41
1
41
1
41
1
41
1
41
1
41
1
41
1
10
74.749109049201166
20
-64.853613969589773
30
0
10
74.73660177987054
20
-64.85417387411718
30
0
10
74.712279739624208
20
-64.854200707438096
30
0
10
74.678434212356436
20
-64.850889971957244
30
0
10
74.63849136918752
20
-64.839772408420146
30
0
10
74.595658842484326
20
-64.815234834254881
30
0
10
74.556607700264152
20
-64.781343000129567
30
0
10
74.51652659556882
20
-64.740598838601912
30
0
10
74.469721779105825
20
-64.695854505267903
30
0
10
74.410526638580421
20
-64.650018493909784
30
0
10
74.334066500649982
20
-64.605672534070479
30
0
10
74.23729853232895
20
-64.56459755499219
30
0
10
74.118864374052663
20
-64.527802324923528
30
0
10
73.978407207381522
20
-64.49578705702136
30
0
10
73.848610766582624
20
-64.474119675771604
30
0
10
73.741638574685339
20
-64.460077710584102
30
0
10
73.666077278727911
20
-64.45169077983121
30
0
10
73.627234985612972
20
-64.447740916353297
30
0
0
LINE
5
438
100
AcDbEntity
8
0
100
AcDbLine
10
73.627234985612958
20
-64.447740916353297
30
0
11
73.51200952628156
21
-64.622444657818619
31
7.7037197775489434e-33
0
SPLINE
5
439
100
AcDbEntity
8
0
100
AcDbSpline
70
4
71
5
72
24
73
18
74
0
42
0.000000001
43
0.0000000001
44
0.0000000001
40
0.13478277032037178
40
0.13478277032037178
40
0.13478277032037178
40
0.13478277032037178
40
0.13478277032037178
40
0.13478277032037178
40
0.20000000000000001
40
0.26666666666666666
40
0.33333333333333331
40
0.39999999999999997
40
0.46666666666666662
40
0.53333333333333333
40
0.59999999999999998
40
0.66666666666666663
40
0.73333333333333328
40
0.79999999999999993
40
0.86666666666666659
40
0.93333333333333324
40
1
40
1
40
1
40
1
40
1
40
1
41
1
41
1
41
1
41
1
41
1
41
1
41
1
41
1
41
1
41
1
41
1
41
1
41
1
41
1
41
1
41
1
41
1
41
1
10
74.326715962574582
20
-65.493652411038937
30
0
10
74.322319440830057
20
-65.481995261053086
30
0
10
74.312779612303203
20
-65.459690224050874
30
0
10
74.296424771791521
20
-65.429939171485287
30
0
10
74.270500010062449
20
-65.397642625300563
30
0
10
74.231113077813276
20
-65.367955642597991
30
0
10
74.184583332523218
20
-65.345402795054497
30
0
10
74.131349212308336
20
-65.324601110095372
30
0
10
74.07179072722414
20
-65.299193767374902
30
0
10
74.006350359494647
20
-65.262826709885033
30
0
10
73.935482026657041
20
-65.210002508544832
30
0
10
73.859624769494346
20
-65.137222908827511
30
0
10
73.779171056036091
20
-65.042842090897167
30
0
10
73.694440207972633
20
-64.926335110700393
30
0
10
73.623418824736333
20
-64.815553548256588
30
0
10
73.568393418596088
20
-64.722750362402138
30
0
10
73.530933537436539
20
-64.656594430258949
30
0
10
73.512009526281545
20
-64.622444657818619
30
0
0
ARC
5
440
100
AcDbEntity
8
0
100
AcDbCircle
10
47.000000000000369
20
-47.000000000000099
30
0
40
32.996432910585206
210
1.0895964228858286e-31
220
-1.6796519488173441e-32
230
1
100
AcDbArc
50
324.67158011546934
51
325.91139537977358
0
SPLINE
5
441
100
AcDbEntity
8
0
100
AcDbSpline
70
4
71
5
72
24
73
18
74
0
42
0.000000001
43
0.0000000001
44
0.0000000001
40
0.13450521797666964
40
0.13450521797666964
40
0.13450521797666964
40
0.13450521797666964
40
0.13450521797666964
40
0.13450521797666964
40
0.20000000000000001
40
0.26666666666666666
40
0.33333333333333331
40
0.39999999999999997
40
0.46666666666666662
40
0.53333333333333333
40
0.59999999999999998
40
0.66666666666666663
40
0.73333333333333328
40
0.79999999999999993
40
0.86666666666666659
40
0.93333333333333324
40
1
40
1
40
1
40
1
40
1
40
1
41
1
41
1
41
1
41
1
41
1
41
1
41
1
41
1
41
1
41
1
41
1
41
1
41
1
41
1
41
1
41
1
41
1
41
1
10
73.920168180961582
20
-66.080595638195675
30
0
10
73.907648385597312
20
-66.080593842419816
30
0
10
73.88334963215469
20
-66.079529444511934
30
0
10
73.849686720666426
20
-66.074703568882413
30
0
10
73.810282884884757
20
-66.06180517110954
30
0
10
73.768594361787933
20
-66.03537063060466
30
0
10
73.731103092857765
20
-65.999760900430417
30
0
10
73.692890327062514
20
-65.95725953359981
30
0
10
73.648140086859428
20
-65.910460364681924
30
0
10
73.59106097677514
20
-65.862014727200005
30
0
10
73.516667403080746
20
-65.814283049674614
30
0
10
73.421839695632755
20
-65.76890795188497
30
0
10
73.305175604427816
20
-65.726836243745822
30
0
10
73.166296228340371
20
-65.688551626133886
30
0
10
73.037602587304448
20
-65.661082767198721
30
0
10
72.931368099672255
20
-65.642255652094093
30
0
10
72.856259167137281
20
-65.630487121698195
30
0
10
72.817633195581749
20
-65.624798582578961
30
0
0
LINE
5
442
100
AcDbEntity
8
0
100
AcDbLine
10
72.817633195581749
20
-65.624798582578961
30
0
11
72.694685706898184
21
-65.794156838316667
31
1.5407439555097887e-32
0
SPLINE
5
443
100
AcDbEntity
8
0
100
AcDbSpline
70
4
71
5
72
24
73
18
74
0
42
0.000000001
43
0.0000000001
44
0.0000000001
40
0.13478277032037178
40
0.13478277032037178
40
0.13478277032037178
40
0.13478277032037178
40
0.13478277032037178
40
0.13478277032037178
40
0.20000000000000001
40
0.26666666666666666
40
0.33333333333333331
40
0.39999999999999997
40
0.46666666666666662
40
0.53333333333333333
40
0.59999999999999998
40
0.66666666666666663
40
0.73333333333333328
40
0.79999999999999993
40
0.86666666666666659
40
0.93333333333333324
40
1
40
1
40
1
40
1
40
1
40
1
41
1
41
1
41
1
41
1
41
1
41
1
41
1
41
1
41
1
41
1
41
1
41
1
41
1
41
1
41
1
41
1
41
1
41
1
10
73.469485199973235
20
-66.70103900935058
30
0
10
73.465616101290024
20
-66.689196348136875
30
0
10
73.457086590436788
20
-66.666485768034278
30
0
10
73.442082994087329
20
-66.636030915654004
30
0
10
73.417633315933728
20
-66.602603779905365
30
0
10
73.379617945147046
20
-66.571179601985591
30
0
10
73.334146881893304
20
-66.546561914530173
30
0
10
73.281899628961909
20
-66.523392835711348
30
0
10
73.223541011429901
20
-66.495338995165113
30
0
10
73.159798139660836
20
-66.456072585885963
30
0
10
73.09137111535027
20
-66.400122079271554
30
0
10
73.018855485792187
20
-66.324012440794831
30
0
10
72.942717163254684
20
-66.226117115862522
30
0
10
72.863298699418294
20
-66.10592601531846
30
0
10
72.797319025994071
20
-65.992069640226333
30
0
10
72.746512625965707
20
-65.896891195493353
30
0
10
72.712058539086129
20
-65.829121246758547
30
0
10
72.694685706898184
20
-65.794156838316667
30
0
0
ARC
5
444
100
AcDbEntity
8
0
100
AcDbCircle
10
47.000000000000369
20
-47.000000000000099
30
0
40
32.996432910585199
210
1.080963541818001e-31
220
-2.1668062377041374e-32
230
1
100
AcDbArc
50
322.10015154404078
51
323.33996680834508
0
SPLINE
5
445
100
AcDbEntity
8
0
100
AcDbSpline
70
4
71
5
72
24
73
18
74
0
42
0.000000001
43
0.0000000001
44
0.0000000001
40
0.13450521797666964
40
0.13450521797666964
40
0.13450521797666964
40
0.13450521797666964
40
0.13450521797666964
40
0.13450521797666964
40
0.20000000000000001
40
0.26666666666666666
40
0.33333333333333331
40
0.39999999999999997
40
0.46666666666666662
40
0.53333333333333333
40
0.59999999999999998
40
0.66666666666666663
40
0.73333333333333328
40
0.79999999999999993
40
0.86666666666666659
40
0.93333333333333324
40
1
40
1
40
1
40
1
40
1
40
1
41
1
41
1
41
1
41
1
41
1
41
1
41
1
41
1
41
1
41
1
41
1
41
1
41
1
41
1
41
1
41
1
41
1
41
1
10
73.037013676612318
20
-67.269151526482077
30
0
10
73.024506568416058
20
-67.268588034019402
30
0
10
73.000280036232851
20
-67.266434548438454
30
0
10
72.966867533147891
20
-67.260103251331557
30
0
10
72.928082058834732
20
-67.245449994979452
30
0
10
72.88762149448182
20
-67.217171723781576
30
0
10
72.851765601267843
20
-67.179915810815913
30
0
10
72.815498129797547
20
-67.13574283077898
30
0
10
72.772892586882634
20
-67.086983073575254
30
0
10
72.718044456970929
20
-67.036025373036153
30
0
10
72.645867266269534
20
-66.985004103070935
30
0
10
72.553170790077459
20
-66.935420265978266
30
0
10
72.43851171189759
20
-66.888156806589791
30
0
10
72.301489810974843
20
-66.843679939392942
30
0
10
72.174158141568057
20
-66.810464921398648
30
0
10
72.068875300321082
20
-66.786890571681155
30
0
10
71.994369990603005
20
-66.771764141896284
30
0
10
71.956038128173134
20
-66.764348383096447
30
0
0
LINE
5
446
100
AcDbEntity
8
0
100
AcDbLine
10
71.956038128173134
20
-66.764348383096447
30
0
11
71.825616210017444
21
-66.928020088118146
31
1.5407439555097887e-32
0
SPLINE
5
447
100
AcDbEntity
8
0
100
AcDbSpline
70
4
71
5
72
24
73
18
74
0
42
0.000000001
43
0.0000000001
44
0.0000000001
40
0.13478277032037178
40
0.13478277032037178
40
0.13478277032037178
40
0.13478277032037178
40
0.13478277032037178
40
0.13478277032037178
40
0.20000000000000001
40
0.26666666666666666
40
0.33333333333333331
40
0.39999999999999997
40
0.46666666666666662
40
0.53333333333333333
40
0.59999999999999998
40
0.66666666666666663
40
0.73333333333333328
40
0.79999999999999993
40
0.86666666666666659
40
0.93333333333333324
40
1
40
1
40
1
40
1
40
1
40
1
41
1
41
1
41
1
41
1
41
1
41
1
41
1
41
1
41
1
41
1
41
1
41
1
41
1
41
1
41
1
41
1
41
1
41
1
10
72.558948416807809
20
-67.86875033696343
30
0
10
72.555614533035779
20
-67.856746014065521
30
0
10
72.548112517155872
20
-67.833675626948491
30
0
10
72.534490380214976
20
-67.802578306773171
30
0
10
72.511565024034823
20
-67.768087899263477
30
0
10
72.474997772608205
20
-67.734989810238787
30
0
10
72.430676964060751
20
-67.708356859617822
30
0
10
72.379521797427046
20
-67.682867046380608
30
0
10
72.322480573936417
20
-67.652223204709998
30
0
10
72.260563567788495
20
-67.61013652096419
30
0
10
72.19471565492546
20
-67.551172385949826
30
0
10
72.125687689799335
20
-67.471885983396731
30
0
10
72.054018090631487
20
-67.370673299618744
30
0
10
71.980071949239118
20
-67.247040127608543
30
0
10
71.919266859908475
20
-67.130338231455212
30
0
10
71.872781783320193
20
-67.03297620456479
30
0
10
71.841402876666336
20
-66.963728718896121
30
0
10
71.825616210017444
20
-66.928020088118146
30
0
0
ARC
5
448
100
AcDbEntity
8
0
100
AcDbCircle
10
47.000000000000369
20
-47.000000000000099
30
0
40
32.996432910585206
210
1.0026244477099307e-31
220
3.5698710129264722e-33
230
1
100
AcDbArc
50
319.52872297261223
51
320.76853823691647
0
SPLINE
5
449
100
AcDbEntity
8
0
100
AcDbSpline
70
4
71
5
72
24
73
18
74
0
42
0.000000001
43
0.0000000001
44
0.0000000001
40
0.13450521797666964
40
0.13450521797666964
40
0.13450521797666964
40
0.13450521797666964
40
0.13450521797666964
40
0.13450521797666964
40
0.20000000000000001
40
0.26666666666666666
40
0.33333333333333331
40
0.39999999999999997
40
0.46666666666666662
40
0.53333333333333333
40
0.59999999999999998
40
0.66666666666666663
40
0.73333333333333328
40
0.79999999999999993
40
0.86666666666666659
40
0.93333333333333324
40
1
40
1
40
1
40
1
40
1
40
1
41
1
41
1
41
1
41
1
41
1
41
1
41
1
41
1
41
1
41
1
41
1
41
1
41
1
41
1
41
1
41
1
41
1
41
1
10
72.10142409179258
20
-68.41688804106613
30
0
10
72.088954858415789
20
-68.415763986715476
30
0
10
72.06484933650367
20
-68.412525750294819
30
0
10
72.031754530156618
20
-68.404701782100318
30
0
10
71.993665526095569
20
-68.388323176877194
30
0
10
71.954514402678569
20
-68.358258123661159
30
0
10
71.920366094177894
20
-68.319431056354688
30
0
10
71.886116954893524
20
-68.27367542161457
30
0
10
71.845741911160189
20
-68.223053271786938
30
0
10
71.793235218255376
20
-68.169686130217968
30
0
10
71.723419765803513
20
-68.115478017860568
30
0
10
71.633041199234086
20
-68.061785296714049
30
0
10
71.520618042203637
20
-68.009425268393514
30
0
10
71.385729560318808
20
-67.958845722103177
30
0
10
71.260016291577685
20
-67.919951435675642
30
0
10
71.155897122346914
20
-67.891677326948297
30
0
10
71.082145479224152
20
-67.87322346039096
30
0
10
71.044184921189554
20
-67.864095416261861
30
0
0
LINE
5
450
100
AcDbEntity
8
0
100
AcDbLine
10
71.044184921189554
20
-67.864095416261861
30
0
11
70.906551225948036
21
-68.021750957535488
31
1.1555579666323415e-32
0
SPLINE
5
451
100
AcDbEntity
8
0
100
AcDbSpline
70
4
71
5
72
24
73
18
74
0
42
0.000000001
43
0.0000000001
44
0.0000000001
40
0.13478277032037178
40
0.13478277032037178
40
0.13478277032037178
40
0.13478277032037178
40
0.13478277032037178
40
0.13478277032037178
40
0.20000000000000001
40
0.26666666666666666
40
0.33333333333333331
40
0.39999999999999997
40
0.46666666666666662
40
0.53333333333333333
40
0.59999999999999998
40
0.66666666666666663
40
0.73333333333333328
40
0.79999999999999993
40
0.86666666666666659
40
0.93333333333333324
40
1
40
1
40
1
40
1
40
1
40
1
41
1
41
1
41
1
41
1
41
1
41
1
41
1
41
1
41
1
41
1
41
1
41
1
41
1
41
1
41
1
41
1
41
1
41
1
10
71.596939312982997
20
-68.99443477866582
30
0
10
71.594147358120367
20
-68.982292969192429
30
0
10
71.587687945275377
20
-68.958909235750369
30
0
10
71.575474700913972
20
-68.927232073644348
30
0
10
71.554119835323661
20
-68.891747853464238
30
0
10
71.519074344835005
20
-68.857042508481157
30
0
10
71.475993047203957
20
-68.828447929912798
30
0
10
71.426032986565659
20
-68.800688715348812
30
0
10
71.37042403054933
20
-68.7675165851728
30
0
10
71.310457582632822
20
-68.722694383940379
30
0
10
71.247321390150631
20
-68.660835366446889
30
0
10
71.181920102591832
20
-68.578531872080518
30
0
10
71.114863559828365
20
-68.474205658332309
30
0
10
71.046538658567854
20
-68.347379395610957
30
0
10
70.991030606688625
20
-68.228067000484302
30
0
10
70.948960468298296
20
-68.128717465601369
30
0
10
70.920719934812183
20
-68.058131898219358
30
0
10
70.906551225948036
20
-68.021750957535488
30
0
0
ARC
5
452
100
AcDbEntity
8
0
100
AcDbCircle
10
47.000000000000369
20
-47.000000000000099
30
0
40
32.996432910585199
210
1.1833837323745074e-31
220
-1.7757972297521656e-32
230
1
100
AcDbArc
50
316.95729440118362
51
318.19710966548791
0
SPLINE
5
453
100
AcDbEntity
8
0
100
AcDbSpline
70
4
71
5
72
24
73
18
74
0
42
0.000000001
43
0.0000000001
44
0.0000000001
40
0.13450521797666964
40
0.13450521797666964
40
0.13450521797666964
40
0.13450521797666964
40
0.13450521797666964
40
0.13450521797666964
40
0.20000000000000001
40
0.26666666666666666
40
0.33333333333333331
40
0.39999999999999997
40
0.46666666666666662
40
0.53333333333333333
40
0.59999999999999998
40
0.66666666666666663
40
0.73333333333333328
40
0.79999999999999993
40
0.86666666666666659
40
0.93333333333333324
40
1
40
1
40
1
40
1
40
1
40
1
41
1
41
1
41
1
41
1
41
1
41
1
41
1
41
1
41
1
41
1
41
1
41
1
41
1
41
1
41
1
41
1
41
1
41
1
10
71.115283579415518
20
-69.521493793351269
30
0
10
71.102877332234755
20
-69.519811440808482
30
0
10
71.078941365906843
20
-69.515494974925346
30
0
10
71.046230904833322
20
-69.50619409207394
30
0
10
71.008915077209579
20
-69.488123122311009
30
0
10
70.971152239880709
20
-69.456331834092865
30
0
10
70.938780286242149
20
-69.416011804991925
30
0
10
70.906618452352234
20
-69.368765661307705
30
0
10
70.868555217765319
20
-69.316383065129003
30
0
10
70.81849570335919
20
-69.260713956851021
30
0
10
70.751182588186879
20
-69.203428170025603
30
0
10
70.663303941645367
20
-69.145734694820021
30
0
10
70.553343111041016
20
-69.088383543696267
30
0
10
70.420859695645305
20
-69.031803178787399
30
0
10
70.297017997362857
20
-68.987307951843349
30
0
10
70.194272182298619
20
-68.954391024398305
30
0
10
70.121422731765364
20
-68.932646884699892
30
0
10
70.083909925638054
20
-68.921824937907587
30
0
0
LINE
5
454
100
AcDbEntity
8
0
100
AcDbLine
10
70.083909925638054
20
-68.921824937907587
30
0
11
69.939341629256248
21
-69.073146818154228
31
1.5407439555097887e-32
0
SPLINE
5
455
100
AcDbEntity
8
0
100
AcDbSpline
70
4
71
5
72
24
73
18
74
0
42
0.000000001
43
0.0000000001
44
0.0000000001
40
0.13478277032037178
40
0.13478277032037178
40
0.13478277032037178
40
0.13478277032037178
40
0.13478277032037178
40
0.13478277032037178
40
0.20000000000000001
40
0.26666666666666666
40
0.33333333333333331
40
0.39999999999999997
40
0.46666666666666662
40
0.53333333333333333
40
0.59999999999999998
40
0.66666666666666663
40
0.73333333333333328
40
0.79999999999999993
40
0.86666666666666659
40
0.93333333333333324
40
1
40
1
40
1
40
1
40
1
40
1
41
1
41
1
41
1
41
1
41
1
41
1
41
1
41
1
41
1
41
1
41
1
41
1
41
1
41
1
41
1
41
1
41
1
41
1
10
70.585395246807195
20
-70.075825355801186
30
0
10
70.583150843479515
20
-70.063570511740764
30
0
10
70.577747042067287
20
-70.039920523700829
30
0
10
70.566967286134116
20
-70.007727313252914
30
0
10
70.547225916990982
20
-69.971320740899472
30
0
10
70.513772764394204
20
-69.935078031904141
30
0
10
70.472017737679593
20
-69.904579411064176
30
0
10
70.423353395950031
20
-69.874606698537292
30
0
10
70.369288696444826
20
-69.838973084111402
30
0
10
70.311393571205357
20
-69.791505631340584
30
0
10
70.251096246993313
20
-69.726876307196846
30
0
10
70.189453346491206
20
-69.641721469301686
30
0
10
70.12714490308521
20
-69.53449182469376
30
0
10
70.064578839214803
20
-69.40472788247601
30
0
10
70.014479610616306
20
-69.283045267661393
30
0
10
69.976909134083883
20
-69.181908301527542
30
0
10
69.951863846441597
20
-69.110126802371155
30
0
10
69.939341629256248
20
-69.073146818154228
30
0
0
ARC
5
456
100
AcDbEntity
8
0
100
AcDbCircle
10
47.000000000000369
20
-47.000000000000099
30
0
40
32.996432910585192
210
9.1743813747417086e-32
220
2.0807253017334332e-32
230
1
100
AcDbArc
50
314.38586582975501
51
315.62568109405936
0
SPLINE
5
457
100
AcDbEntity
8
0
100
AcDbSpline
70
4
71
5
72
24
73
18
74
0
42
0.000000001
43
0.0000000001
44
0.0000000001
40
0.13450521797666964
40
0.13450521797666964
40
0.13450521797666964
40
0.13450521797666964
40
0.13450521797666964
40
0.13450521797666964
40
0.20000000000000001
40
0.26666666666666666
40
0.33333333333333331
40
0.39999999999999997
40
0.46666666666666662
40
0.53333333333333333
40
0.59999999999999998
40
0.66666666666666663
40
0.73333333333333328
40
0.79999999999999993
40
0.86666666666666659
40
0.93333333333333324
40
1
40
1
40
1
40
1
40
1
40
1
41
1
41
1
41
1
41
1
41
1
41
1
41
1
41
1
41
1
41
1
41
1
41
1
41
1
41
1
41
1
41
1
41
1
41
1
10
70.080578095234841
20
-70.580744254356176
30
0
10
70.068259818780874
20
-70.578506991655416
30
0
10
70.04454161188788
20
-70.573120989097603
30
0
10
70.012281370603304
20
-70.562361922329615
30
0
10
69.975813868527624
20
-70.542634980555022
30
0
10
69.93951536661568
20
-70.509181480758357
30
0
10
69.908984960645711
20
-70.467449689035661
30
0
10
69.878975201803541
20
-70.418808183853088
30
0
10
69.843300430651965
20
-70.3647706329008
30
0
10
69.795788907944456
20
-70.306911668089299
30
0
10
69.731113689707428
20
-70.246663572746769
30
0
10
69.645911939092869
20
-70.185085530463198
30
0
10
69.538634881393563
20
-70.122858754122134
30
0
10
69.408823336454361
20
-70.060391515919832
30
0
10
69.28710260932975
20
-70.010384955924778
30
0
10
69.185937064829915
20
-69.972891500073246
30
0
10
69.114136515984526
20
-69.947900877037327
30
0
10
69.077147007563738
20
-69.935406821542458
30
0
0
LINE
5
458
100
AcDbEntity
8
0
100
AcDbLine
10
69.077147007563738
20
-69.935406821542458
30
0
11
68.925935251351035
21
-70.080090298633621
31
1.7333369499485123e-32
0
SPLINE
5
459
100
AcDbEntity
8
0
100
AcDbSpline
70
4
71
5
72
24
73
18
74
0
42
0.000000001
43
0.0000000001
44
0.0000000001
40
0.13478277032037178
40
0.13478277032037178
40
0.13478277032037178
40
0.13478277032037178
40
0.13478277032037178
40
0.13478277032037178
40
0.20000000000000001
40
0.26666666666666666
40
0.33333333333333331
40
0.39999999999999997
40
0.46666666666666662
40
0.53333333333333333
40
0.59999999999999998
40
0.66666666666666663
40
0.73333333333333328
40
0.79999999999999993
40
0.86666666666666659
40
0.93333333333333324
40
1
40
1
40
1
40
1
40
1
40
1
41
1
41
1
41
1
41
1
41
1
41
1
41
1
41
1
41
1
41
1
41
1
41
1
41
1
41
1
41
1
41
1
41
1
41
1
10
69.526353333410754
20
-71.11074429166149
30
0
10
69.524661001547599
20
-71.098401092639023
30
0
10
69.520323694105016
20
-71.07453247792975
30
0
10
69.510999135593977
20
-71.041888051981402
30
0
10
69.492911019388231
20
-71.004632445446305
30
0
10
69.461117574880618
20
-70.966925360431347
30
0
10
69.420772908149374
20
-70.934584117483325
30
0
10
69.37350228883642
20
-70.902458268047695
30
0
10
69.321090724952072
20
-70.864434930729175
30
0
10
69.265383515467022
20
-70.814417819552773
30
0
10
69.208046490311574
20
-70.747148343616558
30
0
10
69.150286117464162
20
-70.659313652703503
30
0
10
69.092851254328465
20
-70.549396523469682
30
0
10
69.036170027574371
20
-70.416956229065832
30
0
10
68.991580515435672
20
-70.293148447155644
30
0
10
68.958585362700873
20
-70.19042772616109
30
0
10
68.936785758778669
20
-70.117594853616765
30
0
10
68.925935251351035
20
-70.080090298633621
30
0
0
ARC
5
460
100
AcDbEntity
8
0
100
AcDbCircle
10
47.000000000000369
20
-47.000000000000099
30
0
40
32.996432910585192
210
9.983424120469919e-32
220
-9.9209925706709302e-33
230
1
100
AcDbArc
50
311.81443725832645
51
313.05425252263075
0
SPLINE
5
461
100
AcDbEntity
8
0
100
AcDbSpline
70
4
71
5
72
24
73
18
74
0
42
0.000000001
43
0.0000000001
44
0.0000000001
40
0.13450521797666964
40
0.13450521797666964
40
0.13450521797666964
40
0.13450521797666964
40
0.13450521797666964
40
0.13450521797666964
40
0.20000000000000001
40
0.26666666666666666
40
0.33333333333333331
40
0.39999999999999997
40
0.46666666666666662
40
0.53333333333333333
40
0.59999999999999998
40
0.66666666666666663
40
0.73333333333333328
40
0.79999999999999993
40
0.86666666666666659
40
0.93333333333333324
40
1
40
1
40
1
40
1
40
1
40
1
41
1
41
1
41
1
41
1
41
1
41
1
41
1
41
1
41
1
41
1
41
1
41
1
41
1
41
1
41
1
41
1
41
1
41
1
10
68.99939139839438
20
-71.592506234620259
30
0
10
68.98718590003665
20
-71.58971856731084
30
0
10
68.963733217890791
20
-71.58327387477074
30
0
10
68.931988164227803
20
-71.571078291414764
30
0
10
68.896442428396185
20
-71.549735105063945
30
0
10
68.861681362253321
20
-71.514686764585292
30
0
10
68.83305398812648
20
-71.471627252515603
30
0
10
68.805256739992601
20
-71.421688343352756
30
0
10
68.772042276517752
20
-71.366104662063037
30
0
10
68.727174427392669
20
-71.306172360973122
30
0
10
68.665267353373309
20
-71.243083288759522
30
0
10
68.582914083672549
20
-71.177744689380162
30
0
10
68.47853684059578
20
-71.110767604268034
30
0
10
68.351658589288917
20
-71.042539293476722
30
0
10
68.232303962667643
20
-70.987122106987485
30
0
10
68.132922422675477
20
-70.945127629559849
30
0
10
68.062315372267946
20
-70.916940850975379
30
0
10
68.025923653500968
20
-70.90279984814299
30
0
0
LINE
5
462
100
AcDbEntity
8
0
100
AcDbLine
10
68.025923653500968
20
-70.90279984814299
30
0
11
67.868372957810735
21
-71.040553548810664
31
1.3481509610710651e-32
0
SPLINE
5
463
100
AcDbEntity
8
0
100
AcDbSpline
70
4
71
5
72
24
73
18
74
0
42
0.000000001
43
0.0000000001
44
0.0000000001
40
0.13478277032037178
40
0.13478277032037178
40
0.13478277032037178
40
0.13478277032037178
40
0.13478277032037178
40
0.13478277032037178
40
0.20000000000000001
40
0.26666666666666666
40
0.33333333333333331
40
0.39999999999999997
40
0.46666666666666662
40
0.53333333333333333
40
0.59999999999999998
40
0.66666666666666663
40
0.73333333333333328
40
0.79999999999999993
40
0.86666666666666659
40
0.93333333333333324
40
1
40
1
40
1
40
1
40
1
40
1
41
1
41
1
41
1
41
1
41
1
41
1
41
1
41
1
41
1
41
1
41
1
41
1
41
1
41
1
41
1
41
1
41
1
41
1
10
68.42194634226712
20
-72.097107397239583
30
0
10
68.420809489999684
20
-72.08470070081529
30
0
10
68.417547411286719
20
-72.060661527650169
30
0
10
68.409696828617697
20
-72.027631627730869
30
0
10
68.393298392408155
20
-71.989602014847577
30
0
10
68.363228683755793
20
-71.950506490864058
30
0
10
68.324375625797558
20
-71.916387756767207
30
0
10
68.27859392563758
20
-71.88217346760824
30
0
10
68.227941047288695
20
-71.841836981338204
30
0
10
68.174533940464343
20
-71.789370939561692
30
0
10
68.120272683503572
20
-71.719596783605141
30
0
10
68.066511160014883
20
-71.629259127052421
30
0
10
68.014065543320271
20
-71.516875871662918
30
0
10
67.96338330212987
20
-71.382025942200414
30
0
10
67.924393303794318
20
-71.256342325590765
30
0
10
67.896039922703693
20
-71.152244715597234
30
0
10
67.877529904002699
20
-71.078507145377486
30
0
10
67.868372957810735
20
-71.040553548810664
30
0
0
ARC
5
464
100
AcDbEntity
8
0
100
AcDbCircle
10
47.000000000000369
20
-47.000000000000099
30
0
40
32.996432910585192
210
9.9288611118315859e-32
220
-1.4390049086129429e-32
230
1
100
AcDbArc
50
309.24300868689789
51
310.48282395120225
0
SPLINE
5
465
100
AcDbEntity
8
0
100
AcDbSpline
70
4
71
5
72
24
73
18
74
0
42
0.000000001
43
0.0000000001
44
0.0000000001
40
0.13450521797666964
40
0.13450521797666964
40
0.13450521797666964
40
0.13450521797666964
40
0.13450521797666964
40
0.13450521797666964
40
0.20000000000000001
40
0.26666666666666666
40
0.33333333333333331
40
0.39999999999999997
40
0.46666666666666662
40
0.53333333333333333
40
0.59999999999999998
40
0.66666666666666663
40
0.73333333333333328
40
0.79999999999999993
40
0.86666666666666659
40
0.93333333333333324
40
1
40
1
40
1
40
1
40
1
40
1
41
1
41
1
41
1
41
1
41
1
41
1
41
1
41
1
41
1
41
1
41
1
41
1
41
1
41
1
41
1
41
1
41
1
41
1
10
67.873900855014412
20
-72.554742180163217
30
0
10
67.861832715002279
20
-72.55140972223613
30
0
10
67.838692788184218
20
-72.543919318466848
30
0
10
67.80752685245622
20
-72.53031177880473
30
0
10
67.77297446725008
20
-72.507395330214607
30
0
10
67.739820841037414
20
-72.470822731747347
30
0
10
67.713154150475404
20
-72.426522215457496
30
0
10
67.687625393008204
20
-72.375386472631433
30
0
10
67.656938126719268
20
-72.318368599141166
30
0
10
67.614804309053596
20
-72.256483657451298
30
0
10
67.555790051860242
20
-72.190680661362009
30
0
10
67.476451111598678
20
-72.121713088130576
30
0
10
67.375183885021215
20
-72.050120577183336
30
0
10
67.251494443259517
20
-71.976268596540905
30
0
10
67.134746281475586
20
-71.91555238639603
30
0
10
67.037348887186653
20
-71.869141458681071
30
0
10
66.968077528419926
20
-71.837815288968969
30
0
10
66.932356887385254
20
-71.822055816896835
30
0
0
LINE
5
466
100
AcDbEntity
8
0
100
AcDbLine
10
66.932356887385254
20
-71.822055816896835
30
0
11
66.768784538351326
21
-71.952602323520495
31
1.1555579666323415e-32
0
SPLINE
5
467
100
AcDbEntity
8
0
100
AcDbSpline
70
4
71
5
72
24
73
18
74
0
42
0.000000001
43
0.0000000001
44
0.0000000001
40
0.13478277032037178
40
0.13478277032037178
40
0.13478277032037178
40
0.13478277032037178
40
0.13478277032037178
40
0.13478277032037178
40
0.20000000000000001
40
0.26666666666666666
40
0.33333333333333331
40
0.39999999999999997
40
0.46666666666666662
40
0.53333333333333333
40
0.59999999999999998
40
0.66666666666666663
40
0.73333333333333328
40
0.79999999999999993
40
0.86666666666666659
40
0.93333333333333324
40
1
40
1
40
1
40
1
40
1
40
1
41
1
41
1
41
1
41
1
41
1
41
1
41
1
41
1
41
1
41
1
41
1
41
1
41
1
41
1
41
1
41
1
41
1
41
1
10
67.274398402079129
20
-73.032928268508741
30
0
10
67.273819318876562
20
-73.020483060118067
30
0
10
67.271639038285628
20
-72.996321740192684
30
0
10
67.265278241487323
20
-72.962972884125151
30
0
10
67.250602509542176
20
-72.924245851472932
30
0
10
67.222317093136539
20
-72.883840621703214
30
0
10
67.185033888839371
20
-72.848013107047407
30
0
10
67.140833306083763
20
-72.811779281190127
30
0
10
67.092041121426305
20
-72.769210878283829
30
0
10
67.041041672068204
20
-72.714401565533052
30
0
10
66.989965458252414
20
-72.642263245420523
30
0
10
66.940311052676009
20
-72.549604551246048
30
0
10
66.892960300914908
20
-72.434981494620956
30
0
10
66.848379112577035
20
-72.297993499911527
30
0
10
66.815067148712387
20
-72.170687158679968
30
0
10
66.791412639202107
20
-72.065422298420415
30
0
10
66.776229482436634
20
-71.9909285281785
30
0
10
66.768784538351326
20
-71.952602323520495
30
0
0
ARC
5
468
100
AcDbEntity
8
0
100
AcDbCircle
10
47.000000000000369
20
-47.000000000000099
30
0
40
32.996432910585177
210
1.1584405275277658e-31
220
-5.9476833770408252e-33
230
1
100
AcDbArc
50
306.67158011546928
51
307.91139537977364
0
SPLINE
5
469
100
AcDbEntity
8
0
100
AcDbSpline
70
4
71
5
72
24
73
18
74
0
42
0.000000001
43
0.0000000001
44
0.0000000001
40
0.13450521797666964
40
0.13450521797666964
40
0.13450521797666964
40
0.13450521797666964
40
0.13450521797666964
40
0.13450521797666964
40
0.20000000000000001
40
0.26666666666666666
40
0.33333333333333331
40
0.39999999999999997
40
0.46666666666666662
40
0.53333333333333333
40
0.59999999999999998
40
0.66666666666666663
40
0.73333333333333328
40
0.79999999999999993
40
0.86666666666666659
40
0.93333333333333324
40
1
40
1
40
1
40
1
40
1
40
1
41
1
41
1
41
1
41
1
41
1
41
1
41
1
41
1
41
1
41
1
41
1
41
1
41
1
41
1
41
1
41
1
41
1
41
1
10
66.706373053266049
20
-73.465514275847625
30
0
10
66.694466575227423
20
-73.461643738429629
30
0
10
66.671686004470288
20
-73.4531227081075
30
0
10
66.641161950724168
20
-73.438130615913209
30
0
10
66.607672500049006
20
-73.413687055761443
30
0
10
66.576193080757548
20
-73.375663851651723
30
0
10
66.551540776926302
20
-73.330211546485884
30
0
10
66.528331921645901
20
-73.277981950577384
30
0
10
66.500233652613204
20
-73.219644711295715
30
0
10
66.460918718308463
20
-73.155931757042623
30
0
10
66.404916124801304
20
-73.087547355554548
30
0
10
66.328751292045979
20
-73.015089699985126
30
0
10
66.230798020685256
20
-72.939025940992082
30
0
10
66.110546482543512
20
-72.859699018559184
30
0
10
65.996639900857602
20
-72.793806059125615
30
0
10
65.901422797662107
20
-72.743072146555249
30
0
10
65.833626633833916
20
-72.708669672452345
30
0
10
65.798649007148796
20
-72.691323468619885
30
0
0
LINE
5
470
100
AcDbEntity
8
0
100
AcDbLine
10
65.798649007148796
20
-72.691323468619885
30
0
11
65.62938441771351
21
-72.814399877908684
31
1.5407439555097887e-32
0
SPLINE
5
471
100
AcDbEntity
8
0
100
AcDbSpline
70
4
71
5
72
24
73
18
74
0
42
0.000000001
43
0.0000000001
44
0.0000000001
40
0.13478277032037178
40
0.13478277032037178
40
0.13478277032037178
40
0.13478277032037178
40
0.13478277032037178
40
0.13478277032037178
40
0.20000000000000001
40
0.26666666666666666
40
0.33333333333333331
40
0.39999999999999997
40
0.46666666666666662
40
0.53333333333333333
40
0.59999999999999998
40
0.66666666666666663
40
0.73333333333333328
40
0.79999999999999993
40
0.86666666666666659
40
0.93333333333333324
40
1
40
1
40
1
40
1
40
1
40
1
41
1
41
1
41
1
41
1
41
1
41
1
41
1
41
1
41
1
41
1
41
1
41
1
41
1
41
1
41
1
41
1
41
1
41
1
10
66.086020521679586
20
-73.916322286775653
30
0
10
66.086000373738401
20
-73.903863629412058
30
0
10
66.084906282064438
20
-73.879628820409295
30
0
10
66.0800480809351
20
-73.846028168351495
30
0
10
66.067124608225413
20
-73.806681707020218
30
0
10
66.040680447130839
20
-73.765048142219825
30
0
10
66.005042179906425
20
-73.727583998851557
30
0
10
65.962511728646533
20
-73.689403606399125
30
0
10
65.915678498647011
20
-73.644689013954917
30
0
10
65.867189412859034
20
-73.587646808891563
30
0
10
65.819401102885507
20
-73.513289601599439
30
0
10
65.773953812586086
20
-73.41849647208204
30
0
10
65.731793283870957
20
-73.301864449803062
30
0
10
65.693402928965952
20
-73.16301426543734
30
0
10
65.665836085434208
20
-73.03434157761285
30
0
10
65.646928084538402
20
-72.928121456506901
30
0
10
65.635102366565562
20
-72.853021506782227
30
0
10
65.62938441771351
20
-72.814399877908684
30
0
0
ARC
5
472
100
AcDbEntity
8
0
100
AcDbCircle
10
47.000000000000369
20
-47.000000000000099
30
0
40
32.996432910585177
210
9.6536384746346597e-32
220
5.818990434665219e-33
230
1
100
AcDbArc
50
304.10015154404073
51
305.33996680834503
0
SPLINE
5
473
100
AcDbEntity
8
0
100
AcDbSpline
70
4
71
5
72
24
73
18
74
0
42
0.000000001
43
0.0000000001
44
0.0000000001
40
0.13450521797666964
40
0.13450521797666964
40
0.13450521797666964
40
0.13450521797666964
40
0.13450521797666964
40
0.13450521797666964
40
0.20000000000000001
40
0.26666666666666666
40
0.33333333333333331
40
0.39999999999999997
40
0.46666666666666662
40
0.53333333333333333
40
0.59999999999999998
40
0.66666666666666663
40
0.73333333333333328
40
0.79999999999999993
40
0.86666666666666659
40
0.93333333333333324
40
1
40
1
40
1
40
1
40
1
40
1
41
1
41
1
41
1
41
1
41
1
41
1
41
1
41
1
41
1
41
1
41
1
41
1
41
1
41
1
41
1
41
1
41
1
41
1
10
65.499159238764349
20
-74.322988347880653
30
0
10
65.487438400761448
20
-74.318587525719011
30
0
10
65.465063063103031
20
-74.309053029065112
30
0
10
65.435242362720814
20
-74.292706576417146
30
0
10
65.402883289873429
20
-74.266785130780875
30
0
10
65.37314147286429
20
-74.227387894701522
30
0
10
65.350553202222898
20
-74.180875335553381
30
0
10
65.329710988675117
20
-74.127657070017761
30
0
10
65.304258303073155
20
-74.068117948380916
30
0
10
65.267841427174872
20
-74.002705290975385
30
0
10
65.214963279124291
20
-73.931877201172327
30
0
10
65.142125939712159
20
-73.856075383340411
30
0
10
65.047683888420792
20
-73.77569355858941
30
0
10
64.931112424493449
20
-73.691051448230752
30
0
10
64.820276815602085
20
-73.620114439159593
30
0
10
64.727431758074118
20
-73.565159713081954
30
0
10
64.661247321635912
20
-73.527750216592722
30
0
10
64.627083149585587
20
-73.508852213946
30
0
0
LINE
5
474
100
AcDbEntity
8
0
100
AcDbLine
10
64.627083149585573
20
-73.508852213946
30
0
11
64.452467196105886
21
-73.624210666390937
31
1.3481509610710651e-32
0
SPLINE
5
475
100
AcDbEntity
8
0
100
AcDbSpline
70
4
71
5
72
24
73
18
74
0
42
0.000000001
43
0.0000000001
44
0.0000000001
40
0.13478277032037178
40
0.13478277032037178
40
0.13478277032037178
40
0.13478277032037178
40
0.13478277032037178
40
0.13478277032037178
40
0.20000000000000001
40
0.26666666666666666
40
0.33333333333333331
40
0.39999999999999997
40
0.46666666666666662
40
0.53333333333333333
40
0.59999999999999998
40
0.66666666666666663
40
0.73333333333333328
40
0.79999999999999993
40
0.86666666666666659
40
0.93333333333333324
40
1
40
1
40
1
40
1
40
1
40
1
41
1
41
1
41
1
41
1
41
1
41
1
41
1
41
1
41
1
41
1
41
1
41
1
41
1
41
1
41
1
41
1
41
1
41
1
10
64.859205935967182
20
-74.745510414051893
30
0
10
64.859744763862636
20
-74.733063397793288
30
0
10
64.859739064460683
20
-74.708803905393225
30
0
10
64.856393242770849
20
-74.67501912458674
30
0
10
64.845248055450753
20
-74.635132473113202
30
0
10
64.820698404688414
20
-74.59235441774095
30
0
10
64.786776845264143
20
-74.553329093459112
30
0
10
64.74600217616873
20
-74.513279024640809
30
0
10
64.701222216719685
20
-74.466508291897128
30
0
10
64.655341145067538
20
-74.40734806993089
30
0
10
64.610936978232758
20
-74.330921720978978
30
0
10
64.569788328004748
20
-74.234185056866167
30
0
10
64.5329029280296
20
-74.115778950304488
30
0
10
64.500780719623123
20
-73.975346202075244
30
0
10
64.479014512378484
20
-73.845566297326982
30
0
10
64.464891098294643
20
-73.738604828562515
30
0
10
64.456446634536633
20
-73.663049940659334
30
0
10
64.452467196105886
20
-73.624210666390937
30
0
0
ARC
5
476
100
AcDbEntity
8
0
100
AcDbCircle
10
47.000000000000369
20
-47.000000000000099
30
0
40
32.996432910585177
210
1.0326672925517136e-31
220
5.5105174531154793e-33
230
1
100
AcDbArc
50
301.52872297261212
51
302.76853823691647
0
SPLINE
5
477
100
AcDbEntity
8
0
100
AcDbSpline
70
4
71
5
72
24
73
18
74
0
42
0.000000001
43
0.0000000001
44
0.0000000001
40
0.13450521797666964
40
0.13450521797666964
40
0.13450521797666964
40
0.13450521797666964
40
0.13450521797666964
40
0.13450521797666964
40
0.20000000000000001
40
0.26666666666666666
40
0.33333333333333331
40
0.39999999999999997
40
0.46666666666666662
40
0.53333333333333333
40
0.59999999999999998
40
0.66666666666666663
40
0.73333333333333328
40
0.79999999999999993
40
0.86666666666666659
40
0.93333333333333324
40
1
40
1
40
1
40
1
40
1
40
1
41
1
41
1
41
1
41
1
41
1
41
1
41
1
41
1
41
1
41
1
41
1
41
1
41
1
41
1
41
1
41
1
41
1
41
1
10
64.254690579472523
20
-75.125437557596214
30
0
10
64.243178985713271
20
-75.120515313361096
30
0
10
64.221253942105832
20
-75.109986551582807
30
0
10
64.192196650009492
20
-75.092318658061345
30
0
10
64.16103312185615
20
-75.064971529282388
30
0
10
64.13308880319066
20
-75.024279602023796
30
0
10
64.112610055510103
20
-74.976800458997474
30
0
10
64.094176457139298
20
-74.922700698339085
30
0
10
64.071420613289533
20
-74.862079598214422
30
0
10
64.037975134539352
20
-74.795098970043185
30
0
10
63.988327921498318
20
-74.721969830272016
30
0
10
63.91896476013757
20
-74.642976504950795
30
0
10
63.828224122638275
20
-74.558438492739455
30
0
10
63.715567492340043
20
-74.468651652400922
30
0
10
63.608026064409238
20
-74.392813451387951
30
0
10
63.517740030138611
20
-74.333748583307838
30
0
10
63.453300607737376
20
-74.293407402179653
30
0
10
63.420018692417685
20
-74.272995658780985
30
0
0
LINE
5
478
100
AcDbEntity
8
0
100
AcDbLine
10
63.420018692417685
20
-74.272995658780985
30
0
11
63.240403028185519
21
-74.380403837811059
31
2.1185229388259594e-32
0
SPLINE
5
479
100
AcDbEntity
8
0
100
AcDbSpline
70
4
71
5
72
24
73
18
74
0
42
0.000000001
43
0.0000000001
44
0.0000000001
40
0.13478277032037178
40
0.13478277032037178
40
0.13478277032037178
40
0.13478277032037178
40
0.13478277032037178
40
0.13478277032037178
40
0.20000000000000001
40
0.26666666666666666
40
0.33333333333333331
40
0.39999999999999997
40
0.46666666666666662
40
0.53333333333333333
40
0.59999999999999998
40
0.66666666666666663
40
0.73333333333333328
40
0.79999999999999993
40
0.86666666666666659
40
0.93333333333333324
40
1
40
1
40
1
40
1
40
1
40
1
41
1
41
1
41
1
41
1
41
1
41
1
41
1
41
1
41
1
41
1
41
1
41
1
41
1
41
1
41
1
41
1
41
1
41
1
10
63.596425286249826
20
-75.518822775799748
30
0
10
63.59752200485427
20
-75.506412467280398
30
0
10
63.598604709202135
20
-75.482177146872232
30
0
10
63.596778004991435
20
-75.448276275369423
30
0
10
63.587433547984958
20
-75.407929760161466
30
0
10
63.564827847284377
20
-75.364093363527843
30
0
10
63.532691309166538
20
-75.323585450141977
30
0
10
63.493754536992746
20
-75.281746360466428
30
0
10
63.451118028973063
20
-75.233013677454636
30
0
10
63.407937369829106
20
-75.171854579399351
30
0
10
63.367006770215667
20
-75.093513001283426
30
0
10
63.330239627964431
20
-74.995027617342757
30
0
10
63.298703639016011
20
-74.87508588063919
30
0
10
63.272914266960925
20
-74.733353381412186
30
0
10
63.256992530248056
20
-74.60272761919687
30
0
10
63.247682145652568
20
-74.495240208937261
30
0
10
63.242635942135585
20
-74.41938254034477
30
0
10
63.240403028185519
20
-74.380403837811059
30
0
0
ARC
5
480
100
AcDbEntity
8
0
100
AcDbCircle
10
47.000000000000369
20
-47.000000000000099
30
0
40
32.996432910585163
210
1.0678027847965218e-31
220
2.7368316211309933e-33
230
1
100
AcDbArc
50
298.95729440118362
51
300.19710966548791
0
SPLINE
5
481
100
AcDbEntity
8
0
100
AcDbSpline
70
4
71
5
72
24
73
18
74
0
42
0.000000001
43
0.0000000001
44
0.0000000001
40
0.13450521797666964
40
0.13450521797666964
40
0.13450521797666964
40
0.13450521797666964
40
0.13450521797666964
40
0.13450521797666964
40
0.20000000000000001
40
0.26666666666666666
40
0.33333333333333331
40
0.39999999999999997
40
0.46666666666666662
40
0.53333333333333333
40
0.59999999999999998
40
0.66666666666666663
40
0.73333333333333328
40
0.79999999999999993
40
0.86666666666666659
40
0.93333333333333324
40
1
40
1
40
1
40
1
40
1
40
1
41
1
41
1
41
1
41
1
41
1
41
1
41
1
41
1
41
1
41
1
41
1
41
1
41
1
41
1
41
1
41
1
41
1
41
1
10
62.975473269653236
20
-75.871245879077961
30
0
10
62.964194102955453
20
-75.865812125514182
30
0
10
62.942763507519004
20
-75.854310302136525
30
0
10
62.91452814122777
20
-75.835356548527869
30
0
10
62.884622916966862
20
-75.806638810084138
30
0
10
62.858532372783912
20
-75.764734139772415
30
0
10
62.840204389536638
20
-75.716384029543335
30
0
10
62.824216529156743
20
-75.661511723480388
30
0
10
62.804203354300292
20
-75.599930727695948
30
0
10
62.773796627441357
20
-75.531517018830172
30
0
10
62.727480332289794
20
-75.456234101446199
30
0
10
62.661731037156379
20
-75.37420835068022
30
0
10
62.574874553017082
20
-75.285684399314604
30
0
10
62.466359631808729
20
-75.190933647743577
30
0
10
62.362328958962443
20
-75.11034698283288
30
0
10
62.274783772006657
20
-75.047290921534099
30
0
10
62.212219136063361
20
-75.004099297537039
30
0
10
62.179886502822512
20
-74.982214919921176
30
0
0
LINE
5
482
100
AcDbEntity
8
0
100
AcDbLine
10
62.179886502822519
20
-74.982214919921176
30
0
11
61.995632849881929
21
-75.081456519757978
31
2.311115933264683e-32
0
SPLINE
5
483
100
AcDbEntity
8
0
100
AcDbSpline
70
4
71
5
72
24
73
18
74
0
42
0.000000001
43
0.0000000001
44
0.0000000001
40
0.13478277032037178
40
0.13478277032037178
40
0.13478277032037178
40
0.13478277032037178
40
0.13478277032037178
40
0.13478277032037178
40
0.20000000000000001
40
0.26666666666666666
40
0.33333333333333331
40
0.39999999999999997
40
0.46666666666666662
40
0.53333333333333333
40
0.59999999999999998
40
0.66666666666666663
40
0.73333333333333328
40
0.79999999999999993
40
0.86666666666666659
40
0.93333333333333324
40
1
40
1
40
1
40
1
40
1
40
1
41
1
41
1
41
1
41
1
41
1
41
1
41
1
41
1
41
1
41
1
41
1
41
1
41
1
41
1
41
1
41
1
41
1
41
1
10
62.300221644701878
20
-76.234702023837059
30
0
10
62.301874045369978
20
-76.222353415766719
30
0
10
62.304042973045213
20
-76.198191074060432
30
0
10
62.30373906505281
20
-76.164242383704931
30
0
10
62.296214156852791
20
-76.123517257274756
30
0
10
62.275597931086757
20
-76.078710800048725
30
0
10
62.245311132986288
20
-76.036801875105482
30
0
10
62.208290671211508
20
-75.993258022931244
30
0
10
62.167883478874153
20
-75.942661530789465
30
0
10
62.127490192339287
20
-75.879626722929402
30
0
10
62.090115588727635
20
-75.799527685161877
30
0
10
62.057803998584617
20
-75.699491917849912
30
0
10
62.031680929947782
20
-75.57825609770002
30
0
10
62.012276330607257
20
-75.435509277866572
30
0
10
62.002231128684997
20
-75.304300721085298
30
0
10
61.9977525234534
20
-75.196503834670082
30
0
10
61.996114742559755
20
-75.1204961526375
30
0
10
61.995632849881915
20
-75.081456519757978
30
0
0
ARC
5
484
100
AcDbEntity
8
0
100
AcDbCircle
10
47.000000000000369
20
-47.000000000000099
30
0
40
32.996432910585163
210
1.054153138942677e-31
220
-2.7413317642762211e-33
230
1
100
AcDbArc
50
296.38586582975501
51
297.62568109405936
0
SPLINE
5
485
100
AcDbEntity
8
0
100
AcDbSpline
70
4
71
5
72
24
73
18
74
0
42
0.000000001
43
0.0000000001
44
0.0000000001
40
0.13450521797666964
40
0.13450521797666964
40
0.13450521797666964
40
0.13450521797666964
40
0.13450521797666964
40
0.13450521797666964
40
0.20000000000000001
40
0.26666666666666666
40
0.33333333333333331
40
0.39999999999999997
40
0.46666666666666662
40
0.53333333333333333
40
0.59999999999999998
40
0.66666666666666663
40
0.73333333333333328
40
0.79999999999999993
40
0.86666666666666659
40
0.93333333333333324
40
1
40
1
40
1
40
1
40
1
40
1
41
1
41
1
41
1
41
1
41
1
41
1
41
1
41
1
41
1
41
1
41
1
41
1
41
1
41
1
41
1
41
1
41
1
41
1
10
61.664083482726859
20
-76.55891135362053
30
0
10
61.653059457831212
20
-76.552977033584625
30
0
10
61.632166468932894
20
-76.540525311749207
30
0
10
61.604809890716865
20
-76.520323868390662
30
0
10
61.576223195490186
20
-76.490293353985578
30
0
10
61.552038968673557
20
-76.447260331049961
30
0
10
61.535898659978713
20
-76.398136624305536
30
0
10
61.522388735012818
20
-76.342602278359919
30
0
10
61.50515853302042
20
-76.280185402845831
30
0
10
61.477851793154045
20
-76.210476389390507
30
0
10
61.434959690746481
20
-76.133191304170481
30
0
10
61.372956672170709
20
-76.048298316905601
30
0
10
61.290159258791377
20
-75.955966701842755
30
0
10
61.186004581282774
20
-75.856442854443202
30
0
10
61.085694167451422
20
-75.771270016453215
30
0
10
61.001066132166279
20
-75.704349748451577
30
0
10
60.940502279531437
20
-75.658394663768306
30
0
10
60.909184041989874
20
-75.635081724159349
30
0
0
LINE
5
486
100
AcDbEntity
8
0
100
AcDbLine
10
60.909184041989874
20
-75.635081724159349
30
0
11
60.720663462676924
21
-75.725956885428147
31
2.5037089277034066e-32
0
SPLINE
5
487
100
AcDbEntity
8
0
100
AcDbSpline
70
4
71
5
72
24
73
18
74
0
42
0.000000001
43
0.0000000001
44
0.0000000001
40
0.13478277032037178
40
0.13478277032037178
40
0.13478277032037178
40
0.13478277032037178
40
0.13478277032037178
40
0.13478277032037178
40
0.20000000000000001
40
0.26666666666666666
40
0.33333333333333331
40
0.39999999999999997
40
0.46666666666666662
40
0.53333333333333333
40
0.59999999999999998
40
0.66666666666666663
40
0.73333333333333328
40
0.79999999999999993
40
0.86666666666666659
40
0.93333333333333324
40
1
40
1
40
1
40
1
40
1
40
1
41
1
41
1
41
1
41
1
41
1
41
1
41
1
41
1
41
1
41
1
41
1
41
1
41
1
41
1
41
1
41
1
41
1
41
1
10
60.973205392955222
20
-76.89170647262938
30
0
10
60.975410147971942
20
-76.879444433461316
30
0
10
60.978660931042867
20
-76.855403730197523
30
0
10
60.979880431299009
20
-76.821475589133669
30
0
10
60.974190226069112
20
-76.780453866466132
30
0
10
60.955604993572649
20
-76.734767582889575
30
0
10
60.927228929070296
20
-76.691542045386441
30
0
10
60.892199331977736
20
-76.646381122236832
30
0
10
60.854102830030577
20
-76.594022715566737
30
0
10
60.816578262808264
20
-76.529239141616074
30
0
10
60.782834922676173
20
-76.44754395299924
30
0
10
60.755043955883821
20
-76.346159261038324
30
0
10
60.734386415942261
20
-76.223873510249518
30
0
10
60.721405667596983
20
-76.080399842907653
30
0
10
60.717257230165167
20
-75.948872728132187
30
0
10
60.717619423612348
20
-75.84098345414472
30
0
10
60.719393363614813
20
-75.764978828028347
30
0
10
60.720663462676924
20
-75.725956885428147
30
0
0
ARC
5
488
100
AcDbEntity
8
0
100
AcDbCircle
10
47.000000000000369
20
-47.000000000000099
30
0
40
32.99643291058517
210
9.4614464327769824e-32
220
-1.213387540497626e-32
230
1
100
AcDbArc
50
293.81443725832639
51
295.0542525226308
0
SPLINE
5
489
100
AcDbEntity
8
0
100
AcDbSpline
70
4
71
5
72
24
73
18
74
0
42
0.000000001
43
0.0000000001
44
0.0000000001
40
0.13450521797666964
40
0.13450521797666964
40
0.13450521797666964
40
0.13450521797666964
40
0.13450521797666964
40
0.13450521797666964
40
0.20000000000000001
40
0.26666666666666666
40
0.33333333333333331
40
0.39999999999999997
40
0.46666666666666662
40
0.53333333333333333
40
0.59999999999999998
40
0.66666666666666663
40
0.73333333333333328
40
0.79999999999999993
40
0.86666666666666659
40
0.93333333333333324
40
1
40
1
40
1
40
1
40
1
40
1
41
1
41
1
41
1
41
1
41
1
41
1
41
1
41
1
41
1
41
1
41
1
41
1
41
1
41
1
41
1
41
1
41
1
41
1
10
60.323162183201049
20
-77.187049114474576
30
0
10
60.312415501026571
20
-77.180626178897356
30
0
10
60.292102194365562
20
-77.167249634714821
30
0
10
60.265679496732567
20
-77.145841184624885
30
0
10
60.238468900339896
20
-77.114558371717919
30
0
10
60.216239694703901
20
-77.070483658939622
30
0
10
60.202319564995186
20
-77.020685284287737
30
0
10
60.191314782634244
20
-76.964600737241511
30
0
10
60.176902252839696
20
-76.901473681278475
30
0
10
60.152750492105902
20
-76.830609747909634
30
0
10
60.113368961428392
20
-76.751478136729872
30
0
10
60.055237085238147
20
-76.663888876144654
30
0
10
59.976665485590416
20
-76.567935540969586
30
0
10
59.87708080544089
20
-76.463839025525289
30
0
10
59.780692662448374
20
-76.374251541216708
30
0
10
59.699152208434413
20
-76.303601835026015
30
0
10
59.640711106647231
20
-76.254975837081275
30
0
10
59.610470335567427
20
-76.230281284637059
30
0
0
LINE
5
490
100
AcDbEntity
8
0
100
AcDbLine
10
59.61047033556742
20
-76.230281284637044
30
0
11
59.418062485240043
21
-76.312606996856942
31
2.5037089277034066e-32
0
SPLINE
5
491
100
AcDbEntity
8
0
100
AcDbSpline
70
4
71
5
72
24
73
18
74
0
42
0.000000001
43
0.0000000001
44
0.0000000001
40
0.13478277032037178
40
0.13478277032037178
40
0.13478277032037178
40
0.13478277032037178
40
0.13478277032037178
40
0.13478277032037178
40
0.20000000000000001
40
0.26666666666666666
40
0.33333333333333331
40
0.39999999999999997
40
0.46666666666666662
40
0.53333333333333333
40
0.59999999999999998
40
0.66666666666666663
40
0.73333333333333328
40
0.79999999999999993
40
0.86666666666666659
40
0.93333333333333324
40
1
40
1
40
1
40
1
40
1
40
1
41
1
41
1
41
1
41
1
41
1
41
1
41
1
41
1
41
1
41
1
41
1
41
1
41
1
41
1
41
1
41
1
41
1
41
1
10
59.618048965138073
20
-77.488513002652695
30
0
10
59.620801634420218
20
-77.476362226501934
30
0
10
59.625127726242326
20
-77.452491576457618
30
0
10
59.627868178835797
20
-77.418652311446309
30
0
10
59.624024135892107
20
-77.377416604831552
30
0
10
59.60750732485009
20
-77.330942500999555
30
0
10
59.581099139563406
20
-77.286487401416494
30
0
10
59.548130952099775
20
-77.239800355380638
30
0
10
59.512421861827775
20
-77.185785477045243
30
0
10
59.477841583402515
20
-77.119383602500363
30
0
10
59.447797461346354
20
-77.036256786271878
30
0
10
59.424583085213285
20
-76.933727344939072
30
0
10
59.409432675503275
20
-76.810637930739304
30
0
10
59.402901919652884
20
-76.666726352761202
30
0
10
59.404658601112416
20
-76.535145558096715
30
0
10
59.409860863828989
20
-76.427381171176634
30
0
10
59.415042952248484
20
-76.351532664178563
30
0
10
59.418062485240043
20
-76.312606996856942
30
0
0
ARC
5
492
100
AcDbEntity
8
0
100
AcDbCircle
10
47.000000000000369
20
-47.000000000000099
30
0
40
32.996432910585163
210
9.7967308312382041e-32
220
1.163457955538008e-32
230
1
100
AcDbArc
50
291.24300868689784
51
292.48282395120219
0
SPLINE
5
493
100
AcDbEntity
8
0
100
AcDbSpline
70
4
71
5
72
24
73
18
74
0
42
0.000000001
43
0.0000000001
44
0.0000000001
40
0.13450521797666964
40
0.13450521797666964
40
0.13450521797666964
40
0.13450521797666964
40
0.13450521797666964
40
0.13450521797666964
40
0.20000000000000001
40
0.26666666666666666
40
0.33333333333333331
40
0.39999999999999997
40
0.46666666666666662
40
0.53333333333333333
40
0.59999999999999998
40
0.66666666666666663
40
0.73333333333333328
40
0.79999999999999993
40
0.86666666666666659
40
0.93333333333333324
40
1
40
1
40
1
40
1
40
1
40
1
41
1
41
1
41
1
41
1
41
1
41
1
41
1
41
1
41
1
41
1
41
1
41
1
41
1
41
1
41
1
41
1
41
1
41
1
10
58.955409808119725
20
-77.754394175783943
30
0
10
58.944962111054132
20
-77.747495559602868
30
0
10
58.925269394926673
20
-77.733221131653039
30
0
10
58.899833789673352
20
-77.710648788601077
30
0
10
58.87405409063458
20
-77.678176676614214
30
0
10
58.853824672841043
20
-77.633149034599214
30
0
10
58.84215275540717
20
-77.5827762793391
30
0
10
58.833675277818301
20
-77.526254478006152
30
0
10
58.822109445138523
20
-77.462544371083752
30
0
10
58.801161301969287
20
-77.390668228332459
30
0
10
58.765369652183601
20
-77.309849451726848
30
0
10
58.71122598824121
20
-77.219740310935506
30
0
10
58.637038435070245
20
-77.120358492895534
30
0
10
58.542224302572627
20
-77.011898945935144
30
0
10
58.449952543311348
20
-76.918077232578838
30
0
10
58.371663882191321
20
-76.84384036730512
30
0
10
58.3154632238533
20
-76.792641382387473
30
0
10
58.286360820123718
20
-76.766614948650215
30
0
0
LINE
5
494
100
AcDbEntity
8
0
100
AcDbLine
10
58.286360820123718
20
-76.766614948650215
30
0
11
58.090453182586316
21
-76.840225418792897
31
1.9259299443872359e-32
0
SPLINE
5
495
100
AcDbEntity
8
0
100
AcDbSpline
70
4
71
5
72
24
73
18
74
0
42
0.000000001
43
0.0000000001
44
0.0000000001
40
0.13478277032037178
40
0.13478277032037178
40
0.13478277032037178
40
0.13478277032037178
40
0.13478277032037178
40
0.13478277032037178
40
0.20000000000000001
40
0.26666666666666666
40
0.33333333333333331
40
0.39999999999999997
40
0.46666666666666662
40
0.53333333333333333
40
0.59999999999999998
40
0.66666666666666663
40
0.73333333333333328
40
0.79999999999999993
40
0.86666666666666659
40
0.93333333333333324
40
1
40
1
40
1
40
1
40
1
40
1
41
1
41
1
41
1
41
1
41
1
41
1
41
1
41
1
41
1
41
1
41
1
41
1
41
1
41
1
41
1
41
1
41
1
41
1
10
58.237481465948264
20
-78.023919724980175
30
0
10
58.240776505986247
20
-78.011904681892815
30
0
10
58.24616919438634
20
-77.988252157380387
30
0
10
58.250425080410324
20
-77.954569916197926
30
0
10
58.248434941143749
20
-77.913203268861324
30
0
10
58.234019814215507
20
-77.866034937434122
30
0
10
58.209632690715182
20
-77.820439802425469
30
0
10
58.178792306422551
20
-77.77232065500084
30
0
10
58.145542541181243
20
-77.716758083776682
30
0
10
58.11397619163175
20
-77.648871633175972
30
0
10
58.087691792515002
20
-77.564480595680976
30
0
10
58.069100757705307
20
-77.461012885626261
30
0
10
58.059487989135768
20
-77.337367693714683
30
0
10
58.059420377853421
20
-77.193308023866251
30
0
10
58.067078640481604
20
-77.061938535522089
30
0
10
58.077110495802785
20
-76.954516058803065
30
0
10
58.08569029660287
20
-76.878976419722292
30
0
10
58.090453182586316
20
-76.840225418792897
30
0
0
ARC
5
496
100
AcDbEntity
8
0
100
AcDbCircle
10
47.000000000000369
20
-47.000000000000099
30
0
40
32.996432910585163
210
9.547133847777872e-32
220
6.2410605007364291e-33
230
1
100
AcDbArc
50
288.67158011546928
51
289.91139537977358
0
SPLINE
5
497
100
AcDbEntity
8
0
100
AcDbSpline
70
4
71
5
72
24
73
18
74
0
42
0.000000001
43
0.0000000001
44
0.0000000001
40
0.13450521797666964
40
0.13450521797666964
40
0.13450521797666964
40
0.13450521797666964
40
0.13450521797666964
40
0.13450521797666964
40
0.20000000000000001
40
0.26666666666666666
40
0.33333333333333331
40
0.39999999999999997
40
0.46666666666666662
40
0.53333333333333333
40
0.59999999999999998
40
0.66666666666666663
40
0.73333333333333328
40
0.79999999999999993
40
0.86666666666666659
40
0.93333333333333324
40
1
40
1
40
1
40
1
40
1
40
1
41
1
41
1
41
1
41
1
41
1
41
1
41
1
41
1
41
1
41
1
41
1
41
1
41
1
41
1
41
1
41
1
41
1
41
1
10
57.563580828742232
20
-78.25980398009888
30
0
10
57.553453157057
20
-78.252443576208847
30
0
10
57.53442068997262
20
-78.237300011289918
30
0
10
57.510023401022906
20
-78.213609232970882
30
0
10
57.485726516221064
20
-78.180013216416185
30
0
10
57.467537625625241
20
-78.134123324843102
30
0
10
57.458137426154593
20
-78.083277633000137
30
0
10
57.452204325849472
20
-78.026432404766254
30
0
10
57.443508482332284
20
-77.962267550561137
30
0
10
57.425806143500076
20
-77.889523947413423
30
0
10
57.393676454225641
20
-77.80718076364245
30
0
10
57.343630040664671
20
-77.714733210462569
30
0
10
57.273975937829526
20
-77.612123051313247
30
0
10
57.184123296028545
20
-77.499518895930265
30
0
10
57.096153743541869
20
-77.401651897970893
30
0
10
57.021274538260442
20
-77.323977376781158
30
0
10
56.967427504018147
20
-77.270308512832571
30
0
10
56.939522076006853
20
-77.243002611576117
30
0
0
LINE
5
498
100
AcDbEntity
8
0
100
AcDbLine
10
56.939522076006867
20
-77.243002611576117
30
0
11
56.740509183169515
21
-77.307749597951045
31
2.1185229388259594e-32
0
SPLINE
5
499
100
AcDbEntity
8
0
100
AcDbSpline
70
4
71
5
72
24
73
18
74
0
42
0.000000001
43
0.0000000001
44
0.0000000001
40
0.13478277032037178
40
0.13478277032037178
40
0.13478277032037178
40
0.13478277032037178
40
0.13478277032037178
40
0.13478277032037178
40
0.20000000000000001
40
0.26666666666666666
40
0.33333333333333331
40
0.39999999999999997
40
0.46666666666666662
40
0.53333333333333333
40
0.59999999999999998
40
0.66666666666666663
40
0.73333333333333328
40
0.79999999999999993
40
0.86666666666666659
40
0.93333333333333324
40
1
40
1
40
1
40
1
40
1
40
1
41
1
41
1
41
1
41
1
41
1
41
1
41
1
41
1
41
1
41
1
41
1
41
1
41
1
41
1
41
1
41
1
41
1
41
1
10
56.834283174599619
20
-78.496848401726297
30
0
10
56.838113949621309
20
-78.484993288400148
30
0
10
56.844562374442646
20
-78.461606522456236
30
0
10
56.850325123109059
20
-78.428149136653843
30
0
10
56.850192895395224
20
-78.386734855517929
30
0
10
56.837908482727997
20
-78.338967287237722
30
0
10
56.815591533435253
20
-78.292323939337479
30
0
10
56.78694106074326
20
-78.242869596083153
30
0
10
56.756217581134877
20
-78.185871227594276
30
0
10
56.727728730888217
20
-78.116636915214755
30
0
10
56.705256987992705
20
-78.031151608771779
30
0
10
56.691326734376347
20
-77.926954000193433
30
0
10
56.687270965783881
20
-77.80300203553152
30
0
10
56.69366663522969
20
-77.659084390816005
30
0
10
56.707211056304814
20
-77.528190769458703
30
0
10
56.722052301409043
20
-77.421326537512783
30
0
10
56.734012536012735
20
-77.346247893129402
30
0
10
56.740509183169515
20
-77.307749597951045
30
0
0
ARC
5
500
100
AcDbEntity
8
0
100
AcDbCircle
10
47.000000000000369
20
-47.000000000000099
30
0
40
32.996432910585163
210
9.2694582224820662e-32
220
1.0969211815672385e-33
230
1
100
AcDbArc
50
286.10015154404067
51
287.33996680834503
0
SPLINE
5
501
100
AcDbEntity
8
0
100
AcDbSpline
70
4
71
5
72
24
73
18
74
0
42
0.000000001
43
0.0000000001
44
0.0000000001
40
0.13450521797666964
40
0.13450521797666964
40
0.13450521797666964
40
0.13450521797666964
40
0.13450521797666964
40
0.13450521797666964
40
0.20000000000000001
40
0.26666666666666666
40
0.33333333333333331
40
0.39999999999999997
40
0.46666666666666662
40
0.53333333333333333
40
0.59999999999999998
40
0.66666666666666663
40
0.73333333333333328
40
0.79999999999999993
40
0.86666666666666659
40
0.93333333333333324
40
1
40
1
40
1
40
1
40
1
40
1
41
1
41
1
41
1
41
1
41
1
41
1
41
1
41
1
41
1
41
1
41
1
41
1
41
1
41
1
41
1
41
1
41
1
41
1
10
56.150478203404759
20
-78.702260699334829
30
0
10
56.140690952882835
20
-78.694453330609747
30
0
10
56.122357063697365
20
-78.67847112584613
30
0
10
56.099047223944339
20
-78.653709622334702
30
0
10
56.076282084071927
20
-78.619057359118472
30
0
10
56.060170350678852
20
-78.572397634121785
30
0
10
56.05306079992215
20
-78.521181402152649
30
0
10
56.0496840253752
20
-78.464127225742416
30
0
10
56.043875683292171
20
-78.399636843731713
30
0
10
56.029454798951541
20
-78.326172276123387
30
0
10
56.001051775106667
20
-78.242470513400747
30
0
10
55.955203398743734
20
-78.147870724901267
30
0
10
55.890223020337743
20
-78.042238867847473
30
0
10
55.805512820496155
20
-77.925716873825195
30
0
10
55.722022633755593
20
-77.824001682372241
30
0
10
55.650703681067057
20
-77.74304593141504
30
0
10
55.599318711681349
20
-77.687015270385089
30
0
10
55.572666457206637
20
-77.658484892060656
30
0
0
LINE
5
502
100
AcDbEntity
8
0
100
AcDbLine
10
55.572666457206637
20
-77.658484892060656
30
0
11
55.370949094550397
21
-77.714238002853918
31
1.6370404527291505e-32
0
SPLINE
5
503
100
AcDbEntity
8
0
100
AcDbSpline
70
4
71
5
72
24
73
18
74
0
42
0.000000001
43
0.0000000001
44
0.0000000001
40
0.13478277032037178
40
0.13478277032037178
40
0.13478277032037178
40
0.13478277032037178
40
0.13478277032037178
40
0.13478277032037178
40
0.20000000000000001
40
0.26666666666666666
40
0.33333333333333331
40
0.39999999999999997
40
0.46666666666666662
40
0.53333333333333333
40
0.59999999999999998
40
0.66666666666666663
40
0.73333333333333328
40
0.79999999999999993
40
0.86666666666666659
40
0.93333333333333324
40
1
40
1
40
1
40
1
40
1
40
1
41
1
41
1
41
1
41
1
41
1
41
1
41
1
41
1
41
1
41
1
41
1
41
1
41
1
41
1
41
1
41
1
41
1
41
1
10
55.411279945709595
20
-78.906346617474782
30
0
10
55.4156387410439
20
-78.894675308530353
30
0
10
55.423129916017039
20
-78.871601398989199
30
0
10
55.430387921917017
20
-78.83843624728928
30
0
10
55.432113872044937
20
-78.797057735204774
30
0
10
55.421984912810998
20
-78.748787127597026
30
0
10
55.401783081091708
20
-78.701189500300458
30
0
10
55.375380218239485
20
-78.650499555682245
30
0
10
55.347244897263195
20
-78.592180177057287
30
0
10
55.321890919072388
20
-78.521737431590182
30
0
10
55.303277087497698
20
-78.435330012229812
30
0
10
55.29403566875159
20
-78.330612345244617
30
0
10
55.295545067914404
20
-78.206603230593345
30
0
10
55.308391138061253
20
-78.063117441994251
30
0
10
55.327794440921771
20
-77.932963289957556
30
0
10
55.347415187516525
20
-77.826872513126119
30
0
10
55.36273176960303
20
-77.752406061838244
30
0
10
55.370949094550397
20
-77.714238002853918
30
0
0
ARC
5
504
100
AcDbEntity
8
0
100
AcDbCircle
10
47.000000000000369
20
-47.000000000000099
30
0
40
32.996432910585163
210
1.0763038391144915e-31
220
5.4139532784514199e-34
230
1
100
AcDbArc
50
283.52872297261212
51
284.76853823691647
0
SPLINE
5
505
100
AcDbEntity
8
0
100
AcDbSpline
70
4
71
5
72
24
73
18
74
0
42
0.000000001
43
0.0000000001
44
0.0000000001
40
0.13450521797666964
40
0.13450521797666964
40
0.13450521797666964
40
0.13450521797666964
40
0.13450521797666964
40
0.13450521797666964
40
0.20000000000000001
40
0.26666666666666666
40
0.33333333333333331
40
0.39999999999999997
40
0.46666666666666662
40
0.53333333333333333
40
0.59999999999999998
40
0.66666666666666663
40
0.73333333333333328
40
0.79999999999999993
40
0.86666666666666659
40
0.93333333333333324
40
1
40
1
40
1
40
1
40
1
40
1
41
1
41
1
41
1
41
1
41
1
41
1
41
1
41
1
41
1
41
1
41
1
41
1
41
1
41
1
41
1
41
1
41
1
41
1
10
54.71894773273533
20
-79.080873284542548
30
0
10
54.709520613596766
20
-79.072634673983984
30
0
10
54.691922224323079
20
-79.055846015409116
30
0
10
54.669746776681897
20
-79.030063653078045
30
0
10
54.648559227700972
20
-78.994424928246772
30
0
10
54.634557098397501
20
-78.947089336303009
30
0
10
54.62975251404383
20
-78.895605706882918
30
0
10
54.628938865629578
20
-78.838457481814686
30
0
10
54.626029722208685
20
-78.77377144704522
30
0
10
54.614919334101522
20
-78.699733862838599
30
0
10
54.590300175596269
20
-78.614842085375159
30
0
10
54.548742168959748
20
-78.51828057294054
30
0
10
54.488566376817253
20
-78.409839746484607
30
0
10
54.409169214004095
20
-78.289634573611934
30
0
10
54.330326531134652
20
-78.184276029524469
30
0
10
54.2627114579184
20
-78.100202082908424
30
0
10
54.213892035879176
20
-78.041922463091723
30
0
10
54.188546629034605
20
-78.012225064084348
30
0
0
LINE
5
506
100
AcDbEntity
8
0
100
AcDbLine
10
54.188546629034605
20
-78.012225064084348
30
0
11
53.984531028482763
21
-78.058872019950613
31
2.311115933264683e-32
0
SPLINE
5
507
100
AcDbEntity
8
0
100
AcDbSpline
70
4
71
5
72
24
73
18
74
0
42
0.000000001
43
0.0000000001
44
0.0000000001
40
0.13478277032037178
40
0.13478277032037178
40
0.13478277032037178
40
0.13478277032037178
40
0.13478277032037178
40
0.13478277032037178
40
0.20000000000000001
40
0.26666666666666666
40
0.33333333333333331
40
0.39999999999999997
40
0.46666666666666662
40
0.53333333333333333
40
0.59999999999999998
40
0.66666666666666663
40
0.73333333333333328
40
0.79999999999999993
40
0.86666666666666659
40
0.93333333333333324
40
1
40
1
40
1
40
1
40
1
40
1
41
1
41
1
41
1
41
1
41
1
41
1
41
1
41
1
41
1
41
1
41
1
41
1
41
1
41
1
41
1
41
1
41
1
41
1
10
53.971337518404169
20
-79.251589697316177
30
0
10
53.976215556017372
20
-79.240125697216428
30
0
10
53.984734394912877
20
-79.217411111861111
30
0
10
53.993473041388434
20
-79.184604984465494
30
0
10
53.997053693524251
20
-79.143345572248961
30
0
10
53.989100586099504
20
-79.094669135893426
30
0
10
53.97105455575425
20
-79.046213084487476
30
0
10
53.946952474593807
20
-78.994389621307889
30
0
10
53.92146197304173
20
-78.934866680014096
30
0
10
53.899293926444692
20
-78.863357363774071
30
0
10
53.884575491970423
20
-78.776201844539571
30
0
10
53.880041519082049
20
-78.671175006592733
30
0
10
53.887113046271089
20
-78.547358479805567
30
0
10
53.90638364684331
20
-78.404593508605657
30
0
10
53.931606755819516
20
-78.275440939030517
30
0
10
53.955967490332341
20
-78.170337270019246
30
0
10
53.974609574343702
20
-78.096632977349586
30
0
10
53.984531028482763
20
-78.058872019950613
30
0
0
ARC
5
508
100
AcDbEntity
8
0
100
AcDbCircle
10
47.000000000000369
20
-47.000000000000099
30
0
40
32.996432910585156
210
1.0149567746982703e-31
220
-5.4594104377218985e-33
230
1
100
AcDbArc
50
280.95729440118356
51
282.19710966548791
0
SPLINE
5
509
100
AcDbEntity
8
0
100
AcDbSpline
70
4
71
5
72
24
73
18
74
0
42
0.000000001
43
0.0000000001
44
0.0000000001
40
0.13450521797666964
40
0.13450521797666964
40
0.13450521797666964
40
0.13450521797666964
40
0.13450521797666964
40
0.13450521797666964
40
0.20000000000000001
40
0.26666666666666666
40
0.33333333333333331
40
0.39999999999999997
40
0.46666666666666662
40
0.53333333333333333
40
0.59999999999999998
40
0.66666666666666663
40
0.73333333333333328
40
0.79999999999999993
40
0.86666666666666659
40
0.93333333333333324
40
1
40
1
40
1
40
1
40
1
40
1
41
1
41
1
41
1
41
1
41
1
41
1
41
1
41
1
41
1
41
1
41
1
41
1
41
1
41
1
41
1
41
1
41
1
41
1
10
53.271872328590035
20
-79.394879260362131
30
0
10
53.262824325798178
20
-79.386225999435339
30
0
10
53.245996877250249
20
-79.36866469717333
30
0
10
53.225000480121274
20
-79.341913398269156
30
0
10
53.205433190935793
20
-79.305359983471774
30
0
10
53.193568864146897
20
-79.25744385216359
30
0
10
53.191078921989728
20
-79.205796506470605
30
0
10
53.192830038287809
20
-79.148669321664215
30
0
10
53.192825952156753
20
-79.083917903201424
30
0
10
53.185048435126099
20
-79.009456404238009
30
0
10
53.164262721669324
20
-78.923545572775922
30
0
10
53.127078777053939
20
-78.825216798441545
30
0
10
53.071828757211961
20
-78.714185387976386
30
0
10
52.997904526746765
20
-78.59053911347425
30
0
10
52.923868126419116
20
-78.481749394838673
30
0
10
52.86009310043422
20
-78.394726566303504
30
0
10
52.813937541560456
20
-78.334315355098354
30
0
10
52.789950024622385
20
-78.303510742017423
30
0
0
LINE
5
510
100
AcDbEntity
8
0
100
AcDbLine
10
52.789950024622392
20
-78.303510742017423
30
0
11
52.584047046443523
21
-78.340957602195459
31
1.9259299443872359e-32
0
SPLINE
5
511
100
AcDbEntity
8
0
100
AcDbSpline
70
4
71
5
72
24
73
18
74
0
42
0.000000001
43
0.0000000001
44
0.0000000001
40
0.13478277032037178
40
0.13478277032037178
40
0.13478277032037178
40
0.13478277032037178
40
0.13478277032037178
40
0.13478277032037178
40
0.20000000000000001
40
0.26666666666666666
40
0.33333333333333331
40
0.39999999999999997
40
0.46666666666666662
40
0.53333333333333333
40
0.59999999999999998
40
0.66666666666666663
40
0.73333333333333328
40
0.79999999999999993
40
0.86666666666666659
40
0.93333333333333324
40
1
40
1
40
1
40
1
40
1
40
1
41
1
41
1
41
1
41
1
41
1
41
1
41
1
41
1
41
1
41
1
41
1
41
1
41
1
41
1
41
1
41
1
41
1
41
1
10
52.517355745100588
20
-79.531882367633514
30
0
10
52.522743201274125
20
-79.520648763349001
30
0
10
52.532272548284169
20
-79.498339246331511
30
0
10
52.542474236864258
20
-79.465958210414826
30
0
10
52.547902380051106
20
-79.424900989031556
30
0
10
52.542141140935485
20
-79.375916751793085
30
0
10
52.526287254267757
20
-79.326699860316637
30
0
10
52.504534493182987
20
-79.273847244133705
30
0
10
52.481740145532925
20
-79.213240611453372
30
0
10
52.462802674025291
20
-79.140808734686715
30
0
10
52.452009277619723
20
-79.053080635194902
30
0
10
52.452191881407103
20
-78.947956136360816
30
0
10
52.464811295507694
20
-78.824581547444851
30
0
10
52.490467618080316
20
-78.682824903296606
30
0
10
52.52145973718747
20
-78.554934012270166
30
0
10
52.550511400341051
20
-78.451029115880999
30
0
10
52.572441443601008
20
-78.378235412466225
30
0
10
52.584047046443523
20
-78.340957602195459
30
0
0
ARC
5
512
100
AcDbEntity
8
0
100
AcDbCircle
10
47.000000000000369
20
-47.000000000000099
30
0
40
32.996432910585163
210
1.0724562593167368e-31
220
-9.1086974014106557e-33
230
1
100
AcDbArc
50
278.38586582975489
51
279.62568109405925
0
SPLINE
5
513
100
AcDbEntity
8
0
100
AcDbSpline
70
4
71
5
72
24
73
18
74
0
42
0.000000001
43
0.0000000001
44
0.0000000001
40
0.13450521797666964
40
0.13450521797666964
40
0.13450521797666964
40
0.13450521797666964
40
0.13450521797666964
40
0.13450521797666964
40
0.20000000000000001
40
0.26666666666666666
40
0.33333333333333331
40
0.39999999999999997
40
0.46666666666666662
40
0.53333333333333333
40
0.59999999999999998
40
0.66666666666666663
40
0.73333333333333328
40
0.79999999999999993
40
0.86666666666666659
40
0.93333333333333324
40
1
40
1
40
1
40
1
40
1
40
1
41
1
41
1
41
1
41
1
41
1
41
1
41
1
41
1
41
1
41
1
41
1
41
1
41
1
41
1
41
1
41
1
41
1
41
1
10
51.812166208252208
20
-79.643646260547058
30
0
10
51.803515543280554
20
-79.634595775767963
30
0
10
51.787492923700313
20
-79.616297195944426
30
0
10
51.767717861033105
20
-79.588630834023022
30
0
10
51.749810237559416
20
-79.551236342972317
30
0
10
51.740107606460342
20
-79.502836169011346
30
0
10
51.7399373209118
20
-79.451129117926314
30
0
10
51.744249675407033
20
-79.394138019929358
30
0
10
51.747150654794723
20
-79.329451618512749
30
0
10
51.742721671724837
20
-79.254716160341872
30
0
10
51.725811262977224
20
-79.167959287862516
30
0
10
51.693076263898874
20
-79.068061272694038
30
0
10
51.642863282544582
20
-78.954662880703964
30
0
10
51.574560857989439
20
-78.827824511714056
30
0
10
51.505479839660921
20
-78.715822706545651
30
0
10
51.445673295322372
20
-78.626026248486795
30
0
10
51.402274550767132
20
-78.563605106032895
30
0
10
51.379693231402335
20
-78.531755315269592
30
0
0
LINE
5
514
100
AcDbEntity
8
0
100
AcDbLine
10
51.379693231402335
20
-78.531755315269592
30
0
11
51.172317536792406
21
-78.559926666766543
31
2.6963019221421302e-32
0
SPLINE
5
515
100
AcDbEntity
8
0
100
AcDbSpline
70
4
71
5
72
24
73
18
74
0
42
0.000000001
43
0.0000000001
44
0.0000000001
40
0.13478277032037178
40
0.13478277032037178
40
0.13478277032037178
40
0.13478277032037178
40
0.13478277032037178
40
0.13478277032037178
40
0.20000000000000001
40
0.26666666666666666
40
0.33333333333333331
40
0.39999999999999997
40
0.46666666666666662
40
0.53333333333333333
40
0.59999999999999998
40
0.66666666666666663
40
0.73333333333333328
40
0.79999999999999993
40
0.86666666666666659
40
0.93333333333333324
40
1
40
1
40
1
40
1
40
1
40
1
41
1
41
1
41
1
41
1
41
1
41
1
41
1
41
1
41
1
41
1
41
1
41
1
41
1
41
1
41
1
41
1
41
1
41
1
10
51.05226275159059
20
-79.746660156290886
30
0
10
51.058148776704691
20
-79.735679570805644
30
0
10
51.068669440992586
20
-79.713820050524234
30
0
10
51.080313626834091
20
-79.681929317183474
30
0
10
51.087578329513967
20
-79.641156970413334
30
0
10
51.084020561076315
20
-79.591963580026743
30
0
10
51.07039074570401
20
-79.542084964749307
30
0
10
51.051031111860816
20
-79.488309633698265
30
0
10
51.030978822895392
20
-79.426741363323941
30
0
10
51.015310064024547
20
-79.353532794191011
30
0
10
51.008463442151637
20
-79.265408787159217
30
0
10
51.013362254875013
20
-79.160398334188258
30
0
10
51.031504142066602
20
-79.037714143146587
30
0
10
51.063494518220374
20
-78.897251305065936
30
0
10
51.100193233455123
20
-78.770879647822696
30
0
10
51.133877319066123
20
-78.668382774689007
30
0
10
51.159051157386067
20
-78.59664625736022
30
0
10
51.172317536792406
20
-78.559926666766543
30
0
0
ARC
5
516
100
AcDbEntity
8
0
100
AcDbCircle
10
47.000000000000369
20
-47.000000000000099
30
0
40
32.996432910585163
210
1.0059770793292185e-31
220
-1.4535434841421421e-32
230
1
100
AcDbArc
50
275.81443725832628
51
277.05425252263075
0
SPLINE
5
517
100
AcDbEntity
8
0
100
AcDbSpline
70
4
71
5
72
24
73
18
74
0
42
0.000000001
43
0.0000000001
44
0.0000000001
40
0.13450521797666964
40
0.13450521797666964
40
0.13450521797666964
40
0.13450521797666964
40
0.13450521797666964
40
0.13450521797666964
40
0.20000000000000001
40
0.26666666666666666
40
0.33333333333333331
40
0.39999999999999997
40
0.46666666666666662
40
0.53333333333333333
40
0.59999999999999998
40
0.66666666666666663
40
0.73333333333333328
40
0.79999999999999993
40
0.86666666666666659
40
0.93333333333333324
40
1
40
1
40
1
40
1
40
1
40
1
41
1
41
1
41
1
41
1
41
1
41
1
41
1
41
1
41
1
41
1
41
1
41
1
41
1
41
1
41
1
41
1
41
1
41
1
10
50.342769025586698
20
-79.826673301465519
30
0
10
50.334533119723247
20
-79.817243819305986
30
0
10
50.319347596534207
20
-79.798244812825487
30
0
10
50.300833692673272
20
-79.769719104257845
30
0
10
50.284621798481851
20
-79.731558844482208
30
0
10
50.277100402880357
20
-79.682772099377615
30
0
10
50.279250116872888
20
-79.631109474020121
30
0
10
50.286115025057221
20
-79.574369235319423
30
0
10
50.291915227777253
20
-79.509878120752788
30
0
10
50.290843698050608
20
-79.435019210641244
30
0
10
50.277842649324889
20
-79.347591013939947
30
0
10
50.249622519715267
20
-79.246324939245213
30
0
10
50.204547699110606
20
-79.130787935000356
30
0
10
50.142004632458736
20
-79.001012907117826
30
0
10
50.078018116106762
20
-78.886024572146738
30
0
10
50.022300495835651
20
-78.793635322680359
30
0
10
49.981745964894841
20
-78.72932995685143
30
0
10
49.960616318875353
20
-78.696499129645701
30
0
0
LINE
5
518
100
AcDbEntity
8
0
100
AcDbLine
10
49.960616318875353
20
-78.696499129645701
30
0
11
49.752185534885179
21
-78.71533823910876
31
1.3481509610710651e-32
0
SPLINE
5
519
100
AcDbEntity
8
0
100
AcDbSpline
70
4
71
5
72
24
73
18
74
0
42
0.000000001
43
0.0000000001
44
0.0000000001
40
0.13478277032037178
40
0.13478277032037178
40
0.13478277032037178
40
0.13478277032037178
40
0.13478277032037178
40
0.13478277032037178
40
0.20000000000000001
40
0.26666666666666666
40
0.33333333333333331
40
0.39999999999999997
40
0.46666666666666662
40
0.53333333333333333
40
0.59999999999999998
40
0.66666666666666663
40
0.73333333333333328
40
0.79999999999999993
40
0.86666666666666659
40
0.93333333333333324
40
1
40
1
40
1
40
1
40
1
40
1
41
1
41
1
41
1
41
1
41
1
41
1
41
1
41
1
41
1
41
1
41
1
41
1
41
1
41
1
41
1
41
1
41
1
41
1
10
49.579009040184673
20
-79.895490529405123
30
0
10
49.585381780568099
20
-79.884785076156973
30
0
10
49.596872574916084
20
-79.863419574776387
30
0
10
49.609935808178349
20
-79.832083367704399
30
0
10
49.619022440206855
20
-79.791678005627688
30
0
10
49.617675307319345
20
-79.742374531034443
30
0
10
49.60629701187672
20
-79.691934640849212
30
0
10
49.589369493001243
20
-79.63734489129024
30
0
10
49.572099645361817
20
-79.574938973524766
30
0
10
49.55973115392289
20
-79.501101144341021
30
0
10
49.556845094767908
20
-79.412758699791624
30
0
10
49.566450250870417
20
-79.308073769761023
30
0
10
49.590078075806574
20
-79.186327046227248
30
0
10
49.628338081181269
20
-79.04744088767697
30
0
10
49.67066948621509
20
-78.922842959916707
30
0
10
49.70891815901787
20
-78.821960525100437
30
0
10
49.737285095637617
20
-78.751425661656654
30
0
10
49.752185534885179
20
-78.71533823910876
30
0
0
ARC
5
520
100
AcDbEntity
8
0
100
AcDbCircle
10
47.000000000000369
20
-47.000000000000099
30
0
40
32.996432910585156
210
9.8449701033559463e-32
220
5.5783275325855965e-33
230
1
100
AcDbArc
50
273.24300868689772
51
274.48282395120214
0
SPLINE
5
521
100
AcDbEntity
8
0
100
AcDbSpline
70
4
71
5
72
24
73
18
74
0
42
0.000000001
43
0.0000000001
44
0.0000000001
40
0.13450521797666964
40
0.13450521797666964
40
0.13450521797666964
40
0.13450521797666964
40
0.13450521797666964
40
0.13450521797666964
40
0.20000000000000001
40
0.26666666666666666
40
0.33333333333333331
40
0.39999999999999997
40
0.46666666666666662
40
0.53333333333333333
40
0.59999999999999998
40
0.66666666666666663
40
0.73333333333333328
40
0.79999999999999993
40
0.86666666666666659
40
0.93333333333333324
40
1
40
1
40
1
40
1
40
1
40
1
41
1
41
1
41
1
41
1
41
1
41
1
41
1
41
1
41
1
41
1
41
1
41
1
41
1
41
1
41
1
41
1
41
1
41
1
10
48.86663995096815
20
-79.943591791014853
30
0
10
48.858835390231263
20
-79.933802301197062
30
0
10
48.844517545056185
20
-79.914141129530208
30
0
10
48.827302084540001
20
-79.884813521297119
30
0
10
48.812818568228245
20
-79.845964342481281
30
0
10
48.807493555214108
20
-79.796889276244983
30
0
10
48.811958939509822
20
-79.74537511826712
30
0
10
48.821362576371769
20
-79.689000006152284
30
0
10
48.830050321587748
20
-79.624834054957731
30
0
10
48.83233840312262
20
-79.550002448788064
30
0
10
48.823272896800717
20
-79.462078996617777
30
0
10
48.799624468245256
20
-79.359648798794495
30
0
10
48.759778583080255
20
-79.242205858445402
30
0
10
48.703120827744485
20
-79.10975552130563
30
0
10
48.644357673697492
20
-78.992012227735529
30
0
10
48.592841185365998
20
-78.89721624651466
30
0
10
48.555212539467831
20
-78.831156159759544
30
0
10
48.535577119088742
20
-78.797410413028189
30
0
0
LINE
5
522
100
AcDbEntity
8
0
100
AcDbLine
10
48.535577119088742
20
-78.797410413028189
30
0
11
48.326510997578787
21
-78.806879340998051
31
2.6963019221421302e-32
0
SPLINE
5
523
100
AcDbEntity
8
0
100
AcDbSpline
70
4
71
5
72
24
73
18
74
0
42
0.000000001
43
0.0000000001
44
0.0000000001
40
0.13478277032037178
40
0.13478277032037178
40
0.13478277032037178
40
0.13478277032037178
40
0.13478277032037178
40
0.13478277032037178
40
0.20000000000000001
40
0.26666666666666666
40
0.33333333333333331
40
0.39999999999999997
40
0.46666666666666662
40
0.53333333333333333
40
0.59999999999999998
40
0.66666666666666663
40
0.73333333333333328
40
0.79999999999999993
40
0.86666666666666659
40
0.93333333333333324
40
1
40
1
40
1
40
1
40
1
40
1
41
1
41
1
41
1
41
1
41
1
41
1
41
1
41
1
41
1
41
1
41
1
41
1
41
1
41
1
41
1
41
1
41
1
41
1
10
48.100561547793141
20
-79.97807376241154
30
0
10
48.107408169594841
20
-79.967665000758629
30
0
10
48.119845953072328
20
-79.946836545555243
30
0
10
48.134301926142058
20
-79.916117971702775
30
0
10
48.145192188251571
20
-79.876160965341455
30
0
10
48.146058403860565
20
-79.826846697177956
30
0
10
48.136954542720368
20
-79.775947111311098
30
0
10
48.122493228582861
20
-79.720652879734843
30
0
10
48.108040601444266
20
-79.657534991791465
30
0
10
48.098997285932995
20
-79.583216602118355
30
0
10
48.100077601634979
20
-79.494833629977805
30
0
10
48.114369757610518
20
-79.390685044404933
30
0
10
48.143435936996255
20
-79.270120970077869
30
0
10
48.187888521032818
20
-79.133091189297929
30
0
10
48.235767366049544
20
-79.010517914665371
30
0
10
48.278503598307303
20
-78.911453081964524
30
0
10
48.310006505991652
20
-78.842261920233753
30
0
10
48.326510997578787
20
-78.806879340998051
30
0
0
ARC
5
524
100
AcDbEntity
8
0
100
AcDbCircle
10
47.000000000000369
20
-47.000000000000099
30
0
40
32.996432910585149
210
9.8600839453980231e-32
220
1.1557813930199634e-33
230
1
100
AcDbArc
50
270.67158011546911
51
271.91139537977358
0
SPLINE
5
525
100
AcDbEntity
8
0
100
AcDbSpline
70
4
71
5
72
24
73
18
74
0
42
0.000000001
43
0.0000000001
44
0.0000000001
40
0.13450521797666964
40
0.13450521797666964
40
0.13450521797666964
40
0.13450521797666964
40
0.13450521797666964
40
0.13450521797666964
40
0.20000000000000001
40
0.26666666666666666
40
0.33333333333333331
40
0.39999999999999997
40
0.46666666666666662
40
0.53333333333333333
40
0.59999999999999998
40
0.66666666666666663
40
0.73333333333333328
40
0.79999999999999993
40
0.86666666666666659
40
0.93333333333333324
40
1
40
1
40
1
40
1
40
1
40
1
41
1
41
1
41
1
41
1
41
1
41
1
41
1
41
1
41
1
41
1
41
1
41
1
41
1
41
1
41
1
41
1
41
1
41
1
10
47.386751711905717
20
-79.99416627091685
30
0
10
47.379394213642058
20
-79.984036488170489
30
0
10
47.365972880715653
20
-79.963752746300443
30
0
10
47.350090533190645
20
-79.933682300301882
30
0
10
47.337364562632885
20
-79.89422243952184
30
0
10
47.33424665607366
20
-79.844957882806241
30
0
10
47.341018717982848
20
-79.793695934866506
30
0
10
47.352942145849219
20
-79.737799481310788
30
0
10
47.364499937598488
20
-79.674087915174653
30
0
10
47.370143022503164
20
-79.599434313842877
30
0
10
47.36503131530835
20
-79.511192672335227
30
0
10
47.346002212594954
20
-79.407804632170112
30
0
10
47.311465507179548
20
-79.288692270169051
30
0
10
47.260807164338971
20
-79.153833361124171
30
0
10
47.207385713768858
20
-79.033572228278729
30
0
10
47.160174104728512
20
-78.936560421793857
30
0
10
47.125547122958125
20
-78.868878650335844
30
0
10
47.107445471342942
20
-78.834285943521792
30
0
0
LINE
5
526
100
AcDbEntity
8
0
100
AcDbLine
10
47.107445471342935
20
-78.834285943521792
30
0
11
46.898165043658835
21
-78.834365620837659
31
1.3481509610710651e-32
0
SPLINE
5
527
100
AcDbEntity
8
0
100
AcDbSpline
70
4
71
5
72
24
73
18
74
0
42
0.000000001
43
0.0000000001
44
0.0000000001
40
0.13478277032037178
40
0.13478277032037178
40
0.13478277032037178
40
0.13478277032037178
40
0.13478277032037178
40
0.13478277032037178
40
0.20000000000000001
40
0.26666666666666666
40
0.33333333333333331
40
0.39999999999999997
40
0.46666666666666662
40
0.53333333333333333
40
0.59999999999999998
40
0.66666666666666663
40
0.73333333333333328
40
0.79999999999999993
40
0.86666666666666659
40
0.93333333333333324
40
1
40
1
40
1
40
1
40
1
40
1
41
1
41
1
41
1
41
1
41
1
41
1
41
1
41
1
41
1
41
1
41
1
41
1
41
1
41
1
41
1
41
1
41
1
41
1
10
46.619897670909964
20
-79.994243543669171
30
0
10
46.627204385944822
20
-79.984152435472254
30
0
10
46.640564110511129
20
-79.963902972182964
30
0
10
46.656383710982396
20
-79.933863894669628
30
0
10
46.669055671634332
20
-79.894435712116959
30
0
10
46.672133491296862
20
-79.845209962756385
30
0
10
46.665322398423889
20
-79.793953186199985
30
0
10
46.653356412186469
20
-79.738065827830155
30
0
10
46.641750111216361
20
-79.67436308073529
30
0
10
46.636050183666661
20
-79.599713797919108
30
0
10
46.641094698613593
20
-79.511468289731098
30
0
10
46.660045071962053
20
-79.408065790006887
30
0
10
46.694491070380302
20
-79.288927164887269
30
0
10
46.745046711490318
20
-79.154029721619864
30
0
10
46.798376574867937
20
-79.033727946377724
30
0
10
46.845514301496365
20
-78.936680219181568
30
0
10
46.880089737581727
20
-78.868972100955389
30
0
10
46.898165043658835
20
-78.834365620837659
30
0
0
ARC
5
528
100
AcDbEntity
8
0
100
AcDbCircle
10
47.000000000000369
20
-47.000000000000099
30
0
40
32.996432910585163
210
9.8553408905799682e-32
220
-3.2690923364567965e-33
230
1
100
AcDbArc
50
268.10015154404056
51
269.33996680834497
0
SPLINE
5
529
100
AcDbEntity
8
0
100
AcDbSpline
70
4
71
5
72
24
73
18
74
0
42
0.000000001
43
0.0000000001
44
0.0000000001
40
0.13450521797666964
40
0.13450521797666964
40
0.13450521797666964
40
0.13450521797666964
40
0.13450521797666964
40
0.13450521797666964
40
0.20000000000000001
40
0.26666666666666666
40
0.33333333333333331
40
0.39999999999999997
40
0.46666666666666662
40
0.53333333333333333
40
0.59999999999999998
40
0.66666666666666663
40
0.73333333333333328
40
0.79999999999999993
40
0.86666666666666659
40
0.93333333333333324
40
1
40
1
40
1
40
1
40
1
40
1
41
1
41
1
41
1
41
1
41
1
41
1
41
1
41
1
41
1
41
1
41
1
41
1
41
1
41
1
41
1
41
1
41
1
41
1
10
45.906084606365418
20
-79.978294890899647
30
0
10
45.899188987597334
20
-79.967845215259061
30
0
10
45.886691195697999
20
-79.946979751942564
30
0
10
45.8721739460984
20
-79.916227026054912
30
0
10
45.861231149705745
20
-79.876235950218842
30
0
10
45.860326628650292
20
-79.826881115284905
30
0
10
45.869391730141508
20
-79.775974612124386
30
0
10
45.883810936815394
20
-79.720669385146394
30
0
10
45.898215499243506
20
-79.657540510683958
30
0
10
45.907202223095986
20
-79.583215256608085
30
0
10
45.906054609326262
20
-79.494833132685613
30
0
10
45.891683154535357
20
-79.390695459932402
30
0
10
45.862525181198009
20
-79.270153552724665
30
0
10
45.817968270013353
20
-79.133157659670118
30
0
10
45.769996106612112
20
-79.010620877466209
30
0
10
45.72718445476049
20
-78.911588614585014
30
0
10
45.695628871250904
20
-78.842421460504539
30
0
10
45.679097442716966
20
-78.80705145871562
30
0
0
LINE
5
530
100
AcDbEntity
8
0
100
AcDbLine
10
45.679097442716966
20
-78.80705145871562
30
0
11
45.470024171788488
21
-78.797741724918012
31
3.0814879110195774e-32
0
SPLINE
5
531
100
AcDbEntity
8
0
100
AcDbSpline
70
4
71
5
72
24
73
18
74
0
42
0.000000001
43
0.0000000001
44
0.0000000001
40
0.13478277032037178
40
0.13478277032037178
40
0.13478277032037178
40
0.13478277032037178
40
0.13478277032037178
40
0.13478277032037178
40
0.20000000000000001
40
0.26666666666666666
40
0.33333333333333331
40
0.39999999999999997
40
0.46666666666666662
40
0.53333333333333333
40
0.59999999999999998
40
0.66666666666666663
40
0.73333333333333328
40
0.79999999999999993
40
0.86666666666666659
40
0.93333333333333324
40
1
40
1
40
1
40
1
40
1
40
1
41
1
41
1
41
1
41
1
41
1
41
1
41
1
41
1
41
1
41
1
41
1
41
1
41
1
41
1
41
1
41
1
41
1
41
1
10
45.139999269532552
20
-79.943967309390572
30
0
10
45.147751363048869
20
-79.934214176798577
30
0
10
45.162006123996676
20
-79.9145844851476
30
0
10
45.179157493299449
20
-79.885285398677851
30
0
10
45.193585632851466
20
-79.846465443046256
30
0
10
45.198868858248346
20
-79.797427346596763
30
0
10
45.194364250277189
20
-79.745916603677401
30
0
10
45.18491768984368
20
-79.689548668216133
30
0
10
45.176181088587626
20
-79.625389350824705
30
0
10
45.173836027895021
20
-79.550559508586517
30
0
10
45.182834583105119
20
-79.462629179060571
30
0
10
45.206405010296542
20
-79.360181004058404
30
0
10
45.246161458090654
20
-79.242707757481924
30
0
10
45.302718343941031
20
-79.110214317225314
30
0
10
45.361391826431962
20
-78.99242631313885
30
0
10
45.412836118322844
20
-78.897591132654583
30
0
10
45.450414452482335
20
-78.831502413072357
30
0
10
45.470024171788488
20
-78.797741724918012
30
0
0
ARC
5
532
100
AcDbEntity
8
0
100
AcDbCircle
10
47.000000000000369
20
-47.000000000000099
30
0
40
32.996432910585149
210
1.1059594302130836e-31
220
-8.6483053676557233e-33
230
1
100
AcDbArc
50
265.528722972612
51
266.76853823691641
0
SPLINE
5
533
100
AcDbEntity
8
0
100
AcDbSpline
70
4
71
5
72
24
73
18
74
0
42
0.000000001
43
0.0000000001
44
0.0000000001
40
0.13450521797666964
40
0.13450521797666964
40
0.13450521797666964
40
0.13450521797666964
40
0.13450521797666964
40
0.13450521797666964
40
0.20000000000000001
40
0.26666666666666666
40
0.33333333333333331
40
0.39999999999999997
40
0.46666666666666662
40
0.53333333333333333
40
0.59999999999999998
40
0.66666666666666663
40
0.73333333333333328
40
0.79999999999999993
40
0.86666666666666659
40
0.93333333333333324
40
1
40
1
40
1
40
1
40
1
40
1
41
1
41
1
41
1
41
1
41
1
41
1
41
1
41
1
41
1
41
1
41
1
41
1
41
1
41
1
41
1
41
1
41
1
41
1
10
44.427620500846785
20
-79.896009613810364
30
0
10
44.421200648432794
20
-79.88526108953161
30
0
10
44.409651566450151
20
-79.86385592503494
30
0
10
44.396528650584685
20
-79.83248285115549
30
0
10
44.387391065692761
20
-79.792041096968006
30
0
10
44.388701751726103
20
-79.742695377884999
30
0
10
44.400041636891359
20
-79.692246838426314
30
0
10
44.416927584009464
20
-79.63764421539301
30
0
10
44.434149908244692
20
-79.575225165756095
30
0
10
44.446462172979111
20
-79.501377940106423
30
0
10
44.449280963775891
20
-79.413033323604594
30
0
10
44.439596099104833
20
-79.308355737677303
30
0
10
44.415875578123433
20
-79.186627040621957
30
0
10
44.377509830284076
20
-79.047770055054599
30
0
10
44.33508356360452
20
-78.923204396264055
30
0
10
44.296758085910959
20
-78.822351114784496
30
0
10
44.268337449407866
20
-78.751837871524941
30
0
10
44.253409536052203
20
-78.715761805237634
30
0
0
LINE
5
534
100
AcDbEntity
8
0
100
AcDbLine
10
44.253409536052203
20
-78.715761805237619
30
0
11
44.044964467622961
21
-78.697081408891435
31
1.5407439555097887e-32
0
SPLINE
5
535
100
AcDbEntity
8
0
100
AcDbSpline
70
4
71
5
72
24
73
18
74
0
42
0.000000001
43
0.0000000001
44
0.0000000001
40
0.13478277032037178
40
0.13478277032037178
40
0.13478277032037178
40
0.13478277032037178
40
0.13478277032037178
40
0.13478277032037178
40
0.20000000000000001
40
0.26666666666666666
40
0.33333333333333331
40
0.39999999999999997
40
0.46666666666666662
40
0.53333333333333333
40
0.59999999999999998
40
0.66666666666666663
40
0.73333333333333328
40
0.79999999999999993
40
0.86666666666666659
40
0.93333333333333324
40
1
40
1
40
1
40
1
40
1
40
1
41
1
41
1
41
1
41
1
41
1
41
1
41
1
41
1
41
1
41
1
41
1
41
1
41
1
41
1
41
1
41
1
41
1
41
1
10
43.663846662092531
20
-79.827346309220644
30
0
10
43.67202852240564
20
-79.817950793744657
30
0
10
43.687149612543465
20
-79.798980405318588
30
0
10
43.705598210102508
20
-79.77048031435335
30
0
10
43.721753472201698
20
-79.732346763867227
30
0
10
43.72923146362006
20
-79.683595076528931
30
0
10
43.727042412231697
20
-79.631934103027675
30
0
10
43.720134301717636
20
-79.57519910799536
30
0
10
43.714284994527873
20
-79.510712428634122
30
0
10
43.715299523332511
20
-79.43585272431767
30
0
10
43.72823399691314
20
-79.348414653435455
30
0
10
43.75637701024398
20
-79.247127120145706
30
0
10
43.801363843218994
20
-79.131555827597325
30
0
10
43.863808075768347
20
-79.001733214507595
30
0
10
43.927707016787295
20
-78.886696190941507
30
0
10
43.983354271983103
20
-78.794264542601724
30
0
10
44.023859826452735
20
-78.729928315549401
30
0
10
44.044964467622961
20
-78.697081408891435
30
0
0
ARC
5
536
100
AcDbEntity
8
0
100
AcDbCircle
10
47.000000000000369
20
-47.000000000000099
30
0
40
32.996432910585163
210
9.7863622677996424e-32
220
-1.2090191396201166e-32
230
1
100
AcDbArc
50
262.95729440118345
51
264.19710966548786
0
SPLINE
5
537
100
AcDbEntity
8
0
100
AcDbSpline
70
4
71
5
72
24
73
18
74
0
42
0.000000001
43
0.0000000001
44
0.0000000001
40
0.13450521797666964
40
0.13450521797666964
40
0.13450521797666964
40
0.13450521797666964
40
0.13450521797666964
40
0.13450521797666964
40
0.20000000000000001
40
0.26666666666666666
40
0.33333333333333331
40
0.39999999999999997
40
0.46666666666666662
40
0.53333333333333333
40
0.59999999999999998
40
0.66666666666666663
40
0.73333333333333328
40
0.79999999999999993
40
0.86666666666666659
40
0.93333333333333324
40
1
40
1
40
1
40
1
40
1
40
1
41
1
41
1
41
1
41
1
41
1
41
1
41
1
41
1
41
1
41
1
41
1
41
1
41
1
41
1
41
1
41
1
41
1
41
1
10
42.954336825300416
20
-79.747476151246303
30
0
10
42.948405667968899
20
-79.736450424426849
30
0
10
42.937828554217091
20
-79.71454866590264
30
0
10
42.926126399891857
20
-79.682618425226963
30
0
10
42.918812428380591
20
-79.641807436998917
30
0
10
42.922335681955495
20
-79.592570209478041
30
0
10
42.935927513775212
20
-79.542681230365787
30
0
10
42.955246195287266
20
-79.488891173693318
30
0
10
42.975251597860577
20
-79.427307652540989
30
0
10
42.990864608214316
20
-79.354087173802199
30
0
10
42.997644126908064
20
-79.265957979021522
30
0
10
42.992665356385416
20
-79.160951286647446
30
0
10
42.974430057732434
20
-79.038280945140386
30
0
10
42.942332736748696
20
-78.897842506549665
30
0
10
42.905537807645729
20
-78.771498829831785
30
0
10
42.871775686521843
20
-78.669027634840944
30
0
10
42.846547232404873
20
-78.597310306690133
30
0
10
42.833252897058323
20
-78.560600828300849
30
0
0
LINE
5
538
100
AcDbEntity
8
0
100
AcDbLine
10
42.833252897058316
20
-78.560600828300849
30
0
11
42.625855811755748
21
-78.532587389238287
31
1.9259299443872359e-32
0
SPLINE
5
539
100
AcDbEntity
8
0
100
AcDbSpline
70
4
71
5
72
24
73
18
74
0
42
0.000000001
43
0.0000000001
44
0.0000000001
40
0.13478277032037178
40
0.13478277032037178
40
0.13478277032037178
40
0.13478277032037178
40
0.13478277032037178
40
0.13478277032037178
40
0.20000000000000001
40
0.26666666666666666
40
0.33333333333333331
40
0.39999999999999997
40
0.46666666666666662
40
0.53333333333333333
40
0.59999999999999998
40
0.66666666666666663
40
0.73333333333333328
40
0.79999999999999993
40
0.86666666666666659
40
0.93333333333333324
40
1
40
1
40
1
40
1
40
1
40
1
41
1
41
1
41
1
41
1
41
1
41
1
41
1
41
1
41
1
41
1
41
1
41
1
41
1
41
1
41
1
41
1
41
1
41
1
10
42.194412623490997
20
-79.644615402333471
30
0
10
42.203007773423082
20
-79.635596425291283
30
0
10
42.218964740887728
20
-79.617323543927796
30
0
10
42.238673413682761
20
-79.589679843857425
30
0
10
42.25652326378124
20
-79.552309494412526
30
0
10
42.266180961541565
20
-79.503942395595729
30
0
10
42.266311875194162
20
-79.452235229838038
30
0
10
42.261956126614777
20
-79.39524743196425
30
0
10
42.259005893217548
20
-79.33056325822335
30
0
10
42.263377968393428
20
-79.25582444931058
30
0
10
42.280222312036145
20
-79.169054725710367
30
0
10
42.31288123522291
20
-79.069131813745472
30
0
10
42.363007855884163
20
-78.95569522042787
30
0
10
42.431213680758404
20
-78.828804879970633
30
0
10
42.50020939634198
20
-78.716750506180958
30
0
10
42.559947548676419
20
-78.62690853502437
30
0
10
42.603298750660095
20
-78.564454365101199
30
0
10
42.625855811755748
20
-78.532587389238287
30
0
0
ARC
5
540
100
AcDbEntity
8
0
100
AcDbCircle
10
47.000000000000369
20
-47.000000000000099
30
0
40
32.996432910585149
210
9.7222656136037981e-32
220
-1.6468652206897552e-32
230
1
100
AcDbArc
50
260.38586582975472
51
261.6256810940593
0
SPLINE
5
541
100
AcDbEntity
8
0
100
AcDbSpline
70
4
71
5
72
24
73
18
74
0
42
0.000000001
43
0.0000000001
44
0.0000000001
40
0.13450521797666964
40
0.13450521797666964
40
0.13450521797666964
40
0.13450521797666964
40
0.13450521797666964
40
0.13450521797666964
40
0.20000000000000001
40
0.26666666666666666
40
0.33333333333333331
40
0.39999999999999997
40
0.46666666666666662
40
0.53333333333333333
40
0.59999999999999998
40
0.66666666666666663
40
0.73333333333333328
40
0.79999999999999993
40
0.86666666666666659
40
0.93333333333333324
40
1
40
1
40
1
40
1
40
1
40
1
41
1
41
1
41
1
41
1
41
1
41
1
41
1
41
1
41
1
41
1
41
1
41
1
41
1
41
1
41
1
41
1
41
1
41
1
10
41.489200576980387
20
-79.532993629833882
30
0
10
41.483770059292894
20
-79.521712904820205
30
0
10
41.474186214671377
20
-79.499358659495385
30
0
10
41.463928388467828
20
-79.466935555278852
30
0
10
41.458452759702489
20
-79.425837520909297
30
0
10
41.464181485455143
20
-79.376807942174139
30
0
10
41.479997891788869
20
-79.327578993172935
30
0
10
41.501710402441276
20
-79.274709828876894
30
0
10
41.52445859513427
20
-79.214085857225058
30
0
10
41.543340908582287
20
-79.141639581696964
30
0
10
41.554067502124596
20
-79.05390328910724
30
0
10
41.553804852331609
20
-78.948778959790246
30
0
10
41.541091499471712
20
-78.825414015573983
30
0
10
41.515327245076477
20
-78.683676948285338
30
0
10
41.484237753640542
20
-78.555809692990863
30
0
10
41.455106981505132
20
-78.451926947838317
30
0
10
41.433121516523393
20
-78.379149963950837
30
0
10
41.421487532208118
20
-78.341881001463634
30
0
0
LINE
5
542
100
AcDbEntity
8
0
100
AcDbLine
10
41.421487532208118
20
-78.341881001463634
30
0
11
41.215556100161031
21
-78.304590935022858
31
1.5407439555097887e-32
0
SPLINE
5
543
100
AcDbEntity
8
0
100
AcDbSpline
70
4
71
5
72
24
73
18
74
0
42
0.000000001
43
0.0000000001
44
0.0000000001
40
0.13478277032037178
40
0.13478277032037178
40
0.13478277032037178
40
0.13478277032037178
40
0.13478277032037178
40
0.13478277032037178
40
0.20000000000000001
40
0.26666666666666666
40
0.33333333333333331
40
0.39999999999999997
40
0.46666666666666662
40
0.53333333333333333
40
0.59999999999999998
40
0.66666666666666663
40
0.73333333333333328
40
0.79999999999999993
40
0.86666666666666659
40
0.93333333333333324
40
1
40
1
40
1
40
1
40
1
40
1
41
1
41
1
41
1
41
1
41
1
41
1
41
1
41
1
41
1
41
1
41
1
41
1
41
1
41
1
41
1
41
1
41
1
41
1
10
40.734656398325527
20
-79.396142584457294
30
0
10
40.7436475283885
20
-79.387518308868394
30
0
10
40.760408237971092
20
-79.36997973371875
30
0
10
40.781337295357993
20
-79.343248095276266
30
0
10
40.80084578623314
20
-79.306716205783047
30
0
10
40.812663741017431
20
-79.258831100387937
30
0
10
40.815114356068321
20
-79.207181873724323
30
0
10
40.813319741321578
20
-79.150056038849883
30
0
10
40.813274523094307
20
-79.085304636046914
30
0
10
40.820995339863877
20
-79.010837236552547
30
0
10
40.841715631302279
20
-78.924910602910117
30
0
10
40.878824693619997
20
-78.82655354371677
30
0
10
40.933990153624471
20
-78.715480095832419
30
0
10
41.007820213369293
20
-78.591777568266494
30
0
10
41.081773755328456
20
-78.482931506849539
30
0
10
41.145482500112848
20
-78.395860142649653
30
0
10
41.191592046059064
20
-78.335413804242293
30
0
10
41.215556100161031
20
-78.304590935022858
30
0
0
ARC
5
544
100
AcDbEntity
8
0
100
AcDbCircle
10
47.000000000000369
20
-47.000000000000099
30
0
40
32.996432910585149
210
1.0158938293920344e-31
220
3.2825266820762995e-33
230
1
100
AcDbArc
50
257.81443725832622
51
259.05425252263075
0
SPLINE
5
545
100
AcDbEntity
8
0
100
AcDbSpline
70
4
71
5
72
24
73
18
74
0
42
0.000000001
43
0.0000000001
44
0.0000000001
40
0.13450521797666964
40
0.13450521797666964
40
0.13450521797666964
40
0.13450521797666964
40
0.13450521797666964
40
0.13450521797666964
40
0.20000000000000001
40
0.26666666666666666
40
0.33333333333333331
40
0.39999999999999997
40
0.46666666666666662
40
0.53333333333333333
40
0.59999999999999998
40
0.66666666666666663
40
0.73333333333333328
40
0.79999999999999993
40
0.86666666666666659
40
0.93333333333333324
40
1
40
1
40
1
40
1
40
1
40
1
41
1
41
1
41
1
41
1
41
1
41
1
41
1
41
1
41
1
41
1
41
1
41
1
41
1
41
1
41
1
41
1
41
1
41
1
10
40.035162345306652
20
-79.252993988827299
30
0
10
40.030243403603087
20
-79.24148098349832
30
0
10
40.021672128699493
20
-79.218719269848009
30
0
10
40.012879288514476
20
-79.185868597907557
30
0
10
40.009253029682682
20
-79.144566283368277
30
0
10
40.017175690721807
20
-79.095843092465429
30
0
10
40.035184819432068
20
-79.047373314127015
30
0
10
40.059247433117946
20
-78.995531513668354
30
0
10
40.084692604097931
20
-78.935989180127919
30
0
10
40.106806194173856
20
-78.864463004968073
30
0
10
40.121458260632849
20
-78.777296303786414
30
0
10
40.125912260511242
20
-78.672266043935537
30
0
10
40.11874645644518
20
-78.548454937589995
30
0
10
40.099367154418019
20
-78.40570468119418
30
0
10
40.074045710747399
20
-78.276571354958392
30
0
10
40.049604953098743
20
-78.17148626566788
30
0
10
40.030906753052832
20
-78.097796189203905
30
0
10
40.020956549064941
20
-78.060042797349396
30
0
0
LINE
5
546
100
AcDbEntity
8
0
100
AcDbLine
10
40.020956549064934
20
-78.060042797349382
30
0
11
39.816905488771603
21
-78.013551200761569
31
2.311115933264683e-32
0
SPLINE
5
547
100
AcDbEntity
8
0
100
AcDbSpline
70
4
71
5
72
24
73
18
74
0
42
0.000000001
43
0.0000000001
44
0.0000000001
40
0.13478277032037178
40
0.13478277032037178
40
0.13478277032037178
40
0.13478277032037178
40
0.13478277032037178
40
0.13478277032037178
40
0.20000000000000001
40
0.26666666666666666
40
0.33333333333333331
40
0.39999999999999997
40
0.46666666666666662
40
0.53333333333333333
40
0.59999999999999998
40
0.66666666666666663
40
0.73333333333333328
40
0.79999999999999993
40
0.86666666666666659
40
0.93333333333333324
40
1
40
1
40
1
40
1
40
1
40
1
41
1
41
1
41
1
41
1
41
1
41
1
41
1
41
1
41
1
41
1
41
1
41
1
41
1
41
1
41
1
41
1
41
1
41
1
10
39.287517741365448
20
-79.082428246779841
30
0
10
39.296886744619925
20
-79.074216040787519
30
0
10
39.314417442481925
20
-79.057447092207994
30
0
10
39.336524736124389
20
-79.031681349355722
30
0
10
39.357652580271846
20
-78.996061490177851
30
0
10
39.371606992291923
20
-78.948754812434018
30
0
10
39.376372373528518
20
-78.897267539533345
30
0
10
39.377142506729676
20
-78.84011871148725
30
0
10
39.380002394735868
20
-78.775430480330158
30
0
10
39.391056404401681
20
-78.701384457686459
30
0
10
39.415610915726305
20
-78.616473958806651
30
0
10
39.457095384462029
20
-78.519880830412461
30
0
10
39.517188587914845
20
-78.411394215103456
30
0
10
39.596494198615424
20
-78.291128620856668
30
0
10
39.675256634358597
20
-78.185710073294644
30
0
10
39.742807670659474
20
-78.101584666191229
30
0
10
39.791582702079069
20
-78.0432678901809
30
0
10
39.816905488771603
20
-78.013551200761569
30
0
0
ARC
5
548
100
AcDbEntity
8
0
100
AcDbCircle
10
47.000000000000369
20
-47.000000000000099
30
0
40
32.996432910585163
210
9.5355027703035036e-32
220
-2.5117325960608562e-32
230
1
100
AcDbArc
50
255.24300868689761
51
256.48282395120214
0
SPLINE
5
549
100
AcDbEntity
8
0
100
AcDbSpline
70
4
71
5
72
24
73
18
74
0
42
0.000000001
43
0.0000000001
44
0.0000000001
40
0.13450521797666964
40
0.13450521797666964
40
0.13450521797666964
40
0.13450521797666964
40
0.13450521797666964
40
0.13450521797666964
40
0.20000000000000001
40
0.26666666666666666
40
0.33333333333333331
40
0.39999999999999997
40
0.46666666666666662
40
0.53333333333333333
40
0.59999999999999998
40
0.66666666666666663
40
0.73333333333333328
40
0.79999999999999993
40
0.86666666666666659
40
0.93333333333333324
40
1
40
1
40
1
40
1
40
1
40
1
41
1
41
1
41
1
41
1
41
1
41
1
41
1
41
1
41
1
41
1
41
1
41
1
41
1
41
1
41
1
41
1
41
1
41
1
10
38.595150369770565
20
-78.908041110240447
30
0
10
38.590752910144886
20
-78.896319010256718
30
0
10
38.583211466366187
20
-78.873195667343026
30
0
10
38.575901319809653
20
-78.839983584560088
30
0
10
38.574131733714097
20
-78.798560167215939
30
0
10
38.584232374854736
20
-78.750241486167667
30
0
10
38.604397957953019
20
-78.702628490175144
30
0
10
38.630762215770716
20
-78.651918456040733
30
0
10
38.658853121849639
20
-78.593577670947411
30
0
10
38.684153454725994
20
-78.523115640353708
30
0
10
38.702701486789756
20
-78.436694072715923
30
0
10
38.711863166576535
20
-78.331969399296767
30
0
10
38.71025934228004
20
-78.207961469913016
30
0
10
38.697304019956185
20
-78.064485504428845
30
0
10
38.677801618068578
20
-77.934346164585364
30
0
10
38.658100095339954
20
-77.828270358541715
30
0
10
38.642726815916355
20
-77.753815591508399
30
0
10
38.634480430642498
20
-77.715653800593458
30
0
0
LINE
5
550
100
AcDbEntity
8
0
100
AcDbLine
10
38.63448043064249
20
-77.715653800593458
30
0
11
38.432720673782697
21
-77.660054301746882
31
2.311115933264683e-32
0
SPLINE
5
551
100
AcDbEntity
8
0
100
AcDbSpline
70
4
71
5
72
24
73
18
74
0
42
0.000000001
43
0.0000000001
44
0.0000000001
40
0.13478277032037178
40
0.13478277032037178
40
0.13478277032037178
40
0.13478277032037178
40
0.13478277032037178
40
0.13478277032037178
40
0.20000000000000001
40
0.26666666666666666
40
0.33333333333333331
40
0.39999999999999997
40
0.46666666666666662
40
0.53333333333333333
40
0.59999999999999998
40
0.66666666666666663
40
0.73333333333333328
40
0.79999999999999993
40
0.86666666666666659
40
0.93333333333333324
40
1
40
1
40
1
40
1
40
1
40
1
41
1
41
1
41
1
41
1
41
1
41
1
41
1
41
1
41
1
41
1
41
1
41
1
41
1
41
1
41
1
41
1
41
1
41
1
10
37.855910997276837
20
-78.704104168227275
30
0
10
37.865639005797114
20
-78.696320570121486
30
0
10
37.883904387446066
20
-78.680355018542855
30
0
10
37.907145396196789
20
-78.655607060057946
30
0
10
37.9298500449502
20
-78.620970964851409
30
0
10
37.945912811877342
20
-78.574337984112148
30
0
10
37.952983362456017
20
-78.523116353489996
30
0
10
37.956316692659314
20
-78.466059622406391
30
0
10
37.962075927465115
20
-78.401564836383869
30
0
10
37.976440868722783
20
-78.328089309426204
30
0
10
38.004780150415627
20
-78.244365943753621
30
0
10
38.050556481370194
20
-78.149731271864297
30
0
10
38.115456408556945
20
-78.044049966736196
30
0
10
38.200077859267552
20
-77.927463504710119
30
0
10
38.283490571731051
20
-77.825684769928387
30
0
10
38.354747860751161
20
-77.744674737295782
30
0
10
38.40609015122196
20
-77.688604965908382
30
0
10
38.432720673782697
20
-77.660054301746882
30
0
0
ARC
5
552
100
AcDbEntity
8
0
100
AcDbCircle
10
47.000000000000369
20
-47.000000000000099
30
0
40
32.996432910585156
210
1.0147465737352349e-31
220
-5.8370898838949983e-33
230
1
100
AcDbArc
50
252.67158011546906
51
253.91139537977352
0
SPLINE
5
553
100
AcDbEntity
8
0
100
AcDbSpline
70
4
71
5
72
24
73
18
74
0
42
0.000000001
43
0.0000000001
44
0.0000000001
40
0.13450521797666964
40
0.13450521797666964
40
0.13450521797666964
40
0.13450521797666964
40
0.13450521797666964
40
0.13450521797666964
40
0.20000000000000001
40
0.26666666666666666
40
0.33333333333333331
40
0.39999999999999997
40
0.46666666666666662
40
0.53333333333333333
40
0.59999999999999998
40
0.66666666666666663
40
0.73333333333333328
40
0.79999999999999993
40
0.86666666666666659
40
0.93333333333333324
40
1
40
1
40
1
40
1
40
1
40
1
41
1
41
1
41
1
41
1
41
1
41
1
41
1
41
1
41
1
41
1
41
1
41
1
41
1
41
1
41
1
41
1
41
1
41
1
10
37.172064642850266
20
-78.498829683263594
30
0
10
37.168197521200945
20
-78.486922095374453
30
0
10
37.161701096011285
20
-78.463483690532684
30
0
10
37.155888364745543
20
-78.429977081622042
30
0
10
37.155979015097117
20
-78.388515982722822
30
0
10
37.168237294992224
20
-78.340699118922387
30
0
10
37.190518721677861
20
-78.294038791513231
30
0
10
37.219131529520752
20
-78.244562646963175
30
0
10
37.249811599352192
20
-78.187540900893993
30
0
10
37.278247723525602
20
-78.118284916018766
30
0
10
37.300654367925979
20
-78.032782523460867
30
0
10
37.314505277217293
20
-77.928574338028696
30
0
10
37.31846666257907
20
-77.804619321073204
30
0
10
37.311961410253559
20
-77.660706588001005
30
0
10
37.298317325390947
20
-77.529823317860988
30
0
10
37.283394713827185
20
-77.422970417620732
30
0
10
37.271377314764756
20
-77.347900902010224
30
0
10
37.264851355327394
20
-77.309407564803095
30
0
0
LINE
5
554
100
AcDbEntity
8
0
100
AcDbLine
10
37.264851355327394
20
-77.309407564803095
30
0
11
37.065789219200717
21
-77.244812133689109
31
1.9259299443872359e-32
0
SPLINE
5
555
100
AcDbEntity
8
0
100
AcDbSpline
70
4
71
5
72
24
73
18
74
0
42
0.000000001
43
0.0000000001
44
0.0000000001
40
0.13478277032037178
40
0.13478277032037178
40
0.13478277032037178
40
0.13478277032037178
40
0.13478277032037178
40
0.13478277032037178
40
0.20000000000000001
40
0.26666666666666666
40
0.33333333333333331
40
0.39999999999999997
40
0.46666666666666662
40
0.53333333333333333
40
0.59999999999999998
40
0.66666666666666663
40
0.73333333333333328
40
0.79999999999999993
40
0.86666666666666659
40
0.93333333333333324
40
1
40
1
40
1
40
1
40
1
40
1
41
1
41
1
41
1
41
1
41
1
41
1
41
1
41
1
41
1
41
1
41
1
41
1
41
1
41
1
41
1
41
1
41
1
41
1
10
36.442719231520314
20
-78.261932243145424
30
0
10
36.452786654391858
20
-78.254592928056923
30
0
10
36.471749935779911
20
-78.239462925975332
30
0
10
36.496077855340268
20
-78.215782590952628
30
0
10
36.520313584558615
20
-78.182200012203722
30
0
10
36.538452358117908
20
-78.136334641086194
30
0
10
36.547813838890789
20
-78.08548180628992
30
0
10
36.553703653212779
20
-78.028632076831968
30
0
10
36.56235063648576
20
-77.964460619859906
30
0
10
36.579997580255309
20
-77.891703558521243
30
0
10
36.612064560774485
20
-77.809335933772246
30
0
10
36.662040566509404
20
-77.716850300022728
30
0
10
36.731616517613801
20
-77.614187133159732
30
0
10
36.821383391994317
20
-77.501514592973237
30
0
10
36.90927839907603
20
-77.403580639798705
30
0
10
36.984098438118409
20
-77.325849125061552
30
0
10
37.03790459110018
20
-77.27213927535476
30
0
10
37.065789219200717
20
-77.244812133689109
30
0
0
ARC
5
556
100
AcDbEntity
8
0
100
AcDbCircle
10
47.000000000000369
20
-47.000000000000099
30
0
40
32.996432910585177
210
8.9520642016571879e-32
220
-6.1883843889251597e-33
230
1
100
AcDbArc
50
250.10015154404047
51
251.33996680834494
0
SPLINE
5
557
100
AcDbEntity
8
0
100
AcDbSpline
70
4
71
5
72
24
73
18
74
0
42
0.000000001
43
0.0000000001
44
0.0000000001
40
0.13450521797666964
40
0.13450521797666964
40
0.13450521797666964
40
0.13450521797666964
40
0.13450521797666964
40
0.13450521797666964
40
0.20000000000000001
40
0.26666666666666666
40
0.33333333333333331
40
0.39999999999999997
40
0.46666666666666662
40
0.53333333333333333
40
0.59999999999999998
40
0.66666666666666663
40
0.73333333333333328
40
0.79999999999999993
40
0.86666666666666659
40
0.93333333333333324
40
1
40
1
40
1
40
1
40
1
40
1
41
1
41
1
41
1
41
1
41
1
41
1
41
1
41
1
41
1
41
1
41
1
41
1
41
1
41
1
41
1
41
1
41
1
41
1
10
35.768771069811798
20
-78.026183805251719
30
0
10
35.765442074007176
20
-78.014114709754494
30
0
10
35.760003750342314
20
-77.990408444812758
30
0
10
35.755700140434577
20
-77.956674787625616
30
0
10
35.757650844675524
20
-77.915259504306761
30
0
10
35.772042076780771
20
-77.868040754554244
30
0
10
35.796394475225675
20
-77.822427063418161
30
0
10
35.827198210706634
20
-77.774284446823202
30
0
10
35.860405658712928
20
-77.718696573986136
30
0
10
35.89192030761366
20
-77.650786107166155
30
0
10
35.918140440350776
20
-77.56637508012787
30
0
10
35.936652685258636
20
-77.462893244099845
30
0
10
35.946171302575763
20
-77.339240768480494
30
0
10
35.946129220961026
20
-77.195181088912378
30
0
10
35.938370930494536
20
-77.063817469963595
30
0
10
35.928257282249383
20
-76.956402663047569
30
0
10
35.91961996499051
20
-76.88086957887387
30
0
10
35.914827573803493
20
-76.842122215832859
30
0
0
LINE
5
558
100
AcDbEntity
8
0
100
AcDbLine
10
35.914827573803493
20
-76.842122215832859
30
0
11
35.718863943060384
21
-76.76866093905322
31
1.9259299443872359e-32
0
SPLINE
5
559
100
AcDbEntity
8
0
100
AcDbSpline
70
4
71
5
72
24
73
18
74
0
42
0.000000001
43
0.0000000001
44
0.0000000001
40
0.13478277032037178
40
0.13478277032037178
40
0.13478277032037178
40
0.13478277032037178
40
0.13478277032037178
40
0.13478277032037178
40
0.20000000000000001
40
0.26666666666666666
40
0.33333333333333331
40
0.39999999999999997
40
0.46666666666666662
40
0.53333333333333333
40
0.59999999999999998
40
0.66666666666666663
40
0.73333333333333328
40
0.79999999999999993
40
0.86666666666666659
40
0.93333333333333324
40
1
40
1
40
1
40
1
40
1
40
1
41
1
41
1
41
1
41
1
41
1
41
1
41
1
41
1
41
1
41
1
41
1
41
1
41
1
41
1
41
1
41
1
41
1
41
1
10
35.050788424240828
20
-77.756802946946053
30
0
10
35.061174987013757
20
-77.74992269527867
30
0
10
35.080797978615898
20
-77.735658712504758
30
0
10
35.106163815793501
20
-77.713093689987559
30
0
10
35.131881817943516
20
-77.680632258540626
30
0
10
35.152060069058955
20
-77.635626863798379
30
0
10
35.163693627249593
20
-77.585245235669646
30
0
10
35.172128064388097
20
-77.528716995626738
30
0
10
35.183645382254696
20
-77.464998100479377
30
0
10
35.204538789939889
20
-77.393106027798567
30
0
10
35.240268890654193
20
-77.312260021407681
30
0
10
35.294343926144826
20
-77.222109679556141
30
0
10
35.368455784460707
20
-77.122671400913589
30
0
10
35.463187303972553
20
-77.014139690067864
30
0
10
35.555387596825511
20
-76.920247744448901
30
0
10
35.633619708288769
20
-76.8459512885332
30
0
10
35.689781365350065
20
-76.794709524996478
30
0
10
35.718863943060384
20
-76.768660939053206
30
0
0
ARC
5
560
100
AcDbEntity
8
0
100
AcDbCircle
10
47.000000000000369
20
-47.000000000000099
30
0
40
32.99643291058517
210
9.5831689413101272e-32
220
-2.6299767295949238e-32
230
1
100
AcDbArc
50
247.52872297261186
51
248.76853823691644
0
SPLINE
5
561
100
AcDbEntity
8
0
100
AcDbSpline
70
4
71
5
72
24
73
18
74
0
42
0.000000001
43
0.0000000001
44
0.0000000001
40
0.13450521797666964
40
0.13450521797666964
40
0.13450521797666964
40
0.13450521797666964
40
0.13450521797666964
40
0.13450521797666964
40
0.20000000000000001
40
0.26666666666666666
40
0.33333333333333331
40
0.39999999999999997
40
0.46666666666666662
40
0.53333333333333333
40
0.59999999999999998
40
0.66666666666666663
40
0.73333333333333328
40
0.79999999999999993
40
0.86666666666666659
40
0.93333333333333324
40
1
40
1
40
1
40
1
40
1
40
1
41
1
41
1
41
1
41
1
41
1
41
1
41
1
41
1
41
1
41
1
41
1
41
1
41
1
41
1
41
1
41
1
41
1
41
1
10
34.38809569715724
20
-77.491055322102198
30
0
10
34.385311531351846
20
-77.478849024549021
30
0
10
34.38094226127189
20
-77.454922640770022
30
0
10
34.378156439619765
20
-77.421029870402577
30
0
10
34.381963269291383
20
-77.379743807533032
30
0
10
34.398458471580511
20
-77.333218264106463
30
0
10
34.424832799295096
20
-77.288743069147017
30
0
10
34.457765427790314
20
-77.24203093333
30
0
10
34.493433378590524
20
-77.18798888030318
30
0
10
34.527963085909732
20
-77.121560694180914
30
0
10
34.557943903125683
20
-77.038411025237053
30
0
10
34.581080202452526
20
-76.935863937259285
30
0
10
34.596136882496459
20
-76.812763022605992
30
0
10
34.602558056339291
20
-76.668846513564787
30
0
10
34.600701184433419
20
-76.537267094653586
30
0
10
34.595416867048485
20
-76.429506700187844
30
0
10
34.590177026000667
20
-76.353662161030329
30
0
10
34.587127854302054
20
-76.314738804188039
30
0
0
LINE
5
562
100
AcDbEntity
8
0
100
AcDbLine
10
34.587127854302054
20
-76.314738804188039
30
0
11
34.394657373615466
21
-76.232559622977732
31
2.311115933264683e-32
0
SPLINE
5
563
100
AcDbEntity
8
0
100
AcDbSpline
70
4
71
5
72
24
73
18
74
0
42
0.000000001
43
0.0000000001
44
0.0000000001
40
0.13478277032037178
40
0.13478277032037178
40
0.13478277032037178
40
0.13478277032037178
40
0.13478277032037178
40
0.13478277032037178
40
0.20000000000000001
40
0.26666666666666666
40
0.33333333333333331
40
0.39999999999999997
40
0.46666666666666662
40
0.53333333333333333
40
0.59999999999999998
40
0.66666666666666663
40
0.73333333333333328
40
0.79999999999999993
40
0.86666666666666659
40
0.93333333333333324
40
1
40
1
40
1
40
1
40
1
40
1
41
1
41
1
41
1
41
1
41
1
41
1
41
1
41
1
41
1
41
1
41
1
41
1
41
1
41
1
41
1
41
1
41
1
41
1
10
33.68292173884241
20
-77.189733542807716
30
0
10
33.693606524361599
20
-77.183326210472686
30
0
10
33.713849708084204
20
-77.169956972769484
30
0
10
33.740202379458736
20
-77.148552705710131
30
0
10
33.767350861906692
20
-77.117277794568054
30
0
10
33.789527954265914
20
-77.073223011076649
30
0
10
33.803410161436346
20
-77.023414051509576
30
0
10
33.814372235557428
20
-76.967321141234251
30
0
10
33.828736693672219
20
-76.904183129286551
30
0
10
33.852834488730522
20
-76.833300826330358
30
0
10
33.892155753972176
20
-76.754139251395259
30
0
10
33.950220919293514
20
-76.666505752232737
30
0
10
34.028719433401193
20
-76.570492617270332
30
0
10
34.128224821371205
20
-76.46632030418732
30
0
10
34.224544720875876
20
-76.376659452007033
30
0
10
34.306031355698849
20
-76.305947678087406
30
0
10
34.364435414736491
20
-76.257277194813128
30
0
10
34.394657373615466
20
-76.232559622977732
30
0
0
ARC
5
564
100
AcDbEntity
8
0
100
AcDbCircle
10
47.000000000000369
20
-47.000000000000099
30
0
40
32.99643291058517
210
1.0425802742405774e-31
220
1.9313620287869454e-32
230
1
100
AcDbArc
50
244.95729440118328
51
246.1971096654878
0
SPLINE
5
565
100
AcDbEntity
8
0
100
AcDbSpline
70
4
71
5
72
24
73
18
74
0
42
0.000000001
43
0.0000000001
44
0.0000000001
40
0.13450521797666964
40
0.13450521797666964
40
0.13450521797666964
40
0.13450521797666964
40
0.13450521797666964
40
0.13450521797666964
40
0.20000000000000001
40
0.26666666666666666
40
0.33333333333333331
40
0.39999999999999997
40
0.46666666666666662
40
0.53333333333333333
40
0.59999999999999998
40
0.66666666666666663
40
0.73333333333333328
40
0.79999999999999993
40
0.86666666666666659
40
0.93333333333333324
40
1
40
1
40
1
40
1
40
1
40
1
41
1
41
1
41
1
41
1
41
1
41
1
41
1
41
1
41
1
41
1
41
1
41
1
41
1
41
1
41
1
41
1
41
1
41
1
10
33.032819021343244
20
-76.894521911363768
30
0
10
33.030585292476481
20
-76.88220299361349
30
0
10
33.027293875109905
20
-76.858104675549967
30
0
10
33.026031451987457
20
-76.824121047531193
30
0
10
33.031686740641383
20
-76.783047349747108
30
0
10
33.050252693972219
20
-76.737308708899207
30
0
10
33.078595836570443
20
-76.694061577240163
30
0
10
33.11359103614889
20
-76.648873994226065
30
0
10
33.151647659236879
20
-76.596486594512214
30
0
10
33.189122886739334
20
-76.531674466614092
30
0
10
33.22280401105818
20
-76.449953608132134
30
0
10
33.250517771376174
20
-76.348547784392579
30
0
10
33.271082191997124
20
-76.226246339564852
30
0
10
33.283953689907939
20
-76.082762829746969
30
0
10
33.288001976055583
20
-75.951232594312103
30
0
10
33.287557631442851
20
-75.843343627390084
30
0
10
33.285725818948606
20
-75.767340374057028
30
0
10
33.284426007364388
20
-75.728319409874103
30
0
0
LINE
5
566
100
AcDbEntity
8
0
100
AcDbLine
10
33.284426007364388
20
-75.728319409874103
30
0
11
33.095836286667975
21
-75.63758782216749
31
1.5407439555097887e-32
0
SPLINE
5
567
100
AcDbEntity
8
0
100
AcDbSpline
70
4
71
5
72
24
73
18
74
0
42
0.000000001
43
0.0000000001
44
0.0000000001
40
0.13478277032037178
40
0.13478277032037178
40
0.13478277032037178
40
0.13478277032037178
40
0.13478277032037178
40
0.13478277032037178
40
0.20000000000000001
40
0.26666666666666666
40
0.33333333333333331
40
0.39999999999999997
40
0.46666666666666662
40
0.53333333333333333
40
0.59999999999999998
40
0.66666666666666663
40
0.73333333333333328
40
0.79999999999999993
40
0.86666666666666659
40
0.93333333333333324
40
1
40
1
40
1
40
1
40
1
40
1
41
1
41
1
41
1
41
1
41
1
41
1
41
1
41
1
41
1
41
1
41
1
41
1
41
1
41
1
41
1
41
1
41
1
41
1
10
32.341873876790189
20
-76.561866033043287
30
0
10
32.35283536731955
20
-76.555944523555212
30
0
10
32.37365797608463
20
-76.543496954788253
30
0
10
32.400944410883021
20
-76.523296548532045
30
0
10
32.429468700198271
20
-76.493271141203721
30
0
10
32.453599972088654
20
-76.450255689434201
30
0
10
32.469702871321111
20
-76.401119707044643
30
0
10
32.483170506266347
20
-76.345575090193194
30
0
10
32.50035317652236
20
-76.283145112998639
30
0
10
32.527606829201517
20
-76.213415327292054
30
0
10
32.570440071175312
20
-76.136097604689624
30
0
10
32.632378430811848
20
-76.051157430420929
30
0
10
32.715105515150725
20
-75.958762796814796
30
0
10
32.819184380969958
20
-75.859159670669541
30
0
10
32.919429911667223
20
-75.773910476951897
30
0
10
33.004006966611861
20
-75.706925789130523
30
0
10
33.064535809623507
20
-75.660924601994822
30
0
10
33.095836286667975
20
-75.63758782216749
30
0
0
ARC
5
568
100
AcDbEntity
8
0
100
AcDbCircle
10
47.000000000000369
20
-47.000000000000099
30
0
40
32.996432910585177
210
9.930628982804301e-32
220
3.6947606389185529e-33
230
1
100
AcDbArc
50
242.38586582975469
51
243.62568109405925
0
SPLINE
5
569
100
AcDbEntity
8
0
100
AcDbSpline
70
4
71
5
72
24
73
18
74
0
42
0.000000001
43
0.0000000001
44
0.0000000001
40
0.13450521797666964
40
0.13450521797666964
40
0.13450521797666964
40
0.13450521797666964
40
0.13450521797666964
40
0.13450521797666964
40
0.20000000000000001
40
0.26666666666666666
40
0.33333333333333331
40
0.39999999999999997
40
0.46666666666666662
40
0.53333333333333333
40
0.59999999999999998
40
0.66666666666666663
40
0.73333333333333328
40
0.79999999999999993
40
0.86666666666666659
40
0.93333333333333324
40
1
40
1
40
1
40
1
40
1
40
1
41
1
41
1
41
1
41
1
41
1
41
1
41
1
41
1
41
1
41
1
41
1
41
1
41
1
41
1
41
1
41
1
41
1
41
1
10
31.705670389231088
20
-76.23778491193741
30
0
10
31.703991595735616
20
-76.225378182650928
30
0
10
31.701784659558975
20
-76.201156461108411
30
0
10
31.702048177318357
20
-76.167150413942522
30
0
10
31.709540535955863
20
-76.126371798205057
30
0
10
31.73013985096922
20
-76.081512171471445
30
0
10
31.760394729133864
20
-76.039580197080554
30
0
10
31.797382024120839
20
-75.996008168647876
30
0
10
31.837750678522376
20
-75.945380923498163
30
0
10
31.878095956087193
20
-75.882315376824394
30
0
10
31.915409558206935
20
-75.802187903737689
30
0
10
31.947644967691026
20
-75.702127562070004
30
0
10
31.973675714882603
20
-75.580871885901544
30
0
10
31.992971615377588
20
-75.438110332000591
30
0
10
32.002916906869203
20
-75.306894164431839
30
0
10
32.007313429879581
20
-75.199093899074768
30
0
10
32.008893334965506
20
-75.123084992003669
30
0
10
32.009345501143251
20
-75.084045003508948
30
0
0
LINE
5
570
100
AcDbEntity
8
0
100
AcDbLine
10
32.009345501143244
20
-75.084045003508948
30
0
11
31.825016335036445
21
-74.984943730648851
31
7.7037197775489434e-33
0
SPLINE
5
571
100
AcDbEntity
8
0
100
AcDbSpline
70
4
71
5
72
24
73
18
74
0
42
0.000000001
43
0.0000000001
44
0.0000000001
40
0.13478277032037178
40
0.13478277032037178
40
0.13478277032037178
40
0.13478277032037178
40
0.13478277032037178
40
0.13478277032037178
40
0.20000000000000001
40
0.26666666666666666
40
0.33333333333333331
40
0.39999999999999997
40
0.46666666666666662
40
0.53333333333333333
40
0.59999999999999998
40
0.66666666666666663
40
0.73333333333333328
40
0.79999999999999993
40
0.86666666666666659
40
0.93333333333333324
40
1
40
1
40
1
40
1
40
1
40
1
41
1
41
1
41
1
41
1
41
1
41
1
41
1
41
1
41
1
41
1
41
1
41
1
41
1
41
1
41
1
41
1
41
1
41
1
10
31.030345530008141
20
-75.874464859259177
30
0
10
31.041561650564546
20
-75.869041097750113
30
0
10
31.06292175040916
20
-75.857540265666316
30
0
10
31.091086997383087
20
-75.838584401143152
30
0
10
31.120929649443024
20
-75.809868964803073
30
0
10
31.146966503694426
20
-75.767979472150685
30
0
10
31.165257665892888
20
-75.719615420268042
30
0
10
31.181203739637816
20
-75.664730956306798
30
0
10
31.201170018423849
20
-75.6031347395311
30
0
10
31.231524643494343
20
-75.534697897582689
30
0
10
31.277783601751313
20
-75.459379734916624
30
0
10
31.343470420089655
20
-75.377303943748657
30
0
10
31.43025947332141
20
-75.288713881994781
30
0
10
31.538702216005202
20
-75.193880530227872
30
0
10
31.642671496737179
20
-75.113214675503826
30
0
10
31.730168644870545
20
-75.050091972027488
30
0
10
31.79270037482172
20
-75.006852721299268
30
0
10
31.825016335036445
20
-74.984943730648851
30
0
0
ARC
5
572
100
AcDbEntity
8
0
100
AcDbCircle
10
47.000000000000369
20
-47.000000000000099
30
0
40
32.99643291058517
210
8.8717488421568111e-32
220
5.4331954355672636e-33
230
1
100
AcDbArc
50
239.81443725832617
51
241.05425252263066
0
SPLINE
5
573
100
AcDbEntity
8
0
100
AcDbSpline
70
4
71
5
72
24
73
18
74
0
42
0.000000001
43
0.0000000001
44
0.0000000001
40
0.13450521797666964
40
0.13450521797666964
40
0.13450521797666964
40
0.13450521797666964
40
0.13450521797666964
40
0.13450521797666964
40
0.20000000000000001
40
0.26666666666666666
40
0.33333333333333331
40
0.39999999999999997
40
0.46666666666666662
40
0.53333333333333333
40
0.59999999999999998
40
0.66666666666666663
40
0.73333333333333328
40
0.79999999999999993
40
0.86666666666666659
40
0.93333333333333324
40
1
40
1
40
1
40
1
40
1
40
1
41
1
41
1
41
1
41
1
41
1
41
1
41
1
41
1
41
1
41
1
41
1
41
1
41
1
41
1
41
1
41
1
41
1
41
1
10
30.409322501545411
20
-75.52216690473972
30
0
10
30.408202024287938
20
-75.509697349418701
30
0
10
30.407084013776966
20
-75.485401003720867
30
0
10
30.408872941728493
20
-75.451441021061243
30
0
10
30.418187281736397
20
-75.411039610075548
30
0
10
30.440778474153216
20
-75.367149338774468
30
0
10
30.472884158586062
20
-75.326616967067693
30
0
10
30.511789061491825
20
-75.28474824148303
30
0
10
30.554388450109322
20
-75.235983107431565
30
0
10
30.597522527716741
20
-75.174791147600246
30
0
10
30.638393463008498
20
-75.096418425976012
30
0
10
30.675085603833956
20
-74.997905074592012
30
0
10
30.706530255135576
20
-74.877939359877601
30
0
10
30.73221169883908
20
-74.736187264664039
30
0
10
30.748033967181144
20
-74.605549416860285
30
0
10
30.757262503802387
20
-74.498054948456257
30
0
10
30.762250944749887
20
-74.422193459470506
30
0
10
30.764454178087082
20
-74.38321306800529
30
0
0
LINE
5
574
100
AcDbEntity
8
0
100
AcDbLine
10
30.764454178087082
20
-74.38321306800529
30
0
11
30.584756780979436
21
-74.2759416867666
31
2.311115933264683e-32
0
SPLINE
5
575
100
AcDbEntity
8
0
100
AcDbSpline
70
4
71
5
72
24
73
18
74
0
42
0.000000001
43
0.0000000001
44
0.0000000001
40
0.13478277032037178
40
0.13478277032037178
40
0.13478277032037178
40
0.13478277032037178
40
0.13478277032037178
40
0.13478277032037178
40
0.20000000000000001
40
0.26666666666666666
40
0.33333333333333331
40
0.39999999999999997
40
0.46666666666666662
40
0.53333333333333333
40
0.59999999999999998
40
0.66666666666666663
40
0.73333333333333328
40
0.79999999999999993
40
0.86666666666666659
40
0.93333333333333324
40
1
40
1
40
1
40
1
40
1
40
1
41
1
41
1
41
1
41
1
41
1
41
1
41
1
41
1
41
1
41
1
41
1
41
1
41
1
41
1
41
1
41
1
41
1
41
1
10
29.750977942045061
20
-75.128914355938207
30
0
10
29.762426104854352
20
-75.123999265142032
30
0
10
29.784280679380085
20
-75.113468330886676
30
0
10
29.813268017470435
20
-75.095795182684995
30
0
10
29.844368933145361
20
-75.068447546400435
30
0
10
29.872258934998378
20
-75.027768372728602
30
0
10
29.892701524196394
20
-74.980273650116956
30
0
10
29.911093923470645
20
-74.926159869052157
30
0
10
29.933803601358392
20
-74.865521459278526
30
0
10
29.967198068645025
20
-74.798515383780213
30
0
10
30.016789583799476
20
-74.725348461806561
30
0
10
30.086092576329278
20
-74.646302343459894
30
0
10
30.176768816850824
20
-74.561695262152824
30
0
10
30.289357047147242
20
-74.471822666514072
30
0
10
30.396840697619059
20
-74.395902601079825
30
0
10
30.487081731329155
20
-74.336769002672767
30
0
10
30.551490417637606
20
-74.296378766448626
30
0
10
30.584756780979436
20
-74.2759416867666
30
0
0
ARC
5
576
100
AcDbEntity
8
0
100
AcDbCircle
10
47.000000000000369
20
-47.000000000000099
30
0
40
32.996432910585163
210
1.1627279024969185e-31
220
-1.5253581589571015e-33
230
1
100
AcDbArc
50
237.24300868689758
51
238.48282395120211
0
SPLINE
5
577
100
AcDbEntity
8
0
100
AcDbSpline
70
4
71
5
72
24
73
18
74
0
42
0.000000001
43
0.0000000001
44
0.0000000001
40
0.13450521797666964
40
0.13450521797666964
40
0.13450521797666964
40
0.13450521797666964
40
0.13450521797666964
40
0.13450521797666964
40
0.20000000000000001
40
0.26666666666666666
40
0.33333333333333331
40
0.39999999999999997
40
0.46666666666666662
40
0.53333333333333333
40
0.59999999999999998
40
0.66666666666666663
40
0.73333333333333328
40
0.79999999999999993
40
0.86666666666666659
40
0.93333333333333324
40
1
40
1
40
1
40
1
40
1
40
1
41
1
41
1
41
1
41
1
41
1
41
1
41
1
41
1
41
1
41
1
41
1
41
1
41
1
41
1
41
1
41
1
41
1
41
1
10
29.146386030410653
20
-74.749109049200854
30
0
10
29.145826125883232
20
-74.736601779870227
30
0
10
29.145799292562327
20
-74.712279739623895
30
0
10
29.149110028043175
20
-74.678434212356123
30
0
10
29.160227591580281
20
-74.638491369187221
30
0
10
29.184765165745539
20
-74.595658842484013
30
0
10
29.218656999870845
20
-74.556607700263839
30
0
10
29.259401161398522
20
-74.516526595568507
30
0
10
29.304145494732534
20
-74.469721779105512
30
0
10
29.34998150609065
20
-74.410526638580109
30
0
10
29.394327465929948
20
-74.334066500649669
30
0
10
29.435402445008243
20
-74.237298532328637
30
0
10
29.472197675076906
20
-74.118864374052336
30
0
10
29.504212942979066
20
-73.97840720738121
30
0
10
29.525880324228815
20
-73.848610766582311
30
0
10
29.539922289416324
20
-73.741638574685027
30
0
10
29.548309220169216
20
-73.666077278727585
30
0
10
29.55225908364713
20
-73.62723498561266
30
0
0
LINE
5
578
100
AcDbEntity
8
0
100
AcDbLine
10
29.55225908364713
20
-73.627234985612645
30
0
11
29.377555342181807
21
-73.512009526281233
31
1.9259299443872359e-32
0
SPLINE
5
579
100
AcDbEntity
8
0
100
AcDbSpline
70
4
71
5
72
24
73
18
74
0
42
0.000000001
43
0.0000000001
44
0.0000000001
40
0.13478277032037178
40
0.13478277032037178
40
0.13478277032037178
40
0.13478277032037178
40
0.13478277032037178
40
0.13478277032037178
40
0.20000000000000001
40
0.26666666666666666
40
0.33333333333333331
40
0.39999999999999997
40
0.46666666666666662
40
0.53333333333333333
40
0.59999999999999998
40
0.66666666666666663
40
0.73333333333333328
40
0.79999999999999993
40
0.86666666666666659
40
0.93333333333333324
40
1
40
1
40
1
40
1
40
1
40
1
41
1
41
1
41
1
41
1
41
1
41
1
41
1
41
1
41
1
41
1
41
1
41
1
41
1
41
1
41
1
41
1
41
1
41
1
10
28.506347588961486
20
-74.326715962574269
30
0
10
28.518004738947337
20
-74.32231944082973
30
0
10
28.540309775949556
20
-74.312779612302904
30
0
10
28.570060828515128
20
-74.296424771791209
30
0
10
28.602357374699864
20
-74.270500010062136
30
0
10
28.632044357402439
20
-74.231113077812964
30
0
10
28.654597204945929
20
-74.184583332522905
30
0
10
28.675398889905047
20
-74.131349212308038
30
0
10
28.700806232625521
20
-74.071790727223828
30
0
10
28.737173290115393
20
-74.006350359494334
30
0
10
28.789997491455587
20
-73.935482026656729
30
0
10
28.862777091172912
20
-73.859624769494033
30
0
10
28.957157909103266
20
-73.779171056035779
30
0
10
29.073664889300037
20
-73.69444020797232
30
0
10
29.184446451743831
20
-73.623418824736021
30
0
10
29.277249637598295
20
-73.56839341859579
30
0
10
29.343405569741485
20
-73.530933537436226
30
0
10
29.377555342181807
20
-73.512009526281233
30
0
0
ARC
5
580
100
AcDbEntity
8
0
100
AcDbCircle
10
47.000000000000369
20
-47.000000000000099
30
0
40
32.99643291058517
210
1.1608727635182936e-31
220
-6.7403812337237992e-33
230
1
100
AcDbArc
50
234.671580115469
51
235.91139537977352
0
SPLINE
5
581
100
AcDbEntity
8
0
100
AcDbSpline
70
4
71
5
72
24
73
18
74
0
42
0.000000001
43
0.0000000001
44
0.0000000001
40
0.13450521797666964
40
0.13450521797666964
40
0.13450521797666964
40
0.13450521797666964
40
0.13450521797666964
40
0.13450521797666964
40
0.20000000000000001
40
0.26666666666666666
40
0.33333333333333331
40
0.39999999999999997
40
0.46666666666666662
40
0.53333333333333333
40
0.59999999999999998
40
0.66666666666666663
40
0.73333333333333328
40
0.79999999999999993
40
0.86666666666666659
40
0.93333333333333324
40
1
40
1
40
1
40
1
40
1
40
1
41
1
41
1
41
1
41
1
41
1
41
1
41
1
41
1
41
1
41
1
41
1
41
1
41
1
41
1
41
1
41
1
41
1
41
1
10
27.919404361804752
20
-73.920168180961269
30
0
10
27.9194061575806
20
-73.907648385596985
30
0
10
27.920470555488492
20
-73.883349632154363
30
0
10
27.925296431118014
20
-73.849686720666114
30
0
10
27.938194828890897
20
-73.81028288488443
30
0
10
27.964629369395759
20
-73.768594361787621
30
0
10
28.00023909957001
20
-73.731103092857452
30
0
10
28.042740466400609
20
-73.692890327062202
30
0
10
28.089539635318495
20
-73.648140086859101
30
0
10
28.137985272800414
20
-73.591060976774813
30
0
10
28.185716950325819
20
-73.516667403080447
30
0
10
28.231092048115457
20
-73.421839695632443
30
0
10
28.273163756254615
20
-73.305175604427504
30
0
10
28.311448373866547
20
-73.166296228340059
30
0
10
28.338917232801709
20
-73.037602587304136
30
0
10
28.35774434790633
20
-72.931368099671943
30
0
10
28.369512878302231
20
-72.856259167136983
30
0
10
28.375201417421469
20
-72.817633195581436
30
0
0
LINE
5
582
100
AcDbEntity
8
0
100
AcDbLine
10
28.375201417421465
20
-72.817633195581436
30
0
11
28.205843161683756
21
-72.694685706897872
31
1.5407439555097887e-32
0
SPLINE
5
583
100
AcDbEntity
8
0
100
AcDbSpline
70
4
71
5
72
24
73
18
74
0
42
0.000000001
43
0.0000000001
44
0.0000000001
40
0.13478277032037178
40
0.13478277032037178
40
0.13478277032037178
40
0.13478277032037178
40
0.13478277032037178
40
0.13478277032037178
40
0.20000000000000001
40
0.26666666666666666
40
0.33333333333333331
40
0.39999999999999997
40
0.46666666666666662
40
0.53333333333333333
40
0.59999999999999998
40
0.66666666666666663
40
0.73333333333333328
40
0.79999999999999993
40
0.86666666666666659
40
0.93333333333333324
40
1
40
1
40
1
40
1
40
1
40
1
41
1
41
1
41
1
41
1
41
1
41
1
41
1
41
1
41
1
41
1
41
1
41
1
41
1
41
1
41
1
41
1
41
1
41
1
10
27.298960990649853
20
-73.469485199972908
30
0
10
27.310803651863559
20
-73.465616101289712
30
0
10
27.333514231966141
20
-73.457086590436475
30
0
10
27.363969084346436
20
-73.442082994087016
30
0
10
27.397396220095057
20
-73.417633315933415
30
0
10
27.42882039801485
20
-73.37961794514672
30
0
10
27.453438085470246
20
-73.334146881892991
30
0
10
27.476607164289085
20
-73.281899628961597
30
0
10
27.50466100483532
20
-73.223541011429575
30
0
10
27.543927414114471
20
-73.159798139660538
30
0
10
27.599877920728886
20
-73.091371115349958
30
0
10
27.675987559205613
20
-73.018855485791875
30
0
10
27.773882884137898
20
-72.942717163254386
30
0
10
27.89407398468196
20
-72.863298699417982
30
0
10
28.007930359774083
20
-72.797319025993744
30
0
10
28.10310880450708
20
-72.74651262596538
30
0
10
28.17087875324188
20
-72.712058539085817
30
0
10
28.205843161683752
20
-72.694685706897872
30
0
0
ARC
5
584
100
AcDbEntity
8
0
100
AcDbCircle
10
47.000000000000369
20
-47.000000000000099
30
0
40
32.996432910585177
210
1.0809635418180008e-31
220
-2.166806237704139e-32
230
1
100
AcDbArc
50
232.10015154404041
51
233.33996680834494
0
SPLINE
5
585
100
AcDbEntity
8
0
100
AcDbSpline
70
4
71
5
72
24
73
18
74
0
42
0.000000001
43
0.0000000001
44
0.0000000001
40
0.13450521797666964
40
0.13450521797666964
40
0.13450521797666964
40
0.13450521797666964
40
0.13450521797666964
40
0.13450521797666964
40
0.20000000000000001
40
0.26666666666666666
40
0.33333333333333331
40
0.39999999999999997
40
0.46666666666666662
40
0.53333333333333333
40
0.59999999999999998
40
0.66666666666666663
40
0.73333333333333328
40
0.79999999999999993
40
0.86666666666666659
40
0.93333333333333324
40
1
40
1
40
1
40
1
40
1
40
1
41
1
41
1
41
1
41
1
41
1
41
1
41
1
41
1
41
1
41
1
41
1
41
1
41
1
41
1
41
1
41
1
41
1
41
1
10
26.730848473518336
20
-73.037013676612005
30
0
10
26.731411965981007
20
-73.024506568415745
30
0
10
26.733565451561958
20
-73.000280036232539
30
0
10
26.739896748668855
20
-72.966867533147578
30
0
10
26.754550005020967
20
-72.928082058834434
30
0
10
26.782828276218844
20
-72.887621494481508
30
0
10
26.820084189184502
20
-72.85176560126753
30
0
10
26.864257169221432
20
-72.81549812979722
30
0
10
26.913016926425154
20
-72.772892586882321
30
0
10
26.963974626964259
20
-72.718044456970631
30
0
10
27.014995896929484
20
-72.645867266269221
30
0
10
27.064579734022146
20
-72.553170790077132
30
0
10
27.111843193410618
20
-72.438511711897277
30
0
10
27.156320060607474
20
-72.30148981097453
30
0
10
27.189535078601764
20
-72.17415814156773
30
0
10
27.213109428319257
20
-72.068875300320769
30
0
10
27.228235858104131
20
-71.994369990602692
30
0
10
27.235651616903965
20
-71.956038128172821
30
0
0
LINE
5
586
100
AcDbEntity
8
0
100
AcDbLine
10
27.235651616903958
20
-71.956038128172835
30
0
11
27.07197991188227
21
-71.825616210017131
31
1.5407439555097887e-32
0
SPLINE
5
587
100
AcDbEntity
8
0
100
AcDbSpline
70
4
71
5
72
24
73
18
74
0
42
0.000000001
43
0.0000000001
44
0.0000000001
40
0.13478277032037178
40
0.13478277032037178
40
0.13478277032037178
40
0.13478277032037178
40
0.13478277032037178
40
0.13478277032037178
40
0.20000000000000001
40
0.26666666666666666
40
0.33333333333333331
40
0.39999999999999997
40
0.46666666666666662
40
0.53333333333333333
40
0.59999999999999998
40
0.66666666666666663
40
0.73333333333333328
40
0.79999999999999993
40
0.86666666666666659
40
0.93333333333333324
40
1
40
1
40
1
40
1
40
1
40
1
41
1
41
1
41
1
41
1
41
1
41
1
41
1
41
1
41
1
41
1
41
1
41
1
41
1
41
1
41
1
41
1
41
1
41
1
10
26.131249663036982
20
-72.558948416807482
30
0
10
26.143253985934898
20
-72.555614533035452
30
0
10
26.166324373051921
20
-72.548112517155545
30
0
10
26.197421693227234
20
-72.534490380214635
30
0
10
26.231912100736938
20
-72.511565024034496
30
0
10
26.265010189761622
20
-72.474997772607878
30
0
10
26.29164314038259
20
-72.430676964060439
30
0
10
26.317132953619804
20
-72.379521797426733
30
0
10
26.347776795290407
20
-72.322480573936105
30
0
10
26.389863479036222
20
-72.260563567788182
30
0
10
26.44882761405059
20
-72.194715654925133
30
0
10
26.528114016603681
20
-72.125687689799037
30
0
10
26.629326700381668
20
-72.054018090631175
30
0
10
26.752959872391877
20
-71.980071949238805
30
0
10
26.8696617685452
20
-71.919266859908177
30
0
10
26.967023795435633
20
-71.87278178331988
30
0
10
27.036271281104295
20
-71.841402876666038
30
0
10
27.07197991188227
20
-71.825616210017131
30
0
0
ARC
5
588
100
AcDbEntity
8
0
100
AcDbCircle
10
47.000000000000369
20
-47.000000000000099
30
0
40
32.996432910585185
210
1.0026244477099305e-31
220
3.5698710129264496e-33
230
1
100
AcDbArc
50
229.5287229726118
51
230.76853823691633
0
SPLINE
5
589
100
AcDbEntity
8
0
100
AcDbSpline
70
4
71
5
72
24
73
18
74
0
42
0.000000001
43
0.0000000001
44
0.0000000001
40
0.13450521797666964
40
0.13450521797666964
40
0.13450521797666964
40
0.13450521797666964
40
0.13450521797666964
40
0.13450521797666964
40
0.20000000000000001
40
0.26666666666666666
40
0.33333333333333331
40
0.39999999999999997
40
0.46666666666666662
40
0.53333333333333333
40
0.59999999999999998
40
0.66666666666666663
40
0.73333333333333328
40
0.79999999999999993
40
0.86666666666666659
40
0.93333333333333324
40
1
40
1
40
1
40
1
40
1
40
1
41
1
41
1
41
1
41
1
41
1
41
1
41
1
41
1
41
1
41
1
41
1
41
1
41
1
41
1
41
1
41
1
41
1
41
1
10
25.583111958934278
20
-72.101424091792282
30
0
10
25.584236013284936
20
-72.088954858415477
30
0
10
25.58747424970559
20
-72.064849336503357
30
0
10
25.595298217900083
20
-72.031754530156306
30
0
10
25.611676823123219
20
-71.99366552609527
30
0
10
25.641741876339243
20
-71.954514402678257
30
0
10
25.680568943645717
20
-71.920366094177595
30
0
10
25.726324578385832
20
-71.886116954893225
30
0
10
25.77694672821346
20
-71.845741911159877
30
0
10
25.830313869782437
20
-71.793235218255063
30
0
10
25.884521982139827
20
-71.7234197658032
30
0
10
25.938214703286363
20
-71.633041199233787
30
0
10
25.990574731606898
20
-71.520618042203324
30
0
10
26.041154277897235
20
-71.385729560318509
30
0
10
26.080048564324763
20
-71.260016291577386
30
0
10
26.108322673052122
20
-71.155897122346602
30
0
10
26.126776539609445
20
-71.08214547922384
30
0
10
26.135904583738558
20
-71.044184921189256
30
0
0
LINE
5
590
100
AcDbEntity
8
0
100
AcDbLine
10
26.135904583738562
20
-71.044184921189256
30
0
11
25.978249042464931
21
-70.906551225947723
31
1.5407439555097887e-32
0
SPLINE
5
591
100
AcDbEntity
8
0
100
AcDbSpline
70
4
71
5
72
24
73
18
74
0
42
0.000000001
43
0.0000000001
44
0.0000000001
40
0.13478277032037178
40
0.13478277032037178
40
0.13478277032037178
40
0.13478277032037178
40
0.13478277032037178
40
0.13478277032037178
40
0.20000000000000001
40
0.26666666666666666
40
0.33333333333333331
40
0.39999999999999997
40
0.46666666666666662
40
0.53333333333333333
40
0.59999999999999998
40
0.66666666666666663
40
0.73333333333333328
40
0.79999999999999993
40
0.86666666666666659
40
0.93333333333333324
40
1
40
1
40
1
40
1
40
1
40
1
41
1
41
1
41
1
41
1
41
1
41
1
41
1
41
1
41
1
41
1
41
1
41
1
41
1
41
1
41
1
41
1
41
1
41
1
10
25.005565221334596
20
-71.596939312982684
30
0
10
25.017707030807969
20
-71.594147358120054
30
0
10
25.041090764250036
20
-71.587687945275079
30
0
10
25.072767926356061
20
-71.575474700913659
30
0
10
25.108252146536181
20
-71.554119835323348
30
0
10
25.142957491519251
20
-71.519074344834706
30
0
10
25.171552070087611
20
-71.475993047203644
30
0
10
25.1993112846516
20
-71.42603298656536
30
0
10
25.232483414827609
20
-71.370424030549032
30
0
10
25.277305616060033
20
-71.310457582632523
30
0
10
25.33916463355353
20
-71.247321390150319
30
0
10
25.421468127919905
20
-71.181920102591533
30
0
10
25.525794341668103
20
-71.114863559828066
30
0
10
25.652620604389448
20
-71.046538658567542
30
0
10
25.77193299951611
20
-70.991030606688312
30
0
10
25.871282534399032
20
-70.948960468297997
30
0
10
25.941868101781051
20
-70.920719934811871
30
0
10
25.978249042464924
20
-70.906551225947723
30
0
0
ARC
5
592
100
AcDbEntity
8
0
100
AcDbCircle
10
47.000000000000369
20
-47.000000000000099
30
0
40
32.996432910585177
210
1.1413187545927492e-31
220
-2.2262153402366399e-32
230
1
100
AcDbArc
50
226.95729440118325
51
228.19710966548783
0
SPLINE
5
593
100
AcDbEntity
8
0
100
AcDbSpline
70
4
71
5
72
24
73
18
74
0
42
0.000000001
43
0.0000000001
44
0.0000000001
40
0.13450521797666964
40
0.13450521797666964
40
0.13450521797666964
40
0.13450521797666964
40
0.13450521797666964
40
0.13450521797666964
40
0.20000000000000001
40
0.26666666666666666
40
0.33333333333333331
40
0.39999999999999997
40
0.46666666666666662
40
0.53333333333333333
40
0.59999999999999998
40
0.66666666666666663
40
0.73333333333333328
40
0.79999999999999993
40
0.86666666666666659
40
0.93333333333333324
40
1
40
1
40
1
40
1
40
1
40
1
41
1
41
1
41
1
41
1
41
1
41
1
41
1
41
1
41
1
41
1
41
1
41
1
41
1
41
1
41
1
41
1
41
1
41
1
10
24.478506206649161
20
-71.115283579415205
30
0
10
24.480188559191941
20
-71.102877332234428
30
0
10
24.484505025075084
20
-71.07894136590653
30
0
10
24.493805907926479
20
-71.046230904832996
30
0
10
24.511876877689417
20
-71.008915077209267
30
0
10
24.543668165907558
20
-70.971152239880382
30
0
10
24.583988195008498
20
-70.938780286241837
30
0
10
24.631234338692721
20
-70.906618452351921
30
0
10
24.683616934871431
20
-70.868555217765007
30
0
10
24.739286043149413
20
-70.818495703358877
30
0
10
24.796571829974834
20
-70.751182588186552
30
0
10
24.854265305180412
20
-70.663303941645069
30
0
10
24.911616456304166
20
-70.553343111040704
30
0
10
24.968196821213027
20
-70.420859695644978
30
0
10
25.012692048157081
20
-70.297017997362531
30
0
10
25.045608975602125
20
-70.194272182298306
30
0
10
25.067353115300541
20
-70.121422731765051
30
0
10
25.078175062092836
20
-70.083909925637741
30
0
0
LINE
5
594
100
AcDbEntity
8
0
100
AcDbLine
10
25.078175062092832
20
-70.083909925637727
30
0
11
24.926853181846198
21
-69.939341629255935
31
1.5407439555097887e-32
0
SPLINE
5
595
100
AcDbEntity
8
0
100
AcDbSpline
70
4
71
5
72
24
73
18
74
0
42
0.000000001
43
0.0000000001
44
0.0000000001
40
0.13478277032037178
40
0.13478277032037178
40
0.13478277032037178
40
0.13478277032037178
40
0.13478277032037178
40
0.13478277032037178
40
0.20000000000000001
40
0.26666666666666666
40
0.33333333333333331
40
0.39999999999999997
40
0.46666666666666662
40
0.53333333333333333
40
0.59999999999999998
40
0.66666666666666663
40
0.73333333333333328
40
0.79999999999999993
40
0.86666666666666659
40
0.93333333333333324
40
1
40
1
40
1
40
1
40
1
40
1
41
1
41
1
41
1
41
1
41
1
41
1
41
1
41
1
41
1
41
1
41
1
41
1
41
1
41
1
41
1
41
1
41
1
41
1
10
23.92417464419923
20
-70.585395246806883
30
0
10
23.936429488259666
20
-70.583150843479203
30
0
10
23.960079476299597
20
-70.577747042066974
30
0
10
23.992272686747512
20
-70.566967286133803
30
0
10
24.028679259100954
20
-70.547225916990669
30
0
10
24.064921968096286
20
-70.513772764393877
30
0
10
24.095420588936246
20
-70.472017737679266
30
0
10
24.125393301463141
20
-70.423353395949718
30
0
10
24.161026915889025
20
-70.369288696444514
30
0
10
24.208494368659835
20
-70.311393571205045
30
0
10
24.273123692803583
20
-70.251096246992986
30
0
10
24.358278530698737
20
-70.189453346490893
30
0
10
24.46550817530667
20
-70.127144903084883
30
0
10
24.595272117524413
20
-70.064578839214477
30
0
10
24.71695473233904
20
-70.014479610615993
30
0
10
24.818091698472884
20
-69.976909134083556
30
0
10
24.889873197629271
20
-69.951863846441285
30
0
10
24.926853181846198
20
-69.939341629255935
30
0
0
ARC
5
596
100
AcDbEntity
8
0
100
AcDbCircle
10
47.000000000000369
20
-47.000000000000099
30
0
40
32.996432910585185
210
9.1743813747417075e-32
220
2.0807253017334321e-32
230
1
100
AcDbArc
50
224.38586582975472
51
225.62568109405925
0
SPLINE
5
597
100
AcDbEntity
8
0
100
AcDbSpline
70
4
71
5
72
24
73
18
74
0
42
0.000000001
43
0.0000000001
44
0.0000000001
40
0.13450521797666964
40
0.13450521797666964
40
0.13450521797666964
40
0.13450521797666964
40
0.13450521797666964
40
0.13450521797666964
40
0.20000000000000001
40
0.26666666666666666
40
0.33333333333333331
40
0.39999999999999997
40
0.46666666666666662
40
0.53333333333333333
40
0.59999999999999998
40
0.66666666666666663
40
0.73333333333333328
40
0.79999999999999993
40
0.86666666666666659
40
0.93333333333333324
40
1
40
1
40
1
40
1
40
1
40
1
41
1
41
1
41
1
41
1
41
1
41
1
41
1
41
1
41
1
41
1
41
1
41
1
41
1
41
1
41
1
41
1
41
1
41
1
10
23.419255745644236
20
-70.080578095234529
30
0
10
23.421493008344996
20
-70.068259818780575
30
0
10
23.426879010902802
20
-70.044541611887581
30
0
10
23.437638077670798
20
-70.012281370603006
30
0
10
23.457365019445398
20
-69.975813868527325
30
0
10
23.490818519242048
20
-69.939515366615382
30
0
10
23.532550310964737
20
-69.908984960645398
30
0
10
23.581191816147317
20
-69.878975201803243
30
0
10
23.635229367099619
20
-69.843300430651652
30
0
10
23.69308833191111
20
-69.795788907944157
30
0
10
23.75333642725364
20
-69.731113689707129
30
0
10
23.814914469537214
20
-69.645911939092571
30
0
10
23.877141245878278
20
-69.538634881393264
30
0
10
23.939608484080587
20
-69.408823336454049
30
0
10
23.989615044075641
20
-69.287102609329438
30
0
10
24.027108499927166
20
-69.185937064829616
30
0
10
24.052099122963092
20
-69.114136515984242
30
0
10
24.064593178457955
20
-69.07714700756344
30
0
0
LINE
5
598
100
AcDbEntity
8
0
100
AcDbLine
10
24.064593178457947
20
-69.07714700756344
30
0
11
23.919909701366787
21
-68.925935251350751
31
1.5407439555097887e-32
0
SPLINE
5
599
100
AcDbEntity
8
0
100
AcDbSpline
70
4
71
5
72
24
73
18
74
0
42
0.000000001
43
0.0000000001
44
0.0000000001
40
0.13478277032037178
40
0.13478277032037178
40
0.13478277032037178
40
0.13478277032037178
40
0.13478277032037178
40
0.13478277032037178
40
0.20000000000000001
40
0.26666666666666666
40
0.33333333333333331
40
0.39999999999999997
40
0.46666666666666662
40
0.53333333333333333
40
0.59999999999999998
40
0.66666666666666663
40
0.73333333333333328
40
0.79999999999999993
40
0.86666666666666659
40
0.93333333333333324
40
1
40
1
40
1
40
1
40
1
40
1
41
1
41
1
41
1
41
1
41
1
41
1
41
1
41
1
41
1
41
1
41
1
41
1
41
1
41
1
41
1
41
1
41
1
41
1
10
22.889255708338933
20
-69.526353333410441
30
0
10
22.901598907361379
20
-69.524661001547301
30
0
10
22.925467522070665
20
-69.520323694104718
30
0
10
22.958111948018999
20
-69.510999135593664
30
0
10
22.995367554554104
20
-69.492911019387918
30
0
10
23.033074639569072
20
-69.461117574880319
30
0
10
23.065415882517094
20
-69.420772908149075
30
0
10
23.097541731952717
20
-69.373502288836107
30
0
10
23.13556506927123
20
-69.321090724951773
30
0
10
23.185582180447643
20
-69.265383515466738
30
0
10
23.252851656383868
20
-69.208046490311276
30
0
10
23.340686347296913
20
-69.150286117463878
30
0
10
23.450603476530745
20
-69.092851254328181
30
0
10
23.58304377093458
20
-69.036170027574073
30
0
10
23.706851552844768
20
-68.991580515435388
30
0
10
23.809572273839326
20
-68.958585362700575
30
0
10
23.882405146383647
20
-68.93678575877837
30
0
10
23.919909701366784
20
-68.925935251350751
30
0
0
ARC
5
600
100
AcDbEntity
8
0
100
AcDbCircle
10
47.000000000000369
20
-47.000000000000099
30
0
40
32.996432910585192
210
1.136141872133755e-31
220
2.4059505558838912e-33
230
1
100
AcDbArc
50
221.81443725832614
51
223.05425252263066
0
SPLINE
5
601
100
AcDbEntity
8
0
100
AcDbSpline
70
4
71
5
72
24
73
18
74
0
42
0.000000001
43
0.0000000001
44
0.0000000001
40
0.13450521797666964
40
0.13450521797666964
40
0.13450521797666964
40
0.13450521797666964
40
0.13450521797666964
40
0.13450521797666964
40
0.20000000000000001
40
0.26666666666666666
40
0.33333333333333331
40
0.39999999999999997
40
0.46666666666666662
40
0.53333333333333333
40
0.59999999999999998
40
0.66666666666666663
40
0.73333333333333328
40
0.79999999999999993
40
0.86666666666666659
40
0.93333333333333324
40
1
40
1
40
1
40
1
40
1
40
1
41
1
41
1
41
1
41
1
41
1
41
1
41
1
41
1
41
1
41
1
41
1
41
1
41
1
41
1
41
1
41
1
41
1
41
1
10
22.407493765380153
20
-68.999391398394067
30
0
10
22.410281432689558
20
-68.987185900036366
30
0
10
22.416726125229658
20
-68.963733217890478
30
0
10
22.428921708585641
20
-68.931988164227505
30
0
10
22.450264894936449
20
-68.896442428395886
30
0
10
22.485313235415106
20
-68.861681362253009
30
0
10
22.528372747484799
20
-68.833053988126181
30
0
10
22.578311656647646
20
-68.805256739992288
30
0
10
22.633895337937368
20
-68.772042276517439
30
0
10
22.693827639027276
20
-68.727174427392356
30
0
10
22.756916711240876
20
-68.665267353373011
30
0
10
22.822255310620246
20
-68.58291408367225
30
0
10
22.88923239573236
20
-68.478536840595496
30
0
10
22.957460706523683
20
-68.351658589288618
30
0
10
23.012877893012917
20
-68.232303962667345
30
0
10
23.054872370440563
20
-68.132922422675165
30
0
10
23.083059149025026
20
-68.062315372267634
30
0
10
23.097200151857415
20
-68.025923653500669
30
0
0
LINE
5
602
100
AcDbEntity
8
0
100
AcDbLine
10
23.097200151857415
20
-68.025923653500669
30
0
11
22.959446451189741
21
-67.868372957810422
31
1.5407439555097887e-32
0
SPLINE
5
603
100
AcDbEntity
8
0
100
AcDbSpline
70
4
71
5
72
24
73
18
74
0
42
0.000000001
43
0.0000000001
44
0.0000000001
40
0.13478277032037178
40
0.13478277032037178
40
0.13478277032037178
40
0.13478277032037178
40
0.13478277032037178
40
0.13478277032037178
40
0.20000000000000001
40
0.26666666666666666
40
0.33333333333333331
40
0.39999999999999997
40
0.46666666666666662
40
0.53333333333333333
40
0.59999999999999998
40
0.66666666666666663
40
0.73333333333333328
40
0.79999999999999993
40
0.86666666666666659
40
0.93333333333333324
40
1
40
1
40
1
40
1
40
1
40
1
41
1
41
1
41
1
41
1
41
1
41
1
41
1
41
1
41
1
41
1
41
1
41
1
41
1
41
1
41
1
41
1
41
1
41
1
10
21.902892602760808
20
-68.421946342266835
30
0
10
21.915299299185101
20
-68.420809489999385
30
0
10
21.939338472350222
20
-68.417547411286421
30
0
10
21.972368372269521
20
-68.409696828617385
30
0
10
22.010397985152821
20
-68.393298392407843
30
0
10
22.04949350913634
20
-68.363228683755494
30
0
10
22.08361224323319
20
-68.324375625797245
30
0
10
22.117826532392158
20
-68.278593925637281
30
0
10
22.158163018662201
20
-68.227941047288397
30
0
10
22.210629060438698
20
-68.17453394046403
30
0
10
22.280403216395257
20
-68.120272683503259
30
0
10
22.370740872947977
20
-68.066511160014585
30
0
10
22.483124128337487
20
-68.014065543319958
30
0
10
22.617974057799998
20
-67.963383302129557
30
0
10
22.743657674409651
20
-67.924393303794005
30
0
10
22.847755284403167
20
-67.89603992270338
30
0
10
22.921492854622908
20
-67.877529904002387
30
0
10
22.959446451189741
20
-67.868372957810422
30
0
0
ARC
5
604
100
AcDbEntity
8
0
100
AcDbCircle
10
47.000000000000369
20
-47.000000000000099
30
0
40
32.996432910585199
210
1.0406165002901409e-31
220
-1.0491283827743136e-32
230
1
100
AcDbArc
50
219.24300868689755
51
220.48282395120211
0
SPLINE
5
605
100
AcDbEntity
8
0
100
AcDbSpline
70
4
71
5
72
24
73
18
74
0
42
0.000000001
43
0.0000000001
44
0.0000000001
40
0.13450521797666964
40
0.13450521797666964
40
0.13450521797666964
40
0.13450521797666964
40
0.13450521797666964
40
0.13450521797666964
40
0.20000000000000001
40
0.26666666666666666
40
0.33333333333333331
40
0.39999999999999997
40
0.46666666666666662
40
0.53333333333333333
40
0.59999999999999998
40
0.66666666666666663
40
0.73333333333333328
40
0.79999999999999993
40
0.86666666666666659
40
0.93333333333333324
40
1
40
1
40
1
40
1
40
1
40
1
41
1
41
1
41
1
41
1
41
1
41
1
41
1
41
1
41
1
41
1
41
1
41
1
41
1
41
1
41
1
41
1
41
1
41
1
10
21.445257819837199
20
-67.873900855014114
30
0
10
21.448590277764282
20
-67.861832715001967
30
0
10
21.456080681533575
20
-67.83869278818392
30
0
10
21.469688221195685
20
-67.807526852455908
30
0
10
21.492604669785816
20
-67.772974467249782
30
0
10
21.529177268253076
20
-67.739820841037115
30
0
10
21.573477784542924
20
-67.713154150475106
30
0
10
21.624613527368982
20
-67.687625393007906
30
0
10
21.681631400859246
20
-67.656938126718956
30
0
10
21.743516342549118
20
-67.614804309053284
30
0
10
21.809319338638407
20
-67.555790051859944
30
0
10
21.878286911869846
20
-67.476451111598379
30
0
10
21.949879422817091
20
-67.375183885020917
30
0
10
22.023731403459514
20
-67.251494443259205
30
0
10
22.084447613604389
20
-67.134746281475287
30
0
10
22.130858541319345
20
-67.037348887186369
30
0
10
22.162184711031454
20
-66.968077528419613
30
0
10
22.177944183103591
20
-66.932356887384955
30
0
0
LINE
5
606
100
AcDbEntity
8
0
100
AcDbLine
10
22.177944183103591
20
-66.932356887384955
30
0
11
22.047397676479932
21
-66.768784538351028
31
1.1555579666323415e-32
0
SPLINE
5
607
100
AcDbEntity
8
0
100
AcDbSpline
70
4
71
5
72
24
73
18
74
0
42
0.000000001
43
0.0000000001
44
0.0000000001
40
0.13478277032037178
40
0.13478277032037178
40
0.13478277032037178
40
0.13478277032037178
40
0.13478277032037178
40
0.13478277032037178
40
0.20000000000000001
40
0.26666666666666666
40
0.33333333333333331
40
0.39999999999999997
40
0.46666666666666662
40
0.53333333333333333
40
0.59999999999999998
40
0.66666666666666663
40
0.73333333333333328
40
0.79999999999999993
40
0.86666666666666659
40
0.93333333333333324
40
1
40
1
40
1
40
1
40
1
40
1
41
1
41
1
41
1
41
1
41
1
41
1
41
1
41
1
41
1
41
1
41
1
41
1
41
1
41
1
41
1
41
1
41
1
41
1
10
20.967071731491682
20
-67.27439840207883
30
0
10
20.979516939882352
20
-67.273819318876264
30
0
10
21.003678259807728
20
-67.271639038285315
30
0
10
21.037027115875269
20
-67.26527824148701
30
0
10
21.075754148527487
20
-67.250602509541878
30
0
10
21.116159378297205
20
-67.22231709313624
30
0
10
21.151986892953015
20
-67.185033888839058
30
0
10
21.188220718810303
20
-67.140833306083465
30
0
10
21.230789121716601
20
-67.092041121425993
30
0
10
21.285598434467378
20
-67.041041672067905
30
0
10
21.3577367545799
20
-66.989965458252129
30
0
10
21.450395448754364
20
-66.940311052675725
30
0
10
21.565018505379459
20
-66.892960300914595
30
0
10
21.702006500088885
20
-66.848379112576723
30
0
10
21.829312841320451
20
-66.815067148712089
30
0
10
21.93457770158
20
-66.791412639201809
30
0
10
22.009071471821926
20
-66.776229482436335
30
0
10
22.047397676479932
20
-66.768784538351028
30
0
0
ARC
5
608
100
AcDbEntity
8
0
100
AcDbCircle
10
47.000000000000369
20
-47.000000000000099
30
0
40
32.996432910585192
210
1.0595775231274974e-31
220
-1.3309079137471195e-32
230
1
100
AcDbArc
50
216.67158011546897
51
217.91139537977355
0
SPLINE
5
609
100
AcDbEntity
8
0
100
AcDbSpline
70
4
71
5
72
24
73
18
74
0
42
0.000000001
43
0.0000000001
44
0.0000000001
40
0.13450521797666964
40
0.13450521797666964
40
0.13450521797666964
40
0.13450521797666964
40
0.13450521797666964
40
0.13450521797666964
40
0.20000000000000001
40
0.26666666666666666
40
0.33333333333333331
40
0.39999999999999997
40
0.46666666666666662
40
0.53333333333333333
40
0.59999999999999998
40
0.66666666666666663
40
0.73333333333333328
40
0.79999999999999993
40
0.86666666666666659
40
0.93333333333333324
40
1
40
1
40
1
40
1
40
1
40
1
41
1
41
1
41
1
41
1
41
1
41
1
41
1
41
1
41
1
41
1
41
1
41
1
41
1
41
1
41
1
41
1
41
1
41
1
10
20.534485724152805
20
-66.70637305326575
30
0
10
20.538356261570794
20
-66.694466575227125
30
0
10
20.546877291892926
20
-66.671686004469976
30
0
10
20.561869384087213
20
-66.64116195072387
30
0
10
20.586312944238976
20
-66.607672500048693
30
0
10
20.624336148348704
20
-66.576193080757264
30
0
10
20.669788453514542
20
-66.551540776925989
30
0
10
20.722018049423035
20
-66.528331921645588
30
0
10
20.780355288704712
20
-66.50023365261292
30
0
10
20.844068242957803
20
-66.460918718308164
30
0
10
20.912452644445885
20
-66.404916124801019
30
0
10
20.984910300015294
20
-66.328751292045695
30
0
10
21.060974059008348
20
-66.230798020684944
30
0
10
21.140300981441257
20
-66.110546482543228
30
0
10
21.206193940874822
20
-65.996639900857303
30
0
10
21.256927853445177
20
-65.901422797661823
30
0
10
21.291330327548078
20
-65.833626633833617
30
0
10
21.308676531380542
20
-65.798649007148498
30
0
0
LINE
5
610
100
AcDbEntity
8
0
100
AcDbLine
10
21.308676531380542
20
-65.798649007148498
30
0
11
21.185600122091749
21
-65.629384417713212
31
1.5407439555097887e-32
0
SPLINE
5
611
100
AcDbEntity
8
0
100
AcDbSpline
70
4
71
5
72
24
73
18
74
0
42
0.000000001
43
0.0000000001
44
0.0000000001
40
0.13478277032037178
40
0.13478277032037178
40
0.13478277032037178
40
0.13478277032037178
40
0.13478277032037178
40
0.13478277032037178
40
0.20000000000000001
40
0.26666666666666666
40
0.33333333333333331
40
0.39999999999999997
40
0.46666666666666662
40
0.53333333333333333
40
0.59999999999999998
40
0.66666666666666663
40
0.73333333333333328
40
0.79999999999999993
40
0.86666666666666659
40
0.93333333333333324
40
1
40
1
40
1
40
1
40
1
40
1
41
1
41
1
41
1
41
1
41
1
41
1
41
1
41
1
41
1
41
1
41
1
41
1
41
1
41
1
41
1
41
1
41
1
41
1
10
20.083677713224777
20
-66.086020521679288
30
0
10
20.096136370588361
20
-66.086000373738102
30
0
10
20.120371179591125
20
-66.084906282064139
30
0
10
20.153971831648935
20
-66.080048080934802
30
0
10
20.193318292980212
20
-66.0671246082251
30
0
10
20.234951857780597
20
-66.040680447130541
30
0
10
20.272416001148876
20
-66.005042179906127
30
0
10
20.310596393601298
20
-65.962511728646234
30
0
10
20.355310986045509
20
-65.915678498646713
30
0
10
20.41235319110886
20
-65.867189412858735
30
0
10
20.486710398400998
20
-65.819401102885209
30
0
10
20.581503527918397
20
-65.773953812585802
30
0
10
20.698135550197367
20
-65.731793283870658
30
0
10
20.836985734563083
20
-65.693402928965654
30
0
10
20.965658422387587
20
-65.665836085433909
30
0
10
21.071878543493522
20
-65.646928084538104
30
0
10
21.146978493218207
20
-65.635102366565263
30
0
10
21.185600122091749
20
-65.629384417713212
30
0
0
ARC
5
612
100
AcDbEntity
8
0
100
AcDbCircle
10
47.000000000000369
20
-47.000000000000099
30
0
40
32.996432910585199
210
8.8881424722397218e-32
220
6.3616333513981531e-34
230
1
100
AcDbArc
50
214.10015154404041
51
215.33996680834497
0
SPLINE
5
613
100
AcDbEntity
8
0
100
AcDbSpline
70
4
71
5
72
24
73
18
74
0
42
0.000000001
43
0.0000000001
44
0.0000000001
40
0.13450521797666964
40
0.13450521797666964
40
0.13450521797666964
40
0.13450521797666964
40
0.13450521797666964
40
0.13450521797666964
40
0.20000000000000001
40
0.26666666666666666
40
0.33333333333333331
40
0.39999999999999997
40
0.46666666666666662
40
0.53333333333333333
40
0.59999999999999998
40
0.66666666666666663
40
0.73333333333333328
40
0.79999999999999993
40
0.86666666666666659
40
0.93333333333333324
40
1
40
1
40
1
40
1
40
1
40
1
41
1
41
1
41
1
41
1
41
1
41
1
41
1
41
1
41
1
41
1
41
1
41
1
41
1
41
1
41
1
41
1
41
1
41
1
10
19.677011652119752
20
-65.499159238764051
30
0
10
19.681412474281387
20
-65.48743840076115
30
0
10
19.690946970935293
20
-65.465063063102733
30
0
10
19.707293423583259
20
-65.435242362720516
30
0
10
19.733214869219537
20
-65.402883289873131
30
0
10
19.772612105298887
20
-65.373141472863992
30
0
10
19.819124664447013
20
-65.350553202222599
30
0
10
19.872342929982644
20
-65.329710988674819
30
0
10
19.931882051619489
20
-65.304258303072857
30
0
10
19.997294709025017
20
-65.267841427174588
30
0
10
20.068122798828071
20
-65.214963279123992
30
0
10
20.143924616659994
20
-65.14212593971186
30
0
10
20.224306441410999
20
-65.047683888420494
30
0
10
20.308948551769642
20
-64.931112424493151
30
0
10
20.379885560840812
20
-64.820276815601787
30
0
10
20.434840286918448
20
-64.727431758073834
30
0
10
20.472249783407683
20
-64.661247321635628
30
0
10
20.49114778605442
20
-64.627083149585303
30
0
0
LINE
5
614
100
AcDbEntity
8
0
100
AcDbLine
10
20.491147786054423
20
-64.627083149585289
30
0
11
20.375789333609475
21
-64.452467196105587
31
1.5407439555097887e-32
0
SPLINE
5
615
100
AcDbEntity
8
0
100
AcDbSpline
70
4
71
5
72
24
73
18
74
0
42
0.000000001
43
0.0000000001
44
0.0000000001
40
0.13478277032037178
40
0.13478277032037178
40
0.13478277032037178
40
0.13478277032037178
40
0.13478277032037178
40
0.13478277032037178
40
0.20000000000000001
40
0.26666666666666666
40
0.33333333333333331
40
0.39999999999999997
40
0.46666666666666662
40
0.53333333333333333
40
0.59999999999999998
40
0.66666666666666663
40
0.73333333333333328
40
0.79999999999999993
40
0.86666666666666659
40
0.93333333333333324
40
1
40
1
40
1
40
1
40
1
40
1
41
1
41
1
41
1
41
1
41
1
41
1
41
1
41
1
41
1
41
1
41
1
41
1
41
1
41
1
41
1
41
1
41
1
41
1
10
19.254489585948512
20
-64.859205935966898
30
0
10
19.26693660220711
20
-64.859744763862352
30
0
10
19.291196094607169
20
-64.859739064460371
30
0
10
19.324980875413662
20
-64.856393242770565
30
0
10
19.364867526887199
20
-64.845248055450469
30
0
10
19.407645582259455
20
-64.82069840468813
30
0
10
19.446670906541282
20
-64.786776845263859
30
0
10
19.486720975359585
20
-64.746002176168432
30
0
10
19.533491708103274
20
-64.701222216719387
30
0
10
19.592651930069508
20
-64.655341145067254
30
0
10
19.669078279021427
20
-64.610936978232473
30
0
10
19.765814943134238
20
-64.569788328004464
30
0
10
19.884221049695917
20
-64.532902928029301
30
0
10
20.024653797925161
20
-64.500780719622838
30
0
10
20.15443370267343
20
-64.4790145123782
30
0
10
20.261395171437883
20
-64.464891098294359
30
0
10
20.336950059341067
20
-64.456446634536348
30
0
10
20.375789333609475
20
-64.452467196105587
30
0
0
ARC
5
616
100
AcDbEntity
8
0
100
AcDbCircle
10
47.000000000000369
20
-47.000000000000099
30
0
40
32.996432910585206
210
1.1747114530887705e-31
220
-1.4696530630122609e-32
230
1
100
AcDbArc
50
211.52872297261186
51
212.76853823691638
0
SPLINE
5
617
100
AcDbEntity
8
0
100
AcDbSpline
70
4
71
5
72
24
73
18
74
0
42
0.000000001
43
0.0000000001
44
0.0000000001
40
0.13450521797666964
40
0.13450521797666964
40
0.13450521797666964
40
0.13450521797666964
40
0.13450521797666964
40
0.13450521797666964
40
0.20000000000000001
40
0.26666666666666666
40
0.33333333333333331
40
0.39999999999999997
40
0.46666666666666662
40
0.53333333333333333
40
0.59999999999999998
40
0.66666666666666663
40
0.73333333333333328
40
0.79999999999999993
40
0.86666666666666659
40
0.93333333333333324
40
1
40
1
40
1
40
1
40
1
40
1
41
1
41
1
41
1
41
1
41
1
41
1
41
1
41
1
41
1
41
1
41
1
41
1
41
1
41
1
41
1
41
1
41
1
41
1
10
18.874562442404191
20
-64.254690579472239
30
0
10
18.879484686639316
20
-64.243178985712973
30
0
10
18.890013448417598
20
-64.221253942105548
30
0
10
18.907681341939053
20
-64.192196650009194
30
0
10
18.935028470718017
20
-64.161033121855851
30
0
10
18.975720397976605
20
-64.133088803190375
30
0
10
19.023199541002917
20
-64.112610055509805
30
0
10
19.077299301661313
20
-64.094176457139
30
0
10
19.137920401785983
20
-64.071420613289234
30
0
10
19.204901029957217
20
-64.037975134539039
30
0
10
19.278030169728378
20
-63.988327921498012
30
0
10
19.357023495049603
20
-63.918964760137278
30
0
10
19.441561507260936
20
-63.828224122637984
30
0
10
19.531348347599465
20
-63.715567492339751
30
0
10
19.607186548612447
20
-63.608026064408932
30
0
10
19.666251416692553
20
-63.517740030138306
30
0
10
19.706592597820748
20
-63.453300607737091
30
0
10
19.727004341219413
20
-63.420018692417386
30
0
0
LINE
5
618
100
AcDbEntity
8
0
100
AcDbLine
10
19.727004341219413
20
-63.420018692417386
30
0
11
19.619596162189342
21
-63.240403028185234
31
1.5407439555097887e-32
0
SPLINE
5
619
100
AcDbEntity
8
0
100
AcDbSpline
70
4
71
5
72
24
73
18
74
0
42
0.000000001
43
0.0000000001
44
0.0000000001
40
0.13478277032037178
40
0.13478277032037178
40
0.13478277032037178
40
0.13478277032037178
40
0.13478277032037178
40
0.13478277032037178
40
0.20000000000000001
40
0.26666666666666666
40
0.33333333333333331
40
0.39999999999999997
40
0.46666666666666662
40
0.53333333333333333
40
0.59999999999999998
40
0.66666666666666663
40
0.73333333333333328
40
0.79999999999999993
40
0.86666666666666659
40
0.93333333333333324
40
1
40
1
40
1
40
1
40
1
40
1
41
1
41
1
41
1
41
1
41
1
41
1
41
1
41
1
41
1
41
1
41
1
41
1
41
1
41
1
41
1
41
1
41
1
41
1
10
18.481177224200657
20
-63.596425286249534
30
0
10
18.493587532720007
20
-63.597522004853964
30
0
10
18.517822853128177
20
-63.598604709201837
30
0
10
18.551723724630975
20
-63.59677800499113
30
0
10
18.592070239838932
20
-63.587433547984666
30
0
10
18.635906636472551
20
-63.564827847284093
30
0
10
18.676414549858425
20
-63.532691309166232
30
0
10
18.718253639533973
20
-63.493754536992462
30
0
10
18.766986322545755
20
-63.451118028972779
30
0
10
18.82814542060105
20
-63.407937369828822
30
0
10
18.906486998716979
20
-63.367006770215369
30
0
10
19.004972382657645
20
-63.330239627964147
30
0
10
19.124914119361211
20
-63.298703639015713
30
0
10
19.266646618588211
20
-63.272914266960633
30
0
10
19.397272380803525
20
-63.256992530247757
30
0
10
19.504759791063137
20
-63.247682145652277
30
0
10
19.580617459655624
20
-63.242635942135294
30
0
10
19.619596162189342
20
-63.240403028185234
30
0
0
ARC
5
620
100
AcDbEntity
8
0
100
AcDbCircle
10
47.000000000000369
20
-47.000000000000099
30
0
40
32.996432910585199
210
1.1669350232877385e-31
220
-1.9952055207068013e-32
230
1
100
AcDbArc
50
208.95729440118328
51
210.1971096654878
0
SPLINE
5
621
100
AcDbEntity
8
0
100
AcDbSpline
70
4
71
5
72
24
73
18
74
0
42
0.000000001
43
0.0000000001
44
0.0000000001
40
0.13450521797666964
40
0.13450521797666964
40
0.13450521797666964
40
0.13450521797666964
40
0.13450521797666964
40
0.13450521797666964
40
0.20000000000000001
40
0.26666666666666666
40
0.33333333333333331
40
0.39999999999999997
40
0.46666666666666662
40
0.53333333333333333
40
0.59999999999999998
40
0.66666666666666663
40
0.73333333333333328
40
0.79999999999999993
40
0.86666666666666659
40
0.93333333333333324
40
1
40
1
40
1
40
1
40
1
40
1
41
1
41
1
41
1
41
1
41
1
41
1
41
1
41
1
41
1
41
1
41
1
41
1
41
1
41
1
41
1
41
1
41
1
41
1
10
18.128754120922451
20
-62.975473269652944
30
0
10
18.13418787448623
20
-62.964194102955162
30
0
10
18.145689697863887
20
-62.942763507518713
30
0
10
18.16464345147255
20
-62.914528141227485
30
0
10
18.193361189916274
20
-62.88462291696657
30
0
10
18.235265860227997
20
-62.858532372783614
30
0
10
18.283615970457085
20
-62.840204389536353
30
0
10
18.338488276520021
20
-62.824216529156459
30
0
10
18.400069272304474
20
-62.8042033543
30
0
10
18.468482981170247
20
-62.773796627441072
30
0
10
18.543765898554224
20
-62.72748033228951
30
0
10
18.625791649320195
20
-62.661731037156095
30
0
10
18.714315600685808
20
-62.574874553016791
30
0
10
18.809066352256842
20
-62.466359631808444
30
0
10
18.889653017167547
20
-62.362328958962145
30
0
10
18.952709078466317
20
-62.274783772006373
30
0
10
18.995900702463384
20
-62.212219136063077
30
0
10
19.017785080079229
20
-62.179886502822228
30
0
0
LINE
5
622
100
AcDbEntity
8
0
100
AcDbLine
10
19.017785080079232
20
-62.179886502822235
30
0
11
18.918543480242434
21
-61.995632849881645
31
7.7037197775489434e-33
0
SPLINE
5
623
100
AcDbEntity
8
0
100
AcDbSpline
70
4
71
5
72
24
73
18
74
0
42
0.000000001
43
0.0000000001
44
0.0000000001
40
0.13478277032037178
40
0.13478277032037178
40
0.13478277032037178
40
0.13478277032037178
40
0.13478277032037178
40
0.13478277032037178
40
0.20000000000000001
40
0.26666666666666666
40
0.33333333333333331
40
0.39999999999999997
40
0.46666666666666662
40
0.53333333333333333
40
0.59999999999999998
40
0.66666666666666663
40
0.73333333333333328
40
0.79999999999999993
40
0.86666666666666659
40
0.93333333333333324
40
1
40
1
40
1
40
1
40
1
40
1
41
1
41
1
41
1
41
1
41
1
41
1
41
1
41
1
41
1
41
1
41
1
41
1
41
1
41
1
41
1
41
1
41
1
41
1
10
17.765297976163346
20
-62.300221644701594
30
0
10
17.77764658423369
20
-62.301874045369686
30
0
10
17.801808925939969
20
-62.304042973044929
30
0
10
17.835757616295485
20
-62.303739065052525
30
0
10
17.876482742725649
20
-62.296214156852507
30
0
10
17.921289199951676
20
-62.275597931086459
30
0
10
17.963198124894934
20
-62.245311132986004
30
0
10
18.006741977069176
20
-62.208290671211202
30
0
10
18.057338469210947
20
-62.167883478873847
30
0
10
18.120373277071021
20
-62.127490192339003
30
0
10
18.200472314838546
20
-62.09011558872735
30
0
10
18.300508082150504
20
-62.057803998584333
30
0
10
18.421743902300399
20
-62.031680929947484
30
0
10
18.564490722133836
20
-62.012276330606973
30
0
10
18.695699278915122
20
-62.002231128684713
30
0
10
18.803496165330333
20
-61.997752523453116
30
0
10
18.879503847362919
20
-61.99611474255947
30
0
10
18.918543480242434
20
-61.99563284988163
30
0
0
ARC
5
624
100
AcDbEntity
8
0
100
AcDbCircle
10
47.000000000000369
20
-47.000000000000099
30
0
40
32.996432910585206
210
1.0541531389426773e-31
220
-2.741331764276217e-33
230
1
100
AcDbArc
50
206.38586582975475
51
207.62568109405922
0
SPLINE
5
625
100
AcDbEntity
8
0
100
AcDbSpline
70
4
71
5
72
24
73
18
74
0
42
0.000000001
43
0.0000000001
44
0.0000000001
40
0.13450521797666964
40
0.13450521797666964
40
0.13450521797666964
40
0.13450521797666964
40
0.13450521797666964
40
0.13450521797666964
40
0.20000000000000001
40
0.26666666666666666
40
0.33333333333333331
40
0.39999999999999997
40
0.46666666666666662
40
0.53333333333333333
40
0.59999999999999998
40
0.66666666666666663
40
0.73333333333333328
40
0.79999999999999993
40
0.86666666666666659
40
0.93333333333333324
40
1
40
1
40
1
40
1
40
1
40
1
41
1
41
1
41
1
41
1
41
1
41
1
41
1
41
1
41
1
41
1
41
1
41
1
41
1
41
1
41
1
41
1
41
1
41
1
10
17.441088646379875
20
-61.664083482726568
30
0
10
17.447022966415776
20
-61.653059457830921
30
0
10
17.459474688251202
20
-61.63216646893261
30
0
10
17.479676131609736
20
-61.604809890716581
30
0
10
17.50970664601482
20
-61.576223195489902
30
0
10
17.552739668950448
20
-61.552038968673266
30
0
10
17.601863375694876
20
-61.535898659978415
30
0
10
17.657397721640493
20
-61.522388735012527
30
0
10
17.719814597154581
20
-61.505158533020122
30
0
10
17.789523610609898
20
-61.477851793153761
30
0
10
17.866808695829938
20
-61.434959690746183
30
0
10
17.951701683094818
20
-61.372956672170424
30
0
10
18.04403329815765
20
-61.290159258791086
30
0
10
18.143557145557207
20
-61.186004581282489
30
0
10
18.228729983547186
20
-61.085694167451138
30
0
10
18.295650251548846
20
-61.001066132165995
30
0
10
18.341605336232107
20
-60.940502279531152
30
0
10
18.364918275841049
20
-60.909184041989583
30
0
0
LINE
5
626
100
AcDbEntity
8
0
100
AcDbLine
10
18.364918275841045
20
-60.909184041989583
30
0
11
18.274043114572262
21
-60.720663462676626
31
7.7037197775489434e-33
0
SPLINE
5
627
100
AcDbEntity
8
0
100
AcDbSpline
70
4
71
5
72
24
73
18
74
0
42
0.000000001
43
0.0000000001
44
0.0000000001
40
0.13478277032037178
40
0.13478277032037178
40
0.13478277032037178
40
0.13478277032037178
40
0.13478277032037178
40
0.13478277032037178
40
0.20000000000000001
40
0.26666666666666666
40
0.33333333333333331
40
0.39999999999999997
40
0.46666666666666662
40
0.53333333333333333
40
0.59999999999999998
40
0.66666666666666663
40
0.73333333333333328
40
0.79999999999999993
40
0.86666666666666659
40
0.93333333333333324
40
1
40
1
40
1
40
1
40
1
40
1
41
1
41
1
41
1
41
1
41
1
41
1
41
1
41
1
41
1
41
1
41
1
41
1
41
1
41
1
41
1
41
1
41
1
41
1
10
17.108293527371043
20
-60.973205392954938
30
0
10
17.120555566539107
20
-60.975410147971651
30
0
10
17.144596269802893
20
-60.978660931042576
30
0
10
17.178524410866732
20
-60.97988043129871
30
0
10
17.219546133534283
20
-60.974190226068821
30
0
10
17.265232417110823
20
-60.955604993572351
30
0
10
17.308457954613974
20
-60.927228929069997
30
0
10
17.353618877763566
20
-60.892199331977437
30
0
10
17.405977284433671
20
-60.854102830030286
30
0
10
17.470760858384331
20
-60.816578262807973
30
0
10
17.552456047001172
20
-60.782834922675889
30
0
10
17.653840738962074
20
-60.755043955883536
30
0
10
17.776126489750904
20
-60.73438641594197
30
0
10
17.919600157092759
20
-60.721405667596684
30
0
10
18.051127271868236
20
-60.717257230164876
30
0
10
18.159016545855692
20
-60.717619423612049
30
0
10
18.235021171972072
20
-60.719393363614529
30
0
10
18.274043114572262
20
-60.720663462676626
30
0
0
ARC
5
628
100
AcDbEntity
8
0
100
AcDbCircle
10
47.000000000000369
20
-47.000000000000099
30
0
40
32.996432910585213
210
9.5937116450454423e-32
220
1.539603580125802e-32
230
1
100
AcDbArc
50
203.81443725832614
51
205.05425252263069
0
SPLINE
5
629
100
AcDbEntity
8
0
100
AcDbSpline
70
4
71
5
72
24
73
18
74
0
42
0.000000001
43
0.0000000001
44
0.0000000001
40
0.13450521797666964
40
0.13450521797666964
40
0.13450521797666964
40
0.13450521797666964
40
0.13450521797666964
40
0.13450521797666964
40
0.20000000000000001
40
0.26666666666666666
40
0.33333333333333331
40
0.39999999999999997
40
0.46666666666666662
40
0.53333333333333333
40
0.59999999999999998
40
0.66666666666666663
40
0.73333333333333328
40
0.79999999999999993
40
0.86666666666666659
40
0.93333333333333324
40
1
40
1
40
1
40
1
40
1
40
1
41
1
41
1
41
1
41
1
41
1
41
1
41
1
41
1
41
1
41
1
41
1
41
1
41
1
41
1
41
1
41
1
41
1
41
1
10
16.812950885525829
20
-60.323162183200765
30
0
10
16.81937382110306
20
-60.312415501026294
30
0
10
16.832750365285584
20
-60.292102194365278
30
0
10
16.85415881537552
20
-60.26567949673229
30
0
10
16.885441628282493
20
-60.238468900339619
30
0
10
16.92951634106079
20
-60.216239694703617
30
0
10
16.979314715712682
20
-60.202319564994902
30
0
10
17.035399262758904
20
-60.191314782633967
30
0
10
17.098526318721945
20
-60.176902252839412
30
0
10
17.169390252090768
20
-60.152750492105618
30
0
10
17.248521863270533
20
-60.113368961428108
30
0
10
17.336111123855751
20
-60.055237085237863
30
0
10
17.432064459030812
20
-59.976665485590132
30
0
10
17.53616097447512
20
-59.877080805440599
30
0
10
17.62574845878369
20
-59.780692662448082
30
0
10
17.696398164974394
20
-59.699152208434121
30
0
10
17.745024162919133
20
-59.64071110664694
30
0
10
17.769718715363346
20
-59.610470335567143
30
0
0
LINE
5
630
100
AcDbEntity
8
0
100
AcDbLine
10
17.769718715363346
20
-59.610470335567136
30
0
11
17.687393003143463
21
-59.418062485239751
31
7.7037197775489434e-33
0
SPLINE
5
631
100
AcDbEntity
8
0
100
AcDbSpline
70
4
71
5
72
24
73
18
74
0
42
0.000000001
43
0.0000000001
44
0.0000000001
40
0.13478277032037178
40
0.13478277032037178
40
0.13478277032037178
40
0.13478277032037178
40
0.13478277032037178
40
0.13478277032037178
40
0.20000000000000001
40
0.26666666666666666
40
0.33333333333333331
40
0.39999999999999997
40
0.46666666666666662
40
0.53333333333333333
40
0.59999999999999998
40
0.66666666666666663
40
0.73333333333333328
40
0.79999999999999993
40
0.86666666666666659
40
0.93333333333333324
40
1
40
1
40
1
40
1
40
1
40
1
41
1
41
1
41
1
41
1
41
1
41
1
41
1
41
1
41
1
41
1
41
1
41
1
41
1
41
1
41
1
41
1
41
1
41
1
10
16.51148699734771
20
-59.618048965137788
30
0
10
16.523637773498471
20
-59.620801634419927
30
0
10
16.547508423542791
20
-59.625127726242042
30
0
10
16.581347688554096
20
-59.627868178835513
30
0
10
16.622583395168856
20
-59.624024135891823
30
0
10
16.669057499000846
20
-59.607507324849792
30
0
10
16.713512598583925
20
-59.581099139563108
30
0
10
16.760199644619782
20
-59.548130952099484
30
0
10
16.814214522955165
20
-59.512421861827477
30
0
10
16.880616397500049
20
-59.477841583402224
30
0
10
16.963743213728542
20
-59.447797461346063
30
0
10
17.066272655061333
20
-59.424583085212994
30
0
10
17.189362069261101
20
-59.409432675502984
30
0
10
17.33327364723921
20
-59.402901919652599
30
0
10
17.46485444190369
20
-59.404658601112118
30
0
10
17.572618828823778
20
-59.409860863828698
30
0
10
17.648467335821838
20
-59.4150429522482
30
0
10
17.687393003143463
20
-59.418062485239751
30
0
0
ARC
5
632
100
AcDbEntity
8
0
100
AcDbCircle
10
47.000000000000369
20
-47.000000000000099
30
0
40
32.99643291058522
210
9.9403361932499469e-32
220
1.2192828546948783e-32
230
1
100
AcDbArc
50
201.24300868689758
51
202.48282395120211
0
SPLINE
5
633
100
AcDbEntity
8
0
100
AcDbSpline
70
4
71
5
72
24
73
18
74
0
42
0.000000001
43
0.0000000001
44
0.0000000001
40
0.13450521797666964
40
0.13450521797666964
40
0.13450521797666964
40
0.13450521797666964
40
0.13450521797666964
40
0.13450521797666964
40
0.20000000000000001
40
0.26666666666666666
40
0.33333333333333331
40
0.39999999999999997
40
0.46666666666666662
40
0.53333333333333333
40
0.59999999999999998
40
0.66666666666666663
40
0.73333333333333328
40
0.79999999999999993
40
0.86666666666666659
40
0.93333333333333324
40
1
40
1
40
1
40
1
40
1
40
1
41
1
41
1
41
1
41
1
41
1
41
1
41
1
41
1
41
1
41
1
41
1
41
1
41
1
41
1
41
1
41
1
41
1
41
1
10
16.245605824216476
20
-58.955409808119448
30
0
10
16.252504440397555
20
-58.944962111053847
30
0
10
16.266778868347384
20
-58.925269394926396
30
0
10
16.289351211399335
20
-58.899833789673067
30
0
10
16.321823323386205
20
-58.874054090634303
30
0
10
16.366850965401206
20
-58.853824672840759
30
0
10
16.417223720661308
20
-58.842152755406893
30
0
10
16.473745521994264
20
-58.833675277818031
30
0
10
16.537455628916661
20
-58.822109445138253
30
0
10
16.609331771667954
20
-58.801161301969003
30
0
10
16.690150548273571
20
-58.765369652183317
30
0
10
16.780259689064916
20
-58.711225988240912
30
0
10
16.879641507104878
20
-58.637038435069961
30
0
10
16.988101054065268
20
-58.54222430257235
30
0
10
17.08192276742157
20
-58.449952543311063
30
0
10
17.15615963269531
20
-58.371663882191037
30
0
10
17.207358617612933
20
-58.31546322385303
30
0
10
17.233385051350204
20
-58.286360820123441
30
0
0
LINE
5
634
100
AcDbEntity
8
0
100
AcDbLine
10
17.233385051350204
20
-58.286360820123441
30
0
11
17.159774581207504
21
-58.090453182586018
31
7.7037197775489434e-33
0
SPLINE
5
635
100
AcDbEntity
8
0
100
AcDbSpline
70
4
71
5
72
24
73
18
74
0
42
0.000000001
43
0.0000000001
44
0.0000000001
40
0.13478277032037178
40
0.13478277032037178
40
0.13478277032037178
40
0.13478277032037178
40
0.13478277032037178
40
0.13478277032037178
40
0.20000000000000001
40
0.26666666666666666
40
0.33333333333333331
40
0.39999999999999997
40
0.46666666666666662
40
0.53333333333333333
40
0.59999999999999998
40
0.66666666666666663
40
0.73333333333333328
40
0.79999999999999993
40
0.86666666666666659
40
0.93333333333333324
40
1
40
1
40
1
40
1
40
1
40
1
41
1
41
1
41
1
41
1
41
1
41
1
41
1
41
1
41
1
41
1
41
1
41
1
41
1
41
1
41
1
41
1
41
1
41
1
10
15.976080275020246
20
-58.23748146594798
30
0
10
15.988095318107598
20
-58.240776505985956
30
0
10
16.011747842620025
20
-58.24616919438607
30
0
10
16.045430083802486
20
-58.250425080410039
30
0
10
16.086796731139092
20
-58.248434941143465
30
0
10
16.1339650625663
20
-58.23401981421523
30
0
10
16.179560197574951
20
-58.209632690714905
30
0
10
16.227679344999586
20
-58.17879230642226
30
0
10
16.28324191622373
20
-58.145542541180959
30
0
10
16.351128366824437
20
-58.113976191631465
30
0
10
16.435519404319439
20
-58.087691792514711
30
0
10
16.538987114374155
20
-58.069100757705023
30
0
10
16.66263230628574
20
-58.059487989135484
30
0
10
16.806691976134175
20
-58.059420377853137
30
0
10
16.938061464478324
20
-58.067078640481327
30
0
10
17.045483941197347
20
-58.077110495802515
30
0
10
17.12102358027812
20
-58.085690296602593
30
0
10
17.159774581207504
20
-58.090453182586018
30
0
0
ARC
5
636
100
AcDbEntity
8
0
100
AcDbCircle
10
47.000000000000369
20
-47.000000000000099
30
0
40
32.996432910585213
210
1.1212139573269258e-31
220
-1.4153841775287233e-32
230
1
100
AcDbArc
50
198.671580115469
51
199.91139537977352
0
SPLINE
5
637
100
AcDbEntity
8
0
100
AcDbSpline
70
4
71
5
72
24
73
18
74
0
42
0.000000001
43
0.0000000001
44
0.0000000001
40
0.13450521797666964
40
0.13450521797666964
40
0.13450521797666964
40
0.13450521797666964
40
0.13450521797666964
40
0.13450521797666964
40
0.20000000000000001
40
0.26666666666666666
40
0.33333333333333331
40
0.39999999999999997
40
0.46666666666666662
40
0.53333333333333333
40
0.59999999999999998
40
0.66666666666666663
40
0.73333333333333328
40
0.79999999999999993
40
0.86666666666666659
40
0.93333333333333324
40
1
40
1
40
1
40
1
40
1
40
1
41
1
41
1
41
1
41
1
41
1
41
1
41
1
41
1
41
1
41
1
41
1
41
1
41
1
41
1
41
1
41
1
41
1
41
1
10
15.740196019901504
20
-57.563580828741962
30
0
10
15.747556423791544
20
-57.553453157056715
30
0
10
15.762699988710466
20
-57.534420689972343
30
0
10
15.786390767029509
20
-57.510023401022622
30
0
10
15.819986783584206
20
-57.48572651622078
30
0
10
15.865876675157292
20
-57.467537625624971
30
0
10
15.916722367000256
20
-57.458137426154316
30
0
10
15.973567595234128
20
-57.452204325849195
30
0
10
16.037732449439247
20
-57.443508482332007
30
0
10
16.110476052586964
20
-57.425806143499798
30
0
10
16.192819236357934
20
-57.393676454225364
30
0
10
16.285266789537815
20
-57.343630040664394
30
0
10
16.387876948687143
20
-57.273975937829249
30
0
10
16.500481104070126
20
-57.184123296028268
30
0
10
16.59834810202949
20
-57.096153743541592
30
0
10
16.676022623219239
20
-57.021274538260165
30
0
10
16.729691487167823
20
-56.967427504017877
30
0
10
16.756997388424267
20
-56.939522076006583
30
0
0
LINE
5
638
100
AcDbEntity
8
0
100
AcDbLine
10
16.756997388424271
20
-56.93952207600659
30
0
11
16.692250402049357
21
-56.740509183169237
31
7.7037197775489434e-33
0
SPLINE
5
639
100
AcDbEntity
8
0
100
AcDbSpline
70
4
71
5
72
24
73
18
74
0
42
0.000000001
43
0.0000000001
44
0.0000000001
40
0.13478277032037178
40
0.13478277032037178
40
0.13478277032037178
40
0.13478277032037178
40
0.13478277032037178
40
0.13478277032037178
40
0.20000000000000001
40
0.26666666666666666
40
0.33333333333333331
40
0.39999999999999997
40
0.46666666666666662
40
0.53333333333333333
40
0.59999999999999998
40
0.66666666666666663
40
0.73333333333333328
40
0.79999999999999993
40
0.86666666666666659
40
0.93333333333333324
40
1
40
1
40
1
40
1
40
1
40
1
41
1
41
1
41
1
41
1
41
1
41
1
41
1
41
1
41
1
41
1
41
1
41
1
41
1
41
1
41
1
41
1
41
1
41
1
10
15.503151598274087
20
-56.834283174599342
30
0
10
15.515006711600245
20
-56.838113949621032
30
0
10
15.538393477544155
20
-56.844562374442368
30
0
10
15.571850863346551
20
-56.850325123108789
30
0
10
15.613265144482451
20
-56.850192895394954
30
0
10
15.661032712762669
20
-56.83790848272772
30
0
10
15.707676060662902
20
-56.815591533434983
30
0
10
15.757130403917227
20
-56.78694106074299
30
0
10
15.814128772406107
20
-56.756217581134607
30
0
10
15.883363084785632
20
-56.727728730887947
30
0
10
15.968848391228605
20
-56.705256987992428
30
0
10
16.073045999806951
20
-56.691326734376062
30
0
10
16.196997964468864
20
-56.687270965783597
30
0
10
16.340915609184393
20
-56.69366663522942
30
0
10
16.471809230541687
20
-56.70721105630453
30
0
10
16.5786734624876
20
-56.722052301408766
30
0
10
16.653752106870993
20
-56.734012536012457
30
0
10
16.692250402049357
20
-56.740509183169237
30
0
0
ARC
5
640
100
AcDbEntity
8
0
100
AcDbCircle
10
47.000000000000369
20
-47.000000000000099
30
0
40
32.996432910585227
210
9.8615836401764909e-32
220
2.8060203463495941e-33
230
1
100
AcDbArc
50
196.10015154404047
51
197.339966808345
0
SPLINE
5
641
100
AcDbEntity
8
0
100
AcDbSpline
70
4
71
5
72
24
73
18
74
0
42
0.000000001
43
0.0000000001
44
0.0000000001
40
0.13450521797666964
40
0.13450521797666964
40
0.13450521797666964
40
0.13450521797666964
40
0.13450521797666964
40
0.13450521797666964
40
0.20000000000000001
40
0.26666666666666666
40
0.33333333333333331
40
0.39999999999999997
40
0.46666666666666662
40
0.53333333333333333
40
0.59999999999999998
40
0.66666666666666663
40
0.73333333333333328
40
0.79999999999999993
40
0.86666666666666659
40
0.93333333333333324
40
1
40
1
40
1
40
1
40
1
40
1
41
1
41
1
41
1
41
1
41
1
41
1
41
1
41
1
41
1
41
1
41
1
41
1
41
1
41
1
41
1
41
1
41
1
41
1
10
15.29773930066556
20
-56.150478203404489
30
0
10
15.305546669390655
20
-56.140690952882565
30
0
10
15.321528874154271
20
-56.122357063697081
30
0
10
15.346290377665703
20
-56.099047223944076
30
0
10
15.380942640881933
20
-56.07628208407165
30
0
10
15.427602365878627
20
-56.060170350678575
30
0
10
15.47881859784775
20
-56.05306079992188
30
0
10
15.535872774257996
20
-56.04968402537493
30
0
10
15.600363156268697
20
-56.043875683291908
30
0
10
15.673827723877011
20
-56.029454798951264
30
0
10
15.757529486599658
20
-56.001051775106404
30
0
10
15.852129275099131
20
-55.955203398743464
30
0
10
15.957761132152937
20
-55.890223020337473
30
0
10
16.074283126175214
20
-55.805512820495892
30
0
10
16.175998317628164
20
-55.722022633755309
30
0
10
16.256954068585369
20
-55.650703681066773
30
0
10
16.312984729615316
20
-55.599318711681065
30
0
10
16.341515107939752
20
-55.572666457206353
30
0
0
LINE
5
642
100
AcDbEntity
8
0
100
AcDbLine
10
16.341515107939749
20
-55.572666457206353
30
0
11
16.28576199714648
21
-55.370949094550113
31
7.7037197775489434e-33
0
SPLINE
5
643
100
AcDbEntity
8
0
100
AcDbSpline
70
4
71
5
72
24
73
18
74
0
42
0.000000001
43
0.0000000001
44
0.0000000001
40
0.13478277032037178
40
0.13478277032037178
40
0.13478277032037178
40
0.13478277032037178
40
0.13478277032037178
40
0.13478277032037178
40
0.20000000000000001
40
0.26666666666666666
40
0.33333333333333331
40
0.39999999999999997
40
0.46666666666666662
40
0.53333333333333333
40
0.59999999999999998
40
0.66666666666666663
40
0.73333333333333328
40
0.79999999999999993
40
0.86666666666666659
40
0.93333333333333324
40
1
40
1
40
1
40
1
40
1
40
1
41
1
41
1
41
1
41
1
41
1
41
1
41
1
41
1
41
1
41
1
41
1
41
1
41
1
41
1
41
1
41
1
41
1
41
1
10
15.093653382525609
20
-55.41127994570931
30
0
10
15.105324691470043
20
-55.415638741043615
30
0
10
15.128398601011197
20
-55.423129916016755
30
0
10
15.161563752711116
20
-55.43038792191674
30
0
10
15.202942264795622
20
-55.43211387204466
30
0
10
15.25121287240337
20
-55.421984912810728
30
0
10
15.298810499699941
20
-55.401783081091438
30
0
10
15.349500444318151
20
-55.375380218239208
30
0
10
15.407819822943114
20
-55.347244897262911
30
0
10
15.478262568410218
20
-55.321890919072104
30
0
10
15.564669987770593
20
-55.30327708749742
30
0
10
15.669387654755788
20
-55.294035668751313
30
0
10
15.79339676940705
20
-55.295545067914126
30
0
10
15.936882558006157
20
-55.308391138060983
30
0
10
16.067036710042842
20
-55.327794440921487
30
0
10
16.173127486874282
20
-55.347415187516241
30
0
10
16.247593938162165
20
-55.362731769602746
30
0
10
16.28576199714648
20
-55.370949094550113
30
0
0
ARC
5
644
100
AcDbEntity
8
0
100
AcDbCircle
10
47.000000000000369
20
-47.000000000000099
30
0
40
32.99643291058522
210
1.0163841359937293e-31
220
-9.0032682369309945e-34
230
1
100
AcDbArc
50
193.52872297261189
51
194.76853823691638
0
SPLINE
5
645
100
AcDbEntity
8
0
100
AcDbSpline
70
4
71
5
72
24
73
18
74
0
42
0.000000001
43
0.0000000001
44
0.0000000001
40
0.13450521797666964
40
0.13450521797666964
40
0.13450521797666964
40
0.13450521797666964
40
0.13450521797666964
40
0.13450521797666964
40
0.20000000000000001
40
0.26666666666666666
40
0.33333333333333331
40
0.39999999999999997
40
0.46666666666666662
40
0.53333333333333333
40
0.59999999999999998
40
0.66666666666666663
40
0.73333333333333328
40
0.79999999999999993
40
0.86666666666666659
40
0.93333333333333324
40
1
40
1
40
1
40
1
40
1
40
1
41
1
41
1
41
1
41
1
41
1
41
1
41
1
41
1
41
1
41
1
41
1
41
1
41
1
41
1
41
1
41
1
41
1
41
1
10
14.919126715457871
20
-54.718947732735053
30
0
10
14.927365326016435
20
-54.709520613596496
30
0
10
14.944153984591297
20
-54.691922224322809
30
0
10
14.969936346922372
20
-54.66974677668162
30
0
10
15.005575071753636
20
-54.648559227700702
30
0
10
15.052910663697388
20
-54.634557098397224
30
0
10
15.104394293117487
20
-54.629752514043552
30
0
10
15.161542518185724
20
-54.628938865629308
30
0
10
15.226228552955188
20
-54.626029722208415
30
0
10
15.300266137161803
20
-54.614919334101245
30
0
10
15.385157914625253
20
-54.590300175595999
30
0
10
15.481719427059868
20
-54.548742168959478
30
0
10
15.590160253515798
20
-54.488566376816991
30
0
10
15.710365426388474
20
-54.409169214003832
30
0
10
15.81572397047594
20
-54.330326531134375
30
0
10
15.899797917091984
20
-54.262711457918122
30
0
10
15.958077536908679
20
-54.213892035878914
30
0
10
15.987774935916061
20
-54.188546629034335
30
0
0
LINE
5
646
100
AcDbEntity
8
0
100
AcDbLine
10
15.987774935916065
20
-54.188546629034335
30
0
11
15.941127980049801
21
-53.9845310284825
31
3.8518598887744717e-33
0
SPLINE
5
647
100
AcDbEntity
8
0
100
AcDbSpline
70
4
71
5
72
24
73
18
74
0
42
0.000000001
43
0.0000000001
44
0.0000000001
40
0.13478277032037178
40
0.13478277032037178
40
0.13478277032037178
40
0.13478277032037178
40
0.13478277032037178
40
0.13478277032037178
40
0.20000000000000001
40
0.26666666666666666
40
0.33333333333333331
40
0.39999999999999997
40
0.46666666666666662
40
0.53333333333333333
40
0.59999999999999998
40
0.66666666666666663
40
0.73333333333333328
40
0.79999999999999993
40
0.86666666666666659
40
0.93333333333333324
40
1
40
1
40
1
40
1
40
1
40
1
41
1
41
1
41
1
41
1
41
1
41
1
41
1
41
1
41
1
41
1
41
1
41
1
41
1
41
1
41
1
41
1
41
1
41
1
10
14.748410302684228
20
-53.971337518403892
30
0
10
14.759874302783976
20
-53.976215556017095
30
0
10
14.782588888139292
20
-53.984734394912607
30
0
10
14.815395015534916
20
-53.99347304138815
30
0
10
14.856654427751455
20
-53.997053693523981
30
0
10
14.905330864106986
20
-53.989100586099227
30
0
10
14.953786915512932
20
-53.97105455575398
30
0
10
15.005610378692523
20
-53.94695247459353
30
0
10
15.065133319986316
20
-53.92146197304146
30
0
10
15.136642636226325
20
-53.899293926444415
30
0
10
15.223798155460841
20
-53.884575491970146
30
0
10
15.32882499340767
20
-53.880041519081779
30
0
10
15.452641520194843
20
-53.887113046270812
30
0
10
15.595406491394757
20
-53.90638364684304
30
0
10
15.724559060969895
20
-53.931606755819239
30
0
10
15.829662729981159
20
-53.955967490332064
30
0
10
15.90336702265083
20
-53.974609574343432
30
0
10
15.941127980049801
20
-53.9845310284825
30
0
0
ARC
5
648
100
AcDbEntity
8
0
100
AcDbCircle
10
47.000000000000369
20
-47.000000000000099
30
0
40
32.99643291058522
210
9.0759291246403659e-32
220
1.7571625526236633e-32
230
1
100
AcDbArc
50
190.95729440118333
51
192.19710966548783
0
SPLINE
5
649
100
AcDbEntity
8
0
100
AcDbSpline
70
4
71
5
72
24
73
18
74
0
42
0.000000001
43
0.0000000001
44
0.0000000001
40
0.13450521797666964
40
0.13450521797666964
40
0.13450521797666964
40
0.13450521797666964
40
0.13450521797666964
40
0.13450521797666964
40
0.20000000000000001
40
0.26666666666666666
40
0.33333333333333331
40
0.39999999999999997
40
0.46666666666666662
40
0.53333333333333333
40
0.59999999999999998
40
0.66666666666666663
40
0.73333333333333328
40
0.79999999999999993
40
0.86666666666666659
40
0.93333333333333324
40
1
40
1
40
1
40
1
40
1
40
1
41
1
41
1
41
1
41
1
41
1
41
1
41
1
41
1
41
1
41
1
41
1
41
1
41
1
41
1
41
1
41
1
41
1
41
1
10
14.605120739638274
20
-53.271872328589751
30
0
10
14.613774000565057
20
-53.262824325797894
30
0
10
14.631335302827083
20
-53.245996877249979
30
0
10
14.658086601731249
20
-53.22500048012099
30
0
10
14.694640016528629
20
-53.205433190935508
30
0
10
14.74255614783681
20
-53.193568864146634
30
0
10
14.794203493529803
20
-53.191078921989465
30
0
10
14.851330678336186
20
-53.192830038287525
30
0
10
14.916082096798977
20
-53.192825952156468
30
0
10
14.990543595762404
20
-53.185048435125815
30
0
10
15.076454427224473
20
-53.164262721669061
30
0
10
15.174783201558849
20
-53.127078777053654
30
0
10
15.285814612024014
20
-53.071828757211691
30
0
10
15.409460886526142
20
-52.997904526746481
30
0
10
15.518250605161727
20
-52.923868126418832
30
0
10
15.605273433696905
20
-52.860093100433957
30
0
10
15.665684644902043
20
-52.813937541560193
30
0
10
15.696489257982975
20
-52.789950024622101
30
0
0
LINE
5
650
100
AcDbEntity
8
0
100
AcDbLine
10
15.696489257982973
20
-52.789950024622108
30
0
11
15.659042397804939
21
-52.58404704644326
31
3.8518598887744717e-33
0
SPLINE
5
651
100
AcDbEntity
8
0
100
AcDbSpline
70
4
71
5
72
24
73
18
74
0
42
0.000000001
43
0.0000000001
44
0.0000000001
40
0.13478277032037178
40
0.13478277032037178
40
0.13478277032037178
40
0.13478277032037178
40
0.13478277032037178
40
0.13478277032037178
40
0.20000000000000001
40
0.26666666666666666
40
0.33333333333333331
40
0.39999999999999997
40
0.46666666666666662
40
0.53333333333333333
40
0.59999999999999998
40
0.66666666666666663
40
0.73333333333333328
40
0.79999999999999993
40
0.86666666666666659
40
0.93333333333333324
40
1
40
1
40
1
40
1
40
1
40
1
41
1
41
1
41
1
41
1
41
1
41
1
41
1
41
1
41
1
41
1
41
1
41
1
41
1
41
1
41
1
41
1
41
1
41
1
10
14.468117632366882
20
-52.517355745100303
30
0
10
14.479351236651395
20
-52.52274320127384
30
0
10
14.501660753668888
20
-52.532272548283899
30
0
10
14.53404178958557
20
-52.542474236863995
30
0
10
14.57509901096884
20
-52.547902380050822
30
0
10
14.624083248207327
20
-52.5421411409352
30
0
10
14.673300139683779
20
-52.526287254267494
30
0
10
14.726152755866703
20
-52.504534493182717
30
0
10
14.786759388547031
20
-52.48174014553264
30
0
10
14.859191265313694
20
-52.462802674025028
30
0
10
14.946919364805495
20
-52.45200927761946
30
0
10
15.052043863639586
20
-52.452191881406819
30
0
10
15.17541845255554
20
-52.464811295507431
30
0
10
15.317175096703799
20
-52.490467618080046
30
0
10
15.445065987730226
20
-52.5214597371872
30
0
10
15.548970884119409
20
-52.550511400340767
30
0
10
15.621764587534184
20
-52.572441443600738
30
0
10
15.659042397804939
20
-52.58404704644326
30
0
0
ARC
5
652
100
AcDbEntity
8
0
100
AcDbCircle
10
47.000000000000369
20
-47.000000000000099
30
0
40
32.99643291058522
210
1.0724562593167372e-31
220
-9.1086974014106612e-33
230
1
100
AcDbArc
50
188.38586582975478
51
189.6256810940593
0
SPLINE
5
653
100
AcDbEntity
8
0
100
AcDbSpline
70
4
71
5
72
24
73
18
74
0
42
0.000000001
43
0.0000000001
44
0.0000000001
40
0.13450521797666964
40
0.13450521797666964
40
0.13450521797666964
40
0.13450521797666964
40
0.13450521797666964
40
0.13450521797666964
40
0.20000000000000001
40
0.26666666666666666
40
0.33333333333333331
40
0.39999999999999997
40
0.46666666666666662
40
0.53333333333333333
40
0.59999999999999998
40
0.66666666666666663
40
0.73333333333333328
40
0.79999999999999993
40
0.86666666666666659
40
0.93333333333333324
40
1
40
1
40
1
40
1
40
1
40
1
41
1
41
1
41
1
41
1
41
1
41
1
41
1
41
1
41
1
41
1
41
1
41
1
41
1
41
1
41
1
41
1
41
1
41
1
10
14.356353739453333
20
-51.812166208251952
30
0
10
14.365404224232424
20
-51.803515543280298
30
0
10
14.383702804055964
20
-51.787492923700057
30
0
10
14.411369165977366
20
-51.76771786103285
30
0
10
14.448763657028078
20
-51.749810237559153
30
0
10
14.497163830989049
20
-51.740107606460086
30
0
10
14.548870882074077
20
-51.739937320911544
30
0
10
14.605861980071035
20
-51.744249675406778
30
0
10
14.670548381487654
20
-51.74715065479446
30
0
10
14.745283839658521
20
-51.742721671724581
30
0
10
14.832040712137879
20
-51.725811262976961
30
0
10
14.931938727306363
20
-51.693076263898618
30
0
10
15.045337119296436
20
-51.642863282544312
30
0
10
15.172175488286337
20
-51.574560857989169
30
0
10
15.284177293454732
20
-51.505479839660651
30
0
10
15.373973751513594
20
-51.445673295322109
30
0
10
15.436394893967503
20
-51.402274550766862
30
0
10
15.4682446847308
20
-51.379693231402072
30
0
0
LINE
5
654
100
AcDbEntity
8
0
100
AcDbLine
10
15.468244684730799
20
-51.379693231402072
30
0
11
15.440073333233856
21
-51.172317536792136
31
3.8518598887744717e-33
0
SPLINE
5
655
100
AcDbEntity
8
0
100
AcDbSpline
70
4
71
5
72
24
73
18
74
0
42
0.000000001
43
0.0000000001
44
0.0000000001
40
0.13478277032037178
40
0.13478277032037178
40
0.13478277032037178
40
0.13478277032037178
40
0.13478277032037178
40
0.13478277032037178
40
0.20000000000000001
40
0.26666666666666666
40
0.33333333333333331
40
0.39999999999999997
40
0.46666666666666662
40
0.53333333333333333
40
0.59999999999999998
40
0.66666666666666663
40
0.73333333333333328
40
0.79999999999999993
40
0.86666666666666659
40
0.93333333333333324
40
1
40
1
40
1
40
1
40
1
40
1
41
1
41
1
41
1
41
1
41
1
41
1
41
1
41
1
41
1
41
1
41
1
41
1
41
1
41
1
41
1
41
1
41
1
41
1
10
14.253339843709497
20
-51.052262751590327
30
0
10
14.264320429194752
20
-51.058148776704428
30
0
10
14.286179949476153
20
-51.068669440992316
30
0
10
14.318070682816909
20
-51.080313626833828
30
0
10
14.358843029587053
20
-51.087578329513697
30
0
10
14.408036419973648
20
-51.084020561076045
30
0
10
14.45791503525108
20
-51.07039074570374
30
0
10
14.511690366302121
20
-51.051031111860546
30
0
10
14.573258636676456
20
-51.030978822895122
30
0
10
14.646467205809383
20
-51.015310064024284
30
0
10
14.734591212841181
20
-51.008463442151367
30
0
10
14.839601665812129
20
-51.01336225487475
30
0
10
14.962285856853805
20
-51.031504142066339
30
0
10
15.102748694934437
20
-51.063494518220111
30
0
10
15.229120352177688
20
-51.10019323345486
30
0
10
15.33161722531138
20
-51.133877319065853
30
0
10
15.403353742640176
20
-51.159051157385804
30
0
10
15.440073333233856
20
-51.172317536792136
30
0
0
ARC
5
656
100
AcDbEntity
8
0
100
AcDbCircle
10
47.000000000000369
20
-47.000000000000099
30
0
40
32.99643291058522
210
1.005977079329219e-31
220
-1.4535434841421421e-32
230
1
100
AcDbArc
50
185.81443725832622
51
187.05425252263066
0
SPLINE
5
657
100
AcDbEntity
8
0
100
AcDbSpline
70
4
71
5
72
24
73
18
74
0
42
0.000000001
43
0.0000000001
44
0.0000000001
40
0.13450521797666964
40
0.13450521797666964
40
0.13450521797666964
40
0.13450521797666964
40
0.13450521797666964
40
0.13450521797666964
40
0.20000000000000001
40
0.26666666666666666
40
0.33333333333333331
40
0.39999999999999997
40
0.46666666666666662
40
0.53333333333333333
40
0.59999999999999998
40
0.66666666666666663
40
0.73333333333333328
40
0.79999999999999993
40
0.86666666666666659
40
0.93333333333333324
40
1
40
1
40
1
40
1
40
1
40
1
41
1
41
1
41
1
41
1
41
1
41
1
41
1
41
1
41
1
41
1
41
1
41
1
41
1
41
1
41
1
41
1
41
1
41
1
10
14.173326698534874
20
-50.342769025586442
30
0
10
14.182756180694403
20
-50.334533119722991
30
0
10
14.201755187174907
20
-50.319347596533945
30
0
10
14.230280895742546
20
-50.300833692673017
30
0
10
14.268441155518177
20
-50.284621798481595
30
0
10
14.31722790062279
20
-50.277100402880102
30
0
10
14.368890525980271
20
-50.279250116872632
30
0
10
14.425630764680973
20
-50.286115025056965
30
0
10
14.490121879247607
20
-50.291915227776983
30
0
10
14.564980789359147
20
-50.290843698050345
30
0
10
14.652408986060454
20
-50.277842649324626
30
0
10
14.753675060755182
20
-50.249622519715011
30
0
10
14.869212065000053
20
-50.204547699110343
30
0
10
14.998987092882569
20
-50.14200463245848
30
0
10
15.113975427853656
20
-50.078018116106506
30
0
10
15.206364677320032
20
-50.022300495835381
30
0
10
15.270670043148964
20
-49.981745964894571
30
0
10
15.30350087035468
20
-49.960616318875083
30
0
0
LINE
5
658
100
AcDbEntity
8
0
100
AcDbLine
10
15.303500870354682
20
-49.960616318875083
30
0
11
15.284661760891634
21
-49.752185534884923
31
3.8518598887744717e-33
0
SPLINE
5
659
100
AcDbEntity
8
0
100
AcDbSpline
70
4
71
5
72
24
73
18
74
0
42
0.000000001
43
0.0000000001
44
0.0000000001
40
0.13478277032037178
40
0.13478277032037178
40
0.13478277032037178
40
0.13478277032037178
40
0.13478277032037178
40
0.13478277032037178
40
0.20000000000000001
40
0.26666666666666666
40
0.33333333333333331
40
0.39999999999999997
40
0.46666666666666662
40
0.53333333333333333
40
0.59999999999999998
40
0.66666666666666663
40
0.73333333333333328
40
0.79999999999999993
40
0.86666666666666659
40
0.93333333333333324
40
1
40
1
40
1
40
1
40
1
40
1
41
1
41
1
41
1
41
1
41
1
41
1
41
1
41
1
41
1
41
1
41
1
41
1
41
1
41
1
41
1
41
1
41
1
41
1
10
14.104509470595268
20
-49.579009040184417
30
0
10
14.115214923843418
20
-49.585381780567843
30
0
10
14.136580425224006
20
-49.596872574915821
30
0
10
14.167916632295992
20
-49.609935808178093
30
0
10
14.208321994372703
20
-49.619022440206599
30
0
10
14.257625468965953
20
-49.617675307319089
30
0
10
14.308065359151175
20
-49.606297011876464
30
0
10
14.36265510871015
20
-49.589369493000987
30
0
10
14.425061026475628
20
-49.572099645361554
30
0
10
14.498898855659377
20
-49.559731153922627
30
0
10
14.587241300208779
20
-49.556845094767652
30
0
10
14.691926230239368
20
-49.566450250870162
30
0
10
14.813672953773143
20
-49.590078075806318
30
0
10
14.952559112323424
20
-49.628338081180999
30
0
10
15.077157040083675
20
-49.670669486214834
30
0
10
15.178039474899951
20
-49.708918159017614
30
0
10
15.24857433834374
20
-49.737285095637354
30
0
10
15.284661760891634
20
-49.752185534884923
30
0
0
ARC
5
660
100
AcDbEntity
8
0
100
AcDbCircle
10
47.000000000000369
20
-47.000000000000099
30
0
40
32.99643291058522
210
1.0599738923130327e-31
220
-1.8685452255017648e-32
230
1
100
AcDbArc
50
183.24300868689764
51
184.48282395120205
0
SPLINE
5
661
100
AcDbEntity
8
0
100
AcDbSpline
70
4
71
5
72
24
73
18
74
0
42
0.000000001
43
0.0000000001
44
0.0000000001
40
0.13450521797666964
40
0.13450521797666964
40
0.13450521797666964
40
0.13450521797666964
40
0.13450521797666964
40
0.13450521797666964
40
0.20000000000000001
40
0.26666666666666666
40
0.33333333333333331
40
0.39999999999999997
40
0.46666666666666662
40
0.53333333333333333
40
0.59999999999999998
40
0.66666666666666663
40
0.73333333333333328
40
0.79999999999999993
40
0.86666666666666659
40
0.93333333333333324
40
1
40
1
40
1
40
1
40
1
40
1
41
1
41
1
41
1
41
1
41
1
41
1
41
1
41
1
41
1
41
1
41
1
41
1
41
1
41
1
41
1
41
1
41
1
41
1
10
14.056408208985561
20
-48.866639950967887
30
0
10
14.066197698803347
20
-48.858835390230993
30
0
10
14.085858870470204
20
-48.844517545055915
30
0
10
14.115186478703304
20
-48.827302084539738
30
0
10
14.154035657519135
20
-48.812818568227982
30
0
10
14.203110723755421
20
-48.807493555213846
30
0
10
14.254624881733291
20
-48.811958939509559
30
0
10
14.310999993848128
20
-48.821362576371492
30
0
10
14.375165945042683
20
-48.830050321587485
30
0
10
14.449997551212356
20
-48.832338403122357
30
0
10
14.537921003382625
20
-48.823272896800454
30
0
10
14.640351201205918
20
-48.799624468244993
30
0
10
14.757794141555006
20
-48.759778583079985
30
0
10
14.89024447869479
20
-48.703120827744215
30
0
10
15.007987772264887
20
-48.644357673697229
30
0
10
15.102783753485745
20
-48.592841185365721
30
0
10
15.168843840240857
20
-48.555212539467561
30
0
10
15.202589586972215
20
-48.535577119088479
30
0
0
LINE
5
662
100
AcDbEntity
8
0
100
AcDbLine
10
15.202589586972216
20
-48.535577119088479
30
0
11
15.193120659002361
21
-48.326510997578524
31
3.8518598887744717e-33
0
SPLINE
5
663
100
AcDbEntity
8
0
100
AcDbSpline
70
4
71
5
72
24
73
18
74
0
42
0.000000001
43
0.0000000001
44
0.0000000001
40
0.13478277032037178
40
0.13478277032037178
40
0.13478277032037178
40
0.13478277032037178
40
0.13478277032037178
40
0.13478277032037178
40
0.20000000000000001
40
0.26666666666666666
40
0.33333333333333331
40
0.39999999999999997
40
0.46666666666666662
40
0.53333333333333333
40
0.59999999999999998
40
0.66666666666666663
40
0.73333333333333328
40
0.79999999999999993
40
0.86666666666666659
40
0.93333333333333324
40
1
40
1
40
1
40
1
40
1
40
1
41
1
41
1
41
1
41
1
41
1
41
1
41
1
41
1
41
1
41
1
41
1
41
1
41
1
41
1
41
1
41
1
41
1
41
1
10
14.021926237588874
20
-48.100561547792879
30
0
10
14.032334999241785
20
-48.107408169594578
30
0
10
14.053163454445158
20
-48.119845953072058
30
0
10
14.083882028297634
20
-48.134301926141788
30
0
10
14.123839034658944
20
-48.145192188251301
30
0
10
14.173153302822454
20
-48.146058403860295
30
0
10
14.224052888689311
20
-48.136954542720105
30
0
10
14.279347120265557
20
-48.122493228582599
30
0
10
14.342465008208936
20
-48.108040601443996
30
0
10
14.41678339788206
20
-48.098997285932725
30
0
10
14.505166370022597
20
-48.100077601634716
30
0
10
14.60931495559549
20
-48.114369757610255
30
0
10
14.72987902992254
20
-48.143435936995985
30
0
10
14.866908810702483
20
-48.187888521032541
30
0
10
14.989482085335048
20
-48.235767366049274
30
0
10
15.088546918035885
20
-48.27850359830704
30
0
10
15.157738079766659
20
-48.310006505991382
30
0
10
15.193120659002361
20
-48.326510997578524
30
0
0
CIRCLE
5
664
100
AcDbEntity
8
0
100
AcDbCircle
10
47.000000000000369
20
-47.000000000000099
30
0
40
39.000000000000249
210
9.8607613152626476e-32
220
2.465190328815663e-32
230
1
0
ENDSEC
0
SECTION
2
OBJECTS
0
DICTIONARY
5
C
100
AcDbDictionary
3
ACAD_GROUP
350
D
3
ACAD_MLINESTYLE
350
17
0
DICTIONARY
5
D
100
AcDbDictionary
0
DICTIONARY
5
1A
330
C
100
AcDbDictionary
0
DICTIONARY
5
17
100
AcDbDictionary
0
ENDSEC
0
EOF
