; generated by Slic3r 1.3.1-dev (Build 18ddd3a36dc69d81fb9b7440498bff9e1dde8b7e) on 2024-12-10 at 14:06:34

; external perimeters extrusion width = 0.44mm (4.51mm^3/s)
; perimeters extrusion width = 0.48mm (10.05mm^3/s)
; infill extrusion width = 0.48mm (10.05mm^3/s)
; solid infill extrusion width = 0.48mm (7.54mm^3/s)
; top infill extrusion width = 0.48mm (7.54mm^3/s)

M107
G92 E0
M190 S90 ; set bed temperature and wait for it to be reached
M104 S225 ; set temperature
G28 ; home all axes
G1 Z5 F5000 ; lift nozzle

; Filament gcode

M109 S225 ; set temperature and wait for it to be reached
G21 ; set units to millimeters
G90 ; use absolute coordinates
M82 ; use absolute distances for extrusion
G92 E0
G1 Z0.350 F7800.000
G1 E-8.00000 F2400.00000
G92 E0
G1 X132.439 Y143.432 F7800.000
G1 E10.00000 F2400.00000
G1 F1800.000
G1 X134.212 Y141.816 E10.22330
G1 X136.417 Y140.866 E10.44661
G1 X138.142 Y140.658 E10.60829
G1 X191.858 Y140.658 E15.60625
G1 X194.225 Y141.055 E15.82955
G1 X196.332 Y142.204 E16.05285
G1 X197.949 Y143.977 E16.27615
G1 X198.899 Y146.181 E16.49946
G1 X199.108 Y147.906 E16.66114
G1 X199.109 Y182.092 E19.84193
G1 X198.712 Y184.459 E20.06523
G1 X197.564 Y186.566 E20.28853
G1 X195.790 Y188.183 E20.51183
G1 X193.586 Y189.133 E20.73514
G1 X191.859 Y189.342 E20.89699
G1 X138.141 Y189.342 E25.89517
G1 X135.774 Y188.945 E26.11847
G1 X133.666 Y187.796 E26.34177
G1 X132.049 Y186.023 E26.56507
G1 X131.100 Y183.819 E26.78838
G1 X130.891 Y182.092 E26.95023
G1 X130.892 Y147.906 E30.13102
G1 X131.290 Y145.539 E30.35432
G1 X132.410 Y143.485 E30.57204
G1 X133.059 Y143.660 F7800.000
G1 F1800.000
G1 X134.812 Y142.181 E30.78543
G1 X136.964 Y141.389 E30.99882
G1 X138.142 Y141.283 E31.10888
G1 X191.858 Y141.283 E36.10684
G1 X194.117 Y141.680 E36.32023
G1 X196.105 Y142.823 E36.53362
G1 X197.584 Y144.576 E36.74702
G1 X198.377 Y146.728 E36.96041
G1 X198.483 Y147.906 E37.07047
G1 X198.484 Y182.092 E40.25124
G1 X198.087 Y184.351 E40.46464
G1 X196.944 Y186.339 E40.67803
G1 X195.191 Y187.818 E40.89142
G1 X193.039 Y188.611 E41.10481
G1 X191.859 Y188.717 E41.21503
G1 X138.141 Y188.717 E46.21321
G1 X135.882 Y188.320 E46.42660
G1 X133.894 Y187.177 E46.63999
G1 X132.415 Y185.424 E46.85338
G1 X131.622 Y183.272 E47.06677
G1 X131.516 Y182.092 E47.17699
G1 X131.517 Y147.906 E50.35776
G1 X131.915 Y145.648 E50.57115
G1 X133.029 Y143.712 E50.77896
G1 E42.77896 F2400.00000
G92 E0
G1 X191.509 Y181.742 F7800.000
G1 E10.00000 F2400.00000
G1 F1800.000
G1 X179.925 Y181.742 E11.07788
G1 X179.925 Y148.258 E14.19337
G1 X191.508 Y148.258 E15.27115
G1 X191.509 Y181.682 E18.38106
G1 X191.163 Y181.542 F7800.000
G1 X190.884 Y181.117 F7800.000
G1 F1800.000
G1 X180.549 Y181.117 E19.34266
G1 X180.549 Y148.883 E22.34186
G1 X190.883 Y148.883 E23.30337
G1 X190.884 Y181.057 E26.29700
G1 X190.259 Y180.492 F7800.000
G1 F1800.000
G1 X181.174 Y180.492 E27.14231
G1 X181.174 Y149.508 E30.02523
G1 X190.259 Y149.508 E30.87047
G1 X190.259 Y180.432 E33.74781
G1 X189.635 Y179.867 F7800.000
G1 F1800.000
G1 X181.799 Y179.867 E34.47684
G1 X181.799 Y150.133 E37.24348
G1 X189.634 Y150.133 E37.97245
G1 X189.635 Y179.807 E40.73350
G1 X188.766 Y179.485 F7800.000
G1 F1800.000
G1 X189.253 Y178.999 E40.79860
G1 X189.253 Y178.100 E40.88373
G1 X187.867 Y179.485 E41.06923
G1 X186.968 Y179.485 E41.15437
G1 X189.253 Y177.201 E41.46027
G1 X189.253 Y176.302 E41.54541
G1 X186.069 Y179.485 E41.97171
G1 X185.170 Y179.485 E42.05685
G1 X189.253 Y175.402 E42.60356
G1 X189.253 Y174.503 E42.68869
G1 X184.270 Y179.485 E43.35580
G1 X183.371 Y179.485 E43.44094
G1 X189.253 Y173.604 E44.22845
G1 X189.253 Y172.705 E44.31358
G1 X182.472 Y179.485 E45.22150
G1 X182.181 Y179.485 E45.24903
G1 X182.181 Y178.877 E45.30663
G1 X189.253 Y171.805 E46.25348
G1 X189.253 Y170.906 E46.33861
G1 X182.181 Y177.978 E47.28546
G1 X182.181 Y177.079 E47.37060
G1 X189.253 Y170.007 E48.31744
G1 X189.253 Y169.108 E48.40258
G1 X182.181 Y176.179 E49.34942
G1 X182.181 Y175.280 E49.43456
G1 X189.253 Y168.208 E50.38140
G1 X189.253 Y167.309 E50.46654
G1 X182.181 Y174.381 E51.41338
G1 X182.181 Y173.482 E51.49852
G1 X189.253 Y166.410 E52.44537
G1 X189.253 Y165.511 E52.53050
G1 X182.181 Y172.582 E53.47735
G1 X182.181 Y171.683 E53.56248
G1 X189.253 Y164.612 E54.50933
G1 X189.253 Y163.712 E54.59447
G1 X182.181 Y170.784 E55.54131
G1 X182.181 Y169.885 E55.62645
G1 X189.253 Y162.813 E56.57329
G1 X189.253 Y161.914 E56.65843
G1 X182.181 Y168.985 E57.60527
G1 X182.181 Y168.086 E57.69041
G1 X189.253 Y161.015 E58.63725
G1 X189.253 Y160.115 E58.72239
G1 X182.181 Y167.187 E59.66924
G1 X182.181 Y166.288 E59.75437
G1 X189.253 Y159.216 E60.70122
G1 X189.253 Y158.317 E60.78635
G1 X182.181 Y165.388 E61.73320
G1 X182.181 Y164.489 E61.81834
G1 X189.253 Y157.418 E62.76518
G1 X189.253 Y156.518 E62.85032
G1 X182.181 Y163.590 E63.79716
G1 X182.181 Y162.691 E63.88230
G1 X189.253 Y155.619 E64.82914
G1 X189.253 Y154.720 E64.91428
G1 X182.181 Y161.792 E65.86112
G1 X182.181 Y160.892 E65.94626
G1 X189.253 Y153.821 E66.89310
G1 X189.253 Y152.921 E66.97824
G1 X182.181 Y159.993 E67.92509
G1 X182.181 Y159.094 E68.01022
G1 X189.253 Y152.022 E68.95705
G1 X189.252 Y151.123 E69.04217
G1 X182.181 Y158.195 E69.98897
G1 X182.181 Y157.295 E70.07411
G1 X188.962 Y150.515 E70.98202
G1 X188.063 Y150.515 E71.06716
G1 X182.181 Y156.396 E71.85467
G1 X182.181 Y155.497 E71.93980
G1 X187.163 Y150.515 E72.60691
G1 X186.264 Y150.515 E72.69205
G1 X182.181 Y154.598 E73.23875
G1 X182.181 Y153.698 E73.32389
G1 X185.365 Y150.515 E73.75020
G1 X184.466 Y150.515 E73.83533
G1 X182.181 Y152.799 E74.14124
G1 X182.181 Y151.900 E74.22637
G1 X183.566 Y150.515 E74.41187
G1 X182.667 Y150.515 E74.49701
G1 X182.181 Y151.001 E74.56209
G1 E66.56209 F2400.00000
G92 E0
G1 X150.075 Y181.742 F7800.000
G1 E10.00000 F2400.00000
G1 F1800.000
G1 X138.491 Y181.742 E11.07788
G1 X138.492 Y148.258 E14.19337
G1 X150.075 Y148.258 E15.27112
G1 X150.075 Y181.682 E18.38103
G1 X149.729 Y181.542 F7800.000
G1 X149.450 Y181.117 F7800.000
G1 F1800.000
G1 X139.116 Y181.117 E19.34262
G1 X139.117 Y148.883 E22.34183
G1 X149.450 Y148.883 E23.30326
G1 X149.450 Y181.057 E26.29689
G1 X148.826 Y180.492 F7800.000
G1 F1800.000
G1 X139.741 Y180.492 E27.14219
G1 X139.742 Y149.508 E30.02511
G1 X148.825 Y149.508 E30.87023
G1 X148.826 Y180.432 E33.74757
G1 X148.201 Y179.867 F7800.000
G1 F1800.000
G1 X140.366 Y179.867 E34.47658
G1 X140.367 Y150.133 E37.24321
G1 X148.200 Y150.133 E37.97202
G1 X148.201 Y179.807 E40.73307
G1 X147.333 Y179.485 F7800.000
G1 F1800.000
G1 X147.819 Y178.999 E40.79817
G1 X147.819 Y178.100 E40.88330
G1 X146.433 Y179.485 E41.06878
G1 X145.534 Y179.485 E41.15391
G1 X147.819 Y177.201 E41.45977
G1 X147.819 Y176.302 E41.54490
G1 X144.635 Y179.485 E41.97115
G1 X143.736 Y179.485 E42.05628
G1 X147.819 Y175.403 E42.60292
G1 X147.818 Y174.504 E42.68804
G1 X142.837 Y179.485 E43.35506
G1 X141.937 Y179.485 E43.44019
G1 X147.818 Y173.604 E44.22760
G1 X147.818 Y172.705 E44.31273
G1 X141.038 Y179.485 E45.22052
G1 X140.747 Y179.485 E45.24804
G1 X140.747 Y178.877 E45.30565
G1 X147.818 Y171.806 E46.25236
G1 X147.818 Y170.907 E46.33749
G1 X140.747 Y177.978 E47.28418
G1 X140.748 Y177.079 E47.36932
G1 X147.818 Y170.008 E48.31600
G1 X147.818 Y169.109 E48.40113
G1 X140.748 Y176.179 E49.34780
G1 X140.748 Y175.280 E49.43293
G1 X147.818 Y168.210 E50.37959
G1 X147.818 Y167.310 E50.46472
G1 X140.748 Y174.381 E51.41137
G1 X140.748 Y173.482 E51.49650
G1 X147.818 Y166.411 E52.44314
G1 X147.818 Y165.512 E52.52827
G1 X140.748 Y172.582 E53.47489
G1 X140.748 Y171.683 E53.56003
G1 X147.818 Y164.613 E54.50664
G1 X147.818 Y163.714 E54.59177
G1 X140.748 Y170.784 E55.53837
G1 X140.748 Y169.885 E55.62350
G1 X147.818 Y162.815 E56.57009
G1 X147.818 Y161.916 E56.65522
G1 X140.748 Y168.985 E57.60180
G1 X140.748 Y168.086 E57.68693
G1 X147.818 Y161.016 E58.63350
G1 X147.818 Y160.117 E58.71862
G1 X140.748 Y167.187 E59.66518
G1 X140.748 Y166.288 E59.75031
G1 X147.818 Y159.218 E60.69686
G1 X147.817 Y158.319 E60.78198
G1 X140.748 Y165.388 E61.72851
G1 X140.748 Y164.489 E61.81365
G1 X147.817 Y157.420 E62.76017
G1 X147.817 Y156.521 E62.84529
G1 X140.748 Y163.590 E63.79180
G1 X140.748 Y162.691 E63.87694
G1 X147.817 Y155.622 E64.82343
G1 X147.817 Y154.722 E64.90856
G1 X140.748 Y161.792 E65.85504
G1 X140.748 Y160.892 E65.94018
G1 X147.817 Y153.823 E66.88665
G1 X147.817 Y152.924 E66.97178
G1 X140.748 Y159.993 E67.91824
G1 X140.748 Y159.094 E68.00337
G1 X147.817 Y152.025 E68.94982
G1 X147.817 Y151.126 E69.03495
G1 X140.748 Y158.195 E69.98138
G1 X140.748 Y157.295 E70.06652
G1 X147.529 Y150.515 E70.97440
G1 X146.630 Y150.515 E71.05953
G1 X140.748 Y156.396 E71.84702
G1 X140.748 Y155.497 E71.93215
G1 X145.731 Y150.515 E72.59924
G1 X144.831 Y150.515 E72.68437
G1 X140.748 Y154.598 E73.23106
G1 X140.748 Y153.698 E73.31619
G1 X143.932 Y150.515 E73.74249
G1 X143.033 Y150.515 E73.82762
G1 X140.748 Y152.799 E74.13351
G1 X140.748 Y151.900 E74.21865
G1 X142.134 Y150.515 E74.40415
G1 X141.235 Y150.515 E74.48928
G1 X140.749 Y151.001 E74.55435
M140 S80 ; set bed temperature
G1 Z0.650 F7800.000
G1 E66.55435 F2400.00000
G92 E0
G1 X179.781 Y181.872 F7800.000
G1 E10.00000 F2400.00000
G1 F2400.000
G1 X179.781 Y148.128 E11.61765
G1 X191.628 Y148.128 E12.18558
G1 X191.632 Y181.872 E13.80323
G1 X179.841 Y181.872 E14.36845
G1 X179.851 Y181.478 F7800.000
G1 X180.178 Y181.475 F7800.000
G1 F4800.000
G1 X180.178 Y148.525 E16.12993
G1 X191.231 Y148.525 E16.72081
G1 X191.234 Y181.475 E18.48228
G1 X180.238 Y181.475 E19.07012
G1 X180.597 Y181.056 F7800.000
G1 F4800.000
G1 X180.597 Y148.944 E20.78681
G1 X190.812 Y148.944 E21.33291
G1 X190.815 Y181.056 E23.04960
G1 X180.657 Y181.056 E23.59266
G1 X181.016 Y180.637 F7800.000
G1 F4800.000
G1 X181.016 Y149.363 E25.26456
G1 X190.394 Y149.363 E25.76587
G1 X190.397 Y180.637 E27.43778
G1 X181.076 Y180.637 E27.93605
G1 X181.598 Y180.381 F7800.000
G1 F3600.000
G1 X181.272 Y180.055 E27.96098
G1 X181.272 Y179.455 E27.99343
G1 X182.198 Y180.381 E28.06427
G1 X182.797 Y180.381 E28.09671
G1 X181.272 Y178.856 E28.21344
G1 X181.272 Y178.256 E28.24589
G1 X183.397 Y180.381 E28.40850
G1 X183.997 Y180.381 E28.44095
G1 X181.272 Y177.657 E28.64945
G1 X181.272 Y177.057 E28.68190
G1 X184.596 Y180.381 E28.93629
G1 X185.196 Y180.381 E28.96874
G1 X181.272 Y176.457 E29.26902
G1 X181.272 Y175.858 E29.30147
G1 X185.795 Y180.381 E29.64763
G1 X186.395 Y180.381 E29.68008
G1 X181.272 Y175.258 E30.07214
G1 X181.272 Y174.658 E30.10458
G1 X186.995 Y180.381 E30.54253
G1 X187.594 Y180.381 E30.57497
G1 X181.272 Y174.059 E31.05881
G1 X181.272 Y173.459 E31.09125
G1 X188.194 Y180.381 E31.62097
G1 X188.794 Y180.381 E31.65342
G1 X181.272 Y172.860 E32.22903
G1 X181.272 Y172.260 E32.26148
G1 X189.393 Y180.381 E32.88297
G1 X189.993 Y180.381 E32.91542
G1 X181.272 Y171.660 E33.58280
G1 X181.272 Y171.061 E33.61525
G1 X190.141 Y179.929 E34.29395
G1 X190.141 Y179.330 E34.32639
G1 X181.272 Y170.461 E35.00509
G1 X181.272 Y169.861 E35.03753
G1 X190.141 Y178.730 E35.71623
G1 X190.141 Y178.130 E35.74867
G1 X181.272 Y169.262 E36.42737
G1 X181.272 Y168.662 E36.45982
G1 X190.141 Y177.531 E37.13851
G1 X190.141 Y176.931 E37.17096
G1 X181.272 Y168.062 E37.84965
G1 X181.272 Y167.463 E37.88210
G1 X190.141 Y176.331 E38.56079
G1 X190.141 Y175.732 E38.59324
G1 X181.272 Y166.863 E39.27193
G1 X181.272 Y166.264 E39.30438
G1 X190.141 Y175.132 E39.98307
G1 X190.141 Y174.533 E40.01552
G1 X181.272 Y165.664 E40.69421
G1 X181.272 Y165.064 E40.72666
G1 X190.141 Y173.933 E41.40535
G1 X190.141 Y173.333 E41.43780
G1 X181.272 Y164.465 E42.11649
G1 X181.272 Y163.865 E42.14894
G1 X190.141 Y172.734 E42.82763
G1 X190.141 Y172.134 E42.86008
G1 X181.272 Y163.265 E43.53877
G1 X181.272 Y162.666 E43.57122
G1 X190.141 Y171.534 E44.24991
G1 X190.141 Y170.935 E44.28236
G1 X181.272 Y162.066 E44.96105
G1 X181.272 Y161.467 E44.99350
G1 X190.141 Y170.335 E45.67220
G1 X190.141 Y169.736 E45.70464
G1 X181.272 Y160.867 E46.38334
G1 X181.272 Y160.267 E46.41578
G1 X190.141 Y169.136 E47.09448
G1 X190.141 Y168.536 E47.12692
G1 X181.272 Y159.668 E47.80562
G1 X181.272 Y159.068 E47.83807
G1 X190.141 Y167.937 E48.51676
G1 X190.141 Y167.337 E48.54921
G1 X181.272 Y158.468 E49.22790
G1 X181.272 Y157.869 E49.26035
G1 X190.141 Y166.737 E49.93904
G1 X190.141 Y166.138 E49.97149
G1 X181.272 Y157.269 E50.65018
G1 X181.272 Y156.670 E50.68263
G1 X190.141 Y165.538 E51.36132
G1 X190.141 Y164.939 E51.39377
G1 X181.272 Y156.070 E52.07246
G1 X181.272 Y155.470 E52.10491
G1 X190.141 Y164.339 E52.78360
G1 X190.141 Y163.739 E52.81605
G1 X181.272 Y154.871 E53.49474
G1 X181.272 Y154.271 E53.52719
G1 X190.141 Y163.140 E54.20588
G1 X190.141 Y162.540 E54.23833
G1 X181.272 Y153.671 E54.91702
G1 X181.272 Y153.072 E54.94947
G1 X190.141 Y161.940 E55.62816
G1 X190.141 Y161.341 E55.66062
G1 X181.272 Y152.472 E56.33930
G1 X181.272 Y151.873 E56.37175
G1 X190.140 Y160.741 E57.05043
G1 X190.140 Y160.141 E57.08288
G1 X181.272 Y151.273 E57.76155
G1 X181.272 Y150.673 E57.79399
G1 X190.140 Y159.541 E58.47265
G1 X190.140 Y158.942 E58.50510
G1 X181.272 Y150.074 E59.18374
G1 X181.272 Y149.619 E59.20835
G1 X181.417 Y149.619 E59.21619
G1 X190.140 Y158.342 E59.88373
G1 X190.140 Y157.742 E59.91619
G1 X182.017 Y149.619 E60.53783
G1 X182.616 Y149.619 E60.57027
G1 X190.139 Y157.142 E61.14602
G1 X190.139 Y156.542 E61.17847
G1 X183.216 Y149.619 E61.70831
G1 X183.815 Y149.619 E61.74076
G1 X190.139 Y155.943 E62.22470
G1 X190.139 Y155.343 E62.25716
G1 X184.415 Y149.619 E62.69520
G1 X185.015 Y149.619 E62.72765
G1 X190.139 Y154.743 E63.11979
G1 X190.139 Y154.143 E63.15225
G1 X185.614 Y149.619 E63.49849
G1 X186.214 Y149.619 E63.53094
G1 X190.139 Y153.544 E63.83128
G1 X190.138 Y152.944 E63.86373
G1 X186.814 Y149.619 E64.11818
G1 X187.413 Y149.619 E64.15063
G1 X190.138 Y152.344 E64.35917
G1 X190.138 Y151.744 E64.39162
G1 X188.013 Y149.619 E64.55427
G1 X188.612 Y149.619 E64.58672
G1 X190.138 Y151.144 E64.70346
G1 X190.138 Y150.545 E64.73592
G1 X189.212 Y149.619 E64.80676
G1 X189.812 Y149.619 E64.83921
G1 X190.138 Y149.945 E64.86415
G1 E56.86415 F2400.00000
G92 E0
G1 X150.219 Y181.872 F7800.000
G1 E10.00000 F2400.00000
G1 F2400.000
G1 X138.368 Y181.872 E10.56809
G1 X138.372 Y148.128 E12.18574
G1 X150.219 Y148.128 E12.75367
G1 X150.219 Y181.812 E14.36844
G1 X149.872 Y181.672 F7800.000
G1 X149.822 Y181.475 F7800.000
G1 F4800.000
G1 X138.766 Y181.475 E14.95948
G1 X138.769 Y148.525 E16.72096
G1 X149.821 Y148.525 E17.31181
G1 X149.821 Y181.415 E19.07008
G1 X149.403 Y181.056 F7800.000
G1 F4800.000
G1 X139.185 Y181.056 E19.61632
G1 X139.188 Y148.944 E21.33301
G1 X149.402 Y148.944 E21.87907
G1 X149.403 Y180.996 E23.59255
G1 X148.984 Y180.637 F7800.000
G1 F4800.000
G1 X139.604 Y180.637 E24.09400
G1 X139.607 Y149.363 E25.76591
G1 X148.983 Y149.363 E26.26717
G1 X148.984 Y180.577 E27.93586
G1 E19.93586 F2400.00000
G92 E0
G1 X140.185 Y180.381 F7800.000
G1 E10.00000 F2400.00000
G1 F3600.000
G1 X139.860 Y180.055 E10.02493
G1 X139.860 Y179.455 E10.05738
G1 X140.785 Y180.381 E10.12822
G1 X141.385 Y180.381 E10.16067
G1 X139.860 Y178.856 E10.27739
G1 X139.860 Y178.256 E10.30984
G1 X141.984 Y180.381 E10.47244
G1 X142.584 Y180.381 E10.50489
G1 X139.860 Y177.657 E10.71339
G1 X139.860 Y177.057 E10.74584
G1 X143.184 Y180.381 E11.00022
G1 X143.783 Y180.381 E11.03267
G1 X139.860 Y176.458 E11.33295
G1 X139.860 Y175.858 E11.36539
G1 X144.383 Y180.381 E11.71155
G1 X144.983 Y180.381 E11.74400
G1 X139.860 Y175.258 E12.13605
G1 X139.860 Y174.659 E12.16850
G1 X145.582 Y180.381 E12.60643
G1 X146.182 Y180.381 E12.63888
G1 X139.860 Y174.059 E13.12271
G1 X139.860 Y173.460 E13.15515
G1 X146.782 Y180.381 E13.68487
G1 X147.381 Y180.381 E13.71732
G1 X139.860 Y172.860 E14.29291
G1 X139.860 Y172.260 E14.32536
G1 X147.981 Y180.381 E14.94685
G1 X148.581 Y180.381 E14.97930
G1 X139.860 Y171.661 E15.64667
G1 X139.860 Y171.061 E15.67912
G1 X148.727 Y179.928 E16.35772
G1 X148.727 Y179.328 E16.39018
G1 X139.861 Y170.462 E17.06876
G1 X139.861 Y169.862 E17.10121
G1 X148.727 Y178.729 E17.77978
G1 X148.727 Y178.129 E17.81224
G1 X139.861 Y169.262 E18.49079
G1 X139.861 Y168.663 E18.52324
G1 X148.727 Y177.529 E19.20178
G1 X148.727 Y176.929 E19.23424
G1 X139.861 Y168.063 E19.91277
G1 X139.861 Y167.464 E19.94521
G1 X148.727 Y176.329 E20.62372
G1 X148.726 Y175.730 E20.65618
G1 X139.861 Y166.864 E21.33468
G1 X139.861 Y166.264 E21.36713
G1 X148.726 Y175.130 E22.04561
G1 X148.726 Y174.530 E22.07807
G1 X139.861 Y165.665 E22.75653
G1 X139.861 Y165.065 E22.78898
G1 X148.726 Y173.930 E23.46743
G1 X148.726 Y173.330 E23.49989
G1 X139.861 Y164.466 E24.17832
G1 X139.861 Y163.866 E24.21077
G1 X148.726 Y172.731 E24.88919
G1 X148.726 Y172.131 E24.92165
G1 X139.861 Y163.266 E25.60006
G1 X139.861 Y162.667 E25.63251
G1 X148.726 Y171.531 E26.31090
G1 X148.725 Y170.931 E26.34336
G1 X139.861 Y162.067 E27.02173
G1 X139.861 Y161.468 E27.05418
G1 X148.725 Y170.332 E27.73254
G1 X148.725 Y169.732 E27.76500
G1 X139.861 Y160.868 E28.44335
G1 X139.862 Y160.268 E28.47580
G1 X148.725 Y169.132 E29.15413
G1 X148.725 Y168.532 E29.18659
G1 X139.862 Y159.669 E29.86490
G1 X139.862 Y159.069 E29.89735
G1 X148.725 Y167.932 E30.57565
G1 X148.725 Y167.333 E30.60811
G1 X139.862 Y158.470 E31.28640
G1 X139.862 Y157.870 E31.31885
G1 X148.724 Y166.733 E31.99712
G1 X148.724 Y166.133 E32.02958
G1 X139.862 Y157.271 E32.70784
G1 X139.862 Y156.671 E32.74028
G1 X148.724 Y165.533 E33.41853
G1 X148.724 Y164.933 E33.45098
G1 X139.862 Y156.071 E34.12921
G1 X139.862 Y155.472 E34.16166
G1 X148.724 Y164.334 E34.83987
G1 X148.724 Y163.734 E34.87233
G1 X139.862 Y154.872 E35.55053
G1 X139.862 Y154.273 E35.58298
G1 X148.724 Y163.134 E36.26116
G1 X148.724 Y162.534 E36.29362
G1 X139.862 Y153.673 E36.97179
G1 X139.862 Y153.073 E37.00424
G1 X148.723 Y161.934 E37.68239
G1 X148.723 Y161.335 E37.71485
G1 X139.862 Y152.474 E38.39299
G1 X139.862 Y151.874 E38.42543
G1 X148.723 Y160.735 E39.10356
G1 X148.723 Y160.135 E39.13602
G1 X139.862 Y151.275 E39.81413
G1 X139.862 Y150.675 E39.84657
G1 X148.723 Y159.535 E40.52467
G1 X148.723 Y158.936 E40.55713
G1 X139.863 Y150.075 E41.23520
G1 X139.863 Y149.619 E41.25991
G1 X140.006 Y149.619 E41.26765
G1 X148.723 Y158.336 E41.93476
G1 X148.722 Y157.736 E41.96722
G1 X140.605 Y149.619 E42.58843
G1 X141.205 Y149.619 E42.62088
G1 X148.723 Y157.137 E43.19622
G1 X148.723 Y156.537 E43.22865
G1 X141.805 Y149.619 E43.75812
G1 X142.404 Y149.619 E43.79057
G1 X148.723 Y155.938 E44.27418
G1 X148.724 Y155.339 E44.30661
G1 X143.004 Y149.619 E44.74435
G1 X143.604 Y149.619 E44.77681
G1 X148.724 Y154.739 E45.16868
G1 X148.724 Y154.140 E45.20111
G1 X144.203 Y149.619 E45.54712
G1 X144.803 Y149.619 E45.57957
G1 X148.725 Y153.541 E45.87971
G1 X148.725 Y152.941 E45.91215
G1 X145.403 Y149.619 E46.16642
G1 X146.002 Y149.619 E46.19887
G1 X148.725 Y152.342 E46.40728
G1 X148.726 Y151.743 E46.43972
G1 X146.602 Y149.619 E46.60226
G1 X147.202 Y149.619 E46.63471
G1 X148.726 Y151.144 E46.75139
G1 X148.727 Y150.544 E46.78382
G1 X147.801 Y149.619 E46.85463
G1 X148.401 Y149.619 E46.88708
G1 X148.727 Y149.945 E46.91203
G1 Z0.950 F7800.000
G1 E38.91203 F2400.00000
G92 E0
G1 X179.769 Y181.872 F7800.000
G1 E10.00000 F2400.00000
G1 F2400.000
G1 X179.769 Y148.128 E11.61765
G1 X191.619 Y148.128 E12.18574
G1 X191.625 Y181.872 E13.80339
G1 X179.829 Y181.872 E14.36887
G1 X179.870 Y181.485 F7800.000
G1 X180.166 Y181.475 F7800.000
G1 F4800.000
G1 X180.166 Y148.525 E16.13035
G1 X191.222 Y148.525 E16.72140
G1 X191.227 Y181.475 E18.48288
G1 X180.226 Y181.475 E19.07101
G1 X180.585 Y181.056 F7800.000
G1 F4800.000
G1 X180.585 Y148.944 E20.78770
G1 X190.803 Y148.944 E21.33397
G1 X190.808 Y181.056 E23.05066
G1 X180.645 Y181.056 E23.59401
G1 X181.004 Y180.637 F7800.000
G1 F4800.000
G1 X181.004 Y149.363 E25.26591
G1 X190.384 Y149.363 E25.76740
G1 X190.390 Y180.637 E27.43931
G1 X181.064 Y180.637 E27.93786
G1 E19.93786 F2400.00000
G92 E0
G1 X189.111 Y180.381 F7800.000
G1 E10.00000 F2400.00000
G1 F4800.000
G1 X190.134 Y179.359 E10.07729
G1 X190.134 Y177.384 E10.18286
G1 X187.137 Y180.381 E10.40944
G1 X185.162 Y180.381 E10.51500
G1 X190.134 Y175.409 E10.89087
G1 X190.134 Y173.435 E10.99643
G1 X183.187 Y180.381 E11.52159
G1 X181.260 Y180.381 E11.62464
G1 X181.260 Y180.334 E11.62715
G1 X190.134 Y171.460 E12.29805
G1 X190.134 Y169.486 E12.40361
G1 X181.260 Y178.360 E13.07451
G1 X181.260 Y176.385 E13.18008
G1 X190.133 Y167.512 E13.85094
G1 X190.133 Y165.537 E13.95647
G1 X181.260 Y174.410 E14.62730
G1 X181.260 Y172.436 E14.73286
G1 X190.132 Y163.563 E15.40365
G1 X190.132 Y161.589 E15.50919
G1 X181.260 Y170.461 E16.17994
G1 X181.260 Y168.486 E16.28550
G1 X190.131 Y159.615 E16.95621
G1 X190.131 Y157.641 E17.06175
G1 X181.260 Y166.512 E17.73243
G1 X181.260 Y164.537 E17.83799
G1 X190.130 Y155.667 E18.50863
G1 X190.130 Y153.693 E18.61416
G1 X181.260 Y162.563 E19.28476
G1 X181.260 Y160.588 E19.39033
G1 X190.129 Y151.719 E20.06089
G1 X190.129 Y149.744 E20.16643
G1 X181.260 Y158.613 E20.83695
G1 X181.260 Y156.639 E20.94252
G1 X188.279 Y149.619 E21.47324
G1 X186.305 Y149.619 E21.57880
G1 X181.260 Y154.664 E21.96024
G1 X181.260 Y152.690 E22.06580
G1 X184.330 Y149.619 E22.29795
G1 X182.356 Y149.619 E22.40351
G1 X181.260 Y150.715 E22.48637
G1 X181.260 Y149.945 E22.52754
G1 X182.030 Y149.945 E22.56872
G1 E14.56872 F2400.00000
G92 E0
G1 X150.231 Y181.872 F7800.000
G1 E10.00000 F2400.00000
G1 F2400.000
G1 X138.375 Y181.872 E10.56835
G1 X138.381 Y148.128 E12.18600
G1 X150.231 Y148.128 E12.75409
G1 X150.231 Y181.812 E14.36886
G1 X149.885 Y181.672 F7800.000
G1 X149.834 Y181.475 F7800.000
G1 F4800.000
G1 X138.773 Y181.475 E14.96017
G1 X138.778 Y148.525 E16.72165
G1 X149.834 Y148.525 E17.31268
G1 X149.834 Y181.415 E19.07095
G1 X149.415 Y181.056 F7800.000
G1 F4800.000
G1 X139.192 Y181.056 E19.61747
G1 X139.197 Y148.944 E21.33416
G1 X149.415 Y148.944 E21.88040
G1 X149.415 Y180.996 E23.59388
G1 X148.996 Y180.637 F7800.000
G1 F4800.000
G1 X139.611 Y180.637 E24.09560
G1 X139.616 Y149.363 E25.76750
G1 X148.995 Y149.363 E26.26894
G1 X148.996 Y180.577 E27.93764
G1 X147.644 Y180.381 F7800.000
G1 F4800.000
G1 X148.739 Y179.286 E28.02040
G1 X148.738 Y177.313 E28.12591
G1 X145.670 Y180.381 E28.35790
G1 X143.695 Y180.381 E28.46346
G1 X148.737 Y175.339 E28.84466
G1 X148.736 Y173.365 E28.95018
G1 X141.721 Y180.381 E29.48060
G1 X139.867 Y180.381 E29.57970
G1 X139.867 Y180.260 E29.58616
G1 X148.735 Y171.392 E30.25666
G1 X148.734 Y169.418 E30.36217
G1 X139.867 Y178.285 E31.03258
G1 X139.867 Y176.310 E31.13816
G1 X148.734 Y167.444 E31.80848
G1 X148.733 Y165.470 E31.91399
G1 X139.868 Y174.335 E32.58421
G1 X139.868 Y172.360 E32.68979
G1 X148.732 Y163.497 E33.35992
G1 X148.732 Y161.521 E33.46552
G1 X139.868 Y170.386 E34.13569
G1 X139.869 Y168.411 E34.24127
G1 X148.734 Y159.546 E34.91149
G1 X148.735 Y157.570 E35.01712
G1 X139.869 Y166.436 E35.68740
G1 X139.869 Y164.461 E35.79298
G1 X148.736 Y155.594 E36.46333
G1 X148.737 Y153.618 E36.56895
G1 X139.870 Y162.486 E37.23936
G1 X139.870 Y160.511 E37.34494
G1 X148.738 Y151.643 E38.01541
G1 X148.739 Y149.667 E38.12104
G1 X139.870 Y158.536 E38.79157
G1 X139.870 Y156.561 E38.89715
G1 X146.813 Y149.619 E39.42200
G1 X144.838 Y149.619 E39.52756
G1 X139.871 Y154.586 E39.90309
G1 X139.871 Y152.611 E40.00867
G1 X142.863 Y149.619 E40.23490
G1 X140.889 Y149.619 E40.34046
G1 X139.871 Y150.636 E40.41737
G1 X139.872 Y149.945 E40.45434
G1 X140.563 Y149.945 E40.49130
M106 S219.3
G1 Z1.250 F7800.000
G1 E32.49130 F2400.00000
G92 E0
G1 X179.756 Y181.872 F7800.000
G1 E10.00000 F2400.00000
G1 F2400.000
G1 X179.756 Y148.128 E11.61765
G1 X191.610 Y148.128 E12.18590
G1 X191.618 Y181.872 E13.80355
G1 X179.816 Y181.872 E14.36929
G1 X179.917 Y181.506 F7800.000
G1 X180.154 Y181.475 F7800.000
G1 F4800.000
G1 X180.154 Y148.525 E16.13076
G1 X191.213 Y148.525 E16.72200
G1 X191.220 Y181.475 E18.48347
G1 X180.214 Y181.475 E19.07189
G1 X180.572 Y181.056 F7800.000
G1 F4800.000
G1 X180.572 Y148.944 E20.78858
G1 X190.794 Y148.944 E21.33504
G1 X190.801 Y181.056 E23.05173
G1 X180.632 Y181.056 E23.59536
G1 X180.991 Y180.637 F7800.000
G1 F4800.000
G1 X180.991 Y149.363 E25.26726
G1 X190.375 Y149.363 E25.76893
G1 X190.383 Y180.637 E27.44084
G1 X181.051 Y180.637 E27.93968
G1 X181.573 Y179.598 F7800.000
G1 F4800.000
G1 X181.573 Y180.381 E27.98152
G1 X182.356 Y180.381 E28.02335
G1 X181.247 Y179.273 E28.10715
G1 X181.247 Y177.298 E28.21271
G1 X184.330 Y180.381 E28.44580
G1 X186.305 Y180.381 E28.55136
G1 X181.247 Y175.323 E28.93374
G1 X181.247 Y173.349 E29.03930
G1 X188.279 Y180.381 E29.57096
G1 X190.127 Y180.381 E29.66971
G1 X190.127 Y180.254 E29.67652
G1 X181.247 Y171.374 E30.34783
G1 X181.247 Y169.400 E30.45339
G1 X190.127 Y178.279 E31.12470
G1 X190.126 Y176.304 E31.23029
G1 X181.247 Y167.425 E31.90156
G1 X181.247 Y165.450 E32.00713
G1 X190.126 Y174.329 E32.67837
G1 X190.125 Y172.354 E32.78395
G1 X181.247 Y163.476 E33.45516
G1 X181.247 Y161.501 E33.56072
G1 X190.125 Y170.379 E34.23188
G1 X190.124 Y168.403 E34.33747
G1 X181.247 Y159.527 E35.00860
G1 X181.247 Y157.552 E35.11416
G1 X190.124 Y166.428 E35.78525
G1 X190.123 Y164.453 E35.89084
G1 X181.247 Y155.577 E36.56189
G1 X181.247 Y153.603 E36.66745
G1 X190.123 Y162.478 E37.33847
G1 X190.122 Y160.503 E37.44406
G1 X181.247 Y151.628 E38.11503
G1 X181.247 Y149.653 E38.22060
G1 X190.122 Y158.528 E38.89154
G1 X190.121 Y156.553 E38.99712
G1 X183.187 Y149.619 E39.52134
G1 X185.162 Y149.619 E39.62691
G1 X190.121 Y154.578 E40.00180
G1 X190.120 Y152.603 E40.10739
G1 X187.137 Y149.619 E40.33296
G1 X189.111 Y149.619 E40.43852
G1 X190.120 Y150.627 E40.51476
G1 E32.51476 F2400.00000
G92 E0
G1 X150.244 Y181.872 F7800.000
G1 E10.00000 F2400.00000
G1 F2400.000
G1 X138.383 Y181.872 E10.56861
G1 X138.390 Y148.128 E12.18626
G1 X150.244 Y148.128 E12.75451
G1 X150.244 Y181.812 E14.36928
G1 X149.897 Y181.672 F7800.000
G1 X149.846 Y181.475 F7800.000
G1 F4800.000
G1 X138.780 Y181.475 E14.96089
G1 X138.787 Y148.525 E16.72237
G1 X149.846 Y148.525 E17.31358
G1 X149.846 Y181.415 E19.07185
G1 X149.427 Y181.056 F7800.000
G1 F4800.000
G1 X139.199 Y181.056 E19.61867
G1 X139.206 Y148.944 E21.33536
G1 X149.427 Y148.944 E21.88178
G1 X149.427 Y180.996 E23.59527
G1 X149.009 Y180.637 F7800.000
G1 F4800.000
G1 X139.618 Y180.637 E24.09729
G1 X139.625 Y149.363 E25.76920
G1 X149.008 Y149.363 E26.27082
G1 X149.009 Y180.577 E27.93952
G1 E19.93952 F2400.00000
G92 E0
G1 X140.200 Y179.692 F7800.000
G1 E10.00000 F2400.00000
G1 F4800.000
G1 X140.200 Y180.381 E10.03683
G1 X140.889 Y180.381 E10.07367
G1 X139.874 Y179.366 E10.15039
G1 X139.874 Y177.392 E10.25593
G1 X142.863 Y180.381 E10.48190
G1 X144.838 Y180.381 E10.58747
G1 X139.875 Y175.418 E10.96270
G1 X139.875 Y173.444 E11.06824
G1 X146.813 Y180.381 E11.59272
G1 X148.753 Y180.381 E11.69643
G1 X148.753 Y180.346 E11.69828
G1 X139.876 Y171.470 E12.36940
G1 X139.876 Y169.495 E12.47494
G1 X148.752 Y178.372 E13.14601
G1 X148.752 Y176.397 E13.25159
G1 X139.877 Y167.521 E13.92261
G1 X139.877 Y165.547 E14.02815
G1 X148.752 Y174.422 E14.69912
G1 X148.752 Y172.447 E14.80469
G1 X139.877 Y163.573 E15.47561
G1 X139.878 Y161.599 E15.58115
G1 X148.751 Y170.472 E16.25202
G1 X148.751 Y168.497 E16.35760
G1 X139.878 Y159.624 E17.02842
G1 X139.879 Y157.650 E17.13396
G1 X148.751 Y166.523 E17.80474
G1 X148.751 Y164.548 E17.91031
G1 X139.879 Y155.676 E18.58103
G1 X139.880 Y153.702 E18.68657
G1 X148.751 Y162.573 E19.35725
G1 X148.750 Y160.598 E19.46282
G1 X139.880 Y151.728 E20.13345
G1 X139.880 Y149.754 E20.23899
G1 X148.750 Y158.623 E20.90957
G1 X148.750 Y156.648 E21.01514
G1 X141.721 Y149.619 E21.54659
G1 X143.695 Y149.619 E21.65215
G1 X148.750 Y154.674 E22.03429
G1 X148.750 Y152.699 E22.13983
G1 X145.670 Y149.619 E22.37272
G1 X147.644 Y149.619 E22.47828
G1 X148.751 Y150.726 E22.56196
G1 Z1.550 F7800.000
G1 E14.56196 F2400.00000
G92 E0
G1 X179.728 Y181.872 F7800.000
G1 E10.00000 F2400.00000
G1 F2400.000
G1 X179.728 Y148.128 E11.61765
G1 X191.601 Y148.128 E12.18685
G1 X191.604 Y181.872 E13.80449
G1 X179.788 Y181.872 E14.37095
G1 X179.824 Y181.484 F7800.000
G1 X180.125 Y181.475 F7800.000
G1 F4800.000
G1 X180.125 Y148.525 E16.13243
G1 X191.204 Y148.525 E16.72471
G1 X191.207 Y181.475 E18.48619
G1 X180.185 Y181.475 E19.07541
G1 X180.544 Y181.056 F7800.000
G1 F4800.000
G1 X180.544 Y148.944 E20.79210
G1 X190.785 Y148.944 E21.33961
G1 X190.788 Y181.056 E23.05630
G1 X180.604 Y181.056 E23.60074
G1 X180.963 Y180.637 F7800.000
G1 F4800.000
G1 X180.963 Y149.363 E25.27264
G1 X190.366 Y149.363 E25.77537
G1 X190.369 Y180.637 E27.44727
G1 X181.023 Y180.637 E27.94693
G1 E19.94693 F2400.00000
G92 E0
G1 X189.111 Y180.381 F7800.000
G1 E10.00000 F2400.00000
G1 F4800.000
G1 X190.113 Y179.379 E10.07576
G1 X190.114 Y177.404 E10.18134
G1 X187.137 Y180.381 E10.40641
G1 X185.162 Y180.381 E10.51197
G1 X190.114 Y175.429 E10.88636
G1 X190.114 Y173.454 E10.99194
G1 X183.187 Y180.381 E11.51564
G1 X181.219 Y180.375 E11.62090
G1 X190.115 Y171.479 E12.29348
G1 X190.115 Y169.504 E12.39906
G1 X181.219 Y178.401 E13.07167
G1 X181.219 Y176.426 E13.17723
G1 X190.115 Y167.530 E13.84983
G1 X190.114 Y165.556 E13.95537
G1 X181.219 Y174.451 E14.62793
G1 X181.219 Y172.477 E14.73349
G1 X190.114 Y163.581 E15.40602
G1 X190.113 Y161.607 E15.51156
G1 X181.219 Y170.502 E16.18405
G1 X181.219 Y168.528 E16.28961
G1 X190.113 Y159.633 E16.96206
G1 X190.112 Y157.659 E17.06760
G1 X181.219 Y166.553 E17.74001
G1 X181.219 Y164.578 E17.84558
G1 X190.112 Y155.685 E18.51795
G1 X190.112 Y153.711 E18.62349
G1 X181.219 Y162.604 E19.29583
G1 X181.219 Y160.629 E19.40139
G1 X190.111 Y151.737 E20.07370
G1 X190.111 Y149.763 E20.17923
G1 X181.219 Y158.655 E20.85150
G1 X181.219 Y156.680 E20.95706
G1 X188.279 Y149.619 E21.49089
G1 X186.305 Y149.619 E21.59646
G1 X181.219 Y154.705 E21.98100
G1 X181.219 Y152.731 E22.08656
G1 X184.330 Y149.619 E22.32182
G1 X182.356 Y149.619 E22.42738
G1 X181.219 Y150.756 E22.51335
G1 X181.219 Y149.945 E22.55672
G1 X182.030 Y149.945 E22.60010
G1 E14.60010 F2400.00000
G92 E0
G1 X150.272 Y181.872 F7800.000
G1 E10.00000 F2400.00000
G1 F2400.000
G1 X138.396 Y181.872 E10.56933
G1 X138.399 Y148.128 E12.18698
G1 X150.272 Y148.128 E12.75617
G1 X150.272 Y181.812 E14.37094
G1 X149.926 Y181.672 F7800.000
G1 X149.875 Y181.475 F7800.000
G1 F4800.000
G1 X138.793 Y181.475 E14.96336
G1 X138.796 Y148.525 E16.72484
G1 X149.875 Y148.525 E17.31710
G1 X149.875 Y181.415 E19.07537
G1 X149.456 Y181.056 F7800.000
G1 F4800.000
G1 X139.212 Y181.056 E19.62300
G1 X139.215 Y148.944 E21.33969
G1 X149.456 Y148.944 E21.88715
G1 X149.456 Y180.996 E23.60063
G1 X149.037 Y180.637 F7800.000
G1 F4800.000
G1 X139.631 Y180.637 E24.10348
G1 X139.634 Y149.363 E25.77538
G1 X149.037 Y149.363 E26.27804
G1 X149.037 Y180.577 E27.94674
G1 X147.644 Y180.381 F7800.000
G1 F4800.000
G1 X148.781 Y179.244 E28.03269
G1 X148.781 Y177.270 E28.13825
G1 X145.670 Y180.381 E28.37348
G1 X143.695 Y180.381 E28.47904
G1 X148.781 Y175.295 E28.86355
G1 X148.781 Y173.321 E28.96911
G1 X141.721 Y180.381 E29.50289
G1 X139.887 Y180.381 E29.60090
G1 X139.887 Y180.240 E29.60846
G1 X148.781 Y171.346 E30.28083
G1 X148.781 Y169.372 E30.38638
G1 X139.887 Y178.265 E31.05873
G1 X139.888 Y176.290 E31.16430
G1 X148.780 Y167.397 E31.83662
G1 X148.780 Y165.423 E31.94218
G1 X139.888 Y174.315 E32.61448
G1 X139.888 Y172.340 E32.72005
G1 X148.780 Y163.448 E33.39233
G1 X148.780 Y161.474 E33.49789
G1 X139.888 Y170.366 E34.17014
G1 X139.888 Y168.391 E34.27571
G1 X148.780 Y159.499 E34.94794
G1 X148.780 Y157.525 E35.05350
G1 X139.888 Y166.416 E35.72571
G1 X139.889 Y164.441 E35.83128
G1 X148.780 Y155.550 E36.50347
G1 X148.779 Y153.576 E36.60902
G1 X139.889 Y162.467 E37.28119
G1 X139.889 Y160.492 E37.38676
G1 X148.779 Y151.602 E38.05890
G1 X148.780 Y149.626 E38.16452
G1 X139.889 Y158.517 E38.83673
G1 X139.889 Y156.542 E38.94230
G1 X146.813 Y149.619 E39.46573
G1 X144.838 Y149.619 E39.57129
G1 X139.889 Y154.567 E39.94542
G1 X139.890 Y152.593 E40.05099
G1 X142.863 Y149.619 E40.27581
G1 X140.889 Y149.619 E40.38138
G1 X139.890 Y150.618 E40.45690
G1 X139.890 Y149.945 E40.49289
G1 X140.563 Y149.945 E40.52887
G1 Z1.850 F7800.000
G1 E32.52887 F2400.00000
G92 E0
G1 X179.690 Y181.872 F7800.000
G1 E10.00000 F2400.00000
G1 F2400.000
G1 X179.690 Y148.128 E11.61765
G1 X191.587 Y148.128 E12.18798
G1 X191.583 Y181.872 E13.80563
G1 X179.750 Y181.872 E14.37286
G1 X179.739 Y181.475 F7800.000
G1 X180.087 Y181.475 F7800.000
G1 F4800.000
G1 X180.087 Y148.525 E16.13434
G1 X191.190 Y148.525 E16.72789
G1 X191.186 Y181.475 E18.48937
G1 X180.147 Y181.475 E19.07946
G1 X180.506 Y181.056 F7800.000
G1 F4800.000
G1 X180.506 Y148.944 E20.79615
G1 X190.771 Y148.944 E21.34492
G1 X190.767 Y181.056 E23.06161
G1 X180.566 Y181.056 E23.60693
G1 X180.925 Y180.637 F7800.000
G1 F4800.000
G1 X180.925 Y149.363 E25.27883
G1 X190.353 Y149.363 E25.78282
G1 X190.348 Y180.637 E27.45473
G1 X180.985 Y180.637 E27.95526
G1 X181.507 Y179.532 F7800.000
G1 F4800.000
G1 X181.507 Y180.381 E28.00063
G1 X182.356 Y180.381 E28.04600
G1 X181.181 Y179.207 E28.13480
G1 X181.181 Y177.232 E28.24036
G1 X184.330 Y180.381 E28.47844
G1 X186.305 Y180.381 E28.58401
G1 X181.181 Y175.257 E28.97138
G1 X181.181 Y173.283 E29.07694
G1 X188.279 Y180.381 E29.61360
G1 X190.092 Y180.381 E29.71050
G1 X190.092 Y180.219 E29.71916
G1 X181.181 Y171.308 E30.39286
G1 X181.181 Y169.333 E30.49842
G1 X190.092 Y178.245 E31.17215
G1 X190.093 Y176.270 E31.27769
G1 X181.181 Y167.359 E31.95145
G1 X181.181 Y165.384 E32.05701
G1 X190.093 Y174.296 E32.73079
G1 X190.093 Y172.322 E32.83633
G1 X181.181 Y163.410 E33.51014
G1 X181.181 Y161.435 E33.61570
G1 X190.094 Y170.348 E34.28954
G1 X190.094 Y168.373 E34.39508
G1 X181.181 Y159.460 E35.06894
G1 X181.181 Y157.486 E35.17450
G1 X190.095 Y166.399 E35.84839
G1 X190.095 Y164.425 E35.95393
G1 X181.181 Y155.511 E36.62785
G1 X181.181 Y153.537 E36.73341
G1 X190.095 Y162.451 E37.40735
G1 X190.096 Y160.476 E37.51289
G1 X181.181 Y151.562 E38.18686
G1 X181.181 Y149.619 E38.29073
G1 X181.213 Y149.619 E38.29242
G1 X190.096 Y158.502 E38.96402
G1 X190.096 Y156.528 E39.06956
G1 X183.187 Y149.619 E39.59190
G1 X185.162 Y149.619 E39.69746
G1 X190.097 Y154.554 E40.07054
G1 X190.097 Y152.579 E40.17608
G1 X187.137 Y149.619 E40.39990
G1 X189.111 Y149.619 E40.50546
G1 X190.097 Y150.605 E40.57999
G1 E32.57999 F2400.00000
G92 E0
G1 X150.310 Y181.872 F7800.000
G1 E10.00000 F2400.00000
G1 F2400.000
G1 X138.417 Y181.872 E10.57011
G1 X138.413 Y148.128 E12.18776
G1 X150.310 Y148.128 E12.75808
G1 X150.310 Y181.812 E14.37285
G1 X149.963 Y181.672 F7800.000
G1 X149.912 Y181.475 F7800.000
G1 F4800.000
G1 X138.814 Y181.475 E14.96615
G1 X138.810 Y148.525 E16.72762
G1 X149.912 Y148.525 E17.32114
G1 X149.912 Y181.415 E19.07941
G1 X149.493 Y181.056 F7800.000
G1 F4800.000
G1 X139.233 Y181.056 E19.62791
G1 X139.229 Y148.944 E21.34460
G1 X149.493 Y148.944 E21.89332
G1 X149.493 Y180.996 E23.60680
G1 X149.074 Y180.637 F7800.000
G1 F4800.000
G1 X139.652 Y180.637 E24.11052
G1 X139.648 Y149.363 E25.78242
G1 X149.074 Y149.363 E26.28633
G1 X149.074 Y180.577 E27.95502
G1 E19.95502 F2400.00000
G92 E0
G1 X140.234 Y179.726 F7800.000
G1 E10.00000 F2400.00000
G1 F4800.000
G1 X140.234 Y180.381 E10.03502
G1 X140.889 Y180.381 E10.07003
G1 X139.908 Y179.400 E10.14418
G1 X139.908 Y177.425 E10.24976
G1 X142.863 Y180.381 E10.47322
G1 X144.838 Y180.381 E10.57878
G1 X139.907 Y175.450 E10.95155
G1 X139.907 Y173.476 E11.05713
G1 X146.813 Y180.381 E11.57920
G1 X148.787 Y180.381 E11.68477
G1 X139.907 Y171.501 E12.35615
G1 X139.907 Y169.526 E12.46173
G1 X148.818 Y178.437 E13.13546
G1 X148.818 Y176.462 E13.24104
G1 X139.906 Y167.551 E13.91476
G1 X139.906 Y165.576 E14.02034
G1 X148.817 Y174.487 E14.69404
G1 X148.817 Y172.512 E14.79963
G1 X139.906 Y163.601 E15.47332
G1 X139.906 Y161.626 E15.57889
G1 X148.816 Y170.537 E16.25257
G1 X148.816 Y168.562 E16.35815
G1 X139.905 Y159.651 E17.03181
G1 X139.905 Y157.677 E17.13739
G1 X148.815 Y166.587 E17.81104
G1 X148.815 Y164.612 E17.91662
G1 X139.905 Y155.702 E18.59026
G1 X139.905 Y153.727 E18.69583
G1 X148.814 Y162.637 E19.36945
G1 X148.814 Y160.662 E19.47504
G1 X139.904 Y151.752 E20.14864
G1 X139.904 Y149.777 E20.25422
G1 X148.814 Y158.687 E20.92781
G1 X148.814 Y156.712 E21.03336
G1 X141.721 Y149.619 E21.56964
G1 X143.695 Y149.619 E21.67520
G1 X148.815 Y154.739 E22.06229
G1 X148.816 Y152.765 E22.16779
G1 X145.670 Y149.619 E22.40567
G1 X147.644 Y149.619 E22.51123
G1 X148.817 Y150.792 E22.59991
G1 Z2.150 F7800.000
G1 E14.59991 F2400.00000
G92 E0
G1 X179.653 Y181.872 F7800.000
G1 E10.00000 F2400.00000
G1 F2400.000
G1 X179.653 Y148.128 E11.61765
G1 X191.560 Y148.128 E12.18846
G1 X191.562 Y181.872 E13.80611
G1 X179.713 Y181.872 E14.37413
G1 X179.726 Y181.479 F7800.000
G1 X180.050 Y181.475 F7800.000
G1 F4800.000
G1 X180.050 Y148.525 E16.13561
G1 X191.163 Y148.525 E16.72970
G1 X191.164 Y181.475 E18.49118
G1 X180.110 Y181.475 E19.08214
G1 X180.469 Y181.056 F7800.000
G1 F4800.000
G1 X180.469 Y148.944 E20.79883
G1 X190.744 Y148.944 E21.34815
G1 X190.746 Y181.056 E23.06484
G1 X180.529 Y181.056 E23.61102
G1 X180.888 Y180.637 F7800.000
G1 F4800.000
G1 X180.888 Y149.363 E25.28292
G1 X190.325 Y149.363 E25.78746
G1 X190.327 Y180.637 E27.45936
G1 X180.948 Y180.637 E27.96077
G1 E19.96077 F2400.00000
G92 E0
G1 X189.111 Y180.381 F7800.000
G1 E10.00000 F2400.00000
G1 F4800.000
G1 X190.071 Y179.421 E10.07257
G1 X190.071 Y177.446 E10.17815
G1 X187.137 Y180.381 E10.40003
G1 X185.162 Y180.381 E10.50559
G1 X190.072 Y175.471 E10.87679
G1 X190.072 Y173.496 E10.98237
G1 X183.187 Y180.381 E11.50288
G1 X181.213 Y180.381 E11.60844
G1 X190.072 Y171.521 E12.27827
G1 X190.073 Y169.546 E12.38385
G1 X181.144 Y178.475 E13.05892
G1 X181.144 Y176.501 E13.16448
G1 X190.073 Y167.571 E13.83958
G1 X190.074 Y165.596 E13.94516
G1 X181.144 Y174.526 E14.62028
G1 X181.144 Y172.552 E14.72585
G1 X190.074 Y163.621 E15.40100
G1 X190.074 Y161.647 E15.50656
G1 X181.144 Y170.577 E16.18171
G1 X181.144 Y168.602 E16.28728
G1 X190.073 Y159.673 E16.96237
G1 X190.072 Y157.699 E17.06790
G1 X181.144 Y166.628 E17.74295
G1 X181.144 Y164.653 E17.84851
G1 X190.072 Y155.725 E18.52350
G1 X190.071 Y153.751 E18.62903
G1 X181.144 Y162.679 E19.30397
G1 X181.144 Y160.704 E19.40953
G1 X190.070 Y151.777 E20.08441
G1 X190.070 Y149.803 E20.18994
G1 X181.144 Y158.729 E20.86477
G1 X181.144 Y156.755 E20.97033
G1 X188.279 Y149.619 E21.50982
G1 X186.305 Y149.619 E21.61539
G1 X181.144 Y154.780 E22.00559
G1 X181.144 Y152.805 E22.11115
G1 X184.330 Y149.619 E22.35206
G1 X182.356 Y149.619 E22.45762
G1 X181.144 Y150.831 E22.54925
G1 X181.144 Y149.945 E22.59662
G1 X182.030 Y149.945 E22.64399
G1 E14.64399 F2400.00000
G92 E0
G1 X150.347 Y181.872 F7800.000
G1 E10.00000 F2400.00000
G1 F2400.000
G1 X138.438 Y181.872 E10.57089
G1 X138.440 Y148.128 E12.18854
G1 X150.347 Y148.128 E12.75935
G1 X150.347 Y181.812 E14.37412
G1 X150.001 Y181.672 F7800.000
G1 X149.950 Y181.475 F7800.000
G1 F4800.000
G1 X138.836 Y181.475 E14.96827
G1 X138.837 Y148.525 E16.72974
G1 X149.950 Y148.525 E17.32381
G1 X149.950 Y181.415 E19.08208
G1 X149.531 Y181.056 F7800.000
G1 F4800.000
G1 X139.255 Y181.056 E19.63143
G1 X139.256 Y148.944 E21.34812
G1 X149.530 Y148.944 E21.89738
G1 X149.531 Y180.996 E23.61087
G1 X149.112 Y180.637 F7800.000
G1 F4800.000
G1 X139.673 Y180.637 E24.11542
G1 X139.675 Y149.363 E25.78733
G1 X149.111 Y149.363 E26.29179
G1 X149.111 Y180.577 E27.96049
G1 X147.644 Y180.381 F7800.000
G1 F4800.000
G1 X148.855 Y179.170 E28.05201
G1 X148.854 Y177.197 E28.15752
G1 X145.670 Y180.381 E28.39827
G1 X143.695 Y180.381 E28.50383
G1 X148.853 Y175.223 E28.89379
G1 X148.852 Y173.249 E28.99930
G1 X141.721 Y180.381 E29.53848
G1 X139.929 Y180.381 E29.63423
G1 X139.929 Y180.197 E29.64404
G1 X148.851 Y171.276 E30.31856
G1 X148.850 Y169.302 E30.42407
G1 X139.930 Y178.223 E31.09851
G1 X139.930 Y176.248 E31.20408
G1 X148.849 Y167.328 E31.87844
G1 X148.848 Y165.355 E31.98395
G1 X139.930 Y174.273 E32.65823
G1 X139.930 Y172.299 E32.76380
G1 X148.847 Y163.381 E33.43800
G1 X148.848 Y161.405 E33.54362
G1 X139.930 Y170.324 E34.21789
G1 X139.930 Y168.349 E34.32345
G1 X148.850 Y159.430 E34.99780
G1 X148.851 Y157.454 E35.10342
G1 X139.930 Y166.374 E35.77785
G1 X139.930 Y164.400 E35.88342
G1 X148.852 Y155.478 E36.55792
G1 X148.853 Y153.502 E36.66354
G1 X139.930 Y162.425 E37.33812
G1 X139.930 Y160.450 E37.44369
G1 X148.854 Y151.527 E38.11835
G1 X148.855 Y149.619 E38.22034
G1 X148.787 Y149.619 E38.22397
G1 X139.931 Y158.476 E38.89357
G1 X139.931 Y156.501 E38.99914
G1 X146.813 Y149.619 E39.51944
G1 X144.838 Y149.619 E39.62500
G1 X139.931 Y154.526 E39.99601
G1 X139.931 Y152.552 E40.10158
G1 X142.863 Y149.619 E40.32329
G1 X140.889 Y149.619 E40.42885
G1 X139.931 Y150.577 E40.50126
G1 X139.931 Y149.945 E40.53505
G1 X140.563 Y149.945 E40.56884
G1 Z2.450 F7800.000
G1 E32.56884 F2400.00000
G92 E0
G1 X179.615 Y181.872 F7800.000
G1 E10.00000 F2400.00000
G1 F2400.000
G1 X179.615 Y148.128 E11.61765
G1 X191.533 Y148.128 E12.18895
G1 X191.541 Y181.872 E13.80660
G1 X179.675 Y181.872 E14.37540
G1 X179.745 Y181.493 F7800.000
G1 X180.013 Y181.475 F7800.000
G1 F4800.000
G1 X180.013 Y148.525 E16.13687
G1 X191.136 Y148.525 E16.73151
G1 X191.143 Y181.475 E18.49298
G1 X180.073 Y181.475 E19.08482
G1 X180.432 Y181.056 F7800.000
G1 F4800.000
G1 X180.432 Y148.944 E20.80151
G1 X190.717 Y148.944 E21.35137
G1 X190.725 Y181.056 E23.06806
G1 X180.492 Y181.056 E23.61511
G1 X180.850 Y180.637 F7800.000
G1 F4800.000
G1 X180.850 Y149.363 E25.28702
G1 X190.298 Y149.363 E25.79209
G1 X190.306 Y180.637 E27.46400
G1 X180.910 Y180.637 E27.96627
G1 X181.432 Y179.458 F7800.000
G1 F4800.000
G1 X181.432 Y180.381 E28.01564
G1 X182.356 Y180.381 E28.06501
G1 X181.106 Y179.132 E28.15946
G1 X181.106 Y177.157 E28.26502
G1 X184.330 Y180.381 E28.50876
G1 X186.305 Y180.381 E28.61432
G1 X181.106 Y175.183 E29.00735
G1 X181.106 Y173.208 E29.11291
G1 X188.279 Y180.381 E29.65523
G1 X190.050 Y180.381 E29.74987
G1 X190.050 Y180.177 E29.76079
G1 X181.106 Y171.233 E30.43696
G1 X181.106 Y169.259 E30.54252
G1 X190.050 Y178.203 E31.21871
G1 X190.051 Y176.228 E31.32425
G1 X181.106 Y167.284 E32.00047
G1 X181.106 Y165.309 E32.10603
G1 X190.051 Y174.254 E32.78228
G1 X190.050 Y172.279 E32.88788
G1 X181.106 Y163.335 E33.56407
G1 X181.106 Y161.360 E33.66964
G1 X190.050 Y170.303 E34.34578
G1 X190.049 Y168.328 E34.45138
G1 X181.106 Y159.386 E35.12747
G1 X181.106 Y157.411 E35.23303
G1 X190.048 Y166.353 E35.90907
G1 X190.047 Y164.378 E36.01467
G1 X181.106 Y155.436 E36.69065
G1 X181.106 Y153.462 E36.79621
G1 X190.047 Y162.402 E37.47214
G1 X190.046 Y160.427 E37.57774
G1 X181.106 Y151.487 E38.25362
G1 X181.106 Y149.619 E38.35349
G1 X181.213 Y149.619 E38.35918
G1 X190.045 Y158.452 E39.02696
G1 X190.045 Y156.476 E39.13256
G1 X183.187 Y149.619 E39.65099
G1 X185.162 Y149.619 E39.75655
G1 X190.044 Y154.501 E40.12565
G1 X190.043 Y152.526 E40.23125
G1 X187.137 Y149.619 E40.45100
G1 X189.111 Y149.619 E40.55656
G1 X190.043 Y150.550 E40.62697
G1 E32.62697 F2400.00000
G92 E0
G1 X150.385 Y181.872 F7800.000
G1 E10.00000 F2400.00000
G1 F2400.000
G1 X138.460 Y181.872 E10.57167
G1 X138.467 Y148.128 E12.18932
G1 X150.384 Y148.128 E12.76062
G1 X150.385 Y181.812 E14.37539
G1 X150.038 Y181.672 F7800.000
G1 X149.987 Y181.475 F7800.000
G1 F4800.000
G1 X138.857 Y181.475 E14.97042
G1 X138.864 Y148.525 E16.73189
G1 X149.987 Y148.525 E17.32650
G1 X149.987 Y181.415 E19.08477
G1 X149.568 Y181.056 F7800.000
G1 F4800.000
G1 X139.276 Y181.056 E19.63501
G1 X139.283 Y148.944 E21.35170
G1 X149.568 Y148.944 E21.90151
G1 X149.568 Y180.996 E23.61500
G1 X149.149 Y180.637 F7800.000
G1 F4800.000
G1 X139.695 Y180.637 E24.12044
G1 X139.702 Y149.363 E25.79234
G1 X149.149 Y149.363 E26.29736
G1 X149.149 Y180.577 E27.96606
G1 E19.96606 F2400.00000
G92 E0
G1 X140.277 Y179.769 F7800.000
G1 E10.00000 F2400.00000
G1 F4800.000
G1 X140.277 Y180.381 E10.03271
G1 X140.889 Y180.381 E10.06543
G1 X139.951 Y179.443 E10.13633
G1 X139.951 Y177.469 E10.24187
G1 X142.863 Y180.381 E10.46202
G1 X144.838 Y180.381 E10.56758
G1 X139.952 Y175.495 E10.93698
G1 X139.952 Y173.521 E11.04252
G1 X146.813 Y180.381 E11.56118
G1 X148.787 Y180.381 E11.66674
G1 X139.953 Y171.547 E12.33465
G1 X139.953 Y169.573 E12.44019
G1 X148.893 Y178.512 E13.11608
G1 X148.893 Y176.538 E13.22165
G1 X139.954 Y167.598 E13.89750
G1 X139.954 Y165.624 E14.00303
G1 X148.893 Y174.563 E14.67883
G1 X148.893 Y172.588 E14.78440
G1 X139.955 Y163.650 E15.46014
G1 X139.955 Y161.676 E15.56568
G1 X148.892 Y170.613 E16.24137
G1 X148.892 Y168.638 E16.34695
G1 X139.956 Y159.702 E17.02259
G1 X139.956 Y157.728 E17.12812
G1 X148.892 Y166.663 E17.80372
G1 X148.892 Y164.689 E17.90929
G1 X139.956 Y155.753 E18.58483
G1 X139.957 Y153.779 E18.69037
G1 X148.892 Y162.714 E19.36586
G1 X148.891 Y160.739 E19.47143
G1 X139.957 Y151.805 E20.14687
G1 X139.958 Y149.831 E20.25241
G1 X148.891 Y158.764 E20.92780
G1 X148.891 Y156.789 E21.03337
G1 X141.721 Y149.619 E21.57548
G1 X143.695 Y149.619 E21.68104
G1 X148.891 Y154.815 E22.07384
G1 X148.891 Y152.840 E22.17940
G1 X145.670 Y149.619 E22.42293
G1 X147.644 Y149.619 E22.52849
G1 X148.892 Y150.867 E22.62282
G1 Z2.750 F7800.000
G1 E14.62282 F2400.00000
G92 E0
G1 X179.561 Y181.872 F7800.000
G1 E10.00000 F2400.00000
G1 F2400.000
G1 X179.561 Y148.128 E11.61765
G1 X191.505 Y148.128 E12.19025
G1 X191.515 Y181.872 E13.80790
G1 X179.621 Y181.872 E14.37809
G1 X179.723 Y181.506 F7800.000
G1 X179.958 Y181.475 F7800.000
G1 F4800.000
G1 X179.958 Y148.525 E16.13957
G1 X191.108 Y148.525 E16.73565
G1 X191.118 Y181.475 E18.49713
G1 X180.018 Y181.475 E19.09053
G1 X180.377 Y181.056 F7800.000
G1 F4800.000
G1 X180.377 Y148.944 E20.80721
G1 X190.690 Y148.944 E21.35852
G1 X190.699 Y181.056 E23.07521
G1 X180.437 Y181.056 E23.62382
G1 X180.796 Y180.637 F7800.000
G1 F4800.000
G1 X180.796 Y149.363 E25.29573
G1 X190.271 Y149.363 E25.80225
G1 X190.281 Y180.637 E27.47416
G1 X180.856 Y180.637 E27.97799
G1 E19.97799 F2400.00000
G92 E0
G1 X187.137 Y180.381 F7800.000
G1 E10.00000 F2400.00000
G1 F4800.000
G1 X190.025 Y177.493 E10.21837
G1 X190.024 Y175.519 E10.32390
G1 X185.162 Y180.381 E10.69150
G1 X183.187 Y180.381 E10.79707
G1 X190.024 Y173.545 E11.31391
G1 X190.023 Y171.571 E11.41943
G1 X181.213 Y180.381 E12.08551
G1 X181.052 Y180.381 E12.09411
G1 X181.052 Y178.567 E12.19107
G1 X190.022 Y169.597 E12.86926
G1 X190.022 Y167.623 E12.97478
G1 X181.052 Y176.593 E13.65291
G1 X181.052 Y174.618 E13.75848
G1 X190.021 Y165.649 E14.43655
G1 X190.020 Y163.675 E14.54208
G1 X181.052 Y172.643 E15.22010
G1 X181.052 Y170.669 E15.32566
G1 X190.019 Y161.701 E16.00364
G1 X190.019 Y159.727 E16.10916
G1 X181.052 Y168.694 E16.78708
G1 X181.052 Y166.720 E16.89264
G1 X190.018 Y157.754 E17.57051
G1 X190.017 Y155.780 E17.67603
G1 X181.052 Y164.745 E18.35384
G1 X181.052 Y162.770 E18.45940
G1 X190.017 Y153.806 E19.13716
G1 X190.016 Y151.832 E19.24269
G1 X181.052 Y160.796 E19.92039
G1 X181.052 Y158.821 E20.02596
G1 X190.015 Y149.858 E20.70361
G1 X190.015 Y149.619 E20.71638
G1 X188.279 Y149.619 E20.80917
G1 X181.052 Y156.846 E21.35559
G1 X181.052 Y154.872 E21.46116
G1 X186.305 Y149.619 E21.85829
G1 X184.330 Y149.619 E21.96386
G1 X181.052 Y152.897 E22.21171
G1 X181.052 Y150.923 E22.31727
G1 X182.356 Y149.619 E22.41583
G1 E14.41583 F2400.00000
G92 E0
G1 X189.437 Y180.055 F7800.000
G1 E10.00000 F2400.00000
G1 F4800.000
G1 X190.025 Y180.055 E10.03141
G1 X190.025 Y179.468 E10.06283
G1 X189.111 Y180.381 E10.13189
G1 E2.13189 F2400.00000
G92 E0
G1 X150.439 Y181.872 F7800.000
G1 E10.00000 F2400.00000
G1 F2400.000
G1 X138.485 Y181.872 E10.57307
G1 X138.495 Y148.128 E12.19071
G1 X150.439 Y148.128 E12.76331
G1 X150.439 Y181.812 E14.37808
G1 X150.093 Y181.672 F7800.000
G1 X150.042 Y181.475 F7800.000
G1 F4800.000
G1 X138.882 Y181.475 E14.97467
G1 X138.892 Y148.525 E16.73614
G1 X150.041 Y148.525 E17.33221
G1 X150.042 Y181.415 E19.09047
G1 X149.623 Y181.056 F7800.000
G1 F4800.000
G1 X139.301 Y181.056 E19.64226
G1 X139.310 Y148.944 E21.35895
G1 X149.622 Y148.944 E21.91022
G1 X149.623 Y180.996 E23.62370
G1 X149.204 Y180.637 F7800.000
G1 F4800.000
G1 X139.720 Y180.637 E24.13070
G1 X139.729 Y149.363 E25.80260
G1 X149.203 Y149.363 E26.30908
G1 X149.204 Y180.577 E27.97778
G1 X147.644 Y180.381 F7800.000
G1 F4800.000
G1 X148.948 Y179.078 E28.07632
G1 X148.948 Y177.103 E28.18188
G1 X145.670 Y180.381 E28.42970
G1 X143.695 Y180.381 E28.53526
G1 X148.948 Y175.129 E28.93236
G1 X148.947 Y173.154 E29.03792
G1 X141.721 Y180.381 E29.58430
G1 X139.976 Y180.381 E29.67754
G1 X139.976 Y180.151 E29.68986
G1 X148.947 Y171.180 E30.36809
G1 X148.947 Y169.205 E30.47365
G1 X139.977 Y178.175 E31.15182
G1 X139.977 Y176.200 E31.25741
G1 X148.947 Y167.231 E31.93554
G1 X148.947 Y165.256 E32.04109
G1 X139.978 Y174.225 E32.71916
G1 X139.979 Y172.250 E32.82475
G1 X148.947 Y163.282 E33.50276
G1 X148.946 Y161.307 E33.60832
G1 X139.979 Y170.275 E34.28628
G1 X139.980 Y168.299 E34.39187
G1 X148.946 Y159.333 E35.06978
G1 X148.946 Y157.358 E35.17533
G1 X139.980 Y166.324 E35.85318
G1 X139.981 Y164.349 E35.95877
G1 X148.946 Y155.384 E36.63657
G1 X148.946 Y153.410 E36.74213
G1 X139.981 Y162.374 E37.41987
G1 X139.982 Y160.399 E37.52546
G1 X148.946 Y151.435 E38.20316
G1 X148.947 Y149.619 E38.30024
G1 X148.787 Y149.619 E38.30878
G1 X139.983 Y158.424 E38.97444
G1 X139.983 Y156.448 E39.08003
G1 X146.813 Y149.619 E39.59636
G1 X144.838 Y149.619 E39.70193
G1 X139.984 Y154.473 E40.06892
G1 X139.984 Y152.498 E40.17452
G1 X142.863 Y149.619 E40.39219
G1 X140.889 Y149.619 E40.49775
G1 X139.985 Y150.523 E40.56608
G1 X139.985 Y149.945 E40.59699
G1 X140.563 Y149.945 E40.62788
M106 S216.75
G1 Z3.050 F7800.000
G1 E32.62788 F2400.00000
G92 E0
G1 X179.498 Y181.872 F7800.000
G1 E10.00000 F2400.00000
G1 F2400.000
G1 X179.498 Y148.128 E11.61765
G1 X191.478 Y148.128 E12.19196
G1 X191.480 Y181.872 E13.80961
G1 X179.558 Y181.872 E14.38113
G1 X179.576 Y181.480 F7800.000
G1 X179.895 Y181.475 F7800.000
G1 F4800.000
G1 X179.895 Y148.525 E16.14260
G1 X191.081 Y148.525 E16.74059
G1 X191.083 Y181.475 E18.50207
G1 X179.955 Y181.475 E19.09694
G1 X180.314 Y181.056 F7800.000
G1 F4800.000
G1 X180.314 Y148.944 E20.81363
G1 X190.662 Y148.944 E21.36684
G1 X190.664 Y181.056 E23.08353
G1 X180.374 Y181.056 E23.63362
G1 X180.733 Y180.637 F7800.000
G1 F4800.000
G1 X180.733 Y149.363 E25.30553
G1 X190.244 Y149.363 E25.81396
G1 X190.245 Y180.637 E27.48586
G1 X180.793 Y180.637 E27.99117
G1 X181.315 Y179.340 F7800.000
G1 F4800.000
G1 X181.315 Y180.381 E28.04681
G1 X182.356 Y180.381 E28.10245
G1 X180.989 Y179.014 E28.20577
G1 X180.989 Y177.040 E28.31133
G1 X184.330 Y180.381 E28.56394
G1 X186.305 Y180.381 E28.66950
G1 X180.989 Y175.065 E29.07140
G1 X180.989 Y173.091 E29.17696
G1 X188.279 Y180.381 E29.72814
G1 X189.989 Y180.381 E29.81955
G1 X189.989 Y180.116 E29.83370
G1 X180.989 Y171.116 E30.51416
G1 X180.989 Y169.141 E30.61973
G1 X189.990 Y178.142 E31.30022
G1 X189.990 Y176.168 E31.40576
G1 X180.989 Y167.167 E32.08628
G1 X180.989 Y165.192 E32.19184
G1 X189.991 Y174.194 E32.87240
G1 X189.991 Y172.220 E32.97794
G1 X180.989 Y163.218 E33.65853
G1 X180.989 Y161.243 E33.76409
G1 X189.992 Y170.245 E34.44471
G1 X189.992 Y168.271 E34.55025
G1 X180.989 Y159.268 E35.23089
G1 X180.989 Y157.294 E35.33646
G1 X189.992 Y166.297 E36.01714
G1 X189.993 Y164.323 E36.12268
G1 X180.989 Y155.319 E36.80339
G1 X180.989 Y153.344 E36.90895
G1 X189.992 Y162.348 E37.58963
G1 X189.992 Y160.372 E37.69523
G1 X180.989 Y151.370 E38.37585
G1 X180.989 Y149.619 E38.46945
G1 X181.213 Y149.619 E38.48141
G1 X189.991 Y158.397 E39.14506
G1 X189.990 Y156.422 E39.25066
G1 X183.187 Y149.619 E39.76497
G1 X185.162 Y149.619 E39.87054
G1 X189.989 Y154.446 E40.23551
G1 X189.989 Y152.471 E40.34111
G1 X187.137 Y149.619 E40.55673
G1 X189.111 Y149.619 E40.66230
G1 X189.988 Y150.496 E40.72858
G1 E32.72858 F2400.00000
G92 E0
G1 X150.502 Y181.872 F7800.000
G1 E10.00000 F2400.00000
G1 F2400.000
G1 X138.520 Y181.872 E10.57439
G1 X138.522 Y148.128 E12.19204
G1 X150.502 Y148.128 E12.76634
G1 X150.502 Y181.812 E14.38111
G1 X150.155 Y181.672 F7800.000
G1 X150.105 Y181.475 F7800.000
G1 F4800.000
G1 X138.917 Y181.475 E14.97918
G1 X138.919 Y148.525 E16.74065
G1 X150.104 Y148.525 E17.33862
G1 X150.104 Y181.415 E19.09688
G1 X149.686 Y181.056 F7800.000
G1 F4800.000
G1 X139.336 Y181.056 E19.65016
G1 X139.338 Y148.944 E21.36684
G1 X149.685 Y148.944 E21.92001
G1 X149.686 Y180.996 E23.63349
G1 X149.267 Y180.637 F7800.000
G1 F4800.000
G1 X139.755 Y180.637 E24.14197
G1 X139.757 Y149.363 E25.81387
G1 X149.266 Y149.363 E26.32223
G1 X149.267 Y180.577 E27.99093
G1 E19.99093 F2400.00000
G92 E0
G1 X140.337 Y179.829 F7800.000
G1 E10.00000 F2400.00000
G1 F4800.000
G1 X140.337 Y180.381 E10.02950
G1 X140.889 Y180.381 E10.05900
G1 X140.011 Y179.503 E10.12535
G1 X140.011 Y177.529 E10.23091
G1 X142.863 Y180.381 E10.44654
G1 X144.838 Y180.381 E10.55210
G1 X140.011 Y175.554 E10.91701
G1 X140.011 Y173.580 E11.02257
G1 X146.813 Y180.381 E11.53676
G1 X148.787 Y180.381 E11.64232
G1 X140.012 Y171.605 E12.30579
G1 X140.012 Y169.631 E12.41135
G1 X149.010 Y178.629 E13.09166
G1 X149.010 Y176.654 E13.19725
G1 X140.012 Y167.656 E13.87752
G1 X140.012 Y165.682 E13.98307
G1 X149.009 Y174.679 E14.66330
G1 X149.009 Y172.704 E14.76889
G1 X140.012 Y163.707 E15.44907
G1 X140.012 Y161.733 E15.55463
G1 X149.008 Y170.729 E16.23477
G1 X149.008 Y168.754 E16.34036
G1 X140.012 Y159.758 E17.02046
G1 X140.012 Y157.784 E17.12601
G1 X149.007 Y166.779 E17.80607
G1 X149.007 Y164.804 E17.91166
G1 X140.012 Y155.809 E18.59167
G1 X140.013 Y153.835 E18.69723
G1 X149.006 Y162.829 E19.37719
G1 X149.006 Y160.854 E19.48278
G1 X140.013 Y151.860 E20.16271
G1 X140.013 Y149.886 E20.26827
G1 X149.005 Y158.879 E20.94815
G1 X149.006 Y156.904 E21.05369
G1 X141.721 Y149.619 E21.60449
G1 X143.695 Y149.619 E21.71005
G1 X149.007 Y154.931 E22.11164
G1 X149.008 Y152.957 E22.21714
G1 X145.670 Y149.619 E22.46953
G1 X147.644 Y149.619 E22.57510
G1 X149.009 Y150.984 E22.67829
G1 Z3.350 F7800.000
G1 E14.67829 F2400.00000
G92 E0
G1 X179.435 Y181.872 F7800.000
G1 E10.00000 F2400.00000
G1 F2400.000
G1 X179.435 Y148.128 E11.61765
G1 X191.451 Y148.128 E12.19367
G1 X191.445 Y181.872 E13.81132
G1 X179.495 Y181.872 E14.38416
G1 X179.483 Y181.475 F7800.000
G1 X179.832 Y181.475 F7800.000
G1 F4800.000
G1 X179.832 Y148.525 E16.14564
G1 X191.054 Y148.525 E16.74553
G1 X191.048 Y181.475 E18.50701
G1 X179.892 Y181.475 E19.10336
G1 X180.251 Y181.056 F7800.000
G1 F4800.000
G1 X180.251 Y148.944 E20.82005
G1 X190.635 Y148.944 E21.37516
G1 X190.629 Y181.056 E23.09185
G1 X180.311 Y181.056 E23.64342
G1 X180.670 Y180.637 F7800.000
G1 F4800.000
G1 X180.670 Y149.363 E25.31533
G1 X190.216 Y149.363 E25.82566
G1 X190.210 Y180.637 E27.49757
G1 X180.730 Y180.637 E28.00435
G1 E20.00435 F2400.00000
G92 E0
G1 X189.111 Y180.381 F7800.000
G1 E10.00000 F2400.00000
G1 F4800.000
G1 X189.954 Y179.538 E10.06373
G1 X189.955 Y177.563 E10.16932
G1 X187.137 Y180.381 E10.38237
G1 X185.162 Y180.381 E10.48793
G1 X189.955 Y175.588 E10.85030
G1 X189.955 Y173.613 E10.95588
G1 X183.187 Y180.381 E11.46757
G1 X181.213 Y180.381 E11.57313
G1 X189.956 Y171.638 E12.23414
G1 X189.956 Y169.663 E12.33973
G1 X180.926 Y178.693 E13.02244
G1 X180.926 Y176.718 E13.12800
G1 X189.957 Y167.688 E13.81074
G1 X189.957 Y165.713 E13.91633
G1 X180.926 Y174.744 E14.59910
G1 X180.926 Y172.769 E14.70467
G1 X189.958 Y163.738 E15.38747
G1 X189.958 Y161.763 E15.49306
G1 X180.926 Y170.795 E16.17589
G1 X180.926 Y168.820 E16.28146
G1 X189.958 Y159.788 E16.96433
G1 X189.959 Y157.813 E17.06991
G1 X180.926 Y166.845 E17.75281
G1 X180.926 Y164.871 E17.85837
G1 X189.959 Y155.838 E18.54131
G1 X189.960 Y153.863 E18.64689
G1 X180.926 Y162.896 E19.32985
G1 X180.926 Y160.922 E19.43542
G1 X189.960 Y151.888 E20.11841
G1 X189.960 Y149.913 E20.22399
G1 X180.926 Y158.947 E20.90702
G1 X180.926 Y156.972 E21.01258
G1 X188.279 Y149.619 E21.56852
G1 X186.305 Y149.619 E21.67409
G1 X180.926 Y154.998 E22.08074
G1 X180.926 Y153.023 E22.18630
G1 X184.330 Y149.619 E22.44366
G1 X182.356 Y149.619 E22.54922
G1 X180.926 Y151.048 E22.65730
G1 X180.926 Y149.945 E22.71630
G1 X182.030 Y149.945 E22.77530
G1 E14.77530 F2400.00000
G92 E0
G1 X150.565 Y181.872 F7800.000
G1 E10.00000 F2400.00000
G1 F2400.000
G1 X138.555 Y181.872 E10.57572
G1 X138.549 Y148.128 E12.19336
G1 X150.565 Y148.128 E12.76937
G1 X150.565 Y181.812 E14.38414
G1 X150.218 Y181.672 F7800.000
G1 X150.167 Y181.475 F7800.000
G1 F4800.000
G1 X138.952 Y181.475 E14.98369
G1 X138.946 Y148.525 E16.74516
G1 X150.167 Y148.525 E17.34502
G1 X150.167 Y181.415 E19.10329
G1 X149.748 Y181.056 F7800.000
G1 F4800.000
G1 X139.371 Y181.056 E19.65804
G1 X139.365 Y148.944 E21.37473
G1 X149.748 Y148.944 E21.92978
G1 X149.748 Y180.996 E23.64326
G1 X149.329 Y180.637 F7800.000
G1 F4800.000
G1 X139.790 Y180.637 E24.15322
G1 X139.784 Y149.363 E25.82512
G1 X149.329 Y149.363 E26.33537
G1 X149.329 Y180.577 E28.00407
G1 X147.644 Y180.381 F7800.000
G1 F4800.000
G1 X149.072 Y178.953 E28.11203
G1 X149.071 Y176.979 E28.21754
G1 X145.670 Y180.381 E28.47471
G1 X143.695 Y180.381 E28.58028
G1 X149.070 Y175.006 E28.98667
G1 X149.069 Y173.032 E29.09218
G1 X141.721 Y180.381 E29.64778
G1 X140.046 Y180.381 E29.73731
G1 X140.046 Y180.081 E29.75334
G1 X149.068 Y171.058 E30.43548
G1 X149.067 Y169.085 E30.54099
G1 X140.046 Y178.107 E31.22308
G1 X140.045 Y176.133 E31.32863
G1 X149.066 Y167.111 E32.01067
G1 X149.066 Y165.138 E32.11618
G1 X140.045 Y174.158 E32.79818
G1 X140.044 Y172.184 E32.90372
G1 X149.065 Y163.164 E33.58570
G1 X149.066 Y161.188 E33.69132
G1 X140.044 Y170.210 E34.37341
G1 X140.044 Y168.235 E34.47895
G1 X149.067 Y159.212 E35.16116
G1 X149.068 Y157.236 E35.26678
G1 X140.043 Y166.261 E35.94910
G1 X140.043 Y164.287 E36.05464
G1 X149.069 Y155.261 E36.73708
G1 X149.071 Y153.285 E36.84270
G1 X140.043 Y162.313 E37.52525
G1 X140.042 Y160.338 E37.63079
G1 X149.072 Y151.309 E38.31345
G1 X149.073 Y149.619 E38.40380
G1 X148.787 Y149.619 E38.41907
G1 X140.042 Y158.364 E39.08024
G1 X140.042 Y156.390 E39.18578
G1 X146.813 Y149.619 E39.69769
G1 X144.838 Y149.619 E39.80326
G1 X140.041 Y154.416 E40.16591
G1 X140.041 Y152.441 E40.27145
G1 X142.863 Y149.619 E40.48484
G1 X140.889 Y149.619 E40.59040
G1 X140.041 Y150.467 E40.65453
G1 X140.040 Y149.945 E40.68246
G1 X140.563 Y149.945 E40.71039
G1 Z3.650 F7800.000
G1 E32.71039 F2400.00000
G92 E0
G1 X179.372 Y181.872 F7800.000
G1 E10.00000 F2400.00000
G1 F2400.000
G1 X179.372 Y148.128 E11.61765
G1 X191.408 Y148.128 E12.19461
G1 X191.409 Y181.872 E13.81225
G1 X179.432 Y181.872 E14.38642
G1 X179.455 Y181.481 F7800.000
G1 X179.770 Y181.475 F7800.000
G1 F4800.000
G1 X179.770 Y148.525 E16.14790
G1 X191.010 Y148.525 E16.74884
G1 X191.012 Y181.475 E18.51032
G1 X179.830 Y181.475 E19.10814
G1 X180.188 Y181.056 F7800.000
G1 F4800.000
G1 X180.188 Y148.944 E20.82483
G1 X190.592 Y148.944 E21.38099
G1 X190.593 Y181.056 E23.09768
G1 X180.248 Y181.056 E23.65073
G1 X180.607 Y180.637 F7800.000
G1 F4800.000
G1 X180.607 Y149.363 E25.32263
G1 X190.173 Y149.363 E25.83401
G1 X190.175 Y180.637 E27.50592
G1 X180.667 Y180.637 E28.01418
G1 X181.189 Y179.214 F7800.000
G1 F4800.000
G1 X181.189 Y180.381 E28.07655
G1 X182.356 Y180.381 E28.13891
G1 X180.863 Y178.889 E28.25174
G1 X180.863 Y176.914 E28.35731
G1 X184.330 Y180.381 E28.61942
G1 X186.305 Y180.381 E28.72499
G1 X180.863 Y174.939 E29.13639
G1 X180.863 Y172.965 E29.24196
G1 X188.279 Y180.381 E29.80265
G1 X189.919 Y180.381 E29.89029
G1 X189.919 Y180.046 E29.90821
G1 X180.863 Y170.990 E30.59285
G1 X180.863 Y169.016 E30.69841
G1 X189.919 Y178.072 E31.38308
G1 X189.920 Y176.097 E31.48863
G1 X180.863 Y167.041 E32.17333
G1 X180.863 Y165.066 E32.27889
G1 X189.920 Y174.123 E32.96363
G1 X189.921 Y172.149 E33.06917
G1 X180.863 Y163.092 E33.75393
G1 X180.863 Y161.117 E33.85950
G1 X189.921 Y170.175 E34.54429
G1 X189.921 Y168.201 E34.64983
G1 X180.863 Y159.142 E35.33466
G1 X180.863 Y157.168 E35.44023
G1 X189.922 Y166.226 E36.12509
G1 X189.922 Y164.252 E36.23066
G1 X180.863 Y155.193 E36.91551
G1 X180.863 Y153.219 E37.02107
G1 X189.921 Y162.276 E37.70588
G1 X189.920 Y160.301 E37.81147
G1 X180.863 Y151.244 E38.49623
G1 X180.863 Y149.619 E38.58311
G1 X181.213 Y149.619 E38.60179
G1 X189.920 Y158.326 E39.26008
G1 X189.919 Y156.351 E39.36567
G1 X183.187 Y149.619 E39.87462
G1 X185.162 Y149.619 E39.98018
G1 X189.919 Y154.376 E40.33979
G1 X189.918 Y152.400 E40.44539
G1 X187.137 Y149.619 E40.65567
G1 X189.111 Y149.619 E40.76123
G1 X189.917 Y150.425 E40.82217
G1 E32.82217 F2400.00000
G92 E0
G1 X150.628 Y181.872 F7800.000
G1 E10.00000 F2400.00000
G1 F2400.000
G1 X138.591 Y181.872 E10.57704
G1 X138.592 Y148.128 E12.19469
G1 X150.628 Y148.128 E12.77164
G1 X150.628 Y181.812 E14.38641
G1 X150.281 Y181.672 F7800.000
G1 X150.230 Y181.475 F7800.000
G1 F4800.000
G1 X138.988 Y181.475 E14.98744
G1 X138.990 Y148.525 E16.74891
G1 X150.230 Y148.525 E17.34983
G1 X150.230 Y181.415 E19.10809
G1 X149.811 Y181.056 F7800.000
G1 F4800.000
G1 X139.407 Y181.056 E19.66433
G1 X139.409 Y148.944 E21.38102
G1 X149.811 Y148.944 E21.93713
G1 X149.811 Y180.996 E23.65061
G1 X149.393 Y180.637 F7800.000
G1 F4800.000
G1 X139.826 Y180.637 E24.16206
G1 X139.827 Y149.363 E25.83396
G1 X149.392 Y149.363 E26.34528
G1 X149.393 Y180.577 E28.01397
G1 E20.01397 F2400.00000
G92 E0
G1 X140.407 Y179.900 F7800.000
G1 E10.00000 F2400.00000
G1 F4800.000
G1 X140.407 Y180.381 E10.02573
G1 X140.889 Y180.381 E10.05146
G1 X140.082 Y179.574 E10.11248
G1 X140.082 Y177.599 E10.21803
G1 X142.863 Y180.381 E10.42833
G1 X144.838 Y180.381 E10.53389
G1 X140.082 Y175.625 E10.89347
G1 X140.082 Y173.650 E10.99903
G1 X146.813 Y180.381 E11.50788
G1 X148.787 Y180.381 E11.61345
G1 X140.082 Y171.676 E12.27158
G1 X140.082 Y169.701 E12.37714
G1 X149.136 Y178.756 E13.06167
G1 X149.136 Y176.781 E13.16725
G1 X140.082 Y167.727 E13.85176
G1 X140.082 Y165.752 E13.95732
G1 X149.136 Y174.806 E14.64181
G1 X149.136 Y172.831 E14.74738
G1 X140.083 Y163.778 E15.43185
G1 X140.083 Y161.803 E15.53741
G1 X149.136 Y170.857 E16.22185
G1 X149.136 Y168.882 E16.32743
G1 X140.083 Y159.829 E17.01185
G1 X140.083 Y157.854 E17.11741
G1 X149.135 Y166.907 E17.80182
G1 X149.135 Y164.932 E17.90739
G1 X140.083 Y155.880 E18.59178
G1 X140.083 Y153.905 E18.69733
G1 X149.135 Y162.957 E19.38170
G1 X149.135 Y160.983 E19.48727
G1 X140.083 Y151.931 E20.17162
G1 X140.083 Y149.956 E20.27717
G1 X149.135 Y159.008 E20.96150
G1 X149.135 Y157.033 E21.06707
G1 X141.721 Y149.619 E21.62760
G1 X143.695 Y149.619 E21.73316
G1 X149.134 Y155.058 E22.14439
G1 X149.134 Y153.083 E22.24996
G1 X145.670 Y149.619 E22.51189
G1 X147.644 Y149.619 E22.61746
G1 X149.135 Y151.110 E22.73015
G1 Z3.950 F7800.000
G1 E14.73015 F2400.00000
G92 E0
G1 X179.290 Y181.872 F7800.000
G1 E10.00000 F2400.00000
G1 F2400.000
G1 X179.290 Y148.128 E11.61765
G1 X191.362 Y148.128 E12.19636
G1 X191.372 Y181.872 E13.81401
G1 X179.350 Y181.872 E14.39034
G1 X179.480 Y181.520 F7800.000
G1 X179.687 Y181.475 F7800.000
G1 F4800.000
G1 X179.687 Y148.525 E16.15182
G1 X190.965 Y148.525 E16.75472
G1 X190.975 Y181.475 E18.51619
G1 X179.747 Y181.475 E19.11643
G1 X180.106 Y181.056 F7800.000
G1 F4800.000
G1 X180.106 Y148.944 E20.83312
G1 X190.546 Y148.944 E21.39124
G1 X190.556 Y181.056 E23.10793
G1 X180.166 Y181.056 E23.66338
G1 X180.525 Y180.637 F7800.000
G1 F4800.000
G1 X180.525 Y149.363 E25.33528
G1 X190.127 Y149.363 E25.84862
G1 X190.137 Y180.637 E27.52053
G1 X180.585 Y180.637 E28.03119
G1 E20.03119 F2400.00000
G92 E0
G1 X189.111 Y180.381 F7800.000
G1 E10.00000 F2400.00000
G1 F4800.000
G1 X189.881 Y179.611 E10.05820
G1 X189.880 Y177.637 E10.16373
G1 X187.137 Y180.381 E10.37117
G1 X185.162 Y180.381 E10.47673
G1 X189.880 Y175.663 E10.83341
G1 X189.879 Y173.689 E10.93894
G1 X183.187 Y180.381 E11.44486
G1 X181.213 Y180.381 E11.55042
G1 X189.879 Y171.715 E12.20558
G1 X189.878 Y169.741 E12.31111
G1 X180.781 Y178.838 E12.99887
G1 X180.781 Y176.864 E13.10444
G1 X189.877 Y167.767 E13.79215
G1 X189.877 Y165.793 E13.89768
G1 X180.781 Y174.889 E14.58535
G1 X180.781 Y172.914 E14.69091
G1 X189.876 Y163.819 E15.37853
G1 X189.875 Y161.845 E15.48406
G1 X180.781 Y170.940 E16.17164
G1 X180.781 Y168.965 E16.27720
G1 X189.875 Y159.871 E16.96472
G1 X189.874 Y157.897 E17.07025
G1 X180.781 Y166.991 E17.75773
G1 X180.781 Y165.016 E17.86329
G1 X189.874 Y155.923 E18.55072
G1 X189.873 Y153.949 E18.65625
G1 X180.781 Y163.041 E19.34364
G1 X180.781 Y161.067 E19.44920
G1 X189.872 Y151.975 E20.13654
G1 X189.872 Y150.001 E20.24207
G1 X180.781 Y159.092 E20.92935
G1 X180.781 Y157.118 E21.03492
G1 X188.279 Y149.619 E21.60183
G1 X186.305 Y149.619 E21.70740
G1 X180.781 Y155.143 E22.12503
G1 X180.781 Y153.168 E22.23059
G1 X184.330 Y149.619 E22.49893
G1 X182.356 Y149.619 E22.60449
G1 X180.781 Y151.194 E22.72355
G1 X180.781 Y149.945 E22.79031
G1 X182.030 Y149.945 E22.85708
G1 E14.85708 F2400.00000
G92 E0
G1 X150.710 Y181.872 F7800.000
G1 E10.00000 F2400.00000
G1 F2400.000
G1 X138.628 Y181.872 E10.57920
G1 X138.638 Y148.128 E12.19685
G1 X150.710 Y148.128 E12.77556
G1 X150.710 Y181.812 E14.39033
G1 X150.364 Y181.672 F7800.000
G1 X150.313 Y181.475 F7800.000
G1 F4800.000
G1 X139.025 Y181.475 E14.99376
G1 X139.035 Y148.525 E16.75524
G1 X150.312 Y148.525 E17.35812
G1 X150.313 Y181.415 E19.11638
G1 X149.894 Y181.056 F7800.000
G1 F4800.000
G1 X139.444 Y181.056 E19.67502
G1 X139.454 Y148.944 E21.39171
G1 X149.893 Y148.944 E21.94979
G1 X149.894 Y180.996 E23.66327
G1 X149.475 Y180.637 F7800.000
G1 F4800.000
G1 X139.863 Y180.637 E24.17711
G1 X139.873 Y149.363 E25.84901
G1 X149.474 Y149.363 E26.36231
G1 X149.475 Y180.577 E28.03100
G1 X147.644 Y180.381 F7800.000
G1 F4800.000
G1 X149.219 Y178.807 E28.15004
G1 X149.219 Y176.832 E28.25559
G1 X145.670 Y180.381 E28.52390
G1 X143.695 Y180.381 E28.62946
G1 X149.218 Y174.858 E29.04704
G1 X149.218 Y172.883 E29.15259
G1 X141.721 Y180.381 E29.71945
G1 X140.119 Y180.381 E29.80505
G1 X140.119 Y180.008 E29.82502
G1 X149.218 Y170.909 E30.51291
G1 X149.218 Y168.934 E30.61846
G1 X140.120 Y178.032 E31.30630
G1 X140.121 Y176.057 E31.41189
G1 X149.218 Y166.960 E32.09967
G1 X149.218 Y164.986 E32.20522
G1 X140.121 Y174.082 E32.89294
G1 X140.122 Y172.107 E32.99853
G1 X149.217 Y163.011 E33.68619
G1 X149.217 Y161.037 E33.79174
G1 X140.122 Y170.131 E34.47934
G1 X140.123 Y168.156 E34.58494
G1 X149.217 Y159.062 E35.27248
G1 X149.217 Y157.088 E35.37803
G1 X140.124 Y166.181 E36.06551
G1 X140.124 Y164.206 E36.17111
G1 X149.217 Y155.113 E36.85853
G1 X149.217 Y153.139 E36.96409
G1 X140.125 Y162.231 E37.65145
G1 X140.125 Y160.255 E37.75705
G1 X149.217 Y151.164 E38.44441
G1 X149.218 Y149.619 E38.52699
G1 X148.787 Y149.619 E38.55002
G1 X140.126 Y158.280 E39.20484
G1 X140.127 Y156.305 E39.31043
G1 X146.813 Y149.619 E39.81592
G1 X144.838 Y149.619 E39.92148
G1 X140.127 Y154.330 E40.27763
G1 X140.128 Y152.355 E40.38323
G1 X142.863 Y149.619 E40.59005
G1 X140.889 Y149.619 E40.69561
G1 X140.128 Y150.379 E40.75310
G1 X140.129 Y149.945 E40.77633
G1 X140.563 Y149.945 E40.79955
G1 Z4.250 F7800.000
G1 E32.79955 F2400.00000
G92 E0
G1 X179.201 Y181.872 F7800.000
G1 E10.00000 F2400.00000
G1 F2400.000
G1 X179.201 Y148.128 E11.61765
G1 X191.316 Y148.128 E12.19846
G1 X191.323 Y181.872 E13.81610
G1 X179.261 Y181.872 E14.39434
G1 X179.313 Y181.488 F7800.000
G1 X179.598 Y181.475 F7800.000
G1 F4800.000
G1 X179.598 Y148.525 E16.15582
G1 X190.919 Y148.525 E16.76105
G1 X190.925 Y181.475 E18.52252
G1 X179.658 Y181.475 E19.12488
G1 X180.017 Y181.056 F7800.000
G1 F4800.000
G1 X180.017 Y148.944 E20.84157
G1 X190.500 Y148.944 E21.40203
G1 X190.507 Y181.056 E23.11872
G1 X180.077 Y181.056 E23.67629
G1 X180.436 Y180.637 F7800.000
G1 F4800.000
G1 X180.436 Y149.363 E25.34819
G1 X190.082 Y149.363 E25.86387
G1 X190.088 Y180.637 E27.53577
G1 X180.496 Y180.637 E28.04856
G1 X181.017 Y179.043 F7800.000
G1 F4800.000
G1 X181.017 Y180.381 E28.12010
G1 X182.356 Y180.381 E28.19164
G1 X180.692 Y178.717 E28.31745
G1 X180.692 Y176.742 E28.42301
G1 X184.330 Y180.381 E28.69810
G1 X186.305 Y180.381 E28.80367
G1 X180.692 Y174.768 E29.22805
G1 X180.692 Y172.793 E29.33361
G1 X188.279 Y180.381 E29.90728
G1 X189.832 Y180.381 E29.99027
G1 X189.832 Y179.959 E30.01284
G1 X180.692 Y170.819 E30.70388
G1 X180.692 Y168.844 E30.80944
G1 X189.832 Y177.984 E31.50049
G1 X189.832 Y176.010 E31.60604
G1 X180.692 Y166.869 E32.29711
G1 X180.692 Y164.895 E32.40267
G1 X189.832 Y174.036 E33.09375
G1 X189.833 Y172.061 E33.19930
G1 X180.692 Y162.920 E33.89040
G1 X180.692 Y160.945 E33.99596
G1 X189.832 Y170.086 E34.68702
G1 X189.832 Y168.111 E34.79262
G1 X180.692 Y158.971 E35.48363
G1 X180.692 Y156.996 E35.58920
G1 X189.831 Y166.136 E36.28017
G1 X189.830 Y164.160 E36.38576
G1 X180.692 Y155.022 E37.07668
G1 X180.692 Y153.047 E37.18225
G1 X189.830 Y162.185 E37.87312
G1 X189.829 Y160.210 E37.97872
G1 X180.692 Y151.072 E38.66954
G1 X180.692 Y149.619 E38.74724
G1 X181.213 Y149.619 E38.77511
G1 X189.828 Y158.235 E39.42648
G1 X189.828 Y156.259 E39.53208
G1 X183.187 Y149.619 E40.03412
G1 X185.162 Y149.619 E40.13968
G1 X189.827 Y154.284 E40.49239
G1 X189.827 Y152.309 E40.59799
G1 X187.137 Y149.619 E40.80136
G1 X189.111 Y149.619 E40.90692
G1 X189.826 Y150.334 E40.96095
G1 E32.96095 F2400.00000
G92 E0
G1 X150.799 Y181.872 F7800.000
G1 E10.00000 F2400.00000
G1 F2400.000
G1 X138.677 Y181.872 E10.58111
G1 X138.684 Y148.128 E12.19876
G1 X150.799 Y148.128 E12.77956
G1 X150.799 Y181.812 E14.39433
G1 X150.453 Y181.672 F7800.000
G1 X150.402 Y181.475 F7800.000
G1 F4800.000
G1 X139.075 Y181.475 E14.99988
G1 X139.081 Y148.525 E16.76135
G1 X150.402 Y148.525 E17.36656
G1 X150.402 Y181.415 E19.12483
G1 X149.983 Y181.056 F7800.000
G1 F4800.000
G1 X139.494 Y181.056 E19.68558
G1 X139.500 Y148.944 E21.40227
G1 X149.983 Y148.944 E21.96269
G1 X149.983 Y180.996 E23.67617
G1 X149.564 Y180.637 F7800.000
G1 F4800.000
G1 X139.913 Y180.637 E24.19213
G1 X139.918 Y149.363 E25.86403
G1 X149.563 Y149.363 E26.37965
G1 X149.564 Y180.577 E28.04834
G1 E20.04834 F2400.00000
G92 E0
G1 X140.495 Y179.987 F7800.000
G1 E10.00000 F2400.00000
G1 F4800.000
G1 X140.494 Y180.381 E10.02107
G1 X140.889 Y180.381 E10.04215
G1 X140.169 Y179.661 E10.09658
G1 X140.169 Y177.687 E10.20213
G1 X142.863 Y180.381 E10.40582
G1 X144.838 Y180.381 E10.51138
G1 X140.169 Y175.713 E10.86434
G1 X140.170 Y173.738 E10.96988
G1 X146.813 Y180.381 E11.47210
G1 X148.787 Y180.381 E11.57766
G1 X140.170 Y171.764 E12.22913
G1 X140.171 Y169.790 E12.33468
G1 X149.307 Y178.927 E13.02546
G1 X149.307 Y176.952 E13.13105
G1 X140.171 Y167.816 E13.82176
G1 X140.171 Y165.841 E13.92731
G1 X149.306 Y174.976 E14.61796
G1 X149.306 Y173.001 E14.72355
G1 X140.172 Y163.867 E15.41413
G1 X140.172 Y161.893 E15.51967
G1 X149.305 Y171.026 E16.21018
G1 X149.305 Y169.051 E16.31577
G1 X140.172 Y159.919 E17.00622
G1 X140.173 Y157.944 E17.11176
G1 X149.304 Y167.076 E17.80214
G1 X149.304 Y165.101 E17.90773
G1 X140.173 Y155.970 E18.59805
G1 X140.174 Y153.996 E18.70359
G1 X149.303 Y163.126 E19.39384
G1 X149.303 Y161.151 E19.49943
G1 X140.174 Y152.022 E20.18961
G1 X140.174 Y150.047 E20.29515
G1 X149.302 Y159.175 E20.98526
G1 X149.303 Y157.201 E21.09079
G1 X141.721 Y149.619 E21.66405
G1 X143.695 Y149.619 E21.76961
G1 X149.304 Y155.228 E22.19367
G1 X149.305 Y153.255 E22.29917
G1 X145.670 Y149.619 E22.57403
G1 X147.644 Y149.619 E22.67960
G1 X149.306 Y151.281 E22.80526
G1 Z4.550 F7800.000
G1 E14.80526 F2400.00000
G92 E0
G1 X179.111 Y181.872 F7800.000
G1 E10.00000 F2400.00000
G1 F2400.000
G1 X179.111 Y148.128 E11.61765
G1 X191.271 Y148.128 E12.20055
G1 X191.273 Y181.872 E13.81820
G1 X179.171 Y181.872 E14.39834
G1 X179.184 Y181.479 F7800.000
G1 X179.509 Y181.475 F7800.000
G1 F4800.000
G1 X179.509 Y148.525 E16.15981
G1 X190.874 Y148.525 E16.76738
G1 X190.876 Y181.475 E18.52885
G1 X179.569 Y181.475 E19.13334
G1 X179.927 Y181.056 F7800.000
G1 F4800.000
G1 X179.927 Y148.944 E20.85003
G1 X190.455 Y148.944 E21.41282
G1 X190.457 Y181.056 E23.12950
G1 X179.987 Y181.056 E23.68920
G1 X180.346 Y180.637 F7800.000
G1 F4800.000
G1 X180.346 Y149.363 E25.36111
G1 X190.036 Y149.363 E25.87912
G1 X190.038 Y180.637 E27.55102
G1 X180.406 Y180.637 E28.06593
G1 E20.06593 F2400.00000
G92 E0
G1 X189.111 Y180.381 F7800.000
G1 E10.00000 F2400.00000
G1 F4800.000
G1 X189.782 Y179.710 E10.05073
G1 X189.782 Y177.735 E10.15631
G1 X187.137 Y180.381 E10.35634
G1 X185.162 Y180.381 E10.46190
G1 X189.783 Y175.760 E10.81124
G1 X189.783 Y173.786 E10.91681
G1 X183.187 Y180.381 E11.41545
G1 X181.213 Y180.381 E11.52101
G1 X189.783 Y171.811 E12.16896
G1 X189.783 Y169.836 E12.27453
G1 X180.602 Y179.017 E12.96864
G1 X180.602 Y177.042 E13.07420
G1 X189.783 Y167.861 E13.76833
G1 X189.784 Y165.886 E13.87390
G1 X180.602 Y175.068 E14.56804
G1 X180.602 Y173.093 E14.67360
G1 X189.784 Y163.912 E15.36776
G1 X189.784 Y161.937 E15.47333
G1 X180.602 Y171.118 E16.16750
G1 X180.602 Y169.144 E16.27306
G1 X189.783 Y159.963 E16.96719
G1 X189.783 Y157.989 E17.07272
G1 X180.602 Y167.169 E17.76680
G1 X180.602 Y165.195 E17.87237
G1 X189.782 Y156.015 E18.56640
G1 X189.782 Y154.041 E18.67193
G1 X180.602 Y163.220 E19.36591
G1 X180.602 Y161.245 E19.47148
G1 X189.781 Y152.067 E20.16542
G1 X189.780 Y150.093 E20.27095
G1 X180.602 Y159.271 E20.96484
G1 X180.602 Y157.296 E21.07040
G1 X188.279 Y149.619 E21.65082
G1 X186.305 Y149.619 E21.75639
G1 X180.602 Y155.322 E22.18752
G1 X180.602 Y153.347 E22.29308
G1 X184.330 Y149.619 E22.57493
G1 X182.356 Y149.619 E22.68049
G1 X180.602 Y151.372 E22.81305
G1 X180.602 Y149.945 E22.88936
G1 X182.030 Y149.945 E22.96568
G1 E14.96568 F2400.00000
G92 E0
G1 X150.889 Y181.872 F7800.000
G1 E10.00000 F2400.00000
G1 F2400.000
G1 X138.727 Y181.872 E10.58301
G1 X138.729 Y148.128 E12.20066
G1 X150.889 Y148.128 E12.78355
G1 X150.888 Y181.812 E14.39832
G1 X150.542 Y181.672 F7800.000
G1 X150.491 Y181.475 F7800.000
G1 F4800.000
G1 X139.124 Y181.475 E15.00599
G1 X139.127 Y148.525 E16.76747
G1 X150.491 Y148.525 E17.37500
G1 X150.491 Y181.415 E19.13327
G1 X150.072 Y181.056 F7800.000
G1 F4800.000
G1 X139.543 Y181.056 E19.69614
G1 X139.545 Y148.944 E21.41283
G1 X150.072 Y148.944 E21.97557
G1 X150.072 Y180.996 E23.68905
G1 X149.653 Y180.637 F7800.000
G1 F4800.000
G1 X139.962 Y180.637 E24.20712
G1 X139.964 Y149.363 E25.87902
G1 X149.653 Y149.363 E26.39697
G1 X149.653 Y180.577 E28.06566
G1 X147.644 Y180.381 F7800.000
G1 F4800.000
G1 X149.396 Y178.630 E28.19808
G1 X149.395 Y176.656 E28.30358
G1 X145.670 Y180.381 E28.58521
G1 X143.695 Y180.381 E28.69077
G1 X149.394 Y174.682 E29.12160
G1 X149.393 Y172.709 E29.22711
G1 X141.721 Y180.381 E29.80715
G1 X140.218 Y180.381 E29.88747
G1 X140.218 Y179.909 E29.91271
G1 X149.391 Y170.735 E30.60625
G1 X149.390 Y168.762 E30.71176
G1 X140.218 Y177.934 E31.40521
G1 X140.218 Y175.959 E31.51078
G1 X149.389 Y166.788 E32.20413
G1 X149.388 Y164.815 E32.30964
G1 X140.219 Y173.985 E33.00290
G1 X140.219 Y172.010 E33.10847
G1 X149.389 Y162.840 E33.80176
G1 X149.390 Y160.864 E33.90739
G1 X140.219 Y170.035 E34.60076
G1 X140.219 Y168.060 E34.70633
G1 X149.391 Y158.888 E35.39977
G1 X149.392 Y156.912 E35.50540
G1 X140.219 Y166.086 E36.19892
G1 X140.219 Y164.111 E36.30449
G1 X149.393 Y154.937 E36.99809
G1 X149.395 Y152.961 E37.10372
G1 X140.219 Y162.136 E37.79740
G1 X140.220 Y160.161 E37.90297
G1 X149.396 Y150.985 E38.59672
G1 X149.397 Y149.619 E38.66975
G1 X148.787 Y149.619 E38.70233
G1 X140.220 Y158.187 E39.35007
G1 X140.220 Y156.212 E39.45564
G1 X146.813 Y149.619 E39.95408
G1 X144.838 Y149.619 E40.05964
G1 X140.220 Y154.237 E40.40878
G1 X140.220 Y152.262 E40.51435
G1 X142.863 Y149.619 E40.71419
G1 X140.889 Y149.619 E40.81975
G1 X140.220 Y150.287 E40.87029
G1 X140.220 Y149.945 E40.88861
G1 X140.563 Y149.945 E40.90693
M106 S170.85
G1 Z4.850 F7800.000
G1 E32.90693 F2400.00000
G92 E0
G1 X179.022 Y181.872 F7800.000
G1 E10.00000 F2400.00000
G1 F2400.000
G1 X179.022 Y148.128 E11.61765
G1 X191.225 Y148.128 E12.20264
G1 X191.223 Y181.872 E13.82029
G1 X179.082 Y181.872 E14.40233
G1 X179.074 Y181.475 F7800.000
G1 X179.419 Y181.475 F7800.000
G1 F4800.000
G1 X179.419 Y148.525 E16.16381
G1 X190.828 Y148.525 E16.77371
G1 X190.826 Y181.475 E18.53519
G1 X179.479 Y181.475 E19.14179
G1 X179.838 Y181.056 F7800.000
G1 F4800.000
G1 X179.838 Y148.944 E20.85848
G1 X190.409 Y148.944 E21.42360
G1 X190.407 Y181.056 E23.14029
G1 X179.898 Y181.056 E23.70212
G1 X180.257 Y180.637 F7800.000
G1 F4800.000
G1 X180.257 Y149.363 E25.37402
G1 X189.990 Y149.363 E25.89436
G1 X189.989 Y180.637 E27.56626
G1 X180.317 Y180.637 E28.08330
G1 X180.839 Y180.381 F7800.000
G1 F3600.000
G1 X180.513 Y180.055 E28.10821
G1 X180.513 Y179.456 E28.14061
G1 X181.438 Y180.381 E28.21134
G1 X182.037 Y180.381 E28.24374
G1 X180.513 Y178.857 E28.36028
G1 X180.513 Y178.258 E28.39267
G1 X182.636 Y180.381 E28.55503
G1 X183.235 Y180.381 E28.58742
G1 X180.513 Y177.659 E28.79558
G1 X180.513 Y177.059 E28.82797
G1 X183.835 Y180.381 E29.08194
G1 X184.434 Y180.381 E29.11433
G1 X180.513 Y176.460 E29.41411
G1 X180.513 Y175.861 E29.44651
G1 X185.033 Y180.381 E29.79209
G1 X185.632 Y180.381 E29.82449
G1 X180.513 Y175.262 E30.21588
G1 X180.513 Y174.663 E30.24827
G1 X186.231 Y180.381 E30.68548
G1 X186.830 Y180.381 E30.71787
G1 X180.513 Y174.064 E31.20088
G1 X180.513 Y173.465 E31.23328
G1 X187.429 Y180.381 E31.76210
G1 X188.028 Y180.381 E31.79449
G1 X180.513 Y172.866 E32.36912
G1 X180.513 Y172.267 E32.40151
G1 X188.627 Y180.381 E33.02195
G1 X189.227 Y180.381 E33.05434
G1 X180.513 Y171.668 E33.72059
G1 X180.513 Y171.068 E33.75298
G1 X189.683 Y180.238 E34.45413
G1 X189.683 Y179.639 E34.48652
G1 X180.513 Y170.469 E35.18766
G1 X180.513 Y169.870 E35.22006
G1 X189.688 Y179.045 E35.92161
G1 X189.733 Y179.045 E35.92402
G1 X189.733 Y178.491 E35.95400
G1 X180.513 Y169.271 E36.65896
G1 X180.513 Y168.672 E36.69135
G1 X189.733 Y177.892 E37.39632
G1 X189.733 Y177.293 E37.42871
G1 X180.513 Y168.073 E38.13368
G1 X180.513 Y167.474 E38.16607
G1 X189.733 Y176.694 E38.87105
G1 X189.733 Y176.095 E38.90344
G1 X180.513 Y166.875 E39.60842
G1 X180.513 Y166.276 E39.64081
G1 X189.733 Y175.496 E40.34580
G1 X189.733 Y174.897 E40.37819
G1 X180.513 Y165.676 E41.08318
G1 X180.513 Y165.077 E41.11557
G1 X189.733 Y174.298 E41.82057
G1 X189.733 Y173.699 E41.85296
G1 X180.513 Y164.478 E42.55796
G1 X180.513 Y163.879 E42.59035
G1 X189.733 Y173.100 E43.29535
G1 X189.733 Y172.500 E43.32774
G1 X180.513 Y163.280 E44.03275
G1 X180.513 Y162.681 E44.06514
G1 X189.733 Y171.901 E44.77016
G1 X189.734 Y171.302 E44.80254
G1 X180.513 Y162.082 E45.50756
G1 X180.513 Y161.483 E45.53995
G1 X189.734 Y170.703 E46.24498
G1 X189.734 Y170.104 E46.27736
G1 X180.513 Y160.884 E46.98239
G1 X180.513 Y160.285 E47.01478
G1 X189.734 Y169.505 E47.71981
G1 X189.734 Y168.906 E47.75220
G1 X180.513 Y159.685 E48.45724
G1 X180.513 Y159.086 E48.48963
G1 X189.734 Y168.307 E49.19467
G1 X189.734 Y167.708 E49.22706
G1 X180.513 Y158.487 E49.93210
G1 X180.513 Y157.888 E49.96449
G1 X189.734 Y167.109 E50.66954
G1 X189.734 Y166.510 E50.70193
G1 X180.513 Y157.289 E51.40699
G1 X180.513 Y156.690 E51.43938
G1 X189.734 Y165.911 E52.14444
G1 X189.734 Y165.312 E52.17682
G1 X180.513 Y156.091 E52.88189
G1 X180.513 Y155.492 E52.91428
G1 X189.734 Y164.713 E53.61934
G1 X189.734 Y164.114 E53.65173
G1 X180.513 Y154.893 E54.35680
G1 X180.513 Y154.293 E54.38920
G1 X189.734 Y163.515 E55.09427
G1 X189.734 Y162.916 E55.12666
G1 X180.513 Y153.694 E55.83174
G1 X180.513 Y153.095 E55.86413
G1 X189.734 Y162.317 E56.56922
G1 X189.734 Y161.718 E56.60161
G1 X180.513 Y152.496 E57.30669
G1 X180.513 Y151.897 E57.33909
G1 X189.735 Y161.119 E58.04418
G1 X189.735 Y160.520 E58.07657
G1 X180.513 Y151.298 E58.78167
G1 X180.513 Y150.699 E58.81406
G1 X189.735 Y159.920 E59.51916
G1 X189.735 Y159.321 E59.55155
G1 X180.513 Y150.100 E60.25665
G1 X180.513 Y149.955 E60.26450
G1 X180.967 Y149.955 E60.28905
G1 X189.735 Y158.722 E60.95945
G1 X189.735 Y158.123 E60.99184
G1 X181.566 Y149.955 E61.61643
G1 X182.165 Y149.955 E61.64883
G1 X189.735 Y157.524 E62.22762
G1 X189.735 Y156.925 E62.26001
G1 X182.764 Y149.955 E62.79300
G1 X183.363 Y149.955 E62.82539
G1 X189.735 Y156.326 E63.31257
G1 X189.735 Y155.727 E63.34496
G1 X183.962 Y149.955 E63.78634
G1 X184.562 Y149.955 E63.81873
G1 X189.735 Y155.128 E64.21431
G1 X189.735 Y154.529 E64.24670
G1 X185.161 Y149.955 E64.59647
G1 X185.760 Y149.955 E64.62886
G1 X189.735 Y153.930 E64.93283
G1 X189.735 Y153.331 E64.96522
G1 X186.359 Y149.955 E65.22338
G1 X186.958 Y149.955 E65.25577
G1 X189.683 Y152.679 E65.46410
G1 X189.682 Y152.079 E65.49652
G1 X187.557 Y149.955 E65.65899
G1 X188.156 Y149.955 E65.69138
G1 X189.681 Y151.480 E65.80800
G1 X189.681 Y150.880 E65.84042
G1 X188.755 Y149.955 E65.91119
G1 X189.354 Y149.955 E65.94359
G1 X189.680 Y150.281 E65.96851
G1 E57.96851 F2400.00000
G92 E0
G1 X150.978 Y181.872 F7800.000
G1 E10.00000 F2400.00000
G1 F2400.000
G1 X138.777 Y181.872 E10.58492
G1 X138.775 Y148.128 E12.20257
G1 X150.978 Y148.128 E12.78755
G1 X150.978 Y181.812 E14.40232
G1 X150.632 Y181.672 F7800.000
G1 X150.581 Y181.475 F7800.000
G1 F4800.000
G1 X139.174 Y181.475 E15.01214
G1 X139.172 Y148.525 E16.77361
G1 X150.580 Y148.525 E17.38348
G1 X150.581 Y181.415 E19.14175
G1 X150.162 Y181.056 F7800.000
G1 F4800.000
G1 X139.593 Y181.056 E19.70678
G1 X139.591 Y148.944 E21.42347
G1 X150.161 Y148.944 E21.98853
G1 X150.162 Y180.996 E23.70202
G1 X149.743 Y180.637 F7800.000
G1 F4800.000
G1 X140.011 Y180.637 E24.22226
G1 X140.010 Y149.363 E25.89416
G1 X149.742 Y149.363 E26.41443
G1 X149.743 Y180.577 E28.08312
G1 E20.08312 F2400.00000
G92 E0
G1 X149.487 Y175.157 F7800.000
G1 E10.00000 F2400.00000
G1 F4800.000
G1 X148.850 Y174.520 E10.04814
G1 X146.875 Y174.520 E10.15370
G1 X149.487 Y177.131 E10.35113
G1 X149.487 Y179.106 E10.45670
G1 X144.901 Y174.520 E10.80342
G1 X142.926 Y174.520 E10.90898
G1 X148.787 Y180.381 E11.35210
G1 X146.813 Y180.381 E11.45766
G1 X140.952 Y174.520 E11.90078
G1 X140.267 Y174.520 E11.93736
G1 X140.267 Y175.810 E12.00634
G1 X144.838 Y180.381 E12.35190
G1 X142.863 Y180.381 E12.45747
G1 X140.267 Y177.785 E12.65374
G1 X140.267 Y179.760 E12.75930
G1 X140.889 Y180.381 E12.80628
G1 X140.593 Y180.381 E12.82208
G1 X140.593 Y180.086 E12.83788
G1 E4.83788 F2400.00000
G92 E0
G1 X140.644 Y174.427 F7800.000
G1 E10.00000 F2400.00000
G1 F3600.000
G1 X140.318 Y174.101 E10.02494
G1 X140.318 Y173.501 E10.05740
G1 X141.244 Y174.427 E10.12826
G1 X141.844 Y174.427 E10.16073
G1 X140.318 Y172.902 E10.27749
G1 X140.318 Y172.302 E10.30995
G1 X142.443 Y174.427 E10.47262
G1 X143.043 Y174.427 E10.50509
G1 X140.318 Y171.702 E10.71367
G1 X140.318 Y171.102 E10.74613
G1 X143.643 Y174.427 E11.00062
G1 X144.243 Y174.427 E11.03308
G1 X140.267 Y170.451 E11.33742
G1 X140.267 Y169.851 E11.36989
G1 X144.843 Y174.427 E11.72014
G1 X145.442 Y174.427 E11.75261
G1 X140.267 Y169.252 E12.14878
G1 X140.267 Y168.652 E12.18124
G1 X146.042 Y174.427 E12.62333
G1 X146.642 Y174.427 E12.65579
G1 X140.267 Y168.052 E13.14379
G1 X140.267 Y167.452 E13.17626
G1 X147.242 Y174.427 E13.71017
G1 X147.842 Y174.427 E13.74263
G1 X140.267 Y166.852 E14.32246
G1 X140.267 Y166.252 E14.35493
G1 X148.441 Y174.427 E14.98067
G1 X149.041 Y174.427 E15.01313
G1 X140.267 Y165.653 E15.68479
G1 X140.267 Y165.053 E15.71726
G1 X149.487 Y174.273 E16.42302
G1 X149.487 Y173.673 E16.45549
G1 X140.267 Y164.453 E17.16126
G1 X140.267 Y163.853 E17.19373
G1 X149.487 Y173.073 E17.89950
G1 X149.487 Y172.473 E17.93196
G1 X140.267 Y163.253 E18.63773
G1 X140.267 Y162.654 E18.67020
G1 X149.487 Y171.874 E19.37597
G1 X149.487 Y171.274 E19.40844
G1 X140.267 Y162.054 E20.11421
G1 X140.267 Y161.454 E20.14667
G1 X149.487 Y170.674 E20.85244
G1 X149.487 Y170.074 E20.88491
G1 X140.267 Y160.854 E21.59068
G1 X140.267 Y160.254 E21.62315
G1 X149.487 Y169.474 E22.32892
G1 X149.487 Y168.875 E22.36138
G1 X140.267 Y159.655 E23.06716
G1 X140.267 Y159.055 E23.09962
G1 X149.486 Y168.275 E23.80540
G1 X149.486 Y167.675 E23.83786
G1 X140.266 Y158.455 E24.54363
G1 X140.266 Y157.855 E24.57610
G1 X149.486 Y167.075 E25.28187
G1 X149.486 Y166.475 E25.31434
G1 X140.266 Y157.255 E26.02011
G1 X140.266 Y156.655 E26.05258
G1 X149.486 Y165.875 E26.75835
G1 X149.486 Y165.276 E26.79082
G1 X140.266 Y156.056 E27.49659
G1 X140.266 Y155.456 E27.52906
G1 X149.486 Y164.676 E28.23483
G1 X149.486 Y164.076 E28.26730
G1 X140.266 Y154.856 E28.97307
G1 X140.266 Y154.256 E29.00554
G1 X149.486 Y163.476 E29.71131
G1 X149.486 Y162.876 E29.74378
G1 X140.266 Y153.656 E30.44956
G1 X140.266 Y153.057 E30.48202
G1 X149.486 Y162.277 E31.18780
G1 X149.486 Y161.677 E31.22026
G1 X140.321 Y152.512 E31.92185
G1 X140.321 Y151.912 E31.95431
G1 X149.486 Y161.077 E32.65589
G1 X149.486 Y160.477 E32.68836
G1 X140.321 Y151.312 E33.38993
G1 X140.321 Y150.712 E33.42239
G1 X149.486 Y159.877 E34.12396
G1 X149.486 Y159.278 E34.15642
G1 X140.321 Y150.113 E34.85798
G1 X140.321 Y149.955 E34.86654
G1 X140.763 Y149.955 E34.89044
G1 X149.486 Y158.678 E35.55819
G1 X149.486 Y158.078 E35.59066
G1 X141.363 Y149.955 E36.21249
G1 X141.962 Y149.955 E36.24496
G1 X149.486 Y157.478 E36.82088
G1 X149.486 Y156.878 E36.85334
G1 X142.562 Y149.955 E37.38335
G1 X143.162 Y149.955 E37.41581
G1 X149.486 Y156.279 E37.89990
G1 X149.486 Y155.679 E37.93237
G1 X143.762 Y149.955 E38.37055
G1 X144.362 Y149.955 E38.40301
G1 X149.486 Y155.079 E38.79528
G1 X149.486 Y154.479 E38.82774
G1 X144.961 Y149.955 E39.17409
G1 X145.561 Y149.955 E39.20656
G1 X149.486 Y153.879 E39.50699
G1 X149.486 Y153.280 E39.53946
G1 X146.161 Y149.955 E39.79398
G1 X146.761 Y149.955 E39.82645
G1 X149.486 Y152.680 E40.03505
G1 X149.486 Y152.080 E40.06752
G1 X147.361 Y149.955 E40.23021
G1 X147.960 Y149.955 E40.26268
G1 X149.486 Y151.480 E40.37946
G1 X149.486 Y150.880 E40.41192
G1 X148.560 Y149.955 E40.48279
G1 X149.160 Y149.955 E40.51525
G1 X149.486 Y150.281 E40.54020
G1 E32.54020 F2400.00000
G92 E0
G1 X140.267 Y171.051 F7800.000
G1 E10.00000 F2400.00000
G1 F3600.000
G1 X140.643 Y171.427 E10.02878
M106 S168.3
G1 Z5.150 F7800.000
G1 E2.02878 F2400.00000
G92 E0
G1 X178.908 Y181.872 F7800.000
G1 E10.00000 F2400.00000
G1 F2400.000
G1 X178.908 Y148.128 E11.61765
G1 X191.170 Y148.128 E12.20544
G1 X191.174 Y181.872 E13.82309
G1 X178.968 Y181.872 E14.40822
G1 X178.961 Y181.476 F7800.000
G1 X179.305 Y181.475 F7800.000
G1 F4800.000
G1 X179.305 Y148.525 E16.16969
G1 X190.773 Y148.525 E16.78273
G1 X190.777 Y181.475 E18.54421
G1 X179.365 Y181.475 E19.15425
G1 X179.724 Y181.056 F7800.000
G1 F4800.000
G1 X179.724 Y148.944 E20.87093
G1 X190.354 Y148.944 E21.43921
G1 X190.358 Y181.056 E23.15590
G1 X179.784 Y181.056 E23.72115
G1 X180.143 Y180.637 F7800.000
G1 F4800.000
G1 X180.143 Y149.363 E25.39305
G1 X189.936 Y149.363 E25.91656
G1 X189.939 Y180.637 E27.58846
G1 X180.203 Y180.637 E28.10893
G1 E20.10893 F2400.00000
G92 E0
G1 X189.357 Y180.381 F7800.000
G1 E10.00000 F2400.00000
G1 F3600.000
G1 X189.683 Y180.055 E10.02483
G1 X189.683 Y179.458 E10.05698
G1 X188.760 Y180.381 E10.12728
G1 X188.163 Y180.381 E10.15943
G1 X189.683 Y178.861 E10.27520
G1 X189.683 Y178.264 E10.30735
G1 X187.566 Y180.381 E10.46858
G1 X186.969 Y180.381 E10.50073
G1 X189.683 Y177.668 E10.70744
G1 X189.683 Y177.071 E10.73959
G1 X186.373 Y180.381 E10.99176
G1 X185.776 Y180.381 E11.02391
G1 X189.683 Y176.474 E11.32155
G1 X189.683 Y175.877 E11.35370
G1 X185.179 Y180.381 E11.69681
G1 X184.582 Y180.381 E11.72896
G1 X189.683 Y175.280 E12.11754
G1 X189.683 Y174.683 E12.14969
G1 X183.985 Y180.381 E12.58374
G1 X183.388 Y180.381 E12.61589
G1 X189.683 Y174.086 E13.09540
G1 X189.683 Y173.489 E13.12755
G1 X182.791 Y180.381 E13.65253
G1 X182.194 Y180.381 E13.68469
G1 X189.683 Y172.893 E14.25514
G1 X189.683 Y172.296 E14.28729
G1 X181.598 Y180.381 E14.90321
G1 X181.001 Y180.381 E14.93536
G1 X189.683 Y171.699 E15.59674
G1 X189.683 Y171.102 E15.62890
G1 X180.399 Y180.381 E16.33593
G1 X180.399 Y179.789 E16.36783
G1 X189.683 Y170.505 E17.07504
G1 X189.683 Y169.908 E17.10719
G1 X180.399 Y179.192 E17.81440
G1 X180.399 Y178.595 E17.84655
G1 X189.683 Y169.311 E18.55376
G1 X189.683 Y168.714 E18.58591
G1 X180.399 Y177.998 E19.29312
G1 X180.399 Y177.401 E19.32527
G1 X189.683 Y168.118 E20.03248
G1 X189.683 Y167.521 E20.06463
G1 X180.399 Y176.804 E20.77184
G1 X180.399 Y176.208 E20.80399
G1 X189.683 Y166.924 E21.51120
G1 X189.683 Y166.327 E21.54335
G1 X180.399 Y175.611 E22.25056
G1 X180.399 Y175.014 E22.28271
G1 X189.683 Y165.730 E22.98992
G1 X189.683 Y165.133 E23.02207
G1 X180.399 Y174.417 E23.72928
G1 X180.399 Y173.820 E23.76143
G1 X189.683 Y164.536 E24.46864
G1 X189.683 Y163.939 E24.50079
G1 X180.399 Y173.223 E25.20800
G1 X180.399 Y172.626 E25.24015
G1 X189.683 Y163.343 E25.94736
G1 X189.683 Y162.746 E25.97951
G1 X180.399 Y172.029 E26.68672
G1 X180.399 Y171.433 E26.71887
G1 X189.683 Y162.149 E27.42608
G1 X189.683 Y161.552 E27.45824
G1 X180.399 Y170.836 E28.16544
G1 X180.399 Y170.239 E28.19760
G1 X189.683 Y160.955 E28.90481
G1 X189.683 Y160.358 E28.93696
G1 X180.399 Y169.642 E29.64417
G1 X180.399 Y169.045 E29.67632
G1 X189.683 Y159.761 E30.38353
G1 X189.683 Y159.164 E30.41568
G1 X180.399 Y168.448 E31.12289
G1 X180.399 Y167.851 E31.15504
G1 X189.683 Y158.568 E31.86225
G1 X189.683 Y157.971 E31.89440
G1 X180.399 Y167.254 E32.60161
G1 X180.399 Y166.658 E32.63376
G1 X189.683 Y157.374 E33.34097
G1 X189.683 Y156.777 E33.37312
G1 X180.399 Y166.061 E34.08033
G1 X180.399 Y165.464 E34.11248
G1 X189.683 Y156.180 E34.81969
G1 X189.683 Y155.583 E34.85184
G1 X180.399 Y164.867 E35.55905
G1 X180.399 Y164.270 E35.59120
G1 X189.683 Y154.986 E36.29841
G1 X189.683 Y154.389 E36.33056
G1 X180.399 Y163.673 E37.03777
G1 X180.399 Y163.076 E37.06992
G1 X189.683 Y153.792 E37.77713
G1 X189.683 Y153.196 E37.80928
G1 X180.399 Y162.479 E38.51649
G1 X180.399 Y161.882 E38.54864
G1 X189.683 Y152.599 E39.25584
G1 X189.682 Y152.003 E39.28797
G1 X180.399 Y161.286 E39.99512
G1 X180.399 Y160.689 E40.02728
G1 X189.682 Y151.406 E40.73439
G1 X189.681 Y150.810 E40.76652
G1 X180.399 Y160.092 E41.47359
G1 X180.399 Y159.495 E41.50574
G1 X189.681 Y150.213 E42.21278
G1 X189.678 Y149.619 E42.24481
G1 X180.399 Y158.898 E42.95166
G1 X180.399 Y158.301 E42.98381
G1 X189.081 Y149.619 E43.64520
G1 X188.485 Y149.619 E43.67735
G1 X180.399 Y157.704 E44.29327
G1 X180.399 Y157.107 E44.32542
G1 X187.888 Y149.619 E44.89588
G1 X187.291 Y149.619 E44.92803
G1 X180.399 Y156.511 E45.45301
G1 X180.399 Y155.914 E45.48516
G1 X186.694 Y149.619 E45.96468
G1 X186.097 Y149.619 E45.99683
G1 X180.399 Y155.317 E46.43088
G1 X180.399 Y154.720 E46.46303
G1 X185.500 Y149.619 E46.85161
G1 X184.903 Y149.619 E46.88376
G1 X180.399 Y154.123 E47.22687
G1 X180.399 Y153.526 E47.25902
G1 X184.306 Y149.619 E47.55666
G1 X183.710 Y149.619 E47.58881
G1 X180.399 Y152.929 E47.84098
G1 X180.399 Y152.332 E47.87314
G1 X183.113 Y149.619 E48.07984
G1 X182.516 Y149.619 E48.11199
G1 X180.399 Y151.736 E48.27323
G1 X180.399 Y151.139 E48.30538
G1 X181.919 Y149.619 E48.42115
G1 X181.322 Y149.619 E48.45330
G1 X180.399 Y150.542 E48.52360
G1 X180.399 Y149.945 E48.55575
G1 X180.725 Y149.619 E48.58058
G1 E40.58058 F2400.00000
G92 E0
G1 X151.092 Y181.872 F7800.000
G1 E10.00000 F2400.00000
G1 F2400.000
G1 X138.826 Y181.872 E10.58800
G1 X138.831 Y148.128 E12.20564
G1 X151.091 Y148.128 E12.79341
G1 X151.092 Y181.812 E14.40818
G1 X150.745 Y181.672 F7800.000
G1 X150.694 Y181.475 F7800.000
G1 F4800.000
G1 X139.223 Y181.475 E15.02142
G1 X139.228 Y148.525 E16.78289
G1 X150.693 Y148.525 E17.39584
G1 X150.694 Y181.415 E19.15411
G1 X150.275 Y181.056 F7800.000
G1 F4800.000
G1 X139.642 Y181.056 E19.72255
G1 X139.647 Y148.944 E21.43924
G1 X150.274 Y148.944 E22.00736
G1 X150.275 Y180.996 E23.72084
G1 X149.856 Y180.637 F7800.000
G1 F4800.000
G1 X140.061 Y180.637 E24.24448
G1 X140.065 Y149.363 E25.91638
G1 X149.854 Y149.363 E26.43968
G1 X149.856 Y180.577 E28.10838
G1 X147.644 Y180.381 F7800.000
G1 F4800.000
G1 X149.600 Y178.426 E28.25621
G1 X149.599 Y176.452 E28.36173
G1 X145.670 Y180.381 E28.65880
G1 X143.695 Y180.381 E28.76437
G1 X149.556 Y174.520 E29.20748
G1 X147.582 Y174.520 E29.31304
G1 X141.721 Y180.381 E29.75615
G1 X140.317 Y180.381 E29.83117
G1 X140.317 Y179.810 E29.86172
G1 X145.607 Y174.520 E30.26163
G1 X143.632 Y174.520 E30.36719
G1 X140.318 Y177.835 E30.61778
G1 X140.318 Y175.860 E30.72336
G1 X141.658 Y174.520 E30.82465
G1 E22.82465 F2400.00000
G92 E0
G1 X149.272 Y174.427 F7800.000
G1 E10.00000 F2400.00000
G1 F3600.000
G1 X149.598 Y174.101 E10.02484
G1 X149.598 Y173.504 E10.05699
G1 X148.675 Y174.427 E10.12730
G1 X148.078 Y174.427 E10.15947
G1 X149.598 Y172.907 E10.27525
G1 X149.598 Y172.311 E10.30741
G1 X147.481 Y174.427 E10.46867
G1 X146.884 Y174.427 E10.50084
G1 X149.597 Y171.714 E10.70757
G1 X149.597 Y171.117 E10.73973
G1 X146.287 Y174.427 E10.99194
G1 X145.690 Y174.427 E11.02410
G1 X149.597 Y170.520 E11.32179
G1 X149.597 Y169.923 E11.35394
G1 X145.093 Y174.427 E11.69710
G1 X144.496 Y174.427 E11.72927
G1 X149.597 Y169.326 E12.11790
G1 X149.597 Y168.730 E12.15006
G1 X143.899 Y174.427 E12.58417
G1 X143.302 Y174.427 E12.61633
G1 X149.596 Y168.133 E13.09592
G1 X149.596 Y167.536 E13.12807
G1 X142.705 Y174.427 E13.65313
G1 X142.108 Y174.427 E13.68530
G1 X149.596 Y166.939 E14.25583
G1 X149.596 Y166.342 E14.28798
G1 X141.511 Y174.427 E14.90399
G1 X140.914 Y174.427 E14.93616
G1 X149.596 Y165.746 E15.59764
G1 X149.595 Y165.149 E15.62980
G1 X140.318 Y174.426 E16.33668
G1 X140.318 Y173.829 E16.36885
G1 X149.595 Y164.552 E17.07570
G1 X149.595 Y163.955 E17.10786
G1 X140.318 Y173.232 E17.81470
G1 X140.318 Y172.635 E17.84687
G1 X149.595 Y163.358 E18.55368
G1 X149.595 Y162.761 E18.58584
G1 X140.318 Y172.038 E19.29263
G1 X140.318 Y171.440 E19.32480
G1 X149.594 Y162.165 E20.03158
G1 X149.594 Y161.568 E20.06373
G1 X140.319 Y170.843 E20.77049
G1 X140.319 Y170.246 E20.80266
G1 X149.594 Y160.971 E21.50939
G1 X149.594 Y160.374 E21.54154
G1 X140.319 Y169.649 E22.24826
G1 X140.319 Y169.052 E22.28043
G1 X149.594 Y159.777 E22.98712
G1 X149.593 Y159.180 E23.01927
G1 X140.319 Y168.455 E23.72594
G1 X140.319 Y167.858 E23.75811
G1 X149.593 Y158.584 E24.46476
G1 X149.593 Y157.987 E24.49692
G1 X140.319 Y167.261 E25.20354
G1 X140.319 Y166.664 E25.23572
G1 X149.593 Y157.390 E25.94232
G1 X149.593 Y156.793 E25.97448
G1 X140.319 Y166.067 E26.68106
G1 X140.319 Y165.469 E26.71323
G1 X149.592 Y156.196 E27.41980
G1 X149.592 Y155.600 E27.45196
G1 X140.319 Y164.872 E28.15850
G1 X140.319 Y164.275 E28.19067
G1 X149.592 Y155.003 E28.89719
G1 X149.592 Y154.406 E28.92935
G1 X140.320 Y163.678 E29.63585
G1 X140.320 Y163.081 E29.66802
G1 X149.592 Y153.809 E30.37450
G1 X149.591 Y153.212 E30.40666
G1 X140.320 Y162.484 E31.11312
G1 X140.320 Y161.887 E31.14529
G1 X149.592 Y152.615 E31.85175
G1 X149.593 Y152.017 E31.88398
G1 X140.320 Y161.290 E32.59053
G1 X140.320 Y160.693 E32.62270
G1 X149.594 Y151.419 E33.32932
G1 X149.595 Y150.821 E33.36155
G1 X140.320 Y160.096 E34.06825
G1 X140.320 Y159.499 E34.10042
G1 X149.596 Y150.222 E34.80721
G1 X149.597 Y149.624 E34.83944
G1 X140.320 Y158.901 E35.54631
G1 X140.320 Y158.304 E35.57848
G1 X149.006 Y149.619 E36.24026
G1 X148.409 Y149.619 E36.27242
G1 X140.320 Y157.707 E36.88871
G1 X140.320 Y157.110 E36.92088
G1 X147.812 Y149.619 E37.49167
G1 X147.215 Y149.619 E37.52384
G1 X140.320 Y156.513 E38.04913
G1 X140.321 Y155.916 E38.08130
G1 X146.618 Y149.619 E38.56110
G1 X146.020 Y149.619 E38.59327
G1 X140.321 Y155.319 E39.02757
G1 X140.321 Y154.722 E39.05974
G1 X145.423 Y149.619 E39.44855
G1 X144.826 Y149.619 E39.48071
G1 X140.321 Y154.125 E39.82402
G1 X140.321 Y153.528 E39.85619
G1 X144.229 Y149.619 E40.15401
G1 X143.632 Y149.619 E40.18618
G1 X140.321 Y152.930 E40.43850
G1 X140.321 Y152.333 E40.47067
G1 X143.035 Y149.619 E40.67749
G1 X142.438 Y149.619 E40.70966
G1 X140.321 Y151.736 E40.87099
G1 X140.321 Y151.139 E40.90316
G1 X141.841 Y149.619 E41.01899
G1 X141.244 Y149.619 E41.05116
G1 X140.321 Y150.542 E41.12149
G1 X140.321 Y149.945 E41.15366
G1 X140.647 Y149.619 E41.17851
M106 S211.65
G1 Z5.450 F7800.000
G1 E33.17851 F2400.00000
G92 E0
G1 X178.791 Y181.872 F7800.000
G1 E10.00000 F2400.00000
G1 F1800.000
G1 X178.794 Y179.312 E10.12272
G1 X191.174 Y179.312 E10.71623
G1 X191.174 Y181.872 E10.83895
G1 X178.851 Y181.872 E11.42969
G1 X178.968 Y181.513 F7800.000
G1 X179.189 Y181.475 F7800.000
G1 F1800.000
G1 X179.191 Y179.709 E11.52407
G1 X190.777 Y179.709 E12.14347
G1 X190.777 Y181.475 E12.23786
G1 X179.249 Y181.475 E12.85414
G1 X179.608 Y181.056 F7800.000
G1 F1800.000
G1 X179.609 Y180.128 E12.90373
G1 X190.358 Y180.128 E13.47837
G1 X190.358 Y181.056 E13.52797
G1 X179.668 Y181.056 E14.09944
G1 X179.818 Y180.592 F7800.000
G1 F2400.000
G1 X190.149 Y180.592 E14.68547
G1 E6.68547 F2400.00000
G92 E0
G1 X178.794 Y152.688 F7800.000
G1 E10.00000 F2400.00000
G1 F1800.000
G1 X178.791 Y148.128 E10.21860
G1 X191.105 Y148.128 E10.80892
G1 X191.108 Y152.688 E11.02752
G1 X178.854 Y152.688 E11.61495
G1 X178.986 Y152.337 F7800.000
G1 X179.191 Y152.291 F7800.000
G1 F1800.000
G1 X179.189 Y148.525 E11.81625
G1 X190.708 Y148.525 E12.43208
G1 X190.711 Y152.291 E12.63339
G1 X179.251 Y152.291 E13.24603
G1 X179.610 Y151.872 F7800.000
G1 F1800.000
G1 X179.608 Y148.944 E13.40255
G1 X190.290 Y148.944 E13.97360
G1 X190.292 Y151.872 E14.13012
G1 X179.670 Y151.872 E14.69801
G1 X180.028 Y151.453 F7800.000
G1 F1800.000
G1 X180.027 Y149.363 E14.80974
G1 X189.871 Y149.363 E15.33601
G1 X189.873 Y151.453 E15.44774
G1 X180.088 Y151.453 E15.97084
G1 X180.610 Y151.197 F7800.000
G1 F3600.000
G1 X180.284 Y150.871 E15.99593
G1 X180.284 Y150.267 E16.02880
G1 X181.213 Y151.197 E16.10040
G1 X181.817 Y151.197 E16.13326
G1 X180.283 Y149.664 E16.25136
G1 X180.283 Y149.619 E16.25378
G1 X180.842 Y149.619 E16.28421
G1 X182.420 Y151.197 E16.40574
G1 X183.024 Y151.197 E16.43860
G1 X181.446 Y149.619 E16.56012
G1 X182.049 Y149.619 E16.59298
G1 X183.627 Y151.197 E16.71451
G1 X184.230 Y151.197 E16.74737
G1 X182.652 Y149.619 E16.86889
G1 X183.256 Y149.619 E16.90175
G1 X184.834 Y151.197 E17.02328
G1 X185.437 Y151.197 E17.05614
G1 X183.859 Y149.619 E17.17766
G1 X184.463 Y149.619 E17.21052
G1 X186.041 Y151.197 E17.33205
G1 X186.644 Y151.197 E17.36490
G1 X185.066 Y149.619 E17.48643
G1 X185.669 Y149.619 E17.51929
G1 X187.247 Y151.197 E17.64081
G1 X187.851 Y151.197 E17.67367
G1 X186.273 Y149.619 E17.79520
G1 X186.876 Y149.619 E17.82806
G1 X188.454 Y151.197 E17.94958
G1 X189.058 Y151.197 E17.98244
G1 X187.480 Y149.619 E18.10397
G1 X188.083 Y149.619 E18.13682
G1 X189.617 Y151.153 E18.25494
G1 X189.616 Y150.549 E18.28783
G1 X188.686 Y149.619 E18.35944
G1 X189.290 Y149.619 E18.39230
G1 X189.616 Y149.945 E18.41740
G1 E10.41740 F2400.00000
G92 E0
G1 X151.205 Y152.688 F7800.000
G1 E10.00000 F2400.00000
G1 F1800.000
G1 X138.892 Y152.688 E10.59027
G1 X138.895 Y148.128 E10.80887
G1 X151.208 Y148.128 E11.39917
G1 X151.205 Y152.628 E11.61489
G1 X150.859 Y152.488 F7800.000
G1 X150.807 Y152.291 F7800.000
G1 F1800.000
G1 X139.290 Y152.291 E12.23061
G1 X139.292 Y148.525 E12.43192
G1 X150.810 Y148.525 E13.04770
G1 X150.807 Y152.231 E13.24579
G1 X150.388 Y151.872 F7800.000
G1 F1800.000
G1 X139.709 Y151.872 E13.81668
G1 X139.711 Y148.944 E13.97319
G1 X150.391 Y148.944 E14.54416
G1 X150.388 Y151.812 E14.69746
G1 X149.968 Y151.453 F7800.000
G1 F1800.000
G1 X140.128 Y151.453 E15.22351
G1 X140.129 Y149.363 E15.33524
G1 X149.971 Y149.363 E15.86139
G1 X149.968 Y151.393 E15.96991
G1 X149.714 Y149.945 F7800.000
G1 F3600.000
G1 X149.388 Y149.619 E15.99501
G1 X148.785 Y149.619 E16.02785
G1 X149.713 Y150.547 E16.09931
G1 X149.712 Y151.149 E16.13210
G1 X148.182 Y149.619 E16.24992
G1 X147.578 Y149.619 E16.28277
G1 X149.157 Y151.197 E16.40428
G1 X148.553 Y151.197 E16.43712
G1 X146.975 Y149.619 E16.55863
G1 X146.372 Y149.619 E16.59147
G1 X147.950 Y151.197 E16.71298
G1 X147.347 Y151.197 E16.74583
G1 X145.769 Y149.619 E16.86733
G1 X145.165 Y149.619 E16.90018
G1 X146.743 Y151.197 E17.02169
G1 X146.140 Y151.197 E17.05453
G1 X144.562 Y149.619 E17.17604
G1 X143.959 Y149.619 E17.20889
G1 X145.537 Y151.197 E17.33039
G1 X144.933 Y151.197 E17.36324
G1 X143.355 Y149.619 E17.48475
G1 X142.752 Y149.619 E17.51759
G1 X144.330 Y151.197 E17.63910
G1 X143.727 Y151.197 E17.67195
G1 X142.149 Y149.619 E17.79345
G1 X141.545 Y149.619 E17.82630
G1 X143.123 Y151.197 E17.94780
G1 X142.520 Y151.197 E17.98065
G1 X140.942 Y149.619 E18.10216
G1 X140.385 Y149.619 E18.13249
G1 X140.385 Y149.665 E18.13500
G1 X141.917 Y151.197 E18.25296
G1 X141.314 Y151.197 E18.28580
G1 X140.385 Y150.268 E18.35733
G1 X140.384 Y150.871 E18.39016
G1 X140.710 Y151.197 E18.41525
G1 E10.41525 F2400.00000
G92 E0
G1 X151.192 Y171.696 F7800.000
G1 E10.00000 F2400.00000
G1 F2400.000
G1 X151.209 Y181.872 E10.48781
G1 X138.850 Y181.872 E11.08027
G1 X138.850 Y171.694 E11.56821
G1 X151.132 Y171.696 E12.15701
G1 X151.077 Y172.079 F7800.000
G1 X150.796 Y172.094 F7800.000
G1 F4800.000
G1 X150.811 Y181.475 E12.65853
G1 X139.247 Y181.475 E13.27671
G1 X139.247 Y172.091 E13.77837
G1 X150.736 Y172.094 E14.39254
G1 X150.377 Y172.512 F7800.000
G1 F1800.000
G1 X150.391 Y181.056 E14.84928
G1 X139.666 Y181.056 E15.42264
G1 X139.666 Y172.510 E15.87951
G1 X150.317 Y172.512 E16.44892
G1 X149.959 Y172.931 F7800.000
G1 F1800.000
G1 X149.972 Y180.637 E16.86088
G1 X140.085 Y180.637 E17.38942
G1 X140.085 Y172.929 E17.80150
G1 X149.899 Y172.931 E18.32616
G1 X149.704 Y173.513 F7800.000
G1 F3600.000
G1 X149.378 Y173.187 E18.35161
G1 X148.766 Y173.187 E18.38539
G1 X149.705 Y174.126 E18.45869
G1 X149.706 Y174.738 E18.49252
G1 X148.154 Y173.187 E18.61366
G1 X147.542 Y173.187 E18.64744
G1 X149.707 Y175.351 E18.81643
G1 X149.708 Y175.964 E18.85026
G1 X146.930 Y173.186 E19.06710
G1 X146.318 Y173.186 E19.10088
G1 X149.709 Y176.577 E19.36557
G1 X149.710 Y177.189 E19.39940
G1 X145.707 Y173.186 E19.71194
G1 X145.095 Y173.186 E19.74572
G1 X149.711 Y177.802 E20.10610
G1 X149.712 Y178.415 E20.13993
G1 X144.483 Y173.186 E20.54816
G1 X143.871 Y173.186 E20.58194
G1 X149.713 Y179.027 E21.03803
G1 X149.714 Y179.640 E21.07185
G1 X143.259 Y173.186 E21.57579
G1 X142.647 Y173.185 E21.60957
G1 X149.715 Y180.253 E22.16135
G1 X149.715 Y180.381 E22.16842
G1 X149.231 Y180.381 E22.19513
G1 X142.035 Y173.185 E22.75693
G1 X141.423 Y173.185 E22.79071
G1 X148.619 Y180.381 E23.35252
G1 X148.008 Y180.381 E23.38629
G1 X140.812 Y173.185 E23.94811
G1 X140.341 Y173.185 E23.97410
G1 X140.341 Y173.326 E23.98189
G1 X147.396 Y180.381 E24.53270
G1 X146.784 Y180.381 E24.56647
G1 X140.341 Y173.938 E25.06952
G1 X140.341 Y174.549 E25.10330
G1 X146.172 Y180.381 E25.55859
G1 X145.561 Y180.381 E25.59236
G1 X140.341 Y175.161 E25.99989
G1 X140.341 Y175.773 E26.03366
G1 X144.949 Y180.381 E26.39344
G1 X144.337 Y180.381 E26.42721
G1 X140.341 Y176.385 E26.73922
G1 X140.341 Y176.996 E26.77299
G1 X143.725 Y180.381 E27.03724
G1 X143.114 Y180.381 E27.07101
G1 X140.341 Y177.608 E27.28750
G1 X140.341 Y178.220 E27.32128
G1 X142.502 Y180.381 E27.49001
G1 X141.890 Y180.381 E27.52378
G1 X140.341 Y178.832 E27.64475
G1 X140.341 Y179.443 E27.67852
G1 X141.279 Y180.381 E27.75173
G1 X140.667 Y180.381 E27.78550
G1 X140.341 Y180.055 E27.81095
M106 S209.1
G1 Z5.750 F7800.000
G1 E19.81095 F2400.00000
G92 E0
G1 X178.670 Y179.312 F7800.000
G1 E10.00000 F2400.00000
G1 F1800.000
G1 X191.174 Y179.312 E10.59943
G1 X191.174 Y181.872 E10.72215
G1 X178.674 Y181.872 E11.32141
G1 X178.670 Y179.372 E11.44126
G1 X179.069 Y179.339 F7800.000
G1 X179.068 Y179.709 F7800.000
G1 F1800.000
G1 X190.777 Y179.709 E12.06722
G1 X190.777 Y181.475 E12.16160
G1 X179.070 Y181.475 E12.78744
G1 X179.068 Y179.769 E12.87861
G1 X179.488 Y180.128 F7800.000
G1 F1800.000
G1 X190.358 Y180.128 E13.45976
G1 X190.358 Y181.056 E13.50936
G1 X179.489 Y181.056 E14.09043
G1 X179.488 Y180.188 E14.13682
G1 X179.698 Y180.592 F7800.000
G1 F2400.000
G1 X190.149 Y180.592 E14.72970
G1 E6.72970 F2400.00000
G92 E0
G1 X178.671 Y152.688 F7800.000
G1 E10.00000 F2400.00000
G1 F1800.000
G1 X178.674 Y148.128 E10.21860
G1 X191.041 Y148.128 E10.81145
G1 X191.042 Y152.688 E11.03006
G1 X178.731 Y152.688 E11.62022
G1 X178.853 Y152.332 F7800.000
G1 X179.068 Y152.291 F7800.000
G1 F1800.000
G1 X179.071 Y148.525 E11.82152
G1 X190.644 Y148.525 E12.44021
G1 X190.645 Y152.291 E12.64152
G1 X179.128 Y152.291 E13.25718
G1 X179.487 Y151.872 F7800.000
G1 F1800.000
G1 X179.489 Y148.944 E13.41370
G1 X190.225 Y148.944 E13.98764
G1 X190.226 Y151.872 E14.14416
G1 X179.547 Y151.872 E14.71504
G1 X179.907 Y151.453 F7800.000
G1 F1800.000
G1 X179.908 Y149.363 E14.82677
G1 X189.807 Y149.363 E15.35596
G1 X189.808 Y151.453 E15.46769
G1 X179.967 Y151.453 E15.99378
G1 X180.490 Y149.619 F7800.000
G1 F3600.000
G1 X180.164 Y149.945 E16.01902
G1 X180.163 Y150.552 E16.05227
G1 X181.096 Y149.619 E16.12452
G1 X181.703 Y149.619 E16.15774
G1 X180.163 Y151.159 E16.27701
G1 X180.163 Y151.197 E16.27908
G1 X180.732 Y151.197 E16.31024
G1 X182.310 Y149.619 E16.43243
G1 X182.917 Y149.619 E16.46565
G1 X181.339 Y151.197 E16.58785
G1 X181.945 Y151.197 E16.62107
G1 X183.523 Y149.619 E16.74327
G1 X184.130 Y149.619 E16.77649
G1 X182.552 Y151.197 E16.89869
G1 X183.159 Y151.197 E16.93191
G1 X184.737 Y149.619 E17.05410
G1 X185.344 Y149.619 E17.08733
G1 X183.765 Y151.197 E17.20952
G1 X184.372 Y151.197 E17.24274
G1 X185.950 Y149.619 E17.36494
G1 X186.557 Y149.619 E17.39816
G1 X184.979 Y151.197 E17.52036
G1 X185.586 Y151.197 E17.55358
G1 X187.164 Y149.619 E17.67578
G1 X187.770 Y149.619 E17.70900
G1 X186.192 Y151.197 E17.83119
G1 X186.799 Y151.197 E17.86442
G1 X188.377 Y149.619 E17.98661
G1 X188.984 Y149.619 E18.01983
G1 X187.406 Y151.197 E18.14203
G1 X188.013 Y151.197 E18.17525
G1 X189.551 Y149.658 E18.29440
G1 X189.552 Y150.264 E18.32759
G1 X188.619 Y151.197 E18.39980
G1 X189.226 Y151.197 F7800.000
G1 F3600.000
G1 X189.552 Y150.871 E18.42503
G1 E10.42503 F2400.00000
G92 E0
G1 X151.329 Y152.688 F7800.000
G1 E10.00000 F2400.00000
G1 F1800.000
G1 X138.959 Y152.688 E10.59302
G1 X138.959 Y148.128 E10.81162
G1 X151.326 Y148.128 E11.40444
G1 X151.329 Y152.628 E11.62016
G1 X150.983 Y152.488 F7800.000
G1 X150.931 Y152.291 F7800.000
G1 F1800.000
G1 X139.356 Y152.291 E12.23896
G1 X139.357 Y148.525 E12.44027
G1 X150.928 Y148.525 E13.05885
G1 X150.931 Y152.231 E13.25694
G1 X150.511 Y151.872 F7800.000
G1 F1800.000
G1 X139.775 Y151.872 E13.83091
G1 X139.775 Y148.944 E13.98743
G1 X150.508 Y148.944 E14.56119
G1 X150.511 Y151.812 E14.71450
G1 X150.092 Y151.453 F7800.000
G1 F1800.000
G1 X140.194 Y151.453 E15.24364
G1 X140.194 Y149.363 E15.35537
G1 X150.088 Y149.363 E15.88429
G1 X150.092 Y151.393 E15.99281
G1 X149.509 Y151.197 F7800.000
G1 F3600.000
G1 X149.835 Y150.871 E16.01804
G1 X149.834 Y150.266 E16.05118
G1 X148.903 Y151.197 E16.12328
G1 X148.296 Y151.197 E16.15648
G1 X149.833 Y149.660 E16.27545
G1 X149.833 Y149.619 E16.27770
G1 X149.268 Y149.619 E16.30864
G1 X147.689 Y151.197 E16.43080
G1 X147.083 Y151.197 E16.46400
G1 X148.661 Y149.619 E16.58616
G1 X148.054 Y149.619 E16.61936
G1 X146.476 Y151.197 E16.74151
G1 X145.870 Y151.197 E16.77471
G1 X147.448 Y149.619 E16.89687
G1 X146.841 Y149.619 E16.93007
G1 X145.263 Y151.197 E17.05223
G1 X144.657 Y151.197 E17.08543
G1 X146.235 Y149.619 E17.20759
G1 X145.628 Y149.619 E17.24079
G1 X144.050 Y151.197 E17.36294
G1 X143.444 Y151.197 E17.39614
G1 X145.022 Y149.619 E17.51830
G1 X144.415 Y149.619 E17.55150
G1 X142.837 Y151.197 E17.67366
G1 X142.231 Y151.197 E17.70686
G1 X143.809 Y149.619 E17.82901
G1 X143.202 Y149.619 E17.86221
G1 X141.624 Y151.197 E17.98437
G1 X141.018 Y151.197 E18.01757
G1 X142.596 Y149.619 E18.13973
G1 X141.989 Y149.619 E18.17293
G1 X140.450 Y151.158 E18.29208
G1 X140.450 Y150.552 E18.32528
G1 X141.383 Y149.619 E18.39748
G1 X140.776 Y149.619 E18.43068
G1 X140.450 Y149.945 E18.45590
G1 E10.45590 F2400.00000
G92 E0
G1 X151.313 Y172.692 F7800.000
G1 E10.00000 F2400.00000
G1 F2400.000
G1 X151.326 Y181.872 E10.44006
G1 X138.874 Y181.872 E11.03699
G1 X138.874 Y172.688 E11.47725
G1 X151.253 Y172.692 E12.07072
G1 X151.191 Y173.073 F7800.000
G1 X150.917 Y173.090 F7800.000
G1 F1800.000
G1 X150.928 Y181.475 E12.51899
G1 X139.271 Y181.475 E13.14218
G1 X139.271 Y173.086 E13.59065
G1 X150.857 Y173.090 E14.21003
G1 X150.498 Y173.508 F7800.000
G1 F1800.000
G1 X150.508 Y181.056 E14.61352
G1 X139.690 Y181.056 E15.19189
G1 X139.690 Y173.505 E15.59557
G1 X150.438 Y173.508 E16.17019
G1 X150.080 Y173.927 F7800.000
G1 F1800.000
G1 X150.089 Y180.637 E16.52891
G1 X140.109 Y180.637 E17.06246
G1 X140.109 Y173.924 E17.42134
G1 X150.020 Y173.927 E17.95121
G1 E9.95121 F2400.00000
G92 E0
G1 X149.507 Y180.381 F7800.000
G1 E10.00000 F2400.00000
G1 F3600.000
G1 X149.832 Y180.055 E10.02499
G1 X149.832 Y179.455 E10.05751
G1 X148.906 Y180.381 E10.12849
G1 X148.305 Y180.381 E10.16105
G1 X149.831 Y178.855 E10.27801
G1 X149.830 Y178.255 E10.31053
G1 X147.704 Y180.381 E10.47349
G1 X147.104 Y180.381 E10.50605
G1 X149.829 Y177.656 E10.71500
G1 X149.828 Y177.056 E10.74752
G1 X146.503 Y180.381 E11.00245
G1 X145.902 Y180.381 E11.03502
G1 X149.828 Y176.456 E11.33594
G1 X149.827 Y175.856 E11.36846
G1 X145.302 Y180.381 E11.71537
G1 X144.701 Y180.381 E11.74793
G1 X149.826 Y175.256 E12.14084
G1 X149.825 Y174.656 E12.17336
G1 X144.100 Y180.381 E12.61225
G1 X143.500 Y180.381 E12.64481
G1 X149.698 Y174.183 E13.11999
G1 X149.097 Y174.183 E13.15254
G1 X142.899 Y180.381 E13.62773
G1 X142.298 Y180.381 E13.66029
G1 X148.497 Y174.182 E14.13549
G1 X147.896 Y174.182 E14.16805
G1 X141.698 Y180.381 E14.64327
G1 X141.097 Y180.381 E14.67583
G1 X147.296 Y174.182 E15.15106
G1 X146.695 Y174.182 E15.18361
G1 X140.496 Y180.381 E15.65886
G1 X140.365 Y180.381 E15.66600
G1 X140.365 Y179.912 E15.69143
G1 X146.095 Y174.182 E16.13073
G1 X145.494 Y174.181 E16.16329
G1 X140.365 Y179.311 E16.55656
G1 X140.365 Y178.711 E16.58912
G1 X144.894 Y174.181 E16.93636
G1 X144.294 Y174.181 E16.96891
G1 X140.365 Y178.110 E17.27011
G1 X140.365 Y177.509 E17.30267
G1 X143.693 Y174.181 E17.55784
G1 X143.093 Y174.181 E17.59039
G1 X140.365 Y176.909 E17.79952
G1 X140.365 Y176.308 E17.83209
G1 X142.492 Y174.180 E17.99518
G1 X141.892 Y174.180 E18.02773
G1 X140.365 Y175.707 E18.14480
G1 X140.365 Y175.107 E18.17736
G1 X141.291 Y174.180 E18.24838
G1 X140.691 Y174.180 E18.28094
G1 X140.365 Y174.506 E18.30591
M106 S211.65
G1 Z6.050 F7800.000
G1 E10.30591 F2400.00000
G92 E0
G1 X178.547 Y179.312 F7800.000
G1 E10.00000 F2400.00000
G1 F1800.000
G1 X191.175 Y179.312 E10.60537
G1 X191.175 Y181.872 E10.72809
G1 X178.552 Y181.872 E11.33319
G1 X178.547 Y179.372 E11.45303
G1 X178.946 Y179.339 F7800.000
G1 X178.945 Y179.709 F7800.000
G1 F1800.000
G1 X190.777 Y179.709 E12.08560
G1 X190.777 Y181.475 E12.17998
G1 X178.949 Y181.475 E12.81234
G1 X178.945 Y179.769 E12.90352
G1 X179.365 Y180.128 F7800.000
G1 F1800.000
G1 X190.358 Y180.128 E13.49125
G1 X190.358 Y181.056 E13.54084
G1 X179.367 Y181.056 E14.12847
G1 X179.365 Y180.188 E14.17486
G1 X179.575 Y180.592 F7800.000
G1 F2400.000
G1 X190.149 Y180.592 E14.77470
G1 E6.77470 F2400.00000
G92 E0
G1 X178.547 Y152.688 F7800.000
G1 E10.00000 F2400.00000
G1 F1800.000
G1 X178.553 Y148.128 E10.21860
G1 X190.976 Y148.128 E10.81419
G1 X190.975 Y152.688 E11.03279
G1 X178.607 Y152.688 E11.62569
G1 X178.720 Y152.327 F7800.000
G1 X178.945 Y152.291 F7800.000
G1 F1800.000
G1 X178.949 Y148.525 E11.82700
G1 X190.579 Y148.525 E12.44874
G1 X190.578 Y152.291 E12.65005
G1 X179.005 Y152.291 E13.26876
G1 X179.364 Y151.872 F7800.000
G1 F1800.000
G1 X179.368 Y148.944 E13.42528
G1 X190.161 Y148.944 E14.00228
G1 X190.160 Y151.872 E14.15880
G1 X179.424 Y151.872 E14.73272
G1 X179.784 Y151.453 F7800.000
G1 F1800.000
G1 X179.786 Y149.363 E14.84445
G1 X189.742 Y149.363 E15.37671
G1 X189.741 Y151.453 E15.48844
G1 X179.844 Y151.453 E16.01757
G1 X180.366 Y151.197 F7800.000
G1 F3600.000
G1 X180.040 Y150.871 E16.04294
G1 X180.041 Y150.262 E16.07650
G1 X180.976 Y151.197 E16.14935
G1 X181.586 Y151.197 E16.18295
G1 X180.042 Y149.652 E16.30325
G1 X180.042 Y149.619 E16.30508
G1 X180.619 Y149.619 E16.33685
G1 X182.197 Y151.197 E16.45974
G1 X182.807 Y151.197 E16.49333
G1 X181.229 Y149.619 E16.61622
G1 X181.839 Y149.619 E16.64982
G1 X183.417 Y151.197 E16.77271
G1 X184.027 Y151.197 E16.80631
G1 X182.449 Y149.619 E16.92920
G1 X183.059 Y149.619 E16.96279
G1 X184.637 Y151.197 E17.08568
G1 X185.247 Y151.197 E17.11928
G1 X183.669 Y149.619 E17.24217
G1 X184.280 Y149.619 E17.27577
G1 X185.858 Y151.197 E17.39866
G1 X186.468 Y151.197 E17.43226
G1 X184.890 Y149.619 E17.55514
G1 X185.500 Y149.619 E17.58874
G1 X187.078 Y151.197 E17.71163
G1 X187.688 Y151.197 E17.74523
G1 X186.110 Y149.619 E17.86812
G1 X186.720 Y149.619 E17.90172
G1 X188.298 Y151.197 E18.02460
G1 X188.908 Y151.197 E18.05820
G1 X187.330 Y149.619 E18.18109
G1 X187.941 Y149.619 E18.21469
G1 X189.486 Y151.164 E18.33502
G1 X189.486 Y150.555 E18.36859
G1 X188.551 Y149.619 E18.44145
G1 X189.161 Y149.619 E18.47505
G1 X189.487 Y149.945 E18.50043
G1 E10.50043 F2400.00000
G92 E0
G1 X151.453 Y152.688 F7800.000
G1 E10.00000 F2400.00000
G1 F1800.000
G1 X139.025 Y152.688 E10.59577
G1 X139.024 Y148.128 E10.81437
G1 X151.447 Y148.128 E11.40991
G1 X151.452 Y152.628 E11.62564
G1 X151.106 Y152.488 F7800.000
G1 X151.055 Y152.291 F7800.000
G1 F1800.000
G1 X139.422 Y152.291 E12.24751
G1 X139.421 Y148.525 E12.44882
G1 X151.049 Y148.525 E13.07043
G1 X151.054 Y152.231 E13.26852
G1 X150.635 Y151.872 F7800.000
G1 F1800.000
G1 X139.841 Y151.872 E13.84558
G1 X139.840 Y148.944 E14.00210
G1 X150.630 Y148.944 E14.57890
G1 X150.635 Y151.812 E14.73221
G1 X150.215 Y151.453 F7800.000
G1 F1800.000
G1 X140.260 Y151.453 E15.26444
G1 X140.259 Y149.363 E15.37617
G1 X150.212 Y149.363 E15.90823
G1 X150.215 Y151.393 E16.01675
G1 X149.956 Y149.945 F7800.000
G1 F3600.000
G1 X149.630 Y149.619 E16.04212
G1 X149.021 Y149.619 E16.07568
G1 X149.957 Y150.556 E16.14860
G1 X149.959 Y151.167 E16.18222
G1 X148.411 Y149.619 E16.30268
G1 X147.801 Y149.619 E16.33625
G1 X149.379 Y151.197 E16.45907
G1 X148.769 Y151.197 E16.49263
G1 X147.191 Y149.619 E16.61545
G1 X146.581 Y149.619 E16.64901
G1 X148.159 Y151.197 E16.77183
G1 X147.549 Y151.197 E16.80539
G1 X145.971 Y149.619 E16.92821
G1 X145.362 Y149.619 E16.96177
G1 X146.940 Y151.197 E17.08459
G1 X146.330 Y151.197 E17.11815
G1 X144.752 Y149.619 E17.24097
G1 X144.142 Y149.619 E17.27453
G1 X145.720 Y151.197 E17.39735
G1 X145.110 Y151.197 E17.43091
G1 X143.532 Y149.619 E17.55373
G1 X142.922 Y149.619 E17.58729
G1 X144.500 Y151.197 E17.71011
G1 X143.891 Y151.197 E17.74368
G1 X142.312 Y149.619 E17.86650
G1 X141.703 Y149.619 E17.90006
G1 X143.281 Y151.197 E18.02288
G1 X142.671 Y151.197 E18.05644
G1 X141.093 Y149.619 E18.17926
G1 X140.515 Y149.619 E18.21105
G1 X140.515 Y149.651 E18.21282
G1 X142.061 Y151.197 E18.33313
G1 X141.451 Y151.197 E18.36669
G1 X140.515 Y150.261 E18.43954
G1 X140.515 Y150.871 E18.47311
G1 X140.841 Y151.197 E18.49846
G1 E10.49846 F2400.00000
G92 E0
G1 X151.333 Y173.437 F7800.000
G1 E10.00000 F2400.00000
G1 F2400.000
G1 X151.445 Y173.470 E10.00558
G1 X151.447 Y181.872 E10.40836
G1 X138.897 Y181.872 E11.00999
G1 X138.897 Y173.432 E11.41457
G1 X151.273 Y173.437 E12.00787
G1 X151.392 Y173.537 F7800.000
G1 X151.048 Y173.834 F7800.000
G1 F1800.000
G1 X151.050 Y181.475 E12.41633
G1 X139.295 Y181.475 E13.04476
G1 X139.295 Y173.830 E13.45346
G1 X150.988 Y173.834 E14.07859
G1 X150.629 Y174.253 F7800.000
G1 F1800.000
G1 X150.631 Y181.056 E14.44228
G1 X139.713 Y181.056 E15.02591
G1 X139.713 Y174.249 E15.38982
G1 X150.569 Y174.253 E15.97016
G1 X150.210 Y174.672 F7800.000
G1 F1800.000
G1 X150.212 Y180.637 E16.28907
G1 X140.132 Y180.637 E16.82792
G1 X140.132 Y174.668 E17.14703
G1 X150.150 Y174.672 E17.68259
G1 X149.955 Y175.253 F7800.000
G1 F3600.000
G1 X149.629 Y174.927 E17.70750
G1 X149.030 Y174.927 E17.73985
G1 X149.955 Y175.852 E17.81053
G1 X149.955 Y176.451 E17.84288
G1 X148.431 Y174.927 E17.95932
G1 X147.832 Y174.927 E17.99168
G1 X149.955 Y177.050 E18.15389
G1 X149.955 Y177.649 E18.18624
G1 X147.233 Y174.926 E18.39422
G1 X146.634 Y174.926 E18.42657
G1 X149.955 Y178.247 E18.68032
G1 X149.955 Y178.846 E18.71268
G1 X146.035 Y174.926 E19.01219
G1 X145.436 Y174.926 E19.04455
G1 X149.956 Y179.445 E19.38984
G1 X149.956 Y180.044 E19.42219
G1 X144.837 Y174.926 E19.81325
G1 X144.239 Y174.925 E19.84560
G1 X149.694 Y180.381 E20.26244
G1 X149.096 Y180.381 E20.29479
G1 X143.640 Y174.925 E20.71164
G1 X143.041 Y174.925 E20.74400
G1 X148.497 Y180.381 E21.16087
G1 X147.898 Y180.381 E21.19322
G1 X142.442 Y174.925 E21.61011
G1 X141.843 Y174.924 E21.64246
G1 X147.300 Y180.381 E22.05937
G1 X146.701 Y180.381 E22.09171
G1 X141.244 Y174.924 E22.50864
G1 X140.645 Y174.924 E22.54100
G1 X146.102 Y180.381 E22.95794
G1 X145.504 Y180.381 E22.99028
G1 X140.388 Y175.266 E23.38111
G1 X140.388 Y175.864 E23.41346
G1 X144.905 Y180.381 E23.75855
G1 X144.306 Y180.381 E23.79089
G1 X140.388 Y176.463 E24.09025
G1 X140.388 Y177.062 E24.12259
G1 X143.708 Y180.381 E24.37620
G1 X143.109 Y180.381 E24.40854
G1 X140.388 Y177.660 E24.61641
G1 X140.388 Y178.259 E24.64876
G1 X142.510 Y180.381 E24.81088
G1 X141.912 Y180.381 E24.84323
G1 X140.388 Y178.858 E24.95961
G1 X140.388 Y179.456 E24.99196
G1 X141.313 Y180.381 E25.06260
G1 X140.714 Y180.381 E25.09495
G1 X140.388 Y180.055 E25.11985
G1 Z6.350 F7800.000
G1 E17.11985 F2400.00000
G92 E0
G1 X178.414 Y179.312 F7800.000
G1 E10.00000 F2400.00000
G1 F1800.000
G1 X191.175 Y179.312 E10.61176
G1 X191.175 Y181.872 E10.73449
G1 X178.407 Y181.872 E11.34658
G1 X178.413 Y179.372 E11.46642
G1 X178.813 Y179.338 F7800.000
G1 X178.810 Y179.709 F7800.000
G1 F1800.000
G1 X190.778 Y179.709 E12.10623
G1 X190.778 Y181.475 E12.20061
G1 X178.805 Y181.475 E12.84066
G1 X178.810 Y179.769 E12.93184
G1 X179.227 Y180.128 F7800.000
G1 F1800.000
G1 X190.359 Y180.128 E13.52692
G1 X190.359 Y181.056 E13.57651
G1 X179.225 Y181.056 E14.17172
G1 X179.227 Y180.188 E14.21811
G1 X179.436 Y180.592 F7800.000
G1 F2400.000
G1 X190.149 Y180.592 E14.82588
G1 E6.82588 F2400.00000
G92 E0
G1 X178.413 Y152.688 F7800.000
G1 E10.00000 F2400.00000
G1 F1800.000
G1 X178.406 Y148.128 E10.21860
G1 X190.912 Y148.128 E10.81810
G1 X190.909 Y152.688 E11.03670
G1 X178.473 Y152.688 E11.63287
G1 X178.576 Y152.323 F7800.000
G1 X178.810 Y152.291 F7800.000
G1 F1800.000
G1 X178.804 Y148.525 E11.83418
G1 X190.515 Y148.525 E12.46024
G1 X190.512 Y152.291 E12.66154
G1 X178.870 Y152.291 E13.28394
G1 X179.228 Y151.872 F7800.000
G1 F1800.000
G1 X179.224 Y148.944 E13.44046
G1 X190.096 Y148.944 E14.02170
G1 X190.094 Y151.872 E14.17822
G1 X179.288 Y151.872 E14.75589
G1 X179.646 Y151.453 F7800.000
G1 F1800.000
G1 X179.643 Y149.363 E14.86762
G1 X189.677 Y149.363 E15.40402
G1 X189.675 Y151.453 E15.51575
G1 X179.706 Y151.453 E16.04868
G1 X179.900 Y149.945 F7800.000
G1 F3600.000
G1 X180.226 Y149.619 E16.07423
G1 X180.840 Y149.619 E16.10831
G1 X179.901 Y150.559 E16.18199
G1 X179.902 Y151.172 E16.21601
G1 X181.455 Y149.619 E16.33781
G1 X182.069 Y149.619 E16.37189
G1 X180.491 Y151.197 E16.49564
G1 X181.106 Y151.197 E16.52971
G1 X182.684 Y149.619 E16.65347
G1 X183.298 Y149.619 E16.68754
G1 X181.720 Y151.197 E16.81129
G1 X182.335 Y151.197 E16.84537
G1 X183.913 Y149.619 E16.96912
G1 X184.527 Y149.619 E17.00320
G1 X182.949 Y151.197 E17.12695
G1 X183.563 Y151.197 E17.16102
G1 X185.141 Y149.619 E17.28478
G1 X185.756 Y149.619 E17.31885
G1 X184.178 Y151.197 E17.44260
G1 X184.792 Y151.197 E17.47668
G1 X186.370 Y149.619 E17.60043
G1 X186.985 Y149.619 E17.63450
G1 X185.407 Y151.197 E17.75826
G1 X186.021 Y151.197 E17.79233
G1 X187.599 Y149.619 E17.91609
G1 X188.214 Y149.619 E17.95016
G1 X186.636 Y151.197 E18.07391
G1 X187.250 Y151.197 E18.10799
G1 X188.828 Y149.619 E18.23174
G1 X189.421 Y149.619 E18.26459
G1 X189.421 Y149.641 E18.26582
G1 X187.865 Y151.197 E18.38783
G1 X188.479 Y151.197 E18.42191
G1 X189.420 Y150.256 E18.49570
G1 X189.420 Y150.871 E18.52980
G1 X189.094 Y151.197 E18.55536
G1 E10.55536 F2400.00000
G92 E0
G1 X151.586 Y152.688 F7800.000
G1 E10.00000 F2400.00000
G1 F1800.000
G1 X139.091 Y152.688 E10.59901
G1 X139.088 Y148.128 E10.81761
G1 X151.593 Y148.128 E11.41709
G1 X151.586 Y152.628 E11.63282
G1 X151.240 Y152.488 F7800.000
G1 X151.188 Y152.291 F7800.000
G1 F1800.000
G1 X139.488 Y152.291 E12.25832
G1 X139.486 Y148.525 E12.45962
G1 X151.195 Y148.525 E13.08561
G1 X151.188 Y152.231 E13.28371
G1 X150.770 Y151.872 F7800.000
G1 F1800.000
G1 X139.907 Y151.872 E13.86448
G1 X139.905 Y148.944 E14.02100
G1 X150.776 Y148.944 E14.60215
G1 X150.770 Y151.812 E14.75546
G1 X150.352 Y151.453 F7800.000
G1 F1800.000
G1 X140.325 Y151.453 E15.29150
G1 X140.324 Y149.363 E15.40323
G1 X150.356 Y149.363 E15.93954
G1 X150.352 Y151.393 E16.04806
G1 X149.771 Y151.197 F7800.000
G1 F3600.000
G1 X150.097 Y150.871 E16.07362
G1 X150.098 Y150.256 E16.10773
G1 X149.157 Y151.197 E16.18154
G1 X148.542 Y151.197 E16.21559
G1 X150.099 Y149.640 E16.33765
G1 X150.099 Y149.619 E16.33882
G1 X149.506 Y149.619 E16.37170
G1 X147.928 Y151.197 E16.49542
G1 X147.314 Y151.197 E16.52948
G1 X148.892 Y149.619 E16.65320
G1 X148.278 Y149.619 E16.68725
G1 X146.700 Y151.197 E16.81097
G1 X146.085 Y151.197 E16.84502
G1 X147.663 Y149.619 E16.96874
G1 X147.049 Y149.619 E17.00279
G1 X145.471 Y151.197 E17.12651
G1 X144.857 Y151.197 E17.16057
G1 X146.435 Y149.619 E17.28428
G1 X145.821 Y149.619 E17.31834
G1 X144.242 Y151.197 E17.44206
G1 X143.628 Y151.197 E17.47611
G1 X145.206 Y149.619 E17.59983
G1 X144.592 Y149.619 E17.63388
G1 X143.014 Y151.197 E17.75760
G1 X142.400 Y151.197 E17.79165
G1 X143.978 Y149.619 E17.91537
G1 X143.363 Y149.619 E17.94943
G1 X141.785 Y151.197 E18.07314
G1 X141.171 Y151.197 E18.10720
G1 X142.749 Y149.619 E18.23092
G1 X142.135 Y149.619 E18.26497
G1 X140.581 Y151.173 E18.38679
G1 X140.581 Y150.559 E18.42082
G1 X141.520 Y149.619 E18.49451
G1 X140.906 Y149.619 E18.52857
G1 X140.580 Y149.945 E18.55411
G1 E10.55411 F2400.00000
G92 E0
G1 X151.582 Y174.129 F7800.000
G1 E10.00000 F2400.00000
G1 F2400.000
G1 X151.594 Y181.872 E10.37117
G1 X138.921 Y181.872 E10.97867
G1 X138.921 Y174.058 E11.35326
G1 X151.355 Y174.063 E11.94932
G1 X151.525 Y174.113 E11.95781
G1 X151.382 Y174.476 F7800.000
G1 X151.186 Y174.460 F7800.000
G1 F1800.000
G1 X151.196 Y181.475 E12.33281
G1 X139.318 Y181.475 E12.96777
G1 X139.318 Y174.456 E13.34302
G1 X151.126 Y174.460 E13.97423
G1 X150.767 Y174.879 F7800.000
G1 F1800.000
G1 X150.776 Y181.056 E14.30446
G1 X139.737 Y181.056 E14.89460
G1 X139.737 Y174.875 E15.22505
G1 X150.707 Y174.879 E15.81151
G1 X150.349 Y175.298 F7800.000
G1 F1800.000
G1 X150.357 Y180.637 E16.09696
G1 X140.156 Y180.637 E16.64228
G1 X140.156 Y175.294 E16.92794
G1 X150.289 Y175.298 E17.46964
G1 E9.46964 F2400.00000
G92 E0
G1 X149.774 Y180.381 F7800.000
G1 E10.00000 F2400.00000
G1 F3600.000
G1 X150.100 Y180.055 E10.02508
G1 X150.099 Y179.453 E10.05784
G1 X149.171 Y180.381 E10.12925
G1 X148.568 Y180.381 E10.16206
G1 X150.098 Y178.851 E10.27980
G1 X150.098 Y178.249 E10.31256
G1 X147.965 Y180.381 E10.47663
G1 X147.362 Y180.381 E10.50944
G1 X150.097 Y177.647 E10.71983
G1 X150.096 Y177.045 E10.75259
G1 X146.760 Y180.381 E11.00932
G1 X146.157 Y180.381 E11.04213
G1 X150.095 Y176.443 E11.34519
G1 X150.094 Y175.841 E11.37795
G1 X145.554 Y180.381 E11.72733
G1 X144.951 Y180.381 E11.76014
G1 X149.779 Y175.553 E12.13164
G1 X149.176 Y175.553 E12.16443
G1 X144.348 Y180.381 E12.53595
G1 X143.745 Y180.381 E12.56876
G1 X148.573 Y175.553 E12.94029
G1 X147.970 Y175.553 E12.97309
G1 X143.142 Y180.381 E13.34464
G1 X142.539 Y180.381 E13.37745
G1 X147.368 Y175.552 E13.74902
G1 X146.765 Y175.552 E13.78182
G1 X141.936 Y180.381 E14.15341
G1 X141.333 Y180.381 E14.18621
G1 X146.162 Y175.552 E14.55782
G1 X145.560 Y175.552 E14.59062
G1 X140.730 Y180.381 E14.96224
G1 X140.412 Y180.381 E14.97955
G1 X140.412 Y180.096 E14.99505
G1 X144.957 Y175.551 E15.34478
G1 X144.354 Y175.551 E15.37757
G1 X140.412 Y179.493 E15.68092
G1 X140.412 Y178.890 E15.71373
G1 X143.752 Y175.551 E15.97070
G1 X143.149 Y175.551 E16.00349
G1 X140.412 Y178.287 E16.21409
G1 X140.412 Y177.684 E16.24690
G1 X142.546 Y175.550 E16.41111
G1 X141.943 Y175.550 E16.44391
G1 X140.412 Y177.082 E16.56174
G1 X140.412 Y176.479 E16.59455
G1 X141.341 Y175.550 E16.66601
G1 X140.738 Y175.550 E16.69881
G1 X140.412 Y175.876 E16.72388
G1 Z6.650 F7800.000
G1 E8.72388 F2400.00000
G92 E0
G1 X178.260 Y179.312 F7800.000
G1 E10.00000 F2400.00000
G1 F1800.000
G1 X191.175 Y179.312 E10.61913
G1 X191.175 Y181.872 E10.74186
G1 X178.260 Y181.872 E11.36102
G1 X178.260 Y179.372 E11.48086
G1 X178.659 Y179.338 F7800.000
G1 X178.657 Y179.709 F7800.000
G1 F1800.000
G1 X190.778 Y179.709 E12.12883
G1 X190.778 Y181.475 E12.22322
G1 X178.657 Y181.475 E12.87121
G1 X178.657 Y179.769 E12.96238
G1 X179.076 Y180.128 F7800.000
G1 F1800.000
G1 X190.359 Y180.128 E13.56557
G1 X190.359 Y181.056 E13.61517
G1 X179.076 Y181.056 E14.21837
G1 X179.076 Y180.188 E14.26476
G1 X179.285 Y180.592 F7800.000
G1 F2400.000
G1 X190.150 Y180.592 E14.88107
G1 E6.88107 F2400.00000
G92 E0
G1 X178.260 Y152.688 F7800.000
G1 E10.00000 F2400.00000
G1 F1800.000
G1 X178.260 Y148.128 E10.21860
G1 X190.843 Y148.128 E10.82184
G1 X190.843 Y152.688 E11.04044
G1 X178.320 Y152.688 E11.64077
G1 X178.438 Y152.330 F7800.000
G1 X178.657 Y152.291 F7800.000
G1 F1800.000
G1 X178.657 Y148.525 E11.84207
G1 X190.446 Y148.525 E12.47232
G1 X190.446 Y152.291 E12.67363
G1 X178.717 Y152.291 E13.30064
G1 X179.076 Y151.872 F7800.000
G1 F1800.000
G1 X179.076 Y148.944 E13.45715
G1 X190.028 Y148.944 E14.04264
G1 X190.027 Y151.872 E14.19916
G1 X179.136 Y151.872 E14.78140
G1 X179.495 Y151.453 F7800.000
G1 F1800.000
G1 X179.495 Y149.363 E14.89313
G1 X189.609 Y149.363 E15.43385
G1 X189.609 Y151.453 E15.54558
G1 X179.555 Y151.453 E16.08306
G1 X180.077 Y151.197 F7800.000
G1 F3600.000
G1 X179.751 Y150.871 E16.10881
G1 X179.751 Y150.252 E16.14343
G1 X180.696 Y151.197 E16.21816
G1 X181.316 Y151.197 E16.25278
G1 X179.751 Y149.619 E16.37699
G1 X180.357 Y149.619 E16.41087
G1 X181.935 Y151.197 E16.53560
G1 X182.554 Y151.197 E16.57022
G1 X180.976 Y149.619 E16.69495
G1 X181.595 Y149.619 E16.72957
G1 X183.174 Y151.197 E16.85431
G1 X183.793 Y151.197 E16.88892
G1 X182.215 Y149.619 E17.01366
G1 X182.834 Y149.619 E17.04828
G1 X184.412 Y151.197 E17.17301
G1 X185.032 Y151.197 E17.20763
G1 X183.453 Y149.619 E17.33236
G1 X184.073 Y149.619 E17.36698
G1 X185.651 Y151.197 E17.49172
G1 X186.270 Y151.197 E17.52633
G1 X184.692 Y149.619 E17.65107
G1 X185.312 Y149.619 E17.68569
G1 X186.890 Y151.197 E17.81042
G1 X187.509 Y151.197 E17.84504
G1 X185.931 Y149.619 E17.96977
G1 X186.550 Y149.619 E18.00439
G1 X188.128 Y151.197 E18.12913
G1 X188.748 Y151.197 E18.16374
G1 X187.170 Y149.619 E18.28848
G1 X187.789 Y149.619 E18.32310
G1 X189.353 Y151.183 E18.44676
G1 X189.354 Y150.565 E18.48134
G1 X188.408 Y149.619 E18.55609
G1 X189.028 Y149.619 E18.59071
G1 X189.353 Y149.945 E18.61647
G1 E10.61647 F2400.00000
G92 E0
G1 X151.739 Y152.688 F7800.000
G1 E10.00000 F2400.00000
G1 F1800.000
G1 X139.157 Y152.688 E10.60317
G1 X139.157 Y148.128 E10.82177
G1 X151.740 Y148.128 E11.42498
G1 X151.739 Y152.628 E11.64071
G1 X151.393 Y152.488 F7800.000
G1 X151.341 Y152.291 F7800.000
G1 F1800.000
G1 X139.555 Y152.291 E12.27084
G1 X139.554 Y148.525 E12.47214
G1 X151.342 Y148.525 E13.10231
G1 X151.341 Y152.231 E13.30040
G1 X150.922 Y151.872 F7800.000
G1 F1800.000
G1 X139.973 Y151.872 E13.88570
G1 X139.973 Y148.944 E14.04222
G1 X150.922 Y148.944 E14.62756
G1 X150.922 Y151.812 E14.78087
G1 X150.502 Y151.453 F7800.000
G1 F1800.000
G1 X140.392 Y151.453 E15.32135
G1 X140.392 Y149.363 E15.43308
G1 X150.503 Y149.363 E15.97358
G1 X150.502 Y151.393 E16.08211
G1 X150.246 Y149.945 F7800.000
G1 F3600.000
G1 X149.920 Y149.619 E16.10786
G1 X149.301 Y149.619 E16.14244
G1 X150.245 Y150.563 E16.21702
G1 X150.245 Y151.183 E16.25164
G1 X148.682 Y149.619 E16.37517
G1 X148.063 Y149.619 E16.40975
G1 X149.641 Y151.197 E16.53443
G1 X149.022 Y151.197 E16.56902
G1 X147.444 Y149.619 E16.69370
G1 X146.825 Y149.619 E16.72828
G1 X148.403 Y151.197 E16.85296
G1 X147.784 Y151.197 E16.88754
G1 X146.206 Y149.619 E17.01222
G1 X145.587 Y149.619 E17.04681
G1 X147.165 Y151.197 E17.17149
G1 X146.546 Y151.197 E17.20607
G1 X144.968 Y149.619 E17.33075
G1 X144.349 Y149.619 E17.36533
G1 X145.927 Y151.197 E17.49001
G1 X145.308 Y151.197 E17.52460
G1 X143.729 Y149.619 E17.64928
G1 X143.110 Y149.619 E17.68386
G1 X144.689 Y151.197 E17.80854
G1 X144.069 Y151.197 E17.84313
G1 X142.491 Y149.619 E17.96780
G1 X141.872 Y149.619 E18.00239
G1 X143.450 Y151.197 E18.12707
G1 X142.831 Y151.197 E18.16165
G1 X141.253 Y149.619 E18.28633
G1 X140.648 Y149.619 E18.32014
G1 X142.212 Y151.197 E18.44426
G1 X141.593 Y151.197 E18.47885
G1 X140.648 Y150.252 E18.55351
G1 X140.648 Y150.871 E18.58810
G1 X140.974 Y151.197 E18.61384
G1 E10.61384 F2400.00000
G92 E0
G1 X151.729 Y174.690 F7800.000
G1 E10.00000 F2400.00000
G1 F1800.000
G1 X151.740 Y181.872 E10.34430
G1 X138.945 Y181.872 E10.95770
G1 X138.945 Y174.559 E11.30829
G1 X151.382 Y174.565 E11.90451
G1 X151.549 Y174.604 E11.91272
G1 X151.675 Y174.664 E11.91944
G1 X151.491 Y175.011 F7800.000
G1 X151.332 Y174.962 F7800.000
G1 F1800.000
G1 X151.342 Y181.475 E12.26761
G1 X139.342 Y181.475 E12.90914
G1 X139.342 Y174.956 E13.25763
G1 X151.272 Y174.962 E13.89542
G1 X150.914 Y175.381 F7800.000
G1 F1800.000
G1 X150.923 Y181.056 E14.19883
G1 X139.761 Y181.056 E14.79554
G1 X139.761 Y175.375 E15.09922
G1 X150.854 Y175.381 E15.69227
G1 X150.496 Y175.799 F7800.000
G1 F1800.000
G1 X150.503 Y180.637 E15.95089
G1 X140.180 Y180.637 E16.50278
G1 X140.180 Y175.794 E16.76167
G1 X150.436 Y175.799 E17.30996
G1 X150.241 Y176.381 F7800.000
G1 F3600.000
G1 X149.915 Y176.055 E17.33545
G1 X149.302 Y176.055 E17.36934
G1 X150.242 Y176.995 E17.44283
G1 X150.243 Y177.608 E17.47676
G1 X148.689 Y176.054 E17.59826
G1 X148.076 Y176.054 E17.63215
G1 X150.243 Y178.222 E17.80165
G1 X150.244 Y178.835 E17.83557
G1 X147.463 Y176.054 E18.05307
G1 X146.850 Y176.054 E18.08697
G1 X150.245 Y179.449 E18.35247
G1 X150.246 Y180.063 E18.38640
G1 X146.237 Y176.053 E18.69991
G1 X145.624 Y176.053 E18.73380
G1 X149.952 Y180.381 E19.07223
G1 X149.339 Y180.381 E19.10610
G1 X145.011 Y176.053 E19.44456
G1 X144.398 Y176.052 E19.47845
G1 X148.727 Y180.381 E19.81693
G1 X148.114 Y180.381 E19.85080
G1 X143.785 Y176.052 E20.18930
G1 X143.172 Y176.052 E20.22319
G1 X147.501 Y180.381 E20.56172
G1 X146.889 Y180.381 E20.59559
G1 X142.559 Y176.051 E20.93414
G1 X141.946 Y176.051 E20.96803
G1 X146.276 Y180.381 E21.30660
G1 X145.663 Y180.381 E21.34047
G1 X141.333 Y176.051 E21.67907
G1 X140.720 Y176.051 E21.71296
G1 X145.051 Y180.381 E22.05157
G1 X144.438 Y180.381 E22.08545
G1 X140.436 Y176.379 E22.39838
G1 X140.436 Y176.992 E22.43226
G1 X143.825 Y180.381 E22.69728
G1 X143.213 Y180.381 E22.73116
G1 X140.436 Y177.604 E22.94828
G1 X140.436 Y178.217 E22.98215
G1 X142.600 Y180.381 E23.15136
G1 X141.987 Y180.381 E23.18524
G1 X140.436 Y178.830 E23.30654
G1 X140.436 Y179.442 E23.34042
G1 X141.374 Y180.381 E23.41381
G1 X140.762 Y180.381 E23.44769
G1 X140.436 Y180.055 E23.47318
G1 Z6.950 F7800.000
G1 E15.47318 F2400.00000
G92 E0
G1 X178.107 Y179.312 F7800.000
G1 E10.00000 F2400.00000
G1 F1800.000
G1 X191.175 Y179.312 E10.62651
G1 X191.175 Y181.872 E10.74923
G1 X178.112 Y181.872 E11.37546
G1 X178.107 Y179.372 E11.49530
G1 X178.506 Y179.338 F7800.000
G1 X178.505 Y179.709 F7800.000
G1 F1800.000
G1 X190.778 Y179.709 E12.15144
G1 X190.778 Y181.475 E12.24583
G1 X178.509 Y181.475 E12.90175
G1 X178.505 Y179.769 E12.99293
G1 X178.924 Y180.128 F7800.000
G1 F1800.000
G1 X190.359 Y180.128 E13.60423
G1 X190.359 Y181.056 E13.65383
G1 X178.927 Y181.056 E14.26501
G1 X178.925 Y180.188 E14.31140
G1 X179.135 Y180.592 F7800.000
G1 F2400.000
G1 X190.150 Y180.592 E14.93626
G1 E6.93626 F2400.00000
G92 E0
G1 X178.107 Y152.688 F7800.000
G1 E10.00000 F2400.00000
G1 F1800.000
G1 X178.113 Y148.128 E10.21860
G1 X190.759 Y148.128 E10.82488
G1 X190.762 Y152.688 E11.04348
G1 X178.167 Y152.688 E11.64727
G1 X178.302 Y152.339 F7800.000
G1 X178.505 Y152.291 F7800.000
G1 F1800.000
G1 X178.509 Y148.525 E11.84858
G1 X190.362 Y148.525 E12.48224
G1 X190.365 Y152.291 E12.68355
G1 X178.565 Y152.291 E13.31440
G1 X178.924 Y151.872 F7800.000
G1 F1800.000
G1 X178.928 Y148.944 E13.47092
G1 X189.944 Y148.944 E14.05984
G1 X189.947 Y151.872 E14.21636
G1 X178.984 Y151.872 E14.80240
G1 X179.344 Y151.453 F7800.000
G1 F1800.000
G1 X179.346 Y149.363 E14.91413
G1 X189.525 Y149.363 E15.45831
G1 X189.527 Y151.453 E15.57004
G1 X179.404 Y151.453 E16.11125
G1 X179.602 Y149.945 F7800.000
G1 F3600.000
G1 X179.928 Y149.619 E16.13717
G1 X180.551 Y149.619 E16.17222
G1 X179.601 Y150.569 E16.24779
G1 X179.600 Y151.193 E16.28288
G1 X181.174 Y149.619 E16.40808
G1 X181.797 Y149.619 E16.44314
G1 X180.219 Y151.197 E16.56867
G1 X180.843 Y151.197 E16.60372
G1 X182.421 Y149.619 E16.72925
G1 X183.044 Y149.619 E16.76430
G1 X181.466 Y151.197 E16.88983
G1 X182.089 Y151.197 E16.92489
G1 X183.667 Y149.619 E17.05041
G1 X184.290 Y149.619 E17.08547
G1 X182.712 Y151.197 E17.21100
G1 X183.336 Y151.197 E17.24605
G1 X184.914 Y149.619 E17.37158
G1 X185.537 Y149.619 E17.40664
G1 X183.959 Y151.197 E17.53216
G1 X184.582 Y151.197 E17.56722
G1 X186.160 Y149.619 E17.69275
G1 X186.783 Y149.619 E17.72780
G1 X185.205 Y151.197 E17.85333
G1 X185.829 Y151.197 E17.88839
G1 X187.407 Y149.619 E18.01391
G1 X188.030 Y149.619 E18.04897
G1 X186.452 Y151.197 E18.17449
G1 X187.075 Y151.197 E18.20955
G1 X188.653 Y149.619 E18.33508
G1 X189.270 Y149.619 E18.36976
G1 X187.698 Y151.197 E18.49502
G1 X188.322 Y151.197 E18.53008
G1 X189.270 Y150.248 E18.60554
G1 X189.271 Y150.871 E18.64056
G1 X188.945 Y151.197 E18.66649
G1 E10.66649 F2400.00000
G92 E0
G1 X151.893 Y152.688 F7800.000
G1 E10.00000 F2400.00000
G1 F1800.000
G1 X139.238 Y152.688 E10.60665
G1 X139.241 Y148.128 E10.82525
G1 X151.887 Y148.128 E11.43149
G1 X151.892 Y152.628 E11.64722
G1 X151.546 Y152.488 F7800.000
G1 X151.495 Y152.291 F7800.000
G1 F1800.000
G1 X139.635 Y152.291 E12.28121
G1 X139.638 Y148.525 E12.48251
G1 X151.489 Y148.525 E13.11607
G1 X151.495 Y152.231 E13.31417
G1 X151.075 Y151.872 F7800.000
G1 F1800.000
G1 X140.055 Y151.872 E13.90332
G1 X140.056 Y148.944 E14.05984
G1 X151.070 Y148.944 E14.64862
G1 X151.075 Y151.812 E14.80193
G1 X150.655 Y151.453 F7800.000
G1 F1800.000
G1 X140.474 Y151.453 E15.34625
G1 X140.475 Y149.363 E15.45798
G1 X150.652 Y149.363 E16.00203
G1 X150.655 Y151.393 E16.11055
G1 X150.073 Y151.197 F7800.000
G1 F3600.000
G1 X150.399 Y150.871 E16.13647
G1 X150.398 Y150.249 E16.17146
G1 X149.450 Y151.197 E16.24686
G1 X148.826 Y151.197 E16.28191
G1 X150.396 Y149.619 E16.40711
G1 X149.781 Y149.619 E16.44171
G1 X148.203 Y151.197 E16.56722
G1 X147.580 Y151.197 E16.60227
G1 X149.158 Y149.619 E16.72778
G1 X148.535 Y149.619 E16.76283
G1 X146.957 Y151.197 E16.88834
G1 X146.334 Y151.197 E16.92338
G1 X147.912 Y149.619 E17.04890
G1 X147.288 Y149.619 E17.08394
G1 X145.710 Y151.197 E17.20946
G1 X145.087 Y151.197 E17.24450
G1 X146.665 Y149.619 E17.37001
G1 X146.042 Y149.619 E17.40506
G1 X144.464 Y151.197 E17.53057
G1 X143.841 Y151.197 E17.56562
G1 X145.419 Y149.619 E17.69113
G1 X144.796 Y149.619 E17.72618
G1 X143.218 Y151.197 E17.85169
G1 X142.594 Y151.197 E17.88674
G1 X144.173 Y149.619 E18.01225
G1 X143.549 Y149.619 E18.04730
G1 X141.971 Y151.197 E18.17281
G1 X141.348 Y151.197 E18.20786
G1 X142.926 Y149.619 E18.33337
G1 X142.303 Y149.619 E18.36842
G1 X140.730 Y151.192 E18.49354
G1 X140.730 Y150.569 E18.52860
G1 X141.680 Y149.619 E18.60413
G1 X141.057 Y149.619 E18.63917
G1 X140.731 Y149.945 E18.66509
G1 E10.66509 F2400.00000
G92 E0
G1 X151.884 Y175.174 F7800.000
G1 E10.00000 F2400.00000
G1 F1800.000
G1 X151.887 Y181.872 E10.32107
G1 X138.969 Y181.872 E10.94037
G1 X138.969 Y175.022 E11.26873
G1 X151.403 Y175.028 E11.86481
G1 X151.747 Y175.109 E11.88175
G1 X151.830 Y175.149 E11.88614
G1 X151.651 Y175.500 F7800.000
G1 X151.356 Y175.426 F7800.000
G1 F1800.000
G1 X151.487 Y175.456 E11.89330
G1 X151.490 Y181.475 E12.21505
G1 X139.366 Y181.475 E12.86318
G1 X139.366 Y175.420 E13.18687
G1 X151.296 Y175.425 E13.82468
G1 X151.068 Y175.844 F7800.000
G1 F1800.000
G1 X151.071 Y181.056 E14.10329
G1 X139.785 Y181.056 E14.70663
G1 X139.785 Y175.839 E14.98552
G1 X151.008 Y175.844 E15.58552
G1 X150.649 Y176.263 F7800.000
G1 F1800.000
G1 X150.651 Y180.637 E15.81935
G1 X140.204 Y180.637 E16.37790
G1 X140.204 Y176.258 E16.61199
G1 X150.589 Y176.263 E17.16721
G1 X150.069 Y180.381 F7800.000
G1 F3600.000
G1 X150.395 Y180.055 E17.19208
G1 X150.395 Y179.458 E17.22431
G1 X149.472 Y180.381 E17.29476
G1 X148.874 Y180.381 E17.32700
G1 X150.395 Y178.860 E17.44303
G1 X150.394 Y178.263 E17.47526
G1 X148.276 Y180.381 E17.63686
G1 X147.678 Y180.381 E17.66911
G1 X150.394 Y177.665 E17.87630
G1 X150.394 Y177.068 E17.90853
G1 X147.081 Y180.381 E18.16129
G1 X146.483 Y180.381 E18.19354
G1 X150.345 Y176.519 E18.48819
G1 X149.748 Y176.518 E18.52042
G1 X145.885 Y180.381 E18.81510
G1 X145.287 Y180.381 E18.84735
G1 X149.150 Y176.518 E19.14204
G1 X148.553 Y176.518 E19.17427
G1 X144.690 Y180.381 E19.46899
G1 X144.092 Y180.381 E19.50124
G1 X147.955 Y176.518 E19.79598
G1 X147.358 Y176.517 E19.82821
G1 X143.494 Y180.381 E20.12297
G1 X142.896 Y180.381 E20.15522
G1 X146.760 Y176.517 E20.45000
G1 X146.163 Y176.517 E20.48223
G1 X142.299 Y180.381 E20.77703
G1 X141.701 Y180.381 E20.80928
G1 X145.565 Y176.516 E21.10410
G1 X144.968 Y176.516 E21.13633
G1 X141.103 Y180.381 E21.43118
G1 X140.505 Y180.381 E21.46343
G1 X144.370 Y176.516 E21.75830
G1 X143.773 Y176.516 E21.79053
G1 X140.460 Y179.829 E22.04330
G1 X140.460 Y179.231 E22.07554
G1 X143.175 Y176.515 E22.28274
G1 X142.578 Y176.515 E22.31497
G1 X140.460 Y178.633 E22.47658
G1 X140.460 Y178.036 E22.50882
G1 X141.980 Y176.515 E22.62485
G1 X141.383 Y176.514 E22.65708
G1 X140.460 Y177.438 E22.72753
G1 X140.460 Y176.840 E22.75978
G1 X140.786 Y176.514 E22.78464
G1 Z7.250 F7800.000
G1 E14.78464 F2400.00000
G92 E0
G1 X177.952 Y179.312 F7800.000
G1 E10.00000 F2400.00000
G1 F1800.000
G1 X191.176 Y179.312 E10.63394
G1 X191.176 Y181.872 E10.75666
G1 X177.949 Y181.872 E11.39072
G1 X177.952 Y179.372 E11.51056
G1 X178.351 Y179.337 F7800.000
G1 X178.349 Y179.709 F7800.000
G1 F1800.000
G1 X190.778 Y179.709 E12.17506
G1 X190.778 Y181.475 E12.26944
G1 X178.347 Y181.475 E12.93403
G1 X178.349 Y179.769 E13.02520
G1 X178.767 Y180.128 F7800.000
G1 F1800.000
G1 X190.360 Y180.128 E13.64493
G1 X190.360 Y181.056 E13.69453
G1 X178.766 Y181.056 E14.31431
G1 X178.767 Y180.188 E14.36070
G1 X178.976 Y180.592 F7800.000
G1 F2400.000
G1 X190.150 Y180.592 E14.99458
G1 E6.99458 F2400.00000
G92 E0
G1 X177.954 Y152.688 F7800.000
G1 E10.00000 F2400.00000
G1 F1800.000
G1 X177.949 Y148.128 E10.21860
G1 X190.676 Y148.128 E10.82869
G1 X190.677 Y152.688 E11.04730
G1 X178.014 Y152.688 E11.65436
G1 X178.139 Y152.333 F7800.000
G1 X178.350 Y152.291 F7800.000
G1 F1800.000
G1 X178.347 Y148.525 E11.85566
G1 X190.279 Y148.525 E12.49355
G1 X190.280 Y152.291 E12.69485
G1 X178.410 Y152.291 E13.32939
G1 X178.769 Y151.872 F7800.000
G1 F1800.000
G1 X178.766 Y148.944 E13.48591
G1 X189.860 Y148.944 E14.07900
G1 X189.862 Y151.872 E14.23552
G1 X178.829 Y151.872 E14.82532
G1 X179.187 Y151.453 F7800.000
G1 F1800.000
G1 X179.185 Y149.363 E14.93705
G1 X189.442 Y149.363 E15.48535
G1 X189.443 Y151.453 E15.59709
G1 X179.247 Y151.453 E16.14214
G1 X179.443 Y150.871 F7800.000
G1 F3600.000
G1 X179.769 Y151.197 E16.16680
G1 X180.362 Y151.197 E16.19850
G1 X179.442 Y150.278 E16.26805
G1 X179.442 Y149.684 E16.29978
G1 X180.954 Y151.197 E16.41421
G1 X181.547 Y151.197 E16.44592
G1 X179.969 Y149.619 E16.56530
G1 X180.562 Y149.619 E16.59701
G1 X182.140 Y151.197 E16.71638
G1 X182.733 Y151.197 E16.74809
G1 X181.155 Y149.619 E16.86747
G1 X181.747 Y149.619 E16.89918
G1 X183.325 Y151.197 E17.01856
G1 X183.918 Y151.197 E17.05026
G1 X182.340 Y149.619 E17.16964
G1 X182.933 Y149.619 E17.20135
G1 X184.511 Y151.197 E17.32073
G1 X185.104 Y151.197 E17.35244
G1 X183.526 Y149.619 E17.47182
G1 X184.118 Y149.619 E17.50352
G1 X185.696 Y151.197 E17.62290
G1 X186.289 Y151.197 E17.65461
G1 X184.711 Y149.619 E17.77399
G1 X185.304 Y149.619 E17.80570
G1 X186.882 Y151.197 E17.92508
G1 X187.475 Y151.197 E17.95678
G1 X185.897 Y149.619 E18.07616
G1 X186.489 Y149.619 E18.10787
G1 X188.067 Y151.197 E18.22725
G1 X188.660 Y151.197 E18.25896
G1 X187.082 Y149.619 E18.37834
G1 X187.675 Y149.619 E18.41004
G1 X189.187 Y151.131 E18.52446
G1 X189.187 Y150.538 E18.55620
G1 X188.268 Y149.619 E18.62573
G1 X188.860 Y149.619 E18.65744
G1 X189.186 Y149.945 E18.68210
G1 E10.68210 F2400.00000
G92 E0
G1 X152.046 Y152.688 F7800.000
G1 E10.00000 F2400.00000
G1 F1800.000
G1 X139.323 Y152.688 E10.60990
G1 X139.324 Y148.128 E10.82850
G1 X152.051 Y148.128 E11.43858
G1 X152.046 Y152.628 E11.65430
G1 X151.699 Y152.488 F7800.000
G1 X151.648 Y152.291 F7800.000
G1 F1800.000
G1 X139.721 Y152.291 E12.29193
G1 X139.722 Y148.525 E12.49324
G1 X151.653 Y148.525 E13.13107
G1 X151.648 Y152.231 E13.32916
G1 X151.228 Y151.872 F7800.000
G1 F1800.000
G1 X140.140 Y151.872 E13.92196
G1 X140.140 Y148.944 E14.07847
G1 X151.233 Y148.944 E14.67148
G1 X151.228 Y151.812 E14.82479
G1 X150.809 Y151.453 F7800.000
G1 F1800.000
G1 X140.559 Y151.453 E15.37279
G1 X140.559 Y149.363 E15.48452
G1 X150.813 Y149.363 E16.03271
G1 X150.809 Y151.393 E16.14123
G1 X150.556 Y149.945 F7800.000
G1 F3600.000
G1 X150.231 Y149.619 E16.16589
G1 X149.638 Y149.619 E16.19759
G1 X150.555 Y150.536 E16.26699
G1 X150.554 Y151.128 E16.29862
G1 X149.045 Y149.619 E16.41277
G1 X148.453 Y149.619 E16.44447
G1 X150.031 Y151.197 E16.56383
G1 X149.438 Y151.197 E16.59553
G1 X147.860 Y149.619 E16.71490
G1 X147.267 Y149.619 E16.74659
G1 X148.845 Y151.197 E16.86596
G1 X148.253 Y151.197 E16.89766
G1 X146.675 Y149.619 E17.01702
G1 X146.082 Y149.619 E17.04872
G1 X147.660 Y151.197 E17.16808
G1 X147.067 Y151.197 E17.19978
G1 X145.489 Y149.619 E17.31915
G1 X144.897 Y149.619 E17.35085
G1 X146.475 Y151.197 E17.47021
G1 X145.882 Y151.197 E17.50191
G1 X144.304 Y149.619 E17.62127
G1 X143.711 Y149.619 E17.65297
G1 X145.289 Y151.197 E17.77233
G1 X144.697 Y151.197 E17.80403
G1 X143.119 Y149.619 E17.92340
G1 X142.526 Y149.619 E17.95510
G1 X144.104 Y151.197 E18.07446
G1 X143.511 Y151.197 E18.10616
G1 X141.933 Y149.619 E18.22552
G1 X141.341 Y149.619 E18.25722
G1 X142.919 Y151.197 E18.37659
G1 X142.326 Y151.197 E18.40828
G1 X140.815 Y149.686 E18.52258
G1 X140.815 Y150.279 E18.55427
G1 X141.733 Y151.197 E18.62374
G1 X141.141 Y151.197 E18.65544
G1 X140.815 Y150.871 E18.68009
G1 E10.68009 F2400.00000
G92 E0
G1 X152.045 Y175.625 F7800.000
G1 E10.00000 F2400.00000
G1 F1800.000
G1 X152.051 Y181.872 E10.29945
G1 X138.992 Y181.872 E10.92546
G1 X138.992 Y175.427 E11.23442
G1 X151.429 Y175.434 E11.83062
G1 X151.688 Y175.483 E11.84326
G1 X151.989 Y175.603 E11.85882
G1 X151.812 Y175.950 F7800.000
G1 X151.648 Y175.879 F7800.000
G1 F1800.000
G1 X151.653 Y181.475 E12.15794
G1 X139.390 Y181.475 E12.81355
G1 X139.390 Y175.824 E13.11561
G1 X151.392 Y175.831 E13.75724
G1 X151.589 Y175.868 E13.76798
G1 X151.229 Y176.250 F7800.000
G1 F1800.000
G1 X151.234 Y181.056 E14.02491
G1 X139.808 Y181.056 E14.63571
G1 X139.808 Y176.244 E14.89298
G1 X151.169 Y176.250 E15.50034
G1 X150.811 Y176.668 F7800.000
G1 F1800.000
G1 X150.815 Y180.637 E15.71249
G1 X140.227 Y180.637 E16.27849
G1 X140.227 Y176.663 E16.49095
G1 X150.751 Y176.668 E17.05354
G1 X150.555 Y177.250 F7800.000
G1 F3600.000
G1 X150.229 Y176.924 E17.07905
G1 X149.616 Y176.924 E17.11300
G1 X150.556 Y177.864 E17.18657
G1 X150.557 Y178.478 E17.22053
G1 X149.002 Y176.924 E17.34216
G1 X148.389 Y176.923 E17.37611
G1 X150.557 Y179.091 E17.54579
G1 X150.558 Y179.705 E17.57976
G1 X147.775 Y176.923 E17.79750
G1 X147.162 Y176.923 E17.83145
G1 X150.558 Y180.319 E18.09724
G1 X150.558 Y180.381 E18.10068
G1 X150.007 Y180.381 E18.13118
G1 X146.548 Y176.922 E18.40187
G1 X145.935 Y176.922 E18.43582
G1 X149.394 Y180.381 E18.70653
G1 X148.781 Y180.381 E18.74046
G1 X145.321 Y176.922 E19.01120
G1 X144.708 Y176.921 E19.04515
G1 X148.168 Y180.381 E19.31592
G1 X147.554 Y180.381 E19.34985
G1 X144.094 Y176.921 E19.62064
G1 X143.481 Y176.920 E19.65459
G1 X146.941 Y180.381 E19.92541
G1 X146.328 Y180.381 E19.95934
G1 X142.867 Y176.920 E20.23019
G1 X142.254 Y176.920 E20.26414
G1 X145.715 Y180.381 E20.53501
G1 X145.102 Y180.381 E20.56894
G1 X141.640 Y176.919 E20.83984
G1 X141.027 Y176.919 E20.87379
G1 X144.488 Y180.381 E21.14471
G1 X143.875 Y180.381 E21.17865
G1 X140.483 Y176.989 E21.44409
G1 X140.483 Y177.602 E21.47803
G1 X143.262 Y180.381 E21.69549
G1 X142.649 Y180.381 E21.72942
G1 X140.483 Y178.215 E21.89889
G1 X140.483 Y178.829 E21.93282
G1 X142.036 Y180.381 E22.05431
G1 X141.422 Y180.381 E22.08824
G1 X140.483 Y179.442 E22.16174
G1 X140.483 Y180.055 E22.19567
G1 X140.809 Y180.381 E22.22117
G1 Z7.550 F7800.000
G1 E14.22117 F2400.00000
G92 E0
G1 X177.775 Y179.312 F7800.000
G1 E10.00000 F2400.00000
G1 F1800.000
G1 X191.176 Y179.312 E10.64243
G1 X191.176 Y181.872 E10.76515
G1 X177.771 Y181.872 E11.40778
G1 X177.775 Y179.372 E11.52763
G1 X178.174 Y179.337 F7800.000
G1 X178.171 Y179.709 F7800.000
G1 F1800.000
G1 X190.779 Y179.709 E12.20161
G1 X190.779 Y181.475 E12.29600
G1 X178.169 Y181.475 E12.97013
G1 X178.171 Y179.769 E13.06131
G1 X178.590 Y180.128 F7800.000
G1 F1800.000
G1 X190.360 Y180.128 E13.69053
G1 X190.360 Y181.056 E13.74013
G1 X178.588 Y181.056 E14.36944
G1 X178.590 Y180.188 E14.41583
G1 X178.798 Y180.592 F7800.000
G1 F2400.000
G1 X190.150 Y180.592 E15.05981
G1 E7.05981 F2400.00000
G92 E0
G1 X177.774 Y152.688 F7800.000
G1 E10.00000 F2400.00000
G1 F1800.000
G1 X177.770 Y148.128 E10.21860
G1 X190.592 Y148.128 E10.83326
G1 X190.592 Y152.688 E11.05186
G1 X177.834 Y152.688 E11.66344
G1 X177.950 Y152.329 F7800.000
G1 X178.171 Y152.291 F7800.000
G1 F1800.000
G1 X178.168 Y148.525 E11.86474
G1 X190.195 Y148.525 E12.50771
G1 X190.195 Y152.291 E12.70901
G1 X178.231 Y152.291 E13.34859
G1 X178.590 Y151.872 F7800.000
G1 F1800.000
G1 X178.587 Y148.944 E13.50510
G1 X189.777 Y148.944 E14.10329
G1 X189.776 Y151.872 E14.25981
G1 X178.650 Y151.872 E14.85463
G1 X179.008 Y151.453 F7800.000
G1 F1800.000
G1 X179.006 Y149.363 E14.96636
G1 X189.358 Y149.363 E15.51977
G1 X189.358 Y151.453 E15.63150
G1 X179.068 Y151.453 E16.18157
G1 X179.589 Y149.619 F7800.000
G1 F3600.000
G1 X179.263 Y149.945 E16.20645
G1 X179.263 Y150.543 E16.23870
G1 X180.187 Y149.619 E16.30920
G1 X180.785 Y149.619 E16.34148
G1 X179.264 Y151.140 E16.45759
G1 X179.264 Y151.197 E16.46066
G1 X179.805 Y151.197 E16.48987
G1 X181.383 Y149.619 E16.61032
G1 X181.981 Y149.619 E16.64260
G1 X180.403 Y151.197 E16.76306
G1 X181.001 Y151.197 E16.79534
G1 X182.579 Y149.619 E16.91579
G1 X183.177 Y149.619 E16.94807
G1 X181.599 Y151.197 E17.06852
G1 X182.197 Y151.197 E17.10080
G1 X183.775 Y149.619 E17.22126
G1 X184.373 Y149.619 E17.25354
G1 X182.795 Y151.197 E17.37399
G1 X183.393 Y151.197 E17.40627
G1 X184.971 Y149.619 E17.52672
G1 X185.569 Y149.619 E17.55900
G1 X183.991 Y151.197 E17.67945
G1 X184.589 Y151.197 E17.71173
G1 X186.168 Y149.619 E17.83219
G1 X186.766 Y149.619 E17.86447
G1 X185.188 Y151.197 E17.98492
G1 X185.786 Y151.197 E18.01720
G1 X187.364 Y149.619 E18.13765
G1 X187.962 Y149.619 E18.16993
G1 X186.384 Y151.197 E18.29039
G1 X186.982 Y151.197 E18.32267
G1 X188.560 Y149.619 E18.44312
G1 X189.103 Y149.619 E18.47242
G1 X189.103 Y149.674 E18.47540
G1 X187.580 Y151.197 E18.59163
G1 X188.178 Y151.197 E18.62391
G1 X189.102 Y150.273 E18.69448
G1 X189.102 Y150.871 E18.72679
G1 X188.776 Y151.197 E18.75167
G1 E10.75167 F2400.00000
G92 E0
G1 X152.225 Y152.688 F7800.000
G1 E10.00000 F2400.00000
G1 F1800.000
G1 X139.409 Y152.688 E10.61442
G1 X139.408 Y148.128 E10.83302
G1 X152.229 Y148.128 E11.44765
G1 X152.225 Y152.628 E11.66338
G1 X151.879 Y152.488 F7800.000
G1 X151.827 Y152.291 F7800.000
G1 F1800.000
G1 X139.806 Y152.291 E12.30605
G1 X139.805 Y148.525 E12.50736
G1 X151.831 Y148.525 E13.15026
G1 X151.827 Y152.231 E13.34836
G1 X151.408 Y151.872 F7800.000
G1 F1800.000
G1 X140.225 Y151.872 E13.94621
G1 X140.224 Y148.944 E14.10272
G1 X151.412 Y148.944 E14.70080
G1 X151.408 Y151.812 E14.85411
G1 X150.988 Y151.453 F7800.000
G1 F1800.000
G1 X140.643 Y151.453 E15.40713
G1 X140.643 Y149.363 E15.51886
G1 X150.992 Y149.363 E16.07210
G1 X150.988 Y151.393 E16.18062
G1 X150.407 Y151.197 F7800.000
G1 F3600.000
G1 X150.733 Y150.871 E16.20549
G1 X150.734 Y150.272 E16.23780
G1 X149.809 Y151.197 E16.30835
G1 X149.211 Y151.197 E16.34060
G1 X150.735 Y149.673 E16.45684
G1 X150.735 Y149.619 E16.45978
G1 X150.192 Y149.619 E16.48910
G1 X148.614 Y151.197 E16.60949
G1 X148.016 Y151.197 E16.64173
G1 X149.594 Y149.619 E16.76213
G1 X148.996 Y149.619 E16.79437
G1 X147.418 Y151.197 E16.91476
G1 X146.820 Y151.197 E16.94701
G1 X148.398 Y149.619 E17.06740
G1 X147.801 Y149.619 E17.09965
G1 X146.223 Y151.197 E17.22004
G1 X145.625 Y151.197 E17.25229
G1 X147.203 Y149.619 E17.37268
G1 X146.605 Y149.619 E17.40492
G1 X145.027 Y151.197 E17.52531
G1 X144.429 Y151.197 E17.55756
G1 X146.007 Y149.619 E17.67795
G1 X145.410 Y149.619 E17.71020
G1 X143.831 Y151.197 E17.83059
G1 X143.234 Y151.197 E17.86284
G1 X144.812 Y149.619 E17.98323
G1 X144.214 Y149.619 E18.01547
G1 X142.636 Y151.197 E18.13587
G1 X142.038 Y151.197 E18.16811
G1 X143.616 Y149.619 E18.28850
G1 X143.018 Y149.619 E18.32075
G1 X141.440 Y151.197 E18.44114
G1 X140.899 Y151.197 E18.47033
G1 X140.899 Y151.140 E18.47339
G1 X142.421 Y149.619 E18.58945
G1 X141.823 Y149.619 E18.62170
G1 X140.899 Y150.543 E18.69216
G1 X140.899 Y149.945 E18.72441
G1 X141.225 Y149.619 E18.74927
G1 E10.74927 F2400.00000
G92 E0
G1 X152.216 Y176.007 F7800.000
G1 E10.00000 F2400.00000
G1 F1800.000
G1 X152.229 Y181.872 E10.28116
G1 X139.016 Y181.872 E10.91458
G1 X139.016 Y175.800 E11.20569
G1 X151.454 Y175.806 E11.80193
G1 X151.768 Y175.855 E11.81720
G1 X152.160 Y175.986 E11.83700
G1 X151.980 Y176.330 F7800.000
G1 X151.820 Y176.279 F7800.000
G1 F1800.000
G1 X151.831 Y181.475 E12.11474
G1 X139.413 Y181.475 E12.77859
G1 X139.413 Y176.197 E13.06073
G1 X151.423 Y176.203 E13.70277
G1 X151.762 Y176.264 E13.72116
G1 X151.401 Y176.622 F7800.000
G1 F1800.000
G1 X151.411 Y181.056 E13.95819
G1 X139.832 Y181.056 E14.57720
G1 X139.832 Y176.616 E14.81455
G1 X151.341 Y176.622 E15.42983
G1 X150.983 Y177.041 F7800.000
G1 F1800.000
G1 X150.991 Y180.637 E15.62208
G1 X140.251 Y180.637 E16.19626
G1 X140.251 Y177.035 E16.38881
G1 X150.923 Y177.041 E16.95935
G1 X150.409 Y180.381 F7800.000
G1 F3600.000
G1 X150.735 Y180.055 E16.98444
G1 X150.733 Y179.453 E17.01719
G1 X149.806 Y180.381 E17.08860
G1 X149.202 Y180.381 E17.12143
G1 X150.732 Y178.852 E17.23916
G1 X150.731 Y178.250 E17.27191
G1 X148.599 Y180.381 E17.43595
G1 X147.996 Y180.381 E17.46878
G1 X150.729 Y177.648 E17.67914
G1 X150.728 Y177.296 E17.69828
G1 X150.478 Y177.296 E17.71192
G1 X147.393 Y180.381 E17.94935
G1 X146.790 Y180.381 E17.98218
G1 X149.875 Y177.296 E18.21963
G1 X149.272 Y177.296 E18.25244
G1 X146.187 Y180.381 E18.48992
G1 X145.584 Y180.381 E18.52275
G1 X148.669 Y177.295 E18.76025
G1 X148.067 Y177.295 E18.79306
G1 X144.981 Y180.381 E19.03059
G1 X144.378 Y180.381 E19.06342
G1 X147.464 Y177.295 E19.30097
G1 X146.861 Y177.294 E19.33378
G1 X143.774 Y180.381 E19.57135
G1 X143.171 Y180.381 E19.60418
G1 X146.258 Y177.294 E19.84178
G1 X145.655 Y177.294 E19.87458
G1 X142.568 Y180.381 E20.11221
G1 X141.965 Y180.381 E20.14503
G1 X145.053 Y177.294 E20.38268
G1 X144.450 Y177.293 E20.41549
G1 X141.362 Y180.381 E20.65316
G1 X140.759 Y180.381 E20.68598
G1 X143.847 Y177.293 E20.92368
G1 X143.244 Y177.293 E20.95649
G1 X140.507 Y180.030 E21.16717
G1 X140.507 Y179.427 E21.20000
G1 X142.641 Y177.292 E21.36428
G1 X142.039 Y177.292 E21.39709
G1 X140.507 Y178.824 E21.51498
G1 X140.507 Y178.220 E21.54780
G1 X141.436 Y177.292 E21.61929
G1 X140.833 Y177.291 E21.65210
G1 X140.507 Y177.617 E21.67718
G1 Z7.850 F7800.000
G1 E13.67718 F2400.00000
G92 E0
G1 X177.588 Y179.312 F7800.000
G1 E10.00000 F2400.00000
G1 F1800.000
G1 X191.176 Y179.312 E10.65138
G1 X191.176 Y181.872 E10.77410
G1 X177.591 Y181.872 E11.42534
G1 X177.589 Y179.372 E11.54519
G1 X177.988 Y179.337 F7800.000
G1 X177.986 Y179.709 F7800.000
G1 F1800.000
G1 X190.779 Y179.709 E12.22909
G1 X190.779 Y181.475 E12.32347
G1 X177.988 Y181.475 E13.00727
G1 X177.986 Y179.769 E13.09844
G1 X178.405 Y180.128 F7800.000
G1 F1800.000
G1 X190.360 Y180.128 E13.73753
G1 X190.360 Y181.056 E13.78713
G1 X178.407 Y181.056 E14.42616
G1 X178.406 Y180.188 E14.47255
G1 X178.615 Y180.592 F7800.000
G1 F2400.000
G1 X190.151 Y180.592 E15.12692
G1 E7.12692 F2400.00000
G92 E0
G1 X177.589 Y152.688 F7800.000
G1 E10.00000 F2400.00000
G1 F1800.000
G1 X177.591 Y148.128 E10.21860
G1 X190.509 Y148.128 E10.83783
G1 X190.506 Y152.688 E11.05643
G1 X177.649 Y152.688 E11.67279
G1 X177.756 Y152.324 F7800.000
G1 X177.986 Y152.291 F7800.000
G1 F1800.000
G1 X177.988 Y148.525 E11.87409
G1 X190.112 Y148.525 E12.52219
G1 X190.109 Y152.291 E12.72349
G1 X178.046 Y152.291 E13.36837
G1 X178.406 Y151.872 F7800.000
G1 F1800.000
G1 X178.407 Y148.944 E13.52488
G1 X189.693 Y148.944 E14.12823
G1 X189.691 Y151.872 E14.28475
G1 X178.466 Y151.872 E14.88484
G1 X178.825 Y151.453 F7800.000
G1 F1800.000
G1 X178.826 Y149.363 E14.99657
G1 X189.274 Y149.363 E15.55512
G1 X189.272 Y151.453 E15.66685
G1 X178.885 Y151.453 E16.22216
G1 X179.081 Y150.871 F7800.000
G1 F3600.000
G1 X179.407 Y151.197 E16.24727
G1 X180.010 Y151.197 E16.28014
G1 X179.081 Y150.268 E16.35170
G1 X179.081 Y149.665 E16.38455
G1 X180.614 Y151.197 E16.50257
G1 X181.217 Y151.197 E16.53544
G1 X179.639 Y149.619 E16.65698
G1 X180.243 Y149.619 E16.68985
G1 X181.821 Y151.197 E16.81139
G1 X182.424 Y151.197 E16.84426
G1 X180.846 Y149.619 E16.96581
G1 X181.450 Y149.619 E16.99867
G1 X183.028 Y151.197 E17.12022
G1 X183.631 Y151.197 E17.15309
G1 X182.053 Y149.619 E17.27463
G1 X182.657 Y149.619 E17.30750
G1 X184.235 Y151.197 E17.42904
G1 X184.838 Y151.197 E17.46191
G1 X183.260 Y149.619 E17.58345
G1 X183.864 Y149.619 E17.61632
G1 X185.442 Y151.197 E17.73786
G1 X186.045 Y151.197 E17.77073
G1 X184.467 Y149.619 E17.89228
G1 X185.071 Y149.619 E17.92514
G1 X186.649 Y151.197 E18.04669
G1 X187.252 Y151.197 E18.07956
G1 X185.674 Y149.619 E18.20110
G1 X186.278 Y149.619 E18.23397
G1 X187.856 Y151.197 E18.35551
G1 X188.459 Y151.197 E18.38838
G1 X186.881 Y149.619 E18.50992
G1 X187.485 Y149.619 E18.54279
G1 X189.017 Y151.151 E18.66078
G1 X189.017 Y150.548 E18.69362
G1 X188.088 Y149.619 E18.76517
G1 X188.692 Y149.619 E18.79804
G1 X189.018 Y149.945 E18.82314
G1 E10.82314 F2400.00000
G92 E0
G1 X152.411 Y152.688 F7800.000
G1 E10.00000 F2400.00000
G1 F1800.000
G1 X139.494 Y152.688 E10.61921
G1 X139.492 Y148.128 E10.83782
G1 X152.408 Y148.128 E11.45701
G1 X152.411 Y152.628 E11.67273
G1 X152.064 Y152.488 F7800.000
G1 X152.013 Y152.291 F7800.000
G1 F1800.000
G1 X139.891 Y152.291 E12.32076
G1 X139.889 Y148.525 E12.52206
G1 X152.010 Y148.525 E13.17004
G1 X152.013 Y152.231 E13.36813
G1 X151.593 Y151.872 F7800.000
G1 F1800.000
G1 X140.310 Y151.872 E13.97135
G1 X140.308 Y148.944 E14.12786
G1 X151.590 Y148.944 E14.73100
G1 X151.593 Y151.812 E14.88431
G1 X151.174 Y151.453 F7800.000
G1 F1800.000
G1 X140.728 Y151.453 E15.44271
G1 X140.727 Y149.363 E15.55444
G1 X151.171 Y149.363 E16.11274
G1 X151.173 Y151.393 E16.22126
G1 X150.915 Y149.945 F7800.000
G1 F3600.000
G1 X150.589 Y149.619 E16.24635
G1 X149.986 Y149.619 E16.27918
G1 X150.916 Y150.549 E16.35079
G1 X150.917 Y151.153 E16.38367
G1 X149.382 Y149.619 E16.50178
G1 X148.779 Y149.619 E16.53461
G1 X150.357 Y151.197 E16.65609
G1 X149.754 Y151.197 E16.68892
G1 X148.176 Y149.619 E16.81040
G1 X147.573 Y149.619 E16.84323
G1 X149.151 Y151.197 E16.96470
G1 X148.548 Y151.197 E16.99753
G1 X146.970 Y149.619 E17.11901
G1 X146.367 Y149.619 E17.15184
G1 X147.945 Y151.197 E17.27331
G1 X147.342 Y151.197 E17.30614
G1 X145.764 Y149.619 E17.42762
G1 X145.160 Y149.619 E17.46045
G1 X146.738 Y151.197 E17.58192
G1 X146.135 Y151.197 E17.61475
G1 X144.557 Y149.619 E17.73623
G1 X143.954 Y149.619 E17.76906
G1 X145.532 Y151.197 E17.89053
G1 X144.929 Y151.197 E17.92336
G1 X143.351 Y149.619 E18.04484
G1 X142.748 Y149.619 E18.07767
G1 X144.326 Y151.197 E18.19914
G1 X143.723 Y151.197 E18.23198
G1 X142.145 Y149.619 E18.35345
G1 X141.542 Y149.619 E18.38628
G1 X143.120 Y151.197 E18.50776
G1 X142.516 Y151.197 E18.54059
G1 X140.984 Y149.664 E18.65858
G1 X140.984 Y150.268 E18.69143
G1 X141.913 Y151.197 E18.76297
G1 X141.310 Y151.197 E18.79580
G1 X140.984 Y150.871 E18.82089
G1 E10.82089 F2400.00000
G92 E0
G1 X152.398 Y176.387 F7800.000
G1 E10.00000 F2400.00000
G1 F1800.000
G1 X152.408 Y181.872 E10.26296
G1 X139.040 Y181.872 E10.90381
G1 X139.040 Y176.131 E11.17905
G1 X151.475 Y176.138 E11.77516
G1 X151.832 Y176.193 E11.79251
G1 X152.342 Y176.366 E11.81829
G1 X152.161 Y176.709 F7800.000
G1 X152.001 Y176.662 F7800.000
G1 F1800.000
G1 X152.010 Y181.475 E12.07560
G1 X139.437 Y181.475 E12.74774
G1 X139.437 Y176.528 E13.01219
G1 X151.444 Y176.535 E13.65408
G1 X151.750 Y176.582 E13.67066
G1 X151.945 Y176.640 E13.68151
G1 X151.412 Y176.954 F7800.000
G1 F1800.000
G1 X151.583 Y176.980 E13.69076
G1 X151.590 Y181.056 E13.90864
G1 X139.856 Y181.056 E14.53596
G1 X139.856 Y176.947 E14.75561
G1 X151.352 Y176.954 E15.37017
G1 X151.165 Y177.373 F7800.000
G1 F1800.000
G1 X151.171 Y180.637 E15.54468
G1 X140.275 Y180.637 E16.12718
G1 X140.275 Y177.366 E16.30203
G1 X151.105 Y177.373 E16.88098
G1 X150.909 Y177.954 F7800.000
G1 F3600.000
G1 X150.583 Y177.628 E16.90571
G1 X149.989 Y177.628 E16.93759
G1 X150.911 Y178.550 E17.00749
G1 X150.912 Y179.145 E17.03942
G1 X149.394 Y177.628 E17.15451
G1 X148.800 Y177.627 E17.18639
G1 X150.913 Y179.740 E17.34666
G1 X150.914 Y180.336 E17.37859
G1 X148.205 Y177.627 E17.58403
G1 X147.610 Y177.627 E17.61592
G1 X150.365 Y180.381 E17.82482
G1 X149.771 Y180.381 E17.85669
G1 X147.016 Y177.626 E18.06561
G1 X146.421 Y177.626 E18.09750
G1 X149.176 Y180.381 E18.30646
G1 X148.582 Y180.381 E18.33833
G1 X145.827 Y177.626 E18.54731
G1 X145.232 Y177.625 E18.57919
G1 X147.988 Y180.381 E18.78820
G1 X147.394 Y180.381 E18.82007
G1 X144.637 Y177.625 E19.02910
G1 X144.043 Y177.625 E19.06099
G1 X146.799 Y180.381 E19.27005
G1 X146.205 Y180.381 E19.30192
G1 X143.448 Y177.624 E19.51100
G1 X142.854 Y177.624 E19.54289
G1 X145.611 Y180.381 E19.75200
G1 X145.017 Y180.381 E19.78387
G1 X142.259 Y177.624 E19.99300
G1 X141.664 Y177.623 E20.02489
G1 X144.422 Y180.381 E20.23405
G1 X143.828 Y180.381 E20.26592
G1 X141.070 Y177.623 E20.47511
G1 X140.531 Y177.623 E20.50402
G1 X140.531 Y177.678 E20.50700
G1 X143.234 Y180.381 E20.71200
G1 X142.640 Y180.381 E20.74387
G1 X140.531 Y178.272 E20.90380
G1 X140.531 Y178.867 E20.93567
G1 X142.045 Y180.381 E21.05053
G1 X141.451 Y180.381 E21.08240
G1 X140.531 Y179.461 E21.15220
G1 X140.531 Y180.055 E21.18407
G1 X140.857 Y180.381 E21.20878
M106 S214.2
G1 Z8.150 F7800.000
G1 E13.20878 F2400.00000
G92 E0
G1 X177.402 Y179.312 F7800.000
G1 E10.00000 F2400.00000
G1 F1800.000
G1 X191.176 Y179.312 E10.66033
G1 X191.176 Y181.872 E10.78306
G1 X177.409 Y181.872 E11.44304
G1 X177.402 Y179.372 E11.56289
G1 X177.801 Y179.336 F7800.000
G1 X177.800 Y179.709 F7800.000
G1 F1800.000
G1 X190.779 Y179.709 E12.25673
G1 X190.779 Y181.475 E12.35112
G1 X177.805 Y181.475 E13.04469
G1 X177.800 Y179.769 E13.13587
G1 X178.220 Y180.128 F7800.000
G1 F1800.000
G1 X190.360 Y180.128 E13.78487
G1 X190.360 Y181.056 E13.83447
G1 X178.223 Y181.056 E14.48332
G1 X178.221 Y180.188 E14.52971
G1 X178.431 Y180.592 F7800.000
G1 F2400.000
G1 X190.151 Y180.592 E15.19455
G1 E7.19455 F2400.00000
G92 E0
G1 X177.404 Y152.688 F7800.000
G1 E10.00000 F2400.00000
G1 F1800.000
G1 X177.410 Y148.128 E10.21860
G1 X190.424 Y148.128 E10.84252
G1 X190.421 Y152.688 E11.06112
G1 X177.464 Y152.688 E11.68226
G1 X177.564 Y152.322 F7800.000
G1 X177.802 Y152.291 F7800.000
G1 F1800.000
G1 X177.806 Y148.525 E11.88356
G1 X190.027 Y148.525 E12.53687
G1 X190.024 Y152.291 E12.73817
G1 X177.862 Y152.291 E13.38836
G1 X178.221 Y151.872 F7800.000
G1 F1800.000
G1 X178.225 Y148.944 E13.54488
G1 X189.608 Y148.944 E14.15341
G1 X189.605 Y151.872 E14.30992
G1 X178.281 Y151.872 E14.91532
G1 X178.640 Y151.453 F7800.000
G1 F1800.000
G1 X178.643 Y149.363 E15.02705
G1 X189.188 Y149.363 E15.59080
G1 X189.187 Y151.453 E15.70253
G1 X178.700 Y151.453 E16.26313
G1 X179.224 Y149.619 F7800.000
G1 F3600.000
G1 X178.898 Y149.945 E16.28846
G1 X178.898 Y150.555 E16.32195
G1 X179.833 Y149.619 E16.39464
G1 X180.442 Y149.619 E16.42809
G1 X178.897 Y151.164 E16.54815
G1 X178.897 Y151.197 E16.54996
G1 X179.473 Y151.197 E16.58161
G1 X181.051 Y149.619 E16.70422
G1 X181.660 Y149.619 E16.73767
G1 X180.082 Y151.197 E16.86029
G1 X180.690 Y151.197 E16.89374
G1 X182.269 Y149.619 E17.01636
G1 X182.877 Y149.619 E17.04981
G1 X181.299 Y151.197 E17.17243
G1 X181.908 Y151.197 E17.20588
G1 X183.486 Y149.619 E17.32849
G1 X184.095 Y149.619 E17.36194
G1 X182.517 Y151.197 E17.48456
G1 X183.126 Y151.197 E17.51801
G1 X184.704 Y149.619 E17.64063
G1 X185.313 Y149.619 E17.67408
G1 X183.735 Y151.197 E17.79670
G1 X184.343 Y151.197 E17.83015
G1 X185.921 Y149.619 E17.95277
G1 X186.530 Y149.619 E17.98622
G1 X184.952 Y151.197 E18.10883
G1 X185.561 Y151.197 E18.14228
G1 X187.139 Y149.619 E18.26490
G1 X187.748 Y149.619 E18.29835
G1 X186.170 Y151.197 E18.42097
G1 X186.779 Y151.197 E18.45442
G1 X188.357 Y149.619 E18.57704
G1 X188.932 Y149.619 E18.60865
G1 X188.932 Y149.652 E18.61049
G1 X187.387 Y151.197 E18.73050
G1 X187.996 Y151.197 E18.76396
G1 X188.932 Y150.262 E18.83663
G1 X188.931 Y150.871 E18.87011
G1 X188.605 Y151.197 E18.89543
G1 E10.89543 F2400.00000
G92 E0
G1 X152.596 Y152.688 F7800.000
G1 E10.00000 F2400.00000
G1 F1800.000
G1 X139.579 Y152.688 E10.62401
G1 X139.576 Y148.128 E10.84261
G1 X152.590 Y148.128 E11.46647
G1 X152.596 Y152.628 E11.68219
G1 X152.250 Y152.488 F7800.000
G1 X152.198 Y152.291 F7800.000
G1 F1800.000
G1 X139.976 Y152.291 E12.33557
G1 X139.974 Y148.525 E12.53688
G1 X152.192 Y148.525 E13.19005
G1 X152.198 Y152.231 E13.38815
G1 X151.779 Y151.872 F7800.000
G1 F1800.000
G1 X140.395 Y151.872 E13.99671
G1 X140.393 Y148.944 E14.15323
G1 X151.773 Y148.944 E14.76164
G1 X151.778 Y151.812 E14.91495
G1 X151.359 Y151.453 F7800.000
G1 F1800.000
G1 X140.813 Y151.453 E15.47871
G1 X140.812 Y149.363 E15.59044
G1 X151.355 Y149.363 E16.15409
G1 X151.359 Y151.393 E16.26261
G1 X150.776 Y151.197 F7800.000
G1 F3600.000
G1 X151.102 Y150.871 E16.28794
G1 X151.101 Y150.263 E16.32134
G1 X150.167 Y151.197 E16.39391
G1 X149.558 Y151.197 E16.42737
G1 X151.100 Y149.655 E16.54717
G1 X151.100 Y149.619 E16.54917
G1 X150.528 Y149.619 E16.58063
G1 X148.950 Y151.197 E16.70326
G1 X148.341 Y151.197 E16.73672
G1 X149.919 Y149.619 E16.85935
G1 X149.310 Y149.619 E16.89281
G1 X147.732 Y151.197 E17.01544
G1 X147.123 Y151.197 E17.04890
G1 X148.701 Y149.619 E17.17154
G1 X148.092 Y149.619 E17.20500
G1 X146.514 Y151.197 E17.32763
G1 X145.905 Y151.197 E17.36109
G1 X147.483 Y149.619 E17.48372
G1 X146.874 Y149.619 E17.51718
G1 X145.296 Y151.197 E17.63981
G1 X144.687 Y151.197 E17.67327
G1 X146.265 Y149.619 E17.79591
G1 X145.656 Y149.619 E17.82937
G1 X144.078 Y151.197 E17.95200
G1 X143.469 Y151.197 E17.98546
G1 X145.048 Y149.619 E18.10809
G1 X144.439 Y149.619 E18.14155
G1 X142.861 Y151.197 E18.26419
G1 X142.252 Y151.197 E18.29764
G1 X143.830 Y149.619 E18.42028
G1 X143.221 Y149.619 E18.45374
G1 X141.643 Y151.197 E18.57637
G1 X141.069 Y151.197 E18.60789
G1 X141.069 Y151.162 E18.60983
G1 X142.612 Y149.619 E18.72973
G1 X142.003 Y149.619 E18.76319
G1 X141.069 Y150.553 E18.83580
G1 X141.068 Y149.945 E18.86924
G1 X141.394 Y149.619 E18.89457
G1 E10.89457 F2400.00000
G92 E0
G1 X152.589 Y176.700 F7800.000
G1 E10.00000 F2400.00000
G1 F1800.000
G1 X152.590 Y181.872 E10.24792
G1 X139.064 Y181.872 E10.89637
G1 X139.064 Y176.448 E11.15641
G1 X151.499 Y176.454 E11.75253
G1 X151.904 Y176.506 E11.77212
G1 X152.108 Y176.551 E11.78215
G1 X152.532 Y176.682 E11.80342
G1 X152.358 Y177.027 F7800.000
G1 X152.192 Y176.993 F7800.000
G1 F1800.000
G1 X152.193 Y181.475 E12.04303
G1 X139.461 Y181.475 E12.72368
G1 X139.461 Y176.845 E12.97118
G1 X151.473 Y176.851 E13.61338
G1 X151.836 Y176.897 E13.63293
G1 X152.135 Y176.975 E13.64942
G1 X151.773 Y177.312 F7800.000
G1 F1800.000
G1 X151.774 Y181.056 E13.84959
G1 X139.880 Y181.056 E14.48544
G1 X139.880 Y177.264 E14.68815
G1 X151.447 Y177.270 E15.30653
G1 X151.714 Y177.304 E15.32091
G1 X151.354 Y177.689 F7800.000
G1 F1800.000
G1 X151.355 Y180.637 E15.47851
G1 X140.299 Y180.637 E16.06957
G1 X140.299 Y177.683 E16.22748
G1 X151.294 Y177.689 E16.81532
G1 X150.773 Y180.381 F7800.000
G1 F3600.000
G1 X151.099 Y180.055 E16.84097
G1 X151.099 Y179.438 E16.87529
G1 X150.156 Y180.381 E16.94948
G1 X149.540 Y180.381 E16.98380
G1 X151.099 Y178.822 E17.10652
G1 X151.099 Y178.205 E17.14083
G1 X148.923 Y180.381 E17.31208
G1 X148.306 Y180.381 E17.34641
G1 X150.743 Y177.945 E17.53817
G1 X150.126 Y177.944 E17.57247
G1 X147.689 Y180.381 E17.76426
G1 X147.073 Y180.381 E17.79858
G1 X149.510 Y177.944 E17.99039
G1 X148.893 Y177.944 E18.02469
G1 X146.456 Y180.381 E18.21653
G1 X145.839 Y180.381 E18.25085
G1 X148.277 Y177.943 E18.44272
G1 X147.661 Y177.943 E18.47702
G1 X145.223 Y180.381 E18.66891
G1 X144.606 Y180.381 E18.70323
G1 X147.044 Y177.943 E18.89515
G1 X146.428 Y177.942 E18.92945
G1 X143.989 Y180.381 E19.12139
G1 X143.373 Y180.381 E19.15571
G1 X145.812 Y177.942 E19.34768
G1 X145.195 Y177.942 E19.38198
G1 X142.756 Y180.381 E19.57397
G1 X142.139 Y180.381 E19.60829
G1 X144.579 Y177.941 E19.80031
G1 X143.962 Y177.941 E19.83461
G1 X141.522 Y180.381 E20.02666
G1 X140.906 Y180.381 E20.06098
G1 X143.346 Y177.941 E20.25305
G1 X142.730 Y177.940 E20.28735
G1 X140.555 Y180.116 E20.45855
G1 X140.555 Y179.499 E20.49287
G1 X142.113 Y177.940 E20.61555
G1 X141.497 Y177.940 E20.64985
G1 X140.555 Y178.882 E20.72402
G1 X140.555 Y178.265 E20.75835
G1 X140.881 Y177.939 E20.78400
G1 Z8.450 F7800.000
G1 E12.78400 F2400.00000
G92 E0
G1 X177.204 Y179.312 F7800.000
G1 E10.00000 F2400.00000
G1 F1800.000
G1 X191.177 Y179.312 E10.66984
G1 X191.177 Y181.872 E10.79257
G1 X177.196 Y181.872 E11.46277
G1 X177.204 Y179.372 E11.58261
G1 X177.603 Y179.336 F7800.000
G1 X177.600 Y179.709 F7800.000
G1 F1800.000
G1 X190.779 Y179.709 E12.28719
G1 X190.779 Y181.475 E12.38157
G1 X177.595 Y181.475 E13.08642
G1 X177.600 Y179.769 E13.17760
G1 X178.018 Y180.128 F7800.000
G1 F1800.000
G1 X190.361 Y180.128 E13.83745
G1 X190.361 Y181.056 E13.88705
G1 X178.015 Y181.056 E14.54705
G1 X178.017 Y180.188 E14.59344
G1 X178.226 Y180.592 F7800.000
G1 F2400.000
G1 X190.151 Y180.592 E15.26995
G1 E7.26995 F2400.00000
G92 E0
G1 X177.202 Y152.688 F7800.000
G1 E10.00000 F2400.00000
G1 F1800.000
G1 X177.196 Y148.128 E10.21860
G1 X190.321 Y148.128 E10.84779
G1 X190.324 Y152.688 E11.06639
G1 X177.262 Y152.688 E11.69259
G1 X177.398 Y152.340 F7800.000
G1 X177.598 Y152.291 F7800.000
G1 F1800.000
G1 X177.594 Y148.525 E11.89389
G1 X189.924 Y148.525 E12.55306
G1 X189.927 Y152.291 E12.75437
G1 X177.658 Y152.291 E13.41025
G1 X178.017 Y151.872 F7800.000
G1 F1800.000
G1 X178.013 Y148.944 E13.56677
G1 X189.505 Y148.944 E14.18115
G1 X189.508 Y151.872 E14.33766
G1 X178.077 Y151.872 E14.94877
G1 X178.435 Y151.453 F7800.000
G1 F1800.000
G1 X178.432 Y149.363 E15.06050
G1 X189.087 Y149.363 E15.63008
G1 X189.089 Y151.453 E15.74181
G1 X178.495 Y151.453 E16.30814
G1 X178.691 Y150.871 F7800.000
G1 F3600.000
G1 X179.017 Y151.197 E16.33372
G1 X179.631 Y151.197 E16.36783
G1 X178.690 Y150.255 E16.44171
G1 X178.689 Y149.640 E16.47587
G1 X180.246 Y151.197 E16.59806
G1 X180.861 Y151.197 E16.63217
G1 X179.283 Y149.619 E16.75600
G1 X179.898 Y149.619 E16.79011
G1 X181.476 Y151.197 E16.91394
G1 X182.091 Y151.197 E16.94805
G1 X180.513 Y149.619 E17.07188
G1 X181.127 Y149.619 E17.10599
G1 X182.705 Y151.197 E17.22982
G1 X183.320 Y151.197 E17.26393
G1 X181.742 Y149.619 E17.38776
G1 X182.357 Y149.619 E17.42187
G1 X183.935 Y151.197 E17.54570
G1 X184.550 Y151.197 E17.57981
G1 X182.972 Y149.619 E17.70364
G1 X183.587 Y149.619 E17.73775
G1 X185.165 Y151.197 E17.86158
G1 X185.780 Y151.197 E17.89570
G1 X184.202 Y149.619 E18.01952
G1 X184.816 Y149.619 E18.05364
G1 X186.394 Y151.197 E18.17746
G1 X187.009 Y151.197 E18.21158
G1 X185.431 Y149.619 E18.33540
G1 X186.046 Y149.619 E18.36952
G1 X187.624 Y151.197 E18.49334
G1 X188.239 Y151.197 E18.52746
G1 X186.661 Y149.619 E18.65128
G1 X187.276 Y149.619 E18.68540
G1 X188.832 Y151.176 E18.80754
G1 X188.832 Y150.560 E18.84169
G1 X187.890 Y149.619 E18.91555
G1 X188.505 Y149.619 E18.94966
G1 X188.831 Y149.945 E18.97524
G1 E10.97524 F2400.00000
G92 E0
G1 X152.798 Y152.688 F7800.000
G1 E10.00000 F2400.00000
G1 F1800.000
G1 X139.676 Y152.688 E10.62903
G1 X139.679 Y148.128 E10.84763
G1 X152.804 Y148.128 E11.47681
G1 X152.798 Y152.628 E11.69253
G1 X152.451 Y152.488 F7800.000
G1 X152.400 Y152.291 F7800.000
G1 F1800.000
G1 X140.074 Y152.291 E12.35148
G1 X140.076 Y148.525 E12.55279
G1 X152.406 Y148.525 E13.21193
G1 X152.400 Y152.231 E13.41003
G1 X151.981 Y151.872 F7800.000
G1 F1800.000
G1 X140.493 Y151.872 E14.02417
G1 X140.495 Y148.944 E14.18068
G1 X151.986 Y148.944 E14.79501
G1 X151.981 Y151.812 E14.94832
G1 X151.563 Y151.453 F7800.000
G1 F1800.000
G1 X140.912 Y151.453 E15.51771
G1 X140.913 Y149.363 E15.62944
G1 X151.567 Y149.363 E16.19895
G1 X151.563 Y151.393 E16.30748
G1 X151.310 Y149.945 F7800.000
G1 F3600.000
G1 X150.984 Y149.619 E16.33305
G1 X150.369 Y149.619 E16.36717
G1 X151.309 Y150.559 E16.44091
G1 X151.308 Y151.172 E16.47497
G1 X149.754 Y149.619 E16.59687
G1 X149.139 Y149.619 E16.63099
G1 X150.717 Y151.197 E16.75483
G1 X150.102 Y151.197 E16.78894
G1 X148.524 Y149.619 E16.91278
G1 X147.910 Y149.619 E16.94690
G1 X149.488 Y151.197 E17.07074
G1 X148.873 Y151.197 E17.10485
G1 X147.295 Y149.619 E17.22869
G1 X146.680 Y149.619 E17.26281
G1 X148.258 Y151.197 E17.38665
G1 X147.643 Y151.197 E17.42076
G1 X146.065 Y149.619 E17.54460
G1 X145.450 Y149.619 E17.57872
G1 X147.028 Y151.197 E17.70256
G1 X146.413 Y151.197 E17.73667
G1 X144.835 Y149.619 E17.86051
G1 X144.220 Y149.619 E17.89463
G1 X145.798 Y151.197 E18.01846
G1 X145.184 Y151.197 E18.05258
G1 X143.605 Y149.619 E18.17642
G1 X142.991 Y149.619 E18.21054
G1 X144.569 Y151.197 E18.33437
G1 X143.954 Y151.197 E18.36849
G1 X142.376 Y149.619 E18.49233
G1 X141.761 Y149.619 E18.52645
G1 X143.339 Y151.197 E18.65028
G1 X142.724 Y151.197 E18.68440
G1 X141.169 Y149.642 E18.80642
G1 X141.169 Y150.257 E18.84052
G1 X142.109 Y151.197 E18.91432
G1 X141.494 Y151.197 E18.94844
G1 X141.168 Y150.871 E18.97402
G1 E10.97402 F2400.00000
G92 E0
G1 X152.792 Y177.029 F7800.000
G1 E10.00000 F2400.00000
G1 F1800.000
G1 X152.804 Y181.872 E10.23219
G1 X139.087 Y181.872 E10.88974
G1 X139.087 Y176.720 E11.13674
G1 X151.520 Y176.727 E11.73273
G1 X151.968 Y176.784 E11.75440
G1 X152.193 Y176.833 E11.76545
G1 X152.735 Y177.010 E11.79278
G1 X152.560 Y177.355 F7800.000
G1 X152.396 Y177.317 F7800.000
G1 F1800.000
G1 X152.406 Y181.475 E12.01505
G1 X139.485 Y181.475 E12.70581
G1 X139.485 Y177.117 E12.93877
G1 X151.494 Y177.124 E13.58082
G1 X151.900 Y177.175 E13.60269
G1 X152.339 Y177.298 E13.62703
G1 X151.978 Y177.621 F7800.000
G1 F1800.000
G1 X151.986 Y181.056 E13.81064
G1 X139.903 Y181.056 E14.45656
G1 X139.903 Y177.536 E14.64472
G1 X151.468 Y177.543 E15.26295
G1 X151.919 Y177.608 E15.28732
G1 X151.441 Y177.962 F7800.000
G1 F1800.000
G1 X151.559 Y177.977 E15.29369
G1 X151.566 Y180.637 E15.43591
G1 X140.322 Y180.637 E16.03698
G1 X140.322 Y177.955 E16.18035
G1 X151.381 Y177.962 E16.77156
G1 X151.304 Y178.543 F7800.000
G1 F3600.000
G1 X150.979 Y178.217 E16.79702
G1 X150.366 Y178.217 E16.83082
G1 X151.306 Y179.157 E16.90421
G1 X151.307 Y179.770 E16.93808
G1 X149.754 Y178.217 E17.05938
G1 X149.142 Y178.216 E17.09319
G1 X151.306 Y180.381 E17.26223
G1 X150.695 Y180.381 E17.29602
G1 X148.530 Y178.216 E17.46509
G1 X147.917 Y178.216 E17.49890
G1 X150.083 Y180.381 E17.66800
G1 X149.471 Y180.381 E17.70179
G1 X147.305 Y178.215 E17.87091
G1 X146.693 Y178.215 E17.90472
G1 X148.859 Y180.381 E18.07387
G1 X148.247 Y180.381 E18.10766
G1 X146.081 Y178.215 E18.27684
G1 X145.468 Y178.214 E18.31065
G1 X147.635 Y180.381 E18.47986
G1 X147.023 Y180.381 E18.51365
G1 X144.856 Y178.214 E18.68289
G1 X144.244 Y178.214 E18.71669
G1 X146.411 Y180.381 E18.88596
G1 X145.799 Y180.381 E18.91975
G1 X143.632 Y178.213 E19.08904
G1 X143.019 Y178.213 E19.12285
G1 X145.188 Y180.381 E19.29217
G1 X144.576 Y180.381 E19.32595
G1 X142.407 Y178.213 E19.49530
G1 X141.795 Y178.212 E19.52911
G1 X143.964 Y180.381 E19.69848
G1 X143.352 Y180.381 E19.73227
G1 X141.183 Y178.212 E19.90168
G1 X140.578 Y178.211 E19.93505
G1 X142.740 Y180.381 E20.10417
G1 X142.128 Y180.381 E20.13795
G1 X140.578 Y178.831 E20.25898
G1 X140.578 Y179.443 E20.29277
G1 X141.516 Y180.381 E20.36601
G1 X140.904 Y180.381 E20.39980
G1 X140.578 Y180.055 E20.42525
G1 Z8.750 F7800.000
G1 E12.42525 F2400.00000
G92 E0
G1 X176.981 Y179.312 F7800.000
G1 E10.00000 F2400.00000
G1 F1800.000
G1 X191.177 Y179.312 E10.68054
G1 X191.177 Y181.872 E10.80326
G1 X176.981 Y181.872 E11.48377
G1 X176.981 Y179.372 E11.60362
G1 X177.380 Y179.336 F7800.000
G1 X177.378 Y179.709 F7800.000
G1 F1800.000
G1 X190.780 Y179.709 E12.32005
G1 X190.780 Y181.475 E12.41444
G1 X177.379 Y181.475 E13.13086
G1 X177.378 Y179.769 E13.22203
G1 X177.797 Y180.128 F7800.000
G1 F1800.000
G1 X190.361 Y180.128 E13.89368
G1 X190.361 Y181.056 E13.94327
G1 X177.797 Y181.056 E14.61491
G1 X177.797 Y180.188 E14.66130
G1 X178.007 Y180.592 F7800.000
G1 F2400.000
G1 X190.151 Y180.592 E15.35024
G1 E7.35024 F2400.00000
G92 E0
G1 X176.981 Y152.688 F7800.000
G1 E10.00000 F2400.00000
G1 F1800.000
G1 X176.981 Y148.128 E10.21860
G1 X190.217 Y148.128 E10.85311
G1 X190.219 Y152.688 E11.07171
G1 X177.041 Y152.688 E11.70344
G1 X177.168 Y152.335 F7800.000
G1 X177.378 Y152.291 F7800.000
G1 F1800.000
G1 X177.379 Y148.525 E11.90474
G1 X189.820 Y148.525 E12.56988
G1 X189.822 Y152.291 E12.77118
G1 X177.438 Y152.291 E13.43320
G1 X177.797 Y151.872 F7800.000
G1 F1800.000
G1 X177.797 Y148.944 E13.58972
G1 X189.402 Y148.944 E14.21009
G1 X189.403 Y151.872 E14.36660
G1 X177.857 Y151.872 E14.98386
G1 X178.216 Y151.453 F7800.000
G1 F1800.000
G1 X178.216 Y149.363 E15.09559
G1 X188.983 Y149.363 E15.67119
G1 X188.985 Y151.453 E15.78292
G1 X178.276 Y151.453 E16.35540
G1 X178.798 Y149.619 F7800.000
G1 F3600.000
G1 X178.472 Y149.945 E16.38125
G1 X178.472 Y150.566 E16.41608
G1 X179.419 Y149.619 E16.49119
G1 X180.041 Y149.619 E16.52602
G1 X178.472 Y151.197 E16.65077
G1 X179.084 Y151.197 E16.68508
G1 X180.662 Y149.619 E16.81020
G1 X181.283 Y149.619 E16.84503
G1 X179.705 Y151.197 E16.97015
G1 X180.326 Y151.197 E17.00499
G1 X181.904 Y149.619 E17.13011
G1 X182.526 Y149.619 E17.16494
G1 X180.948 Y151.197 E17.29006
G1 X181.569 Y151.197 E17.32489
G1 X183.147 Y149.619 E17.45002
G1 X183.768 Y149.619 E17.48485
G1 X182.190 Y151.197 E17.60997
G1 X182.811 Y151.197 E17.64480
G1 X184.390 Y149.619 E17.76993
G1 X185.011 Y149.619 E17.80476
G1 X183.433 Y151.197 E17.92988
G1 X184.054 Y151.197 E17.96471
G1 X185.632 Y149.619 E18.08984
G1 X186.253 Y149.619 E18.12467
G1 X184.675 Y151.197 E18.24979
G1 X185.297 Y151.197 E18.28462
G1 X186.875 Y149.619 E18.40975
G1 X187.496 Y149.619 E18.44458
G1 X185.918 Y151.197 E18.56970
G1 X186.539 Y151.197 E18.60453
G1 X188.117 Y149.619 E18.72966
G1 X188.728 Y149.619 E18.76389
G1 X187.160 Y151.197 E18.88859
G1 X187.782 Y151.197 E18.92342
G1 X188.728 Y150.250 E18.99849
G1 X188.729 Y150.871 E19.03329
G1 X188.403 Y151.197 E19.05913
G1 E11.05913 F2400.00000
G92 E0
G1 X153.019 Y152.688 F7800.000
G1 E10.00000 F2400.00000
G1 F1800.000
G1 X139.781 Y152.688 E10.63458
G1 X139.783 Y148.128 E10.85318
G1 X153.018 Y148.128 E11.48766
G1 X153.019 Y152.628 E11.70338
G1 X152.672 Y152.488 F7800.000
G1 X152.621 Y152.291 F7800.000
G1 F1800.000
G1 X140.179 Y152.291 E12.36853
G1 X140.180 Y148.525 E12.56983
G1 X152.620 Y148.525 E13.23488
G1 X152.621 Y152.231 E13.43297
G1 X152.201 Y151.872 F7800.000
G1 F1800.000
G1 X140.598 Y151.872 E14.05329
G1 X140.599 Y148.944 E14.20980
G1 X152.200 Y148.944 E14.83003
G1 X152.201 Y151.812 E14.98334
G1 X151.782 Y151.453 F7800.000
G1 F1800.000
G1 X141.017 Y151.453 E15.55882
G1 X141.017 Y149.363 E15.67055
G1 X151.781 Y149.363 E16.24595
G1 X151.781 Y151.393 E16.35448
G1 X151.199 Y151.197 F7800.000
G1 F3600.000
G1 X151.525 Y150.871 E16.38031
G1 X151.524 Y150.251 E16.41505
G1 X150.578 Y151.197 E16.49001
G1 X149.957 Y151.197 E16.52481
G1 X151.524 Y149.619 E16.64945
G1 X150.914 Y149.619 E16.68363
G1 X149.336 Y151.197 E16.80870
G1 X148.715 Y151.197 E16.84350
G1 X150.293 Y149.619 E16.96857
G1 X149.672 Y149.619 E17.00337
G1 X148.094 Y151.197 E17.12844
G1 X147.473 Y151.197 E17.16324
G1 X149.051 Y149.619 E17.28830
G1 X148.430 Y149.619 E17.32310
G1 X146.852 Y151.197 E17.44817
G1 X146.231 Y151.197 E17.48297
G1 X147.809 Y149.619 E17.60804
G1 X147.188 Y149.619 E17.64284
G1 X145.610 Y151.197 E17.76791
G1 X144.989 Y151.197 E17.80271
G1 X146.567 Y149.619 E17.92777
G1 X145.946 Y149.619 E17.96258
G1 X144.368 Y151.197 E18.08764
G1 X143.747 Y151.197 E18.12244
G1 X145.325 Y149.619 E18.24751
G1 X144.704 Y149.619 E18.28231
G1 X143.126 Y151.197 E18.40738
G1 X142.505 Y151.197 E18.44218
G1 X144.083 Y149.619 E18.56725
G1 X143.462 Y149.619 E18.60205
G1 X141.884 Y151.197 E18.72711
G1 X141.273 Y151.197 E18.76137
G1 X142.841 Y149.619 E18.88605
G1 X142.220 Y149.619 E18.92085
G1 X141.273 Y150.566 E18.99591
G1 X141.273 Y149.945 E19.03072
G1 X141.599 Y149.619 E19.05655
G1 E11.05655 F2400.00000
G92 E0
G1 X153.006 Y177.304 F7800.000
G1 E10.00000 F2400.00000
G1 F1800.000
G1 X153.018 Y181.872 E10.21899
G1 X139.111 Y181.872 E10.88567
G1 X139.111 Y176.991 E11.11964
G1 X151.539 Y176.999 E11.71543
G1 X152.295 Y177.105 E11.75201
G1 X152.950 Y177.283 E11.78454
G1 X152.776 Y177.631 F7800.000
G1 X152.609 Y177.595 F7800.000
G1 F1800.000
G1 X152.620 Y181.475 E11.99195
G1 X139.508 Y181.475 E12.69287
G1 X139.508 Y177.389 E12.91130
G1 X151.512 Y177.397 E13.55299
G1 X152.218 Y177.495 E13.59113
G1 X152.551 Y177.580 E13.60952
G1 X152.191 Y177.915 F7800.000
G1 F1800.000
G1 X152.200 Y181.056 E13.77745
G1 X139.927 Y181.056 E14.43354
G1 X139.927 Y177.808 E14.60716
G1 X151.482 Y177.815 E15.22489
G1 X152.132 Y177.906 E15.25997
G1 X151.774 Y178.279 F7800.000
G1 F1800.000
G1 X151.780 Y180.637 E15.38602
G1 X140.346 Y180.637 E15.99726
G1 X140.346 Y178.227 E16.12609
G1 X151.453 Y178.234 E16.71986
G1 X151.714 Y178.271 E16.73396
G1 X151.197 Y180.381 F7800.000
G1 F3600.000
G1 X151.523 Y180.055 E16.75926
G1 X151.521 Y179.448 E16.79257
G1 X150.588 Y180.381 E16.86498
G1 X149.980 Y180.381 E16.89837
G1 X151.519 Y178.842 E17.01789
G1 X151.519 Y178.490 E17.03718
G1 X151.263 Y178.490 E17.05122
G1 X149.372 Y180.381 E17.19803
G1 X148.763 Y180.381 E17.23143
G1 X150.655 Y178.490 E17.37827
G1 X150.047 Y178.489 E17.41165
G1 X148.155 Y180.381 E17.55852
G1 X147.547 Y180.381 E17.59191
G1 X149.439 Y178.489 E17.73882
G1 X148.831 Y178.488 E17.77219
G1 X146.938 Y180.381 E17.91912
G1 X146.330 Y180.381 E17.95252
G1 X148.223 Y178.488 E18.09948
G1 X147.615 Y178.488 E18.13285
G1 X145.722 Y180.381 E18.27985
G1 X145.114 Y180.381 E18.31324
G1 X147.007 Y178.487 E18.46027
G1 X146.399 Y178.487 E18.49364
G1 X144.505 Y180.381 E18.64069
G1 X143.897 Y180.381 E18.67409
G1 X145.791 Y178.487 E18.82117
G1 X145.184 Y178.486 E18.85454
G1 X143.289 Y180.381 E19.00165
G1 X142.680 Y180.381 E19.03505
G1 X144.576 Y178.486 E19.18219
G1 X143.968 Y178.485 E19.21556
G1 X142.072 Y180.381 E19.36274
G1 X141.464 Y180.381 E19.39613
G1 X143.360 Y178.485 E19.54333
G1 X142.752 Y178.485 E19.57671
G1 X140.855 Y180.381 E19.72394
G1 X140.602 Y180.381 E19.73784
G1 X140.602 Y180.026 E19.75733
G1 X142.144 Y178.484 E19.87703
G1 X141.536 Y178.484 E19.91041
G1 X140.602 Y179.418 E19.98291
G1 X140.602 Y178.809 E20.01631
G1 X140.928 Y178.483 E20.04161
G1 Z9.050 F7800.000
G1 E12.04161 F2400.00000
G92 E0
G1 X176.758 Y179.312 F7800.000
G1 E10.00000 F2400.00000
G1 F1800.000
G1 X191.177 Y179.312 E10.69123
G1 X191.177 Y181.872 E10.81395
G1 X176.767 Y181.872 E11.50478
G1 X176.758 Y179.372 E11.62463
G1 X177.157 Y179.335 F7800.000
G1 X177.157 Y179.709 F7800.000
G1 F1800.000
G1 X190.780 Y179.709 E12.35292
G1 X190.780 Y181.475 E12.44730
G1 X177.163 Y181.475 E13.17529
G1 X177.157 Y179.769 E13.26646
G1 X177.577 Y180.128 F7800.000
G1 F1800.000
G1 X190.361 Y180.128 E13.94990
G1 X190.361 Y181.056 E13.99949
G1 X177.580 Y181.056 E14.68277
G1 X177.577 Y180.188 E14.72916
G1 X177.788 Y180.592 F7800.000
G1 F2400.000
G1 X190.152 Y180.592 E15.43053
G1 E7.43053 F2400.00000
G92 E0
G1 X176.760 Y152.688 F7800.000
G1 E10.00000 F2400.00000
G1 F1800.000
G1 X176.767 Y148.128 E10.21860
G1 X190.114 Y148.128 E10.85843
G1 X190.113 Y152.688 E11.07703
G1 X176.820 Y152.688 E11.71429
G1 X176.939 Y152.330 F7800.000
G1 X177.158 Y152.291 F7800.000
G1 F1800.000
G1 X177.164 Y148.525 E11.91559
G1 X189.717 Y148.525 E12.58669
G1 X189.716 Y152.291 E12.78799
G1 X177.218 Y152.291 E13.45615
G1 X177.578 Y151.872 F7800.000
G1 F1800.000
G1 X177.582 Y148.944 E13.61267
G1 X189.298 Y148.944 E14.23903
G1 X189.298 Y151.872 E14.39554
G1 X177.638 Y151.872 E15.01891
G1 X177.997 Y151.453 F7800.000
G1 F1800.000
G1 X178.000 Y149.363 E15.13064
G1 X188.880 Y149.363 E15.71226
G1 X188.879 Y151.453 E15.82399
G1 X178.057 Y151.453 E16.40255
G1 X178.579 Y151.197 F7800.000
G1 F3600.000
G1 X178.254 Y150.871 E16.42727
G1 X178.255 Y150.277 E16.45913
G1 X179.174 Y151.197 E16.52891
G1 X179.769 Y151.197 E16.56082
G1 X178.255 Y149.684 E16.67565
G1 X178.256 Y149.619 E16.67912
G1 X178.785 Y149.619 E16.70755
G1 X180.363 Y151.197 E16.82729
G1 X180.958 Y151.197 E16.85920
G1 X179.380 Y149.619 E16.97894
G1 X179.974 Y149.619 E17.01084
G1 X181.552 Y151.197 E17.13059
G1 X182.147 Y151.197 E17.16249
G1 X180.569 Y149.619 E17.28224
G1 X181.163 Y149.619 E17.31414
G1 X182.742 Y151.197 E17.43389
G1 X183.336 Y151.197 E17.46579
G1 X181.758 Y149.619 E17.58553
G1 X182.353 Y149.619 E17.61744
G1 X183.931 Y151.197 E17.73718
G1 X184.525 Y151.197 E17.76908
G1 X182.947 Y149.619 E17.88883
G1 X183.542 Y149.619 E17.92073
G1 X185.120 Y151.197 E18.04048
G1 X185.714 Y151.197 E18.07238
G1 X184.136 Y149.619 E18.19213
G1 X184.731 Y149.619 E18.22403
G1 X186.309 Y151.197 E18.34377
G1 X186.903 Y151.197 E18.37568
G1 X185.325 Y149.619 E18.49542
G1 X185.920 Y149.619 E18.52732
G1 X187.498 Y151.197 E18.64707
G1 X188.093 Y151.197 E18.67897
G1 X186.515 Y149.619 E18.79872
G1 X187.109 Y149.619 E18.83062
G1 X188.624 Y151.134 E18.94556
G1 X188.624 Y150.540 E18.97744
G1 X187.704 Y149.619 E19.04730
G1 X188.298 Y149.619 E19.07920
G1 X188.624 Y149.945 E19.10393
G1 E11.10393 F2400.00000
G92 E0
G1 X153.240 Y152.688 F7800.000
G1 E10.00000 F2400.00000
G1 F1800.000
G1 X139.887 Y152.688 E10.64012
G1 X139.886 Y148.128 E10.85872
G1 X153.232 Y148.128 E11.49851
G1 X153.240 Y152.628 E11.71423
G1 X152.893 Y152.488 F7800.000
G1 X152.842 Y152.291 F7800.000
G1 F1800.000
G1 X140.284 Y152.291 E12.38557
G1 X140.284 Y148.525 E12.58688
G1 X152.835 Y148.525 E13.25788
G1 X152.842 Y152.231 E13.45597
G1 X152.422 Y151.872 F7800.000
G1 F1800.000
G1 X140.703 Y151.872 E14.08249
G1 X140.703 Y148.944 E14.23900
G1 X152.417 Y148.944 E14.86526
G1 X152.422 Y151.812 E15.01857
G1 X152.003 Y151.453 F7800.000
G1 F1800.000
G1 X141.122 Y151.453 E15.60026
G1 X141.122 Y149.363 E15.71199
G1 X151.999 Y149.363 E16.29349
G1 X152.002 Y151.393 E16.40202
G1 X151.744 Y149.945 F7800.000
G1 F3600.000
G1 X151.418 Y149.619 E16.42674
G1 X150.823 Y149.619 E16.45862
G1 X151.745 Y150.540 E16.52850
G1 X151.746 Y151.136 E16.56043
G1 X150.229 Y149.619 E16.67547
G1 X149.635 Y149.619 E16.70735
G1 X151.213 Y151.197 E16.82705
G1 X150.618 Y151.197 E16.85893
G1 X149.040 Y149.619 E16.97863
G1 X148.446 Y149.619 E17.01050
G1 X150.024 Y151.197 E17.13020
G1 X149.430 Y151.197 E17.16208
G1 X147.852 Y149.619 E17.28178
G1 X147.257 Y149.619 E17.31366
G1 X148.835 Y151.197 E17.43335
G1 X148.241 Y151.197 E17.46523
G1 X146.663 Y149.619 E17.58493
G1 X146.069 Y149.619 E17.61681
G1 X147.647 Y151.197 E17.73651
G1 X147.053 Y151.197 E17.76838
G1 X145.474 Y149.619 E17.88808
G1 X144.880 Y149.619 E17.91996
G1 X146.458 Y151.197 E18.03966
G1 X145.864 Y151.197 E18.07153
G1 X144.286 Y149.619 E18.19123
G1 X143.691 Y149.619 E18.22311
G1 X145.270 Y151.197 E18.34281
G1 X144.675 Y151.197 E18.37469
G1 X143.097 Y149.619 E18.49439
G1 X142.503 Y149.619 E18.52626
G1 X144.081 Y151.197 E18.64596
G1 X143.487 Y151.197 E18.67784
G1 X141.908 Y149.619 E18.79754
G1 X141.378 Y149.619 E18.82602
G1 X141.378 Y149.682 E18.82941
G1 X142.892 Y151.197 E18.94431
G1 X142.298 Y151.197 E18.97618
G1 X141.378 Y150.277 E19.04599
G1 X141.378 Y150.871 E19.07787
G1 X141.703 Y151.197 E19.10258
G1 E11.10258 F2400.00000
G92 E0
G1 X153.231 Y177.570 F7800.000
G1 E10.00000 F2400.00000
G1 F1800.000
G1 X153.233 Y181.872 E10.20625
G1 X139.135 Y181.872 E10.88208
G1 X139.135 Y177.223 E11.10494
G1 X151.564 Y177.230 E11.70079
G1 X152.103 Y177.286 E11.72674
G1 X152.377 Y177.335 E11.74010
G1 X153.174 Y177.551 E11.77969
G1 X153.001 Y177.897 F7800.000
G1 X152.834 Y177.862 F7800.000
G1 F1800.000
G1 X152.835 Y181.475 E11.97284
G1 X139.532 Y181.475 E12.68402
G1 X139.532 Y177.621 E12.89006
G1 X151.544 Y177.627 E13.53220
G1 X152.047 Y177.680 E13.55925
G1 X152.776 Y177.847 E13.59923
G1 X152.415 Y178.187 F7800.000
G1 F1800.000
G1 X152.416 Y181.056 E13.75258
G1 X139.951 Y181.056 E14.41897
G1 X139.951 Y178.040 E14.58022
G1 X151.522 Y178.046 E15.19879
G1 X151.988 Y178.095 E15.22385
G1 X152.357 Y178.173 E15.24401
G1 X151.996 Y178.517 F7800.000
G1 F1800.000
G1 X151.997 Y180.637 E15.35737
G1 X140.370 Y180.637 E15.97897
G1 X140.370 Y178.459 E16.09541
G1 X151.500 Y178.465 E16.69043
G1 X151.937 Y178.510 E16.71390
G1 X151.415 Y178.731 F7800.000
G1 F3600.000
G1 X151.741 Y179.057 E16.73908
G1 X151.741 Y179.663 F7800.000
G1 F3600.000
G1 X150.798 Y178.721 E16.81193
G1 X150.192 Y178.720 E16.84505
G1 X151.741 Y180.269 E16.96474
G1 X151.741 Y180.381 E16.97087
G1 X151.247 Y180.381 E16.99785
G1 X149.586 Y178.720 E17.12623
G1 X148.981 Y178.720 E17.15935
G1 X150.642 Y180.381 E17.28776
G1 X150.036 Y180.381 E17.32086
G1 X148.375 Y178.719 E17.44929
G1 X147.769 Y178.719 E17.48241
G1 X149.431 Y180.381 E17.61087
G1 X148.825 Y180.381 E17.64397
G1 X147.163 Y178.719 E17.77246
G1 X146.557 Y178.718 E17.80558
G1 X148.219 Y180.381 E17.93409
G1 X147.614 Y180.381 E17.96720
G1 X145.951 Y178.718 E18.09574
G1 X145.345 Y178.718 E18.12885
G1 X147.008 Y180.381 E18.25742
G1 X146.402 Y180.381 E18.29052
G1 X144.739 Y178.717 E18.41912
G1 X144.133 Y178.717 E18.45223
G1 X145.797 Y180.381 E18.58085
G1 X145.191 Y180.381 E18.61395
G1 X143.527 Y178.717 E18.74260
G1 X142.921 Y178.716 E18.77572
G1 X144.586 Y180.381 E18.90439
G1 X143.980 Y180.381 E18.93749
G1 X142.315 Y178.716 E19.06619
G1 X141.709 Y178.716 E19.09931
G1 X143.374 Y180.381 E19.22803
G1 X142.769 Y180.381 E19.26113
G1 X141.103 Y178.715 E19.38988
G1 X140.626 Y178.715 E19.41596
G1 X140.626 Y178.844 E19.42300
G1 X142.163 Y180.381 E19.54182
G1 X141.557 Y180.381 E19.57492
G1 X140.626 Y179.449 E19.64692
G1 X140.626 Y180.055 E19.68002
G1 X140.952 Y180.381 E19.70521
M106 S211.65
G1 Z9.350 F7800.000
G1 E11.70521 F2400.00000
G92 E0
G1 X176.532 Y179.312 F7800.000
G1 E10.00000 F2400.00000
G1 F1800.000
G1 X191.177 Y179.312 E10.70211
G1 X191.177 Y181.872 E10.82483
G1 X176.522 Y181.872 E11.52741
G1 X176.531 Y179.372 E11.64726
G1 X176.931 Y179.335 F7800.000
G1 X176.927 Y179.709 F7800.000
G1 F1800.000
G1 X190.780 Y179.709 E12.38784
G1 X190.780 Y181.475 E12.48222
G1 X176.920 Y181.475 E13.22317
G1 X176.927 Y179.769 E13.31434
G1 X177.344 Y180.128 F7800.000
G1 F1800.000
G1 X190.361 Y180.128 E14.01022
G1 X190.361 Y181.056 E14.05982
G1 X177.341 Y181.056 E14.75589
G1 X177.344 Y180.188 E14.80228
G1 X177.552 Y180.592 F7800.000
G1 F2400.000
G1 X190.152 Y180.592 E15.51704
G1 E7.51704 F2400.00000
G92 E0
G1 X176.528 Y152.688 F7800.000
G1 E10.00000 F2400.00000
G1 F1800.000
G1 X176.521 Y148.128 E10.21860
G1 X190.010 Y148.128 E10.86526
G1 X190.008 Y152.688 E11.08386
G1 X176.588 Y152.688 E11.72722
G1 X176.696 Y152.325 F7800.000
G1 X176.924 Y152.291 F7800.000
G1 F1800.000
G1 X176.919 Y148.525 E11.92852
G1 X189.613 Y148.525 E12.60717
G1 X189.611 Y152.291 E12.80847
G1 X176.984 Y152.291 E13.48350
G1 X177.343 Y151.872 F7800.000
G1 F1800.000
G1 X177.338 Y148.944 E13.64001
G1 X189.195 Y148.944 E14.27386
G1 X189.193 Y151.872 E14.43038
G1 X177.403 Y151.872 E15.06067
G1 X177.761 Y151.453 F7800.000
G1 F1800.000
G1 X177.758 Y149.363 E15.17240
G1 X188.776 Y149.363 E15.76142
G1 X188.774 Y151.453 E15.87315
G1 X177.821 Y151.453 E16.45870
G1 X178.015 Y149.945 F7800.000
G1 F3600.000
G1 X178.340 Y149.619 E16.48372
G1 X178.942 Y149.619 E16.51638
G1 X178.015 Y150.546 E16.58753
G1 X178.016 Y151.146 E16.62014
G1 X179.544 Y149.619 E16.73741
G1 X180.145 Y149.619 E16.77007
G1 X178.567 Y151.197 E16.89123
G1 X179.169 Y151.197 E16.92389
G1 X180.747 Y149.619 E17.04506
G1 X181.348 Y149.619 E17.07772
G1 X179.770 Y151.197 E17.19888
G1 X180.372 Y151.197 E17.23154
G1 X181.950 Y149.619 E17.35270
G1 X182.552 Y149.619 E17.38536
G1 X180.973 Y151.197 E17.50652
G1 X181.575 Y151.197 E17.53918
G1 X183.153 Y149.619 E17.66034
G1 X183.755 Y149.619 E17.69300
G1 X182.177 Y151.197 E17.81417
G1 X182.778 Y151.197 E17.84683
G1 X184.356 Y149.619 E17.96799
G1 X184.958 Y149.619 E18.00065
G1 X183.380 Y151.197 E18.12181
G1 X183.981 Y151.197 E18.15447
G1 X185.559 Y149.619 E18.27563
G1 X186.161 Y149.619 E18.30829
G1 X184.583 Y151.197 E18.42945
G1 X185.185 Y151.197 E18.46211
G1 X186.763 Y149.619 E18.58328
G1 X187.364 Y149.619 E18.61594
G1 X185.786 Y151.197 E18.73710
G1 X186.388 Y151.197 E18.76976
G1 X187.966 Y149.619 E18.89092
G1 X188.519 Y149.619 E18.92098
G1 X188.519 Y149.667 E18.92358
G1 X186.989 Y151.197 E19.04106
G1 X187.591 Y151.197 E19.07372
G1 X188.519 Y150.269 E19.14498
G1 X188.518 Y150.871 E19.17766
G1 X188.193 Y151.197 E19.20269
G1 E11.20269 F2400.00000
G92 E0
G1 X153.472 Y152.688 F7800.000
G1 E10.00000 F2400.00000
G1 F1800.000
G1 X139.992 Y152.688 E10.64620
G1 X139.990 Y148.128 E10.86480
G1 X153.479 Y148.128 E11.51144
G1 X153.471 Y152.628 E11.72716
G1 X153.125 Y152.488 F7800.000
G1 X153.074 Y152.291 F7800.000
G1 F1800.000
G1 X140.389 Y152.291 E12.40529
G1 X140.387 Y148.525 E12.60660
G1 X153.081 Y148.525 E13.28519
G1 X153.074 Y152.231 E13.48328
G1 X152.656 Y151.872 F7800.000
G1 F1800.000
G1 X140.808 Y151.872 E14.11668
G1 X140.807 Y148.944 E14.27320
G1 X152.661 Y148.944 E14.90695
G1 X152.656 Y151.812 E15.06026
G1 X152.238 Y151.453 F7800.000
G1 F1800.000
G1 X141.226 Y151.453 E15.64892
G1 X141.226 Y149.363 E15.76065
G1 X152.242 Y149.363 E16.34957
G1 X152.238 Y151.393 E16.45809
G1 X151.657 Y151.197 F7800.000
G1 F3600.000
G1 X151.983 Y150.871 E16.48311
G1 X151.984 Y150.269 E16.51581
G1 X151.055 Y151.197 E16.58708
G1 X150.454 Y151.197 E16.61972
G1 X151.985 Y149.666 E16.73724
G1 X151.985 Y149.619 E16.73979
G1 X151.430 Y149.619 E16.76989
G1 X149.852 Y151.197 E16.89101
G1 X149.251 Y151.197 E16.92365
G1 X150.829 Y149.619 E17.04478
G1 X150.228 Y149.619 E17.07742
G1 X148.649 Y151.197 E17.19855
G1 X148.048 Y151.197 E17.23119
G1 X149.626 Y149.619 E17.35232
G1 X149.025 Y149.619 E17.38496
G1 X147.447 Y151.197 E17.50609
G1 X146.845 Y151.197 E17.53873
G1 X148.423 Y149.619 E17.65986
G1 X147.822 Y149.619 E17.69250
G1 X146.244 Y151.197 E17.81363
G1 X145.642 Y151.197 E17.84627
G1 X147.220 Y149.619 E17.96740
G1 X146.619 Y149.619 E18.00004
G1 X145.041 Y151.197 E18.12117
G1 X144.440 Y151.197 E18.15381
G1 X146.018 Y149.619 E18.27494
G1 X145.416 Y149.619 E18.30758
G1 X143.838 Y151.197 E18.42870
G1 X143.237 Y151.197 E18.46135
G1 X144.815 Y149.619 E18.58247
G1 X144.213 Y149.619 E18.61512
G1 X142.635 Y151.197 E18.73624
G1 X142.034 Y151.197 E18.76889
G1 X143.612 Y149.619 E18.89001
G1 X143.011 Y149.619 E18.92265
G1 X141.482 Y151.147 E19.03996
G1 X141.482 Y150.546 E19.07259
G1 X142.409 Y149.619 E19.14375
G1 X141.808 Y149.619 E19.17640
G1 X141.482 Y149.945 E19.20140
G1 E11.20140 F2400.00000
G92 E0
G1 X153.469 Y177.814 F7800.000
G1 E10.00000 F2400.00000
G1 F1800.000
G1 X153.479 Y181.872 E10.19453
G1 X139.159 Y181.872 E10.88102
G1 X139.159 Y177.446 E11.09321
G1 X151.585 Y177.453 E11.68894
G1 X152.167 Y177.513 E11.71695
G1 X152.467 Y177.567 E11.73157
G1 X153.123 Y177.713 E11.76380
G1 X153.412 Y177.797 E11.77822
G1 X153.243 Y178.144 F7800.000
G1 X153.073 Y178.109 F7800.000
G1 F1800.000
G1 X153.081 Y181.475 E11.95816
G1 X139.556 Y181.475 E12.68119
G1 X139.556 Y177.843 E12.87534
G1 X151.565 Y177.850 E13.51733
G1 X152.111 Y177.907 E13.54668
G1 X153.014 Y178.096 E13.59602
G1 X152.655 Y178.445 F7800.000
G1 F1800.000
G1 X152.661 Y181.056 E13.73559
G1 X139.975 Y181.056 E14.41378
G1 X139.975 Y178.262 E14.56313
G1 X151.543 Y178.269 E15.18156
G1 X152.052 Y178.322 E15.20893
G1 X152.596 Y178.432 E15.23860
G1 X152.237 Y178.781 F7800.000
G1 F1800.000
G1 X152.241 Y180.637 E15.33783
G1 X140.394 Y180.637 E15.97118
G1 X140.394 Y178.681 E16.07573
G1 X151.521 Y178.688 E16.67060
G1 X152.178 Y178.770 E16.70597
G1 X151.658 Y180.381 F7800.000
G1 F3600.000
G1 X151.984 Y180.055 E16.73119
G1 X151.983 Y179.450 E16.76429
G1 X151.052 Y180.381 E16.83632
G1 X150.445 Y180.381 E16.86949
G1 X151.856 Y178.970 E16.97868
G1 X151.657 Y178.944 E16.98970
G1 X151.276 Y178.944 E17.01051
G1 X149.839 Y180.381 E17.12172
G1 X149.233 Y180.381 E17.15489
G1 X150.670 Y178.943 E17.26613
G1 X150.064 Y178.943 E17.29928
G1 X148.627 Y180.381 E17.41055
G1 X148.020 Y180.381 E17.44372
G1 X149.459 Y178.943 E17.55502
G1 X148.853 Y178.942 E17.58817
G1 X147.414 Y180.381 E17.69949
G1 X146.808 Y180.381 E17.73267
G1 X148.247 Y178.942 E17.84402
G1 X147.641 Y178.942 E17.87717
G1 X146.201 Y180.381 E17.98855
G1 X145.595 Y180.381 E18.02172
G1 X147.035 Y178.941 E18.13313
G1 X146.429 Y178.941 E18.16628
G1 X144.989 Y180.381 E18.27772
G1 X144.382 Y180.381 E18.31089
G1 X145.823 Y178.941 E18.42235
G1 X145.217 Y178.940 E18.45551
G1 X143.776 Y180.381 E18.56700
G1 X143.170 Y180.381 E18.60017
G1 X144.611 Y178.940 E18.71169
G1 X144.005 Y178.939 E18.74485
G1 X142.564 Y180.381 E18.85639
G1 X141.957 Y180.381 E18.88957
G1 X143.399 Y178.939 E19.00114
G1 X142.793 Y178.939 E19.03430
G1 X141.351 Y180.381 E19.14590
G1 X140.745 Y180.381 E19.17908
G1 X142.187 Y178.938 E19.29071
G1 X141.581 Y178.938 E19.32386
G1 X140.650 Y179.870 E19.39597
G1 X140.650 Y179.264 E19.42915
G1 X140.976 Y178.938 E19.45437
G1 Z9.650 F7800.000
G1 E11.45437 F2400.00000
G92 E0
G1 X176.268 Y179.312 F7800.000
G1 E10.00000 F2400.00000
G1 F1800.000
G1 X191.178 Y179.312 E10.71478
G1 X191.178 Y181.872 E10.83750
G1 X176.267 Y181.872 E11.55231
G1 X176.267 Y179.372 E11.67216
G1 X176.667 Y179.335 F7800.000
G1 X176.665 Y179.709 F7800.000
G1 F1800.000
G1 X190.780 Y179.709 E12.42679
G1 X190.780 Y181.475 E12.52117
G1 X176.664 Y181.475 E13.27583
G1 X176.665 Y179.769 E13.36701
G1 X177.083 Y180.128 F7800.000
G1 F1800.000
G1 X190.362 Y180.128 E14.07686
G1 X190.362 Y181.056 E14.12646
G1 X177.083 Y181.056 E14.83632
G1 X177.083 Y180.188 E14.88271
G1 X177.293 Y180.592 F7800.000
G1 F2400.000
G1 X190.152 Y180.592 E15.61221
G1 E7.61221 F2400.00000
G92 E0
G1 X176.267 Y152.688 F7800.000
G1 E10.00000 F2400.00000
G1 F1800.000
G1 X176.267 Y148.128 E10.21860
G1 X189.907 Y148.128 E10.87248
G1 X189.903 Y152.688 E11.09108
G1 X176.327 Y152.688 E11.74189
G1 X176.429 Y152.322 F7800.000
G1 X176.664 Y152.291 F7800.000
G1 F1800.000
G1 X176.664 Y148.525 E11.94320
G1 X189.509 Y148.525 E12.62989
G1 X189.506 Y152.291 E12.83120
G1 X176.724 Y152.291 E13.51451
G1 X177.083 Y151.872 F7800.000
G1 F1800.000
G1 X177.083 Y148.944 E13.67102
G1 X189.090 Y148.944 E14.31291
G1 X189.087 Y151.872 E14.46943
G1 X177.143 Y151.872 E15.10797
G1 X177.502 Y151.453 F7800.000
G1 F1800.000
G1 X177.502 Y149.363 E15.21970
G1 X188.670 Y149.363 E15.81678
G1 X188.669 Y151.453 E15.92851
G1 X177.562 Y151.453 E16.52229
G1 X178.084 Y151.197 F7800.000
G1 F3600.000
G1 X177.758 Y150.871 E16.54764
G1 X177.758 Y150.261 E16.58118
G1 X178.693 Y151.197 E16.65397
G1 X179.303 Y151.197 E16.68751
G1 X177.758 Y149.652 E16.80773
G1 X177.758 Y149.619 E16.80954
G1 X178.334 Y149.619 E16.84127
G1 X179.913 Y151.197 E16.96405
G1 X180.522 Y151.197 E16.99758
G1 X178.944 Y149.619 E17.12036
G1 X179.554 Y149.619 E17.15390
G1 X181.132 Y151.197 E17.27667
G1 X181.741 Y151.197 E17.31021
G1 X180.163 Y149.619 E17.43299
G1 X180.773 Y149.619 E17.46652
G1 X182.351 Y151.197 E17.58930
G1 X182.961 Y151.197 E17.62284
G1 X181.383 Y149.619 E17.74561
G1 X181.992 Y149.619 E17.77915
G1 X183.570 Y151.197 E17.90193
G1 X184.180 Y151.197 E17.93546
G1 X182.602 Y149.619 E18.05824
G1 X183.211 Y149.619 E18.09178
G1 X184.789 Y151.197 E18.21456
G1 X185.399 Y151.197 E18.24809
G1 X183.821 Y149.619 E18.37087
G1 X184.431 Y149.619 E18.40441
G1 X186.009 Y151.197 E18.52718
G1 X186.618 Y151.197 E18.56072
G1 X185.040 Y149.619 E18.68350
G1 X185.650 Y149.619 E18.71703
G1 X187.228 Y151.197 E18.83981
G1 X187.837 Y151.197 E18.87335
G1 X186.259 Y149.619 E18.99612
G1 X186.869 Y149.619 E19.02966
G1 X188.413 Y151.163 E19.14980
G1 X188.414 Y150.554 E19.18331
G1 X187.479 Y149.619 E19.25606
G1 X188.088 Y149.619 E19.28960
G1 X188.414 Y149.945 E19.31496
G1 E11.31496 F2400.00000
G92 E0
G1 X153.733 Y152.688 F7800.000
G1 E10.00000 F2400.00000
G1 F1800.000
G1 X140.097 Y152.688 E10.65367
G1 X140.094 Y148.128 E10.87227
G1 X153.733 Y148.128 E11.52612
G1 X153.733 Y152.628 E11.74185
G1 X153.386 Y152.488 F7800.000
G1 X153.335 Y152.291 F7800.000
G1 F1800.000
G1 X140.494 Y152.291 E12.42831
G1 X140.491 Y148.525 E12.62961
G1 X153.335 Y148.525 E13.31624
G1 X153.335 Y152.231 E13.51433
G1 X152.915 Y151.872 F7800.000
G1 F1800.000
G1 X140.913 Y151.872 E14.15599
G1 X140.910 Y148.944 E14.31250
G1 X152.915 Y148.944 E14.95429
G1 X152.915 Y151.812 E15.10759
G1 X152.496 Y151.453 F7800.000
G1 F1800.000
G1 X141.331 Y151.453 E15.70444
G1 X141.330 Y149.363 E15.81617
G1 X152.496 Y149.363 E16.41311
G1 X152.495 Y151.393 E16.52163
G1 X152.239 Y149.945 F7800.000
G1 F3600.000
G1 X151.913 Y149.619 E16.54698
G1 X151.304 Y149.619 E16.58049
G1 X152.238 Y150.553 E16.65315
G1 X152.239 Y151.164 E16.68672
G1 X150.694 Y149.619 E16.80685
G1 X150.085 Y149.619 E16.84036
G1 X151.663 Y151.197 E16.96309
G1 X151.054 Y151.197 E16.99660
G1 X149.475 Y149.619 E17.11933
G1 X148.866 Y149.619 E17.15284
G1 X150.444 Y151.197 E17.27557
G1 X149.835 Y151.197 E17.30908
G1 X148.257 Y149.619 E17.43181
G1 X147.647 Y149.619 E17.46533
G1 X149.225 Y151.197 E17.58806
G1 X148.616 Y151.197 E17.62157
G1 X147.038 Y149.619 E17.74430
G1 X146.429 Y149.619 E17.77781
G1 X148.007 Y151.197 E17.90054
G1 X147.397 Y151.197 E17.93405
G1 X145.819 Y149.619 E18.05678
G1 X145.210 Y149.619 E18.09029
G1 X146.788 Y151.197 E18.21302
G1 X146.179 Y151.197 E18.24653
G1 X144.600 Y149.619 E18.36926
G1 X143.991 Y149.619 E18.40278
G1 X145.569 Y151.197 E18.52551
G1 X144.960 Y151.197 E18.55902
G1 X143.382 Y149.619 E18.68175
G1 X142.772 Y149.619 E18.71526
G1 X144.350 Y151.197 E18.83799
G1 X143.741 Y151.197 E18.87150
G1 X142.163 Y149.619 E18.99423
G1 X141.586 Y149.619 E19.02596
G1 X141.586 Y149.651 E19.02775
G1 X143.132 Y151.197 E19.14796
G1 X142.522 Y151.197 E19.18147
G1 X141.586 Y150.261 E19.25425
G1 X141.587 Y150.871 E19.28779
G1 X141.913 Y151.197 E19.31313
G1 E11.31313 F2400.00000
G92 E0
G1 X153.720 Y178.038 F7800.000
G1 E10.00000 F2400.00000
G1 F1800.000
G1 X153.733 Y181.872 E10.18380
G1 X139.182 Y181.872 E10.88133
G1 X139.182 Y177.660 E11.08324
G1 X151.608 Y177.667 E11.67893
G1 X152.236 Y177.719 E11.70913
G1 X152.558 Y177.766 E11.72473
G1 X153.260 Y177.911 E11.75909
G1 X153.663 Y178.022 E11.77910
G1 X153.495 Y178.369 F7800.000
G1 X153.324 Y178.341 F7800.000
G1 F1800.000
G1 X153.334 Y181.475 E11.94665
G1 X139.580 Y181.475 E12.68197
G1 X139.580 Y178.058 E12.86465
G1 X151.592 Y178.064 E13.50682
G1 X152.489 Y178.158 E13.55507
G1 X153.266 Y178.325 E13.59755
G1 X152.906 Y178.671 F7800.000
G1 F1800.000
G1 X152.914 Y181.056 E13.72504
G1 X139.998 Y181.056 E14.41550
G1 X139.998 Y178.477 E14.55338
G1 X151.574 Y178.483 E15.17221
G1 X152.143 Y178.531 E15.20275
G1 X152.848 Y178.659 E15.24102
G1 X152.489 Y179.013 F7800.000
G1 F1800.000
G1 X152.494 Y180.637 E15.32785
G1 X140.417 Y180.637 E15.97345
G1 X140.417 Y178.896 E16.06654
G1 X151.556 Y178.902 E16.66203
G1 X152.096 Y178.947 E16.69096
G1 X152.430 Y179.001 E16.70905
G1 X151.908 Y179.205 F7800.000
G1 F3600.000
G1 X152.234 Y179.530 E16.73418
G1 X152.236 Y180.137 F7800.000
G1 F3600.000
G1 X151.257 Y179.158 E16.80968
G1 X150.652 Y179.157 E16.84265
G1 X151.876 Y180.381 E16.93703
G1 X151.272 Y180.381 E16.96998
G1 X150.047 Y179.157 E17.06438
G1 X149.443 Y179.157 E17.09734
G1 X150.667 Y180.381 E17.19177
G1 X150.063 Y180.381 E17.22472
G1 X148.838 Y179.156 E17.31917
G1 X148.234 Y179.156 E17.35214
G1 X149.459 Y180.381 E17.44661
G1 X148.855 Y180.381 E17.47956
G1 X147.629 Y179.156 E17.57406
G1 X147.025 Y179.155 E17.60702
G1 X148.250 Y180.381 E17.70155
G1 X147.646 Y180.381 E17.73450
G1 X146.420 Y179.155 E17.82904
G1 X145.815 Y179.155 E17.86201
G1 X147.042 Y180.381 E17.95658
G1 X146.438 Y180.381 E17.98953
G1 X145.211 Y179.154 E18.08413
G1 X144.606 Y179.154 E18.11710
G1 X145.833 Y180.381 E18.21172
G1 X145.229 Y180.381 E18.24467
G1 X144.002 Y179.154 E18.33931
G1 X143.397 Y179.153 E18.37228
G1 X144.625 Y180.381 E18.46695
G1 X144.021 Y180.381 E18.49990
G1 X142.793 Y179.153 E18.59459
G1 X142.188 Y179.153 E18.62756
G1 X143.416 Y180.381 E18.72227
G1 X142.812 Y180.381 E18.75522
G1 X141.583 Y179.153 E18.84997
G1 X140.979 Y179.152 E18.88293
G1 X142.208 Y180.381 E18.97770
G1 X141.603 Y180.381 E19.01065
G1 X140.673 Y179.451 E19.08239
G1 X140.673 Y180.055 E19.11534
G1 X140.999 Y180.381 E19.14046
G1 Z9.950 F7800.000
G1 E11.14046 F2400.00000
G92 E0
G1 X176.003 Y179.312 F7800.000
G1 E10.00000 F2400.00000
G1 F1800.000
G1 X191.178 Y179.312 E10.72745
G1 X191.178 Y181.872 E10.85017
G1 X176.012 Y181.872 E11.57721
G1 X176.004 Y179.372 E11.69706
G1 X176.403 Y179.334 F7800.000
G1 X176.402 Y179.709 F7800.000
G1 F1800.000
G1 X190.781 Y179.709 E12.46574
G1 X190.781 Y181.475 E12.56013
G1 X176.408 Y181.475 E13.32850
G1 X176.402 Y179.769 E13.41968
G1 X176.822 Y180.128 F7800.000
G1 F1800.000
G1 X190.362 Y180.128 E14.14350
G1 X190.362 Y181.056 E14.19310
G1 X176.825 Y181.056 E14.91676
G1 X176.822 Y180.188 E14.96315
G1 X177.033 Y180.592 F7800.000
G1 F2400.000
G1 X190.152 Y180.592 E15.70738
G1 E7.70738 F2400.00000
G92 E0
G1 X176.006 Y152.688 F7800.000
G1 E10.00000 F2400.00000
G1 F1800.000
G1 X176.012 Y148.128 E10.21860
G1 X189.784 Y148.128 E10.87882
G1 X189.788 Y152.688 E11.09742
G1 X176.066 Y152.688 E11.75521
G1 X176.204 Y152.340 F7800.000
G1 X176.404 Y152.291 F7800.000
G1 F1800.000
G1 X176.409 Y148.525 E11.95651
G1 X189.387 Y148.525 E12.65033
G1 X189.390 Y152.291 E12.85164
G1 X176.464 Y152.291 E13.54269
G1 X176.823 Y151.872 F7800.000
G1 F1800.000
G1 X176.827 Y148.944 E13.69921
G1 X188.969 Y148.944 E14.34829
G1 X188.971 Y151.872 E14.50481
G1 X176.883 Y151.872 E15.15103
G1 X177.243 Y151.453 F7800.000
G1 F1800.000
G1 X177.246 Y149.363 E15.26276
G1 X188.550 Y149.363 E15.86711
G1 X188.552 Y151.453 E15.97884
G1 X177.303 Y151.453 E16.58022
G1 X177.501 Y149.945 F7800.000
G1 F3600.000
G1 X177.827 Y149.619 E16.60587
G1 X178.444 Y149.619 E16.64021
G1 X177.500 Y150.563 E16.71451
G1 X177.499 Y151.180 E16.74890
G1 X179.061 Y149.619 E16.87183
G1 X179.678 Y149.619 E16.90617
G1 X178.100 Y151.197 E17.03042
G1 X178.716 Y151.197 E17.06476
G1 X180.294 Y149.619 E17.18900
G1 X180.911 Y149.619 E17.22334
G1 X179.333 Y151.197 E17.34759
G1 X179.950 Y151.197 E17.38193
G1 X181.528 Y149.619 E17.50617
G1 X182.145 Y149.619 E17.54051
G1 X180.567 Y151.197 E17.66476
G1 X181.184 Y151.197 E17.69910
G1 X182.762 Y149.619 E17.82334
G1 X183.379 Y149.619 E17.85769
G1 X181.801 Y151.197 E17.98193
G1 X182.418 Y151.197 E18.01627
G1 X183.996 Y149.619 E18.14051
G1 X184.613 Y149.619 E18.17486
G1 X183.035 Y151.197 E18.29910
G1 X183.652 Y151.197 E18.33344
G1 X185.230 Y149.619 E18.45768
G1 X185.846 Y149.619 E18.49203
G1 X184.268 Y151.197 E18.61627
G1 X184.885 Y151.197 E18.65061
G1 X186.463 Y149.619 E18.77485
G1 X187.080 Y149.619 E18.80920
G1 X185.502 Y151.197 E18.93344
G1 X186.119 Y151.197 E18.96778
G1 X187.697 Y149.619 E19.09203
G1 X188.295 Y149.619 E19.12529
G1 X188.295 Y149.638 E19.12637
G1 X186.736 Y151.197 E19.24909
G1 X187.353 Y151.197 E19.28343
G1 X188.295 Y150.255 E19.35762
G1 X188.296 Y150.871 E19.39193
G1 X187.970 Y151.197 E19.41760
G1 E11.41760 F2400.00000
G92 E0
G1 X153.994 Y152.688 F7800.000
G1 E10.00000 F2400.00000
G1 F1800.000
G1 X140.213 Y152.688 E10.66065
G1 X140.216 Y148.128 E10.87925
G1 X153.987 Y148.128 E11.53943
G1 X153.994 Y152.628 E11.75515
G1 X153.647 Y152.488 F7800.000
G1 X153.596 Y152.291 F7800.000
G1 F1800.000
G1 X140.610 Y152.291 E12.44936
G1 X140.613 Y148.525 E12.65067
G1 X153.589 Y148.525 E13.34440
G1 X153.596 Y152.231 E13.54249
G1 X153.176 Y151.872 F7800.000
G1 F1800.000
G1 X141.029 Y151.872 E14.19186
G1 X141.031 Y148.944 E14.34838
G1 X153.171 Y148.944 E14.99738
G1 X153.176 Y151.812 E15.15069
G1 X152.757 Y151.453 F7800.000
G1 F1800.000
G1 X141.449 Y151.453 E15.75522
G1 X141.450 Y149.363 E15.86695
G1 X152.753 Y149.363 E16.47122
G1 X152.757 Y151.393 E16.57974
G1 X152.174 Y151.197 F7800.000
G1 F3600.000
G1 X152.500 Y150.871 E16.60540
G1 X152.499 Y150.255 E16.63969
G1 X151.557 Y151.197 E16.71383
G1 X150.940 Y151.197 E16.74817
G1 X152.498 Y149.639 E16.87080
G1 X152.498 Y149.619 E16.87194
G1 X151.902 Y149.619 E16.90514
G1 X150.323 Y151.197 E17.02938
G1 X149.707 Y151.197 E17.06372
G1 X151.285 Y149.619 E17.18796
G1 X150.668 Y149.619 E17.22230
G1 X149.090 Y151.197 E17.34653
G1 X148.473 Y151.197 E17.38088
G1 X150.051 Y149.619 E17.50511
G1 X149.434 Y149.619 E17.53946
G1 X147.856 Y151.197 E17.66369
G1 X147.239 Y151.197 E17.69803
G1 X148.817 Y149.619 E17.82227
G1 X148.200 Y149.619 E17.85661
G1 X146.622 Y151.197 E17.98085
G1 X146.005 Y151.197 E18.01519
G1 X147.583 Y149.619 E18.13943
G1 X146.967 Y149.619 E18.17377
G1 X145.389 Y151.197 E18.29801
G1 X144.772 Y151.197 E18.33235
G1 X146.350 Y149.619 E18.45659
G1 X145.733 Y149.619 E18.49093
G1 X144.155 Y151.197 E18.61517
G1 X143.538 Y151.197 E18.64951
G1 X145.116 Y149.619 E18.77375
G1 X144.499 Y149.619 E18.80809
G1 X142.921 Y151.197 E18.93233
G1 X142.304 Y151.197 E18.96667
G1 X143.882 Y149.619 E19.09091
G1 X143.265 Y149.619 E19.12525
G1 X141.705 Y151.179 E19.24811
G1 X141.705 Y150.562 E19.28247
G1 X142.648 Y149.619 E19.35673
G1 X142.032 Y149.619 E19.39107
G1 X141.706 Y149.945 E19.41672
G1 E11.41672 F2400.00000
G92 E0
G1 X153.985 Y178.244 F7800.000
G1 E10.00000 F2400.00000
G1 F1800.000
G1 X153.987 Y181.872 E10.17394
G1 X139.206 Y181.872 E10.88254
G1 X139.206 Y177.840 E11.07583
G1 X151.630 Y177.847 E11.67139
G1 X152.300 Y177.903 E11.70366
G1 X152.644 Y177.953 E11.72031
G1 X153.927 Y178.228 E11.78321
G1 X153.761 Y178.575 F7800.000
G1 X153.588 Y178.557 F7800.000
G1 F1800.000
G1 X153.590 Y181.475 E11.93919
G1 X139.603 Y181.475 E12.68690
G1 X139.603 Y178.237 E12.85997
G1 X151.613 Y178.244 E13.50199
G1 X152.255 Y178.298 E13.53645
G1 X152.575 Y178.345 E13.55371
G1 X153.529 Y178.545 E13.60586
G1 X153.169 Y178.897 F7800.000
G1 F1800.000
G1 X153.171 Y181.056 E13.72125
G1 X140.022 Y181.056 E14.42417
G1 X140.022 Y178.657 E14.55243
G1 X151.595 Y178.663 E15.17112
G1 X152.501 Y178.757 E15.21983
G1 X153.111 Y178.885 E15.25310
G1 X152.751 Y179.237 F7800.000
G1 F1800.000
G1 X152.752 Y180.637 E15.32792
G1 X140.441 Y180.637 E15.98604
G1 X140.441 Y179.076 E16.06950
G1 X151.577 Y179.082 E16.66485
G1 X152.160 Y179.131 E16.69608
G1 X152.692 Y179.225 E16.72498
G1 X152.169 Y180.381 F7800.000
G1 F3600.000
G1 X152.495 Y180.055 E16.75035
G1 X152.495 Y179.446 E16.78388
G1 X151.560 Y180.381 E16.85667
G1 X150.950 Y180.381 E16.89023
G1 X151.972 Y179.359 E16.96978
G1 X151.383 Y179.338 E17.00220
G1 X150.340 Y180.381 E17.08339
G1 X149.730 Y180.381 E17.11695
G1 X150.774 Y179.337 E17.19817
G1 X150.164 Y179.337 E17.23171
G1 X149.120 Y180.381 E17.31295
G1 X148.511 Y180.381 E17.34651
G1 X149.555 Y179.337 E17.42778
G1 X148.946 Y179.336 E17.46132
G1 X147.901 Y180.381 E17.54262
G1 X147.291 Y180.381 E17.57618
G1 X148.336 Y179.336 E17.65751
G1 X147.727 Y179.336 E17.69104
G1 X146.681 Y180.381 E17.77240
G1 X146.072 Y180.381 E17.80595
G1 X147.117 Y179.335 E17.88733
G1 X146.508 Y179.335 E17.92087
G1 X145.462 Y180.381 E18.00228
G1 X144.852 Y180.381 E18.03583
G1 X145.898 Y179.335 E18.11727
G1 X145.289 Y179.334 E18.15080
G1 X144.242 Y180.381 E18.23226
G1 X143.633 Y180.381 E18.26582
G1 X144.680 Y179.334 E18.34731
G1 X144.070 Y179.334 E18.38084
G1 X143.023 Y180.381 E18.46236
G1 X142.413 Y180.381 E18.49591
G1 X143.461 Y179.333 E18.57745
G1 X142.851 Y179.333 E18.61099
G1 X141.803 Y180.381 E18.69255
G1 X141.193 Y180.381 E18.72611
G1 X142.242 Y179.333 E18.80770
G1 X141.632 Y179.332 E18.84124
G1 X140.697 Y180.268 E18.91404
G1 X140.697 Y179.658 E18.94759
G1 X141.023 Y179.332 E18.97296
G1 Z10.250 F7800.000
G1 E10.97296 F2400.00000
G92 E0
G1 X175.736 Y179.312 F7800.000
G1 E10.00000 F2400.00000
G1 F1800.000
G1 X191.178 Y179.312 E10.74027
G1 X191.178 Y181.872 E10.86300
G1 X175.725 Y181.872 E11.60380
G1 X175.736 Y179.372 E11.72365
G1 X176.136 Y179.334 F7800.000
G1 X176.132 Y179.709 F7800.000
G1 F1800.000
G1 X190.781 Y179.709 E12.50679
G1 X190.781 Y181.475 E12.60117
G1 X176.124 Y181.475 E13.38473
G1 X176.131 Y179.769 E13.47591
G1 X176.549 Y180.128 F7800.000
G1 F1800.000
G1 X190.362 Y180.128 E14.21436
G1 X190.362 Y181.056 E14.26396
G1 X176.545 Y181.056 E15.00263
G1 X176.549 Y180.188 E15.04902
G1 X176.756 Y180.592 F7800.000
G1 F2400.000
G1 X190.153 Y180.592 E15.80898
G1 E7.80898 F2400.00000
G92 E0
G1 X175.731 Y152.688 F7800.000
G1 E10.00000 F2400.00000
G1 F1800.000
G1 X175.724 Y148.128 E10.21860
G1 X189.660 Y148.128 E10.88665
G1 X189.661 Y152.688 E11.10525
G1 X175.791 Y152.688 E11.77019
G1 X175.919 Y152.335 F7800.000
G1 X176.128 Y152.291 F7800.000
G1 F1800.000
G1 X176.122 Y148.525 E11.97150
G1 X189.263 Y148.525 E12.67400
G1 X189.265 Y152.291 E12.87530
G1 X176.188 Y152.291 E13.57439
G1 X176.546 Y151.872 F7800.000
G1 F1800.000
G1 X176.542 Y148.944 E13.73091
G1 X188.845 Y148.944 E14.38862
G1 X188.846 Y151.872 E14.54513
G1 X176.606 Y151.872 E15.19949
G1 X176.964 Y151.453 F7800.000
G1 F1800.000
G1 X176.961 Y149.363 E15.31122
G1 X188.426 Y149.363 E15.92412
G1 X188.427 Y151.453 E16.03585
G1 X177.024 Y151.453 E16.64547
G1 X177.220 Y150.871 F7800.000
G1 F3600.000
G1 X177.546 Y151.197 E16.67017
G1 X178.139 Y151.197 E16.70200
G1 X177.219 Y150.276 E16.77178
G1 X177.218 Y149.682 E16.80365
G1 X178.733 Y151.197 E16.91850
G1 X179.327 Y151.197 E16.95032
G1 X177.749 Y149.619 E17.06993
G1 X178.343 Y149.619 E17.10175
G1 X179.921 Y151.197 E17.22135
G1 X180.515 Y151.197 E17.25318
G1 X178.937 Y149.619 E17.37278
G1 X179.531 Y149.619 E17.40461
G1 X181.109 Y151.197 E17.52421
G1 X181.702 Y151.197 E17.55603
G1 X180.124 Y149.619 E17.67564
G1 X180.718 Y149.619 E17.70746
G1 X182.296 Y151.197 E17.82706
G1 X182.890 Y151.197 E17.85889
G1 X181.312 Y149.619 E17.97849
G1 X181.906 Y149.619 E18.01032
G1 X183.484 Y151.197 E18.12992
G1 X184.078 Y151.197 E18.16174
G1 X182.500 Y149.619 E18.28135
G1 X183.094 Y149.619 E18.31317
G1 X184.672 Y151.197 E18.43277
G1 X185.266 Y151.197 E18.46460
G1 X183.687 Y149.619 E18.58420
G1 X184.281 Y149.619 E18.61603
G1 X185.859 Y151.197 E18.73563
G1 X186.453 Y151.197 E18.76746
G1 X184.875 Y149.619 E18.88706
G1 X185.469 Y149.619 E18.91888
G1 X187.047 Y151.197 E19.03849
G1 X187.641 Y151.197 E19.07031
G1 X186.063 Y149.619 E19.18991
G1 X186.657 Y149.619 E19.22174
G1 X188.171 Y151.134 E19.33653
G1 X188.171 Y150.539 E19.36839
G1 X187.251 Y149.619 E19.43814
G1 X187.844 Y149.619 E19.46996
G1 X188.170 Y149.945 E19.49467
G1 E11.49467 F2400.00000
G92 E0
G1 X154.268 Y152.688 F7800.000
G1 E10.00000 F2400.00000
G1 F1800.000
G1 X140.339 Y152.688 E10.66777
G1 X140.340 Y148.128 E10.88637
G1 X154.275 Y148.128 E11.55441
G1 X154.268 Y152.628 E11.77014
G1 X153.922 Y152.488 F7800.000
G1 X153.870 Y152.291 F7800.000
G1 F1800.000
G1 X140.736 Y152.291 E12.47230
G1 X140.737 Y148.525 E12.67360
G1 X153.877 Y148.525 E13.37607
G1 X153.871 Y152.231 E13.57417
G1 X153.452 Y151.872 F7800.000
G1 F1800.000
G1 X141.155 Y151.872 E14.23158
G1 X141.156 Y148.944 E14.38810
G1 X153.458 Y148.944 E15.04575
G1 X153.452 Y151.812 E15.19906
G1 X153.034 Y151.453 F7800.000
G1 F1800.000
G1 X141.574 Y151.453 E15.81172
G1 X141.575 Y149.363 E15.92345
G1 X153.038 Y149.363 E16.53628
G1 X153.034 Y151.393 E16.64480
G1 X152.781 Y149.945 F7800.000
G1 F3600.000
G1 X152.455 Y149.619 E16.66950
G1 X151.862 Y149.619 E16.70133
G1 X152.780 Y150.538 E16.77096
G1 X152.779 Y151.130 E16.80273
G1 X151.268 Y149.619 E16.91729
G1 X150.674 Y149.619 E16.94912
G1 X152.252 Y151.197 E17.06873
G1 X151.658 Y151.197 E17.10055
G1 X150.080 Y149.619 E17.22016
G1 X149.486 Y149.619 E17.25199
G1 X151.064 Y151.197 E17.37159
G1 X150.470 Y151.197 E17.40342
G1 X148.892 Y149.619 E17.52303
G1 X148.298 Y149.619 E17.55485
G1 X149.876 Y151.197 E17.67446
G1 X149.283 Y151.197 E17.70629
G1 X147.705 Y149.619 E17.82589
G1 X147.111 Y149.619 E17.85772
G1 X148.689 Y151.197 E17.97733
G1 X148.095 Y151.197 E18.00915
G1 X146.517 Y149.619 E18.12876
G1 X145.923 Y149.619 E18.16059
G1 X147.501 Y151.197 E18.28019
G1 X146.907 Y151.197 E18.31202
G1 X145.329 Y149.619 E18.43162
G1 X144.735 Y149.619 E18.46345
G1 X146.313 Y151.197 E18.58306
G1 X145.719 Y151.197 E18.61489
G1 X144.141 Y149.619 E18.73449
G1 X143.547 Y149.619 E18.76632
G1 X145.126 Y151.197 E18.88592
G1 X144.532 Y151.197 E18.91775
G1 X142.954 Y149.619 E19.03736
G1 X142.360 Y149.619 E19.06918
G1 X143.938 Y151.197 E19.18879
G1 X143.344 Y151.197 E19.22062
G1 X141.831 Y149.684 E19.33532
G1 X141.830 Y150.277 E19.36714
G1 X142.750 Y151.197 E19.43684
G1 X142.156 Y151.197 E19.46867
G1 X141.830 Y150.871 E19.49337
G1 E11.49337 F2400.00000
G92 E0
G1 X154.265 Y178.432 F7800.000
G1 E10.00000 F2400.00000
G1 F1800.000
G1 X154.275 Y181.872 E10.16492
G1 X139.230 Y181.872 E10.88618
G1 X139.230 Y178.020 E11.07085
G1 X151.651 Y178.027 E11.66628
G1 X152.364 Y178.087 E11.70063
G1 X153.127 Y178.196 E11.73757
G1 X154.207 Y178.417 E11.79041
G1 X154.043 Y178.764 F7800.000
G1 X153.869 Y178.744 F7800.000
G1 F1800.000
G1 X153.877 Y181.475 E11.93640
G1 X139.627 Y181.475 E12.69819
G1 X139.627 Y178.417 E12.86164
G1 X151.634 Y178.424 E13.50352
G1 X152.320 Y178.482 E13.54032
G1 X153.062 Y178.588 E13.58038
G1 X153.810 Y178.733 E13.62113
G1 X153.451 Y179.090 F7800.000
G1 F1800.000
G1 X153.457 Y181.056 E13.72624
G1 X140.046 Y181.056 E14.44318
G1 X140.046 Y178.836 E14.56183
G1 X151.616 Y178.843 E15.18037
G1 X152.273 Y178.898 E15.21559
G1 X152.992 Y179.001 E15.25445
G1 X153.392 Y179.078 E15.27622
G1 X153.033 Y179.436 F7800.000
G1 F1800.000
G1 X153.037 Y180.637 E15.34045
G1 X140.465 Y180.637 E16.01254
G1 X140.465 Y179.256 E16.08639
G1 X151.599 Y179.262 E16.68159
G1 X152.226 Y179.315 E16.71523
G1 X152.974 Y179.424 E16.75569
G1 X152.778 Y179.960 F7800.000
G1 F3600.000
G1 X152.452 Y179.634 E16.78097
G1 X151.758 Y179.547 E16.81936
G1 X152.592 Y180.381 E16.88407
G1 X151.984 Y180.381 E16.91739
G1 X151.121 Y179.518 E16.98432
G1 X150.513 Y179.518 E17.01767
G1 X151.377 Y180.381 E17.08463
G1 X150.769 Y180.381 E17.11795
G1 X149.905 Y179.517 E17.18494
G1 X149.297 Y179.517 E17.21828
G1 X150.161 Y180.381 E17.28529
G1 X149.554 Y180.381 E17.31862
G1 X148.689 Y179.517 E17.38566
G1 X148.081 Y179.516 E17.41900
G1 X148.946 Y180.381 E17.48607
G1 X148.338 Y180.381 E17.51940
G1 X147.473 Y179.516 E17.58650
G1 X146.865 Y179.515 E17.61984
G1 X147.731 Y180.381 E17.68697
G1 X147.123 Y180.381 E17.72029
G1 X146.257 Y179.515 E17.78744
G1 X145.649 Y179.515 E17.82078
G1 X146.516 Y180.381 E17.88797
G1 X145.908 Y180.381 E17.92129
G1 X145.041 Y179.514 E17.98850
G1 X144.433 Y179.514 E18.02184
G1 X145.300 Y180.381 E18.08909
G1 X144.693 Y180.381 E18.12241
G1 X143.825 Y179.514 E18.18968
G1 X143.217 Y179.513 E18.22302
G1 X144.085 Y180.381 E18.29031
G1 X143.477 Y180.381 E18.32363
G1 X142.609 Y179.513 E18.39096
G1 X142.001 Y179.513 E18.42430
G1 X142.870 Y180.381 E18.49165
G1 X142.262 Y180.381 E18.52497
G1 X141.393 Y179.512 E18.59235
G1 X140.785 Y179.512 E18.62570
G1 X141.654 Y180.381 E18.69310
G1 X141.047 Y180.381 E18.72643
G1 X140.721 Y180.055 E18.75170
G1 Z10.550 F7800.000
G1 E10.75170 F2400.00000
G92 E0
G1 X175.424 Y179.312 F7800.000
G1 E10.00000 F2400.00000
G1 F1800.000
G1 X191.178 Y179.312 E10.75523
G1 X191.178 Y181.872 E10.87795
G1 X175.424 Y181.872 E11.63319
G1 X175.424 Y179.372 E11.75304
G1 X175.824 Y179.333 F7800.000
G1 X175.822 Y179.709 F7800.000
G1 F1800.000
G1 X190.781 Y179.709 E12.55278
G1 X190.781 Y181.475 E12.64716
G1 X175.821 Y181.475 E13.44691
G1 X175.822 Y179.769 E13.53808
G1 X176.240 Y180.128 F7800.000
G1 F1800.000
G1 X190.362 Y180.128 E14.29304
G1 X190.362 Y181.056 E14.34263
G1 X176.240 Y181.056 E15.09759
G1 X176.240 Y180.188 E15.14398
G1 X176.450 Y180.592 F7800.000
G1 F2400.000
G1 X190.153 Y180.592 E15.92133
G1 E7.92133 F2400.00000
G92 E0
G1 X175.424 Y152.688 F7800.000
G1 E10.00000 F2400.00000
G1 F1800.000
G1 X175.424 Y148.128 E10.21860
G1 X189.536 Y148.128 E10.89509
G1 X189.535 Y152.688 E11.11369
G1 X175.484 Y152.688 E11.78731
G1 X175.603 Y152.331 F7800.000
G1 X175.821 Y152.291 F7800.000
G1 F1800.000
G1 X175.821 Y148.525 E11.98861
G1 X189.139 Y148.525 E12.70056
G1 X189.139 Y152.291 E12.90187
G1 X175.881 Y152.291 E13.61060
G1 X176.240 Y151.872 F7800.000
G1 F1800.000
G1 X176.240 Y148.944 E13.76712
G1 X188.720 Y148.944 E14.43430
G1 X188.720 Y151.872 E14.59082
G1 X176.300 Y151.872 E15.25479
G1 X176.659 Y151.453 F7800.000
G1 F1800.000
G1 X176.659 Y149.363 E15.36652
G1 X188.302 Y149.363 E15.98893
G1 X188.301 Y151.453 E16.10066
G1 X176.719 Y151.453 E16.71986
G1 X177.241 Y149.619 F7800.000
G1 F3600.000
G1 X176.915 Y149.945 E16.74494
G1 X176.915 Y150.548 E16.77774
G1 X177.844 Y149.619 E16.84921
G1 X178.447 Y149.619 E16.88200
G1 X176.915 Y151.151 E16.99985
G1 X176.915 Y151.197 E17.00237
G1 X177.471 Y151.197 E17.03265
G1 X179.049 Y149.619 E17.15407
G1 X179.652 Y149.619 E17.18686
G1 X178.074 Y151.197 E17.30828
G1 X178.677 Y151.197 E17.34107
G1 X180.255 Y149.619 E17.46249
G1 X180.858 Y149.619 E17.49529
G1 X179.280 Y151.197 E17.61670
G1 X179.883 Y151.197 E17.64950
G1 X181.461 Y149.619 E17.77091
G1 X182.064 Y149.619 E17.80371
G1 X180.486 Y151.197 E17.92512
G1 X181.089 Y151.197 E17.95792
G1 X182.667 Y149.619 E18.07934
G1 X183.269 Y149.619 E18.11213
G1 X181.691 Y151.197 E18.23355
G1 X182.294 Y151.197 E18.26635
G1 X183.872 Y149.619 E18.38776
G1 X184.475 Y149.619 E18.42056
G1 X182.897 Y151.197 E18.54197
G1 X183.500 Y151.197 E18.57477
G1 X185.078 Y149.619 E18.69618
G1 X185.681 Y149.619 E18.72898
G1 X184.103 Y151.197 E18.85039
G1 X184.706 Y151.197 E18.88319
G1 X186.284 Y149.619 E19.00461
G1 X186.887 Y149.619 E19.03740
G1 X185.308 Y151.197 E19.15882
G1 X185.911 Y151.197 E19.19162
G1 X187.489 Y149.619 E19.31303
G1 X188.046 Y149.619 E19.34332
G1 X188.046 Y149.665 E19.34583
G1 X186.514 Y151.197 E19.46370
G1 X187.117 Y151.197 E19.49649
G1 X188.046 Y150.268 E19.56799
G1 X188.046 Y150.871 E19.60081
G1 X187.720 Y151.197 E19.62589
G1 E11.62589 F2400.00000
G92 E0
G1 X154.576 Y152.688 F7800.000
G1 E10.00000 F2400.00000
G1 F1800.000
G1 X140.465 Y152.688 E10.67647
G1 X140.464 Y148.128 E10.89507
G1 X154.575 Y148.128 E11.57153
G1 X154.576 Y152.628 E11.78726
G1 X154.229 Y152.488 F7800.000
G1 X154.178 Y152.291 F7800.000
G1 F1800.000
G1 X140.862 Y152.291 E12.49912
G1 X140.862 Y148.525 E12.70043
G1 X154.177 Y148.525 E13.41228
G1 X154.178 Y152.231 E13.61038
G1 X153.758 Y151.872 F7800.000
G1 F1800.000
G1 X141.281 Y151.872 E14.27742
G1 X141.281 Y148.944 E14.43394
G1 X153.758 Y148.944 E15.10097
G1 X153.758 Y151.812 E15.25428
G1 X153.339 Y151.453 F7800.000
G1 F1800.000
G1 X141.700 Y151.453 E15.87650
G1 X141.700 Y149.363 E15.98823
G1 X153.338 Y149.363 E16.61043
G1 X153.339 Y151.393 E16.71895
G1 X152.756 Y151.197 F7800.000
G1 F3600.000
G1 X153.082 Y150.871 E16.74402
G1 X153.081 Y150.269 E16.77674
G1 X152.153 Y151.197 E16.84808
G1 X151.551 Y151.197 E16.88085
G1 X153.081 Y149.667 E16.99857
G1 X153.081 Y149.619 E17.00115
G1 X152.526 Y149.619 E17.03134
G1 X150.948 Y151.197 E17.15271
G1 X150.346 Y151.197 E17.18549
G1 X151.924 Y149.619 E17.30686
G1 X151.321 Y149.619 E17.33963
G1 X149.743 Y151.197 E17.46100
G1 X149.140 Y151.197 E17.49378
G1 X150.718 Y149.619 E17.61515
G1 X150.116 Y149.619 E17.64792
G1 X148.538 Y151.197 E17.76930
G1 X147.935 Y151.197 E17.80207
G1 X149.513 Y149.619 E17.92344
G1 X148.910 Y149.619 E17.95621
G1 X147.332 Y151.197 E18.07759
G1 X146.730 Y151.197 E18.11036
G1 X148.308 Y149.619 E18.23173
G1 X147.705 Y149.619 E18.26450
G1 X146.127 Y151.197 E18.38588
G1 X145.524 Y151.197 E18.41865
G1 X147.103 Y149.619 E18.54002
G1 X146.500 Y149.619 E18.57279
G1 X144.922 Y151.197 E18.69417
G1 X144.319 Y151.197 E18.72694
G1 X145.897 Y149.619 E18.84831
G1 X145.295 Y149.619 E18.88108
G1 X143.717 Y151.197 E19.00246
G1 X143.114 Y151.197 E19.03523
G1 X144.692 Y149.619 E19.15660
G1 X144.089 Y149.619 E19.18937
G1 X142.511 Y151.197 E19.31075
G1 X141.956 Y151.197 E19.34097
G1 X141.956 Y151.150 E19.34352
G1 X143.487 Y149.619 E19.46128
G1 X142.884 Y149.619 E19.49406
G1 X141.956 Y150.548 E19.56548
G1 X141.956 Y149.945 E19.59825
G1 X142.282 Y149.619 E19.62332
G1 E11.62332 F2400.00000
G92 E0
G1 X154.562 Y178.609 F7800.000
G1 E10.00000 F2400.00000
G1 F1800.000
G1 X154.575 Y181.872 E10.15642
G1 X139.254 Y181.872 E10.89091
G1 X139.254 Y178.185 E11.06765
G1 X151.674 Y178.191 E11.66304
G1 X152.432 Y178.242 E11.69947
G1 X153.238 Y178.347 E11.73844
G1 X154.503 Y178.598 E11.80027
G1 X154.343 Y178.944 F7800.000
G1 X154.166 Y178.936 F7800.000
G1 F1800.000
G1 X154.176 Y181.475 E11.93600
G1 X139.651 Y181.475 E12.71252
G1 X139.651 Y178.583 E12.86713
G1 X151.660 Y178.589 E13.50916
G1 X152.393 Y178.637 E13.54840
G1 X153.173 Y178.739 E13.59048
G1 X154.107 Y178.924 E13.64137
G1 X153.748 Y179.280 F7800.000
G1 F1800.000
G1 X153.756 Y181.056 E13.73630
G1 X140.070 Y181.056 E14.46794
G1 X140.070 Y179.002 E14.57776
G1 X151.646 Y179.007 E15.19664
G1 X152.352 Y179.054 E15.23443
G1 X153.105 Y179.153 E15.27506
G1 X153.690 Y179.269 E15.30690
G1 X153.331 Y179.625 F7800.000
G1 F1800.000
G1 X153.335 Y180.637 E15.36103
G1 X140.489 Y180.637 E16.04779
G1 X140.489 Y179.421 E16.11281
G1 X151.632 Y179.426 E16.70856
G1 X152.311 Y179.471 E16.74489
G1 X153.272 Y179.613 E16.79684
G1 X152.751 Y180.381 F7800.000
G1 F3600.000
G1 X153.077 Y180.055 E16.82261
G1 X153.076 Y179.810 E16.83631
G1 X152.747 Y179.767 E16.85490
G1 X152.132 Y180.381 E16.90346
G1 X151.513 Y180.381 E16.93807
G1 X152.185 Y179.709 E16.99118
G1 X151.592 Y179.682 E17.02432
G1 X150.894 Y180.381 E17.07955
G1 X150.274 Y180.381 E17.11415
G1 X150.973 Y179.682 E17.16941
G1 X150.355 Y179.682 E17.20399
G1 X149.655 Y180.381 E17.25927
G1 X149.036 Y180.381 E17.29388
G1 X149.736 Y179.681 E17.34918
G1 X149.117 Y179.681 E17.38376
G1 X148.417 Y180.381 E17.43909
G1 X147.797 Y180.381 E17.47370
G1 X148.498 Y179.681 E17.52904
G1 X147.879 Y179.680 E17.56363
G1 X147.178 Y180.381 E17.61901
G1 X146.559 Y180.381 E17.65361
G1 X147.260 Y179.680 E17.70901
G1 X146.641 Y179.680 E17.74360
G1 X145.940 Y180.381 E17.79902
G1 X145.320 Y180.381 E17.83363
G1 X146.022 Y179.679 E17.88907
G1 X145.403 Y179.679 E17.92366
G1 X144.701 Y180.381 E17.97913
G1 X144.082 Y180.381 E18.01374
G1 X144.784 Y179.679 E18.06923
G1 X144.165 Y179.679 E18.10382
G1 X143.463 Y180.381 E18.15934
G1 X142.843 Y180.381 E18.19394
G1 X143.546 Y179.678 E18.24949
G1 X142.927 Y179.678 E18.28408
G1 X142.224 Y180.381 E18.33964
G1 X141.605 Y180.381 E18.37425
G1 X142.308 Y179.678 E18.42984
G1 X141.689 Y179.677 E18.46443
G1 X140.986 Y180.381 E18.52004
G1 X140.745 Y180.381 E18.53352
G1 X140.745 Y180.003 E18.55465
G1 X141.070 Y179.677 E18.58041
G1 Z10.850 F7800.000
G1 E10.58041 F2400.00000
G92 E0
G1 X175.113 Y179.312 F7800.000
G1 E10.00000 F2400.00000
G1 F1800.000
G1 X191.179 Y179.312 E10.77019
G1 X191.179 Y181.872 E10.89291
G1 X175.123 Y181.872 E11.66259
G1 X175.113 Y179.372 E11.78244
G1 X175.512 Y179.333 F7800.000
G1 X175.512 Y179.709 F7800.000
G1 F1800.000
G1 X190.781 Y179.709 E12.59877
G1 X190.781 Y181.475 E12.69315
G1 X175.519 Y181.475 E13.50909
G1 X175.512 Y179.769 E13.60026
G1 X175.932 Y180.128 F7800.000
G1 F1800.000
G1 X190.363 Y180.128 E14.37171
G1 X190.363 Y181.056 E14.42131
G1 X175.936 Y181.056 E15.19255
G1 X175.932 Y180.188 E15.23894
G1 X176.143 Y180.592 F7800.000
G1 F2400.000
G1 X190.153 Y180.592 E16.03368
G1 E8.03368 F2400.00000
G92 E0
G1 X175.117 Y152.688 F7800.000
G1 E10.00000 F2400.00000
G1 F1800.000
G1 X175.124 Y148.128 E10.21860
G1 X189.411 Y148.128 E10.90353
G1 X189.409 Y152.688 E11.12213
G1 X175.177 Y152.688 E11.80443
G1 X175.288 Y152.327 F7800.000
G1 X175.515 Y152.291 F7800.000
G1 F1800.000
G1 X175.520 Y148.525 E12.00573
G1 X189.015 Y148.525 E12.72713
G1 X189.012 Y152.291 E12.92843
G1 X175.575 Y152.291 E13.64682
G1 X175.934 Y151.872 F7800.000
G1 F1800.000
G1 X175.939 Y148.944 E13.80333
G1 X188.596 Y148.944 E14.47999
G1 X188.594 Y151.872 E14.63651
G1 X175.994 Y151.872 E15.31009
G1 X176.354 Y151.453 F7800.000
G1 F1800.000
G1 X176.357 Y149.363 E15.42182
G1 X188.177 Y149.363 E16.05372
G1 X188.175 Y151.453 E16.16545
G1 X176.414 Y151.453 E16.79423
G1 X176.610 Y150.871 F7800.000
G1 F3600.000
G1 X176.936 Y151.197 E16.81969
G1 X177.548 Y151.197 E16.85347
G1 X176.611 Y150.260 E16.92662
G1 X176.612 Y149.649 E16.96035
G1 X178.160 Y151.197 E17.08121
G1 X178.772 Y151.197 E17.11499
G1 X177.194 Y149.619 E17.23821
G1 X177.805 Y149.619 E17.27200
G1 X179.384 Y151.197 E17.39522
G1 X179.995 Y151.197 E17.42900
G1 X178.417 Y149.619 E17.55223
G1 X179.029 Y149.619 E17.58601
G1 X180.607 Y151.197 E17.70923
G1 X181.219 Y151.197 E17.74301
G1 X179.641 Y149.619 E17.86624
G1 X180.253 Y149.619 E17.90002
G1 X181.831 Y151.197 E18.02324
G1 X182.443 Y151.197 E18.05702
G1 X180.865 Y149.619 E18.18025
G1 X181.476 Y149.619 E18.21403
G1 X183.055 Y151.197 E18.33725
G1 X183.666 Y151.197 E18.37104
G1 X182.088 Y149.619 E18.49426
G1 X182.700 Y149.619 E18.52804
G1 X184.278 Y151.197 E18.65127
G1 X184.890 Y151.197 E18.68505
G1 X183.312 Y149.619 E18.80827
G1 X183.924 Y149.619 E18.84205
G1 X185.502 Y151.197 E18.96528
G1 X186.114 Y151.197 E18.99906
G1 X184.536 Y149.619 E19.12228
G1 X185.147 Y149.619 E19.15606
G1 X186.726 Y151.197 E19.27929
G1 X187.337 Y151.197 E19.31307
G1 X185.759 Y149.619 E19.43629
G1 X186.371 Y149.619 E19.47008
G1 X187.920 Y151.168 E19.59100
G1 X187.920 Y150.556 E19.62476
G1 X186.983 Y149.619 E19.69795
G1 X187.595 Y149.619 E19.73173
G1 X187.921 Y149.945 E19.75718
G1 E11.75718 F2400.00000
G92 E0
G1 X154.883 Y152.688 F7800.000
G1 E10.00000 F2400.00000
G1 F1800.000
G1 X140.591 Y152.688 E10.68517
G1 X140.589 Y148.128 E10.90377
G1 X154.876 Y148.128 E11.58866
G1 X154.883 Y152.628 E11.80438
G1 X154.485 Y152.647 F7800.000
G1 X154.485 Y152.291 F7800.000
G1 F1800.000
G1 X140.988 Y152.291 E12.52596
G1 X140.986 Y148.525 E12.72726
G1 X154.479 Y148.525 E13.44858
G1 X154.485 Y152.231 E13.64667
G1 X154.066 Y151.872 F7800.000
G1 F1800.000
G1 X141.406 Y151.872 E14.32344
G1 X141.405 Y148.944 E14.47995
G1 X154.061 Y148.944 E15.15651
G1 X154.066 Y151.812 E15.30982
G1 X153.646 Y151.453 F7800.000
G1 F1800.000
G1 X141.825 Y151.453 E15.94177
G1 X141.824 Y149.363 E16.05350
G1 X153.643 Y149.363 E16.68530
G1 X153.646 Y151.393 E16.79382
G1 X153.387 Y149.945 F7800.000
G1 F3600.000
G1 X153.061 Y149.619 E16.81927
G1 X152.450 Y149.619 E16.85303
G1 X153.388 Y150.558 E16.92629
G1 X153.389 Y151.170 E16.96011
G1 X151.838 Y149.619 E17.08120
G1 X151.227 Y149.619 E17.11496
G1 X152.805 Y151.197 E17.23814
G1 X152.193 Y151.197 E17.27190
G1 X150.615 Y149.619 E17.39509
G1 X150.003 Y149.619 E17.42884
G1 X151.581 Y151.197 E17.55203
G1 X150.970 Y151.197 E17.58579
G1 X149.392 Y149.619 E17.70897
G1 X148.780 Y149.619 E17.74273
G1 X150.358 Y151.197 E17.86591
G1 X149.746 Y151.197 E17.89967
G1 X148.168 Y149.619 E18.02285
G1 X147.557 Y149.619 E18.05661
G1 X149.135 Y151.197 E18.17979
G1 X148.523 Y151.197 E18.21355
G1 X146.945 Y149.619 E18.33673
G1 X146.334 Y149.619 E18.37049
G1 X147.912 Y151.197 E18.49368
G1 X147.300 Y151.197 E18.52744
G1 X145.722 Y149.619 E18.65062
G1 X145.110 Y149.619 E18.68438
G1 X146.688 Y151.197 E18.80756
G1 X146.077 Y151.197 E18.84132
G1 X144.499 Y149.619 E18.96450
G1 X143.887 Y149.619 E18.99826
G1 X145.465 Y151.197 E19.12144
G1 X144.853 Y151.197 E19.15520
G1 X143.275 Y149.619 E19.27838
G1 X142.664 Y149.619 E19.31214
G1 X144.242 Y151.197 E19.43533
G1 X143.630 Y151.197 E19.46909
G1 X142.080 Y149.647 E19.59006
G1 X142.081 Y150.259 E19.62383
G1 X143.019 Y151.197 E19.69704
G1 X142.407 Y151.197 E19.73080
G1 X142.081 Y150.871 E19.75624
G1 E11.75624 F2400.00000
G92 E0
G1 X154.875 Y178.761 F7800.000
G1 E10.00000 F2400.00000
G1 F1800.000
G1 X154.876 Y181.872 E10.14912
G1 X139.277 Y181.872 E10.89690
G1 X139.277 Y178.327 E11.06683
G1 X151.695 Y178.334 E11.66210
G1 X152.497 Y178.387 E11.70067
G1 X152.912 Y178.434 E11.72067
G1 X154.305 Y178.650 E11.78824
G1 X154.816 Y178.750 E11.81323
G1 X154.657 Y179.096 F7800.000
G1 X154.478 Y179.089 F7800.000
G1 F1800.000
G1 X154.478 Y181.475 E11.94079
G1 X139.675 Y181.475 E12.73220
G1 X139.675 Y178.725 E12.87923
G1 X151.681 Y178.731 E13.52111
G1 X152.462 Y178.782 E13.56291
G1 X152.859 Y178.828 E13.58428
G1 X154.419 Y179.077 E13.66876
G1 X154.059 Y179.438 F7800.000
G1 F1800.000
G1 X154.060 Y181.056 E13.75525
G1 X140.093 Y181.056 E14.50188
G1 X140.093 Y179.144 E14.60410
G1 X151.667 Y179.150 E15.22284
G1 X152.803 Y179.243 E15.28375
G1 X154.000 Y179.429 E15.34851
G1 X153.640 Y179.797 F7800.000
G1 F1800.000
G1 X153.641 Y180.637 E15.39342
G1 X140.512 Y180.637 E16.09525
G1 X140.512 Y179.563 E16.15268
G1 X151.653 Y179.569 E16.74828
G1 X152.386 Y179.617 E16.78754
G1 X153.581 Y179.788 E16.85207
G1 X153.431 Y180.203 F7800.000
G1 F2400.000
G1 X152.681 Y180.146 E16.89628
G1 F2400.000
G1 X151.636 Y180.103 E16.96820
G1 F2400.000
G1 X140.722 Y180.100 E17.79096
G1 Z11.150 F7800.000
G1 E9.79096 F2400.00000
G92 E0
G1 X174.785 Y179.312 F7800.000
G1 E10.00000 F2400.00000
G1 F1800.000
G1 X191.179 Y179.312 E10.78589
G1 X191.179 Y181.872 E10.90862
G1 X174.776 Y181.872 E11.69496
G1 X174.785 Y179.372 E11.81481
G1 X175.185 Y179.333 F7800.000
G1 X175.181 Y179.709 F7800.000
G1 F1800.000
G1 X190.782 Y179.709 E12.64882
G1 X190.782 Y181.475 E12.74320
G1 X175.175 Y181.475 E13.57756
G1 X175.181 Y179.769 E13.66873
G1 X175.598 Y180.128 F7800.000
G1 F1800.000
G1 X190.363 Y180.128 E14.45804
G1 X190.363 Y181.056 E14.50764
G1 X175.595 Y181.056 E15.29712
G1 X175.598 Y180.188 E15.34351
G1 X175.806 Y180.592 F7800.000
G1 F2400.000
G1 X190.153 Y180.592 E16.15741
G1 E8.15741 F2400.00000
G92 E0
G1 X174.780 Y152.688 F7800.000
G1 E10.00000 F2400.00000
G1 F1800.000
G1 X174.775 Y148.128 E10.21860
G1 X189.287 Y148.128 E10.91428
G1 X189.283 Y152.688 E11.13288
G1 X174.840 Y152.688 E11.82528
G1 X174.944 Y152.323 F7800.000
G1 X175.177 Y152.291 F7800.000
G1 F1800.000
G1 X175.173 Y148.525 E12.02658
G1 X188.889 Y148.525 E12.75986
G1 X188.886 Y152.291 E12.96117
G1 X175.237 Y152.291 E13.69088
G1 X175.595 Y151.872 F7800.000
G1 F1800.000
G1 X175.592 Y148.944 E13.84739
G1 X188.470 Y148.944 E14.53585
G1 X188.468 Y151.872 E14.69237
G1 X175.655 Y151.872 E15.37733
G1 X176.014 Y151.453 F7800.000
G1 F1800.000
G1 X176.012 Y149.363 E15.48906
G1 X188.051 Y149.363 E16.13269
G1 X188.049 Y151.453 E16.24442
G1 X176.074 Y151.453 E16.88464
G1 X176.268 Y149.945 F7800.000
G1 F3600.000
G1 X176.594 Y149.619 E16.90929
G1 X177.187 Y149.619 E16.94102
G1 X176.269 Y150.537 E17.01052
G1 X176.269 Y151.130 E17.04221
G1 X177.780 Y149.619 E17.15653
G1 X178.373 Y149.619 E17.18826
G1 X176.795 Y151.197 E17.30768
G1 X177.388 Y151.197 E17.33941
G1 X178.966 Y149.619 E17.45883
G1 X179.559 Y149.619 E17.49056
G1 X177.981 Y151.197 E17.60998
G1 X178.573 Y151.197 E17.64171
G1 X180.152 Y149.619 E17.76113
G1 X180.745 Y149.619 E17.79286
G1 X179.166 Y151.197 E17.91228
G1 X179.759 Y151.197 E17.94401
G1 X181.337 Y149.619 E18.06343
G1 X181.930 Y149.619 E18.09516
G1 X180.352 Y151.197 E18.21458
G1 X180.945 Y151.197 E18.24631
G1 X182.523 Y149.619 E18.36573
G1 X183.116 Y149.619 E18.39746
G1 X181.538 Y151.197 E18.51688
G1 X182.131 Y151.197 E18.54861
G1 X183.709 Y149.619 E18.66803
G1 X184.302 Y149.619 E18.69976
G1 X182.724 Y151.197 E18.81919
G1 X183.317 Y151.197 E18.85091
G1 X184.895 Y149.619 E18.97034
G1 X185.488 Y149.619 E19.00206
G1 X183.910 Y151.197 E19.12149
G1 X184.503 Y151.197 E19.15321
G1 X186.081 Y149.619 E19.27264
G1 X186.674 Y149.619 E19.30436
G1 X185.096 Y151.197 E19.42379
G1 X185.689 Y151.197 E19.45552
G1 X187.267 Y149.619 E19.57494
G1 X187.795 Y149.619 E19.60318
G1 X187.795 Y149.684 E19.60667
G1 X186.282 Y151.197 E19.72115
G1 X186.875 Y151.197 E19.75288
G1 X187.794 Y150.278 E19.82245
G1 X187.794 Y150.871 E19.85421
G1 X187.468 Y151.197 E19.87887
G1 E11.87887 F2400.00000
G92 E0
G1 X155.220 Y152.688 F7800.000
G1 E10.00000 F2400.00000
G1 F1800.000
G1 X140.717 Y152.688 E10.69525
G1 X140.713 Y148.128 E10.91385
G1 X155.225 Y148.128 E11.60951
G1 X155.219 Y152.628 E11.82523
G1 X154.873 Y152.488 F7800.000
G1 X154.822 Y152.291 F7800.000
G1 F1800.000
G1 X141.114 Y152.291 E12.55806
G1 X141.111 Y148.525 E12.75937
G1 X154.827 Y148.525 E13.49261
G1 X154.822 Y152.231 E13.69071
G1 X154.402 Y151.719 F7800.000
G1 F1800.000
G1 X154.402 Y151.872 E13.69888
G1 X141.532 Y151.872 E14.38690
G1 X141.530 Y148.944 E14.54342
G1 X154.407 Y148.944 E15.23182
G1 X154.402 Y151.659 E15.37696
G1 X153.983 Y151.453 F7800.000
G1 F1800.000
G1 X141.951 Y151.453 E16.02022
G1 X141.949 Y149.363 E16.13195
G1 X153.987 Y149.363 E16.77551
G1 X153.983 Y151.393 E16.88403
G1 X153.402 Y151.197 F7800.000
G1 F3600.000
G1 X153.728 Y150.871 E16.90869
G1 X153.729 Y150.277 E16.94047
G1 X152.809 Y151.197 E17.01006
G1 X152.217 Y151.197 E17.04178
G1 X153.730 Y149.683 E17.15630
G1 X153.731 Y149.619 E17.15974
G1 X153.202 Y149.619 E17.18802
G1 X151.624 Y151.197 E17.30742
G1 X151.031 Y151.197 E17.33913
G1 X152.609 Y149.619 E17.45852
G1 X152.016 Y149.619 E17.49024
G1 X150.438 Y151.197 E17.60963
G1 X149.845 Y151.197 E17.64134
G1 X151.423 Y149.619 E17.76073
G1 X150.831 Y149.619 E17.79245
G1 X149.253 Y151.197 E17.91184
G1 X148.660 Y151.197 E17.94355
G1 X150.238 Y149.619 E18.06295
G1 X149.645 Y149.619 E18.09466
G1 X148.067 Y151.197 E18.21405
G1 X147.474 Y151.197 E18.24577
G1 X149.052 Y149.619 E18.36516
G1 X148.459 Y149.619 E18.39687
G1 X146.881 Y151.197 E18.51626
G1 X146.289 Y151.197 E18.54798
G1 X147.867 Y149.619 E18.66737
G1 X147.274 Y149.619 E18.69908
G1 X145.696 Y151.197 E18.81848
G1 X145.103 Y151.197 E18.85019
G1 X146.681 Y149.619 E18.96958
G1 X146.088 Y149.619 E19.00130
G1 X144.510 Y151.197 E19.12069
G1 X143.917 Y151.197 E19.15240
G1 X145.495 Y149.619 E19.27179
G1 X144.903 Y149.619 E19.30351
G1 X143.325 Y151.197 E19.42290
G1 X142.732 Y151.197 E19.45461
G1 X144.310 Y149.619 E19.57401
G1 X143.717 Y149.619 E19.60572
G1 X142.206 Y151.130 E19.72001
G1 X142.206 Y150.537 E19.75170
G1 X143.124 Y149.619 E19.82118
G1 X142.531 Y149.619 E19.85290
G1 X142.206 Y149.945 E19.87755
G1 E11.87755 F2400.00000
G92 E0
G1 X155.210 Y178.902 F7800.000
G1 E10.00000 F2400.00000
G1 F1800.000
G1 X155.224 Y181.872 E10.14236
G1 X139.301 Y181.872 E10.90569
G1 X139.301 Y178.469 E11.06882
G1 X151.716 Y178.476 E11.66396
G1 X152.562 Y178.532 E11.70464
G1 X153.464 Y178.626 E11.74809
G1 X155.151 Y178.893 E11.82998
G1 X154.995 Y179.240 F7800.000
G1 X154.815 Y179.242 F7800.000
G1 F1800.000
G1 X154.825 Y181.475 E11.94935
G1 X139.698 Y181.475 E12.75801
G1 X139.698 Y178.866 E12.89745
G1 X151.702 Y178.873 E13.53918
G1 X152.529 Y178.928 E13.58346
G1 X153.412 Y179.020 E13.63093
G1 X154.755 Y179.232 E13.70363
G1 X154.397 Y179.600 F7800.000
G1 F1800.000
G1 X154.404 Y181.056 E13.78147
G1 X140.117 Y181.056 E14.54525
G1 X140.117 Y179.286 E14.63989
G1 X151.688 Y179.292 E15.25848
G1 X152.493 Y179.345 E15.30160
G1 X153.358 Y179.435 E15.34806
G1 X154.338 Y179.590 E15.40113
G1 X153.980 Y179.958 F7800.000
G1 F1800.000
G1 X153.983 Y180.637 E15.43743
G1 X140.536 Y180.637 E16.15632
G1 X140.536 Y179.705 E16.20616
G1 X151.674 Y179.711 E16.80161
G1 X152.458 Y179.763 E16.84358
G1 X153.303 Y179.851 E16.88902
G1 X153.921 Y179.948 E16.92245
G1 X153.772 Y180.283 F7800.000
G1 F2400.000
G1 X153.252 Y180.242 E16.94095
G1 F2400.000
G1 X152.421 Y180.199 E16.97807
G1 F2400.000
G1 X151.659 Y180.174 E17.01870
G1 X140.746 Y180.171 E17.60054
M106 S209.1
G1 Z11.450 F7800.000
G1 E9.60054 F2400.00000
G92 E0
G1 X174.417 Y179.312 F7800.000
G1 E10.00000 F2400.00000
G1 F1800.000
G1 X191.179 Y179.312 E10.80357
G1 X191.179 Y181.872 E10.92630
G1 X174.420 Y181.872 E11.72969
G1 X174.417 Y179.372 E11.84954
G1 X174.816 Y179.332 F7800.000
G1 X174.815 Y179.709 F7800.000
G1 F1800.000
G1 X190.782 Y179.709 E12.70315
G1 X190.782 Y181.475 E12.79753
G1 X174.817 Y181.475 E13.65101
G1 X174.815 Y179.769 E13.74219
G1 X175.234 Y180.128 F7800.000
G1 F1800.000
G1 X190.363 Y180.128 E14.55098
G1 X190.363 Y181.056 E14.60058
G1 X175.235 Y181.056 E15.40930
G1 X175.234 Y180.188 E15.45569
G1 X175.444 Y180.592 F7800.000
G1 F2400.000
G1 X190.154 Y180.592 E16.29013
G1 E8.29013 F2400.00000
G92 E0
G1 X174.418 Y152.688 F7800.000
G1 E10.00000 F2400.00000
G1 F1800.000
G1 X174.421 Y148.128 E10.21860
G1 X189.143 Y148.128 E10.92437
G1 X189.146 Y152.688 E11.14297
G1 X174.478 Y152.688 E11.84614
G1 X174.615 Y152.340 F7800.000
G1 X174.816 Y152.291 F7800.000
G1 F1800.000
G1 X174.818 Y148.525 E12.04744
G1 X188.746 Y148.525 E12.79204
G1 X188.749 Y152.291 E12.99335
G1 X174.876 Y152.291 E13.73502
G1 X175.235 Y151.872 F7800.000
G1 F1800.000
G1 X175.236 Y148.944 E13.89154
G1 X188.327 Y148.944 E14.59139
G1 X188.330 Y151.872 E14.74791
G1 X175.295 Y151.872 E15.44476
G1 X175.654 Y151.453 F7800.000
G1 F1800.000
G1 X175.655 Y149.363 E15.55650
G1 X187.909 Y149.363 E16.21159
G1 X187.911 Y151.453 E16.32332
G1 X175.714 Y151.453 E16.97536
G1 X176.236 Y151.197 F7800.000
G1 F3600.000
G1 X175.910 Y150.871 E17.00045
G1 X175.910 Y150.268 E17.03328
G1 X176.839 Y151.197 E17.10480
G1 X177.443 Y151.197 E17.13765
G1 X175.911 Y149.665 E17.25560
G1 X175.911 Y149.619 E17.25811
G1 X176.468 Y149.619 E17.28845
G1 X178.046 Y151.197 E17.40995
G1 X178.649 Y151.197 E17.44280
G1 X177.071 Y149.619 E17.56431
G1 X177.674 Y149.619 E17.59716
G1 X179.252 Y151.197 E17.71866
G1 X179.856 Y151.197 E17.75151
G1 X178.278 Y149.619 E17.87302
G1 X178.881 Y149.619 E17.90587
G1 X180.459 Y151.197 E18.02737
G1 X181.062 Y151.197 E18.06022
G1 X179.484 Y149.619 E18.18173
G1 X180.088 Y149.619 E18.21458
G1 X181.666 Y151.197 E18.33608
G1 X182.269 Y151.197 E18.36893
G1 X180.691 Y149.619 E18.49044
G1 X181.294 Y149.619 E18.52329
G1 X182.872 Y151.197 E18.64479
G1 X183.476 Y151.197 E18.67764
G1 X181.898 Y149.619 E18.79915
G1 X182.501 Y149.619 E18.83199
G1 X184.079 Y151.197 E18.95350
G1 X184.682 Y151.197 E18.98635
G1 X183.104 Y149.619 E19.10786
G1 X183.708 Y149.619 E19.14070
G1 X185.286 Y151.197 E19.26221
G1 X185.889 Y151.197 E19.29506
G1 X184.311 Y149.619 E19.41657
G1 X184.914 Y149.619 E19.44941
G1 X186.492 Y151.197 E19.57092
G1 X187.095 Y151.197 E19.60377
G1 X185.517 Y149.619 E19.72528
G1 X186.121 Y149.619 E19.75812
G1 X187.654 Y151.153 E19.87620
G1 X187.654 Y150.549 E19.90908
G1 X186.724 Y149.619 E19.98067
G1 X187.327 Y149.619 E20.01352
G1 X187.653 Y149.945 E20.03861
G1 E12.03861 F2400.00000
G92 E0
G1 X155.582 Y152.688 F7800.000
G1 E10.00000 F2400.00000
G1 F1800.000
G1 X140.854 Y152.688 E10.70602
G1 X140.857 Y148.128 E10.92462
G1 X155.579 Y148.128 E11.63036
G1 X155.582 Y152.628 E11.84608
G1 X155.235 Y152.488 F7800.000
G1 X155.184 Y152.291 F7800.000
G1 F1800.000
G1 X141.252 Y152.291 E12.59089
G1 X141.254 Y148.525 E12.79219
G1 X155.181 Y148.525 E13.53671
G1 X155.184 Y152.231 E13.73480
G1 X154.764 Y151.872 F7800.000
G1 F1800.000
G1 X141.671 Y151.872 E14.43477
G1 X141.673 Y148.944 E14.59129
G1 X154.761 Y148.944 E15.29099
G1 X154.764 Y151.812 E15.44430
G1 X154.345 Y151.453 F7800.000
G1 F1800.000
G1 X142.090 Y151.453 E16.09943
G1 X142.091 Y149.363 E16.21116
G1 X154.341 Y149.363 E16.86603
G1 X154.345 Y151.393 E16.97455
G1 X154.086 Y149.945 F7800.000
G1 F3600.000
G1 X153.760 Y149.619 E16.99964
G1 X153.157 Y149.619 E17.03247
G1 X154.087 Y150.549 E17.10407
G1 X154.088 Y151.153 E17.13695
G1 X152.554 Y149.619 E17.25505
G1 X151.951 Y149.619 E17.28788
G1 X153.529 Y151.197 E17.40935
G1 X152.925 Y151.197 E17.44218
G1 X151.347 Y149.619 E17.56365
G1 X150.744 Y149.619 E17.59648
G1 X152.322 Y151.197 E17.71795
G1 X151.719 Y151.197 E17.75078
G1 X150.141 Y149.619 E17.87225
G1 X149.538 Y149.619 E17.90508
G1 X151.116 Y151.197 E18.02655
G1 X150.513 Y151.197 E18.05938
G1 X148.935 Y149.619 E18.18085
G1 X148.332 Y149.619 E18.21368
G1 X149.910 Y151.197 E18.33515
G1 X149.307 Y151.197 E18.36798
G1 X147.729 Y149.619 E18.48945
G1 X147.125 Y149.619 E18.52228
G1 X148.704 Y151.197 E18.64375
G1 X148.100 Y151.197 E18.67658
G1 X146.522 Y149.619 E18.79805
G1 X145.919 Y149.619 E18.83088
G1 X147.497 Y151.197 E18.95235
G1 X146.894 Y151.197 E18.98517
G1 X145.316 Y149.619 E19.10665
G1 X144.713 Y149.619 E19.13947
G1 X146.291 Y151.197 E19.26095
G1 X145.688 Y151.197 E19.29377
G1 X144.110 Y149.619 E19.41525
G1 X143.507 Y149.619 E19.44807
G1 X145.085 Y151.197 E19.56955
G1 X144.482 Y151.197 E19.60237
G1 X142.904 Y149.619 E19.72385
G1 X142.347 Y149.619 E19.75414
G1 X142.347 Y149.666 E19.75667
G1 X143.878 Y151.197 E19.87456
G1 X143.275 Y151.197 E19.90739
G1 X142.347 Y150.268 E19.97887
G1 X142.346 Y150.871 E20.01168
G1 X142.672 Y151.197 E20.03676
G1 E12.03676 F2400.00000
G92 E0
G1 X155.566 Y179.022 F7800.000
G1 E10.00000 F2400.00000
G1 F1800.000
G1 X155.578 Y181.872 E10.13664
G1 X139.325 Y181.872 E10.91581
G1 X139.325 Y178.596 E11.07284
G1 X151.738 Y178.602 E11.66794
G1 X152.629 Y178.646 E11.71067
G1 X153.576 Y178.740 E11.75629
G1 X155.507 Y179.013 E11.84979
G1 X155.353 Y179.360 F7800.000
G1 X155.171 Y179.367 F7800.000
G1 F1800.000
G1 X155.179 Y181.475 E11.96247
G1 X139.722 Y181.475 E12.78882
G1 X139.722 Y178.994 E12.92146
G1 X151.728 Y178.999 E13.56331
G1 X152.599 Y179.043 E13.60992
G1 X153.528 Y179.135 E13.65983
G1 X155.111 Y179.359 E13.74530
G1 X154.753 Y179.731 F7800.000
G1 F1800.000
G1 X154.759 Y181.056 E13.81612
G1 X140.141 Y181.056 E14.59759
G1 X140.141 Y179.413 E14.68543
G1 X151.718 Y179.418 E15.30433
G1 X152.568 Y179.460 E15.34983
G1 X153.478 Y179.551 E15.39873
G1 X154.694 Y179.723 E15.46436
G1 X154.336 Y180.095 F7800.000
G1 F1800.000
G1 X154.338 Y180.637 E15.49334
G1 X140.560 Y180.637 E16.22992
G1 X140.560 Y179.832 E16.27297
G1 X151.707 Y179.837 E16.86891
G1 X152.537 Y179.878 E16.91331
G1 X153.428 Y179.967 E16.96119
G1 X154.276 Y180.087 E17.00699
G1 X154.127 Y180.353 F7800.000
G1 F2400.000
G1 X153.388 Y180.301 E17.02053
G1 F2400.000
G1 X152.509 Y180.257 E17.04671
G1 F2400.000
G1 X151.697 Y180.237 E17.07955
G1 X140.769 Y180.234 E17.52172
G1 Z11.750 F7800.000
G1 E9.52172 F2400.00000
G92 E0
G1 X174.047 Y179.312 F7800.000
G1 E10.00000 F2400.00000
G1 F1800.000
G1 X191.179 Y179.312 E10.82132
G1 X191.179 Y181.872 E10.94405
G1 X174.046 Y181.872 E11.76539
G1 X174.047 Y179.372 E11.88524
G1 X174.446 Y179.332 F7800.000
G1 X174.444 Y179.709 F7800.000
G1 F1800.000
G1 X190.782 Y179.709 E12.75869
G1 X190.782 Y181.475 E12.85307
G1 X174.444 Y181.475 E13.72653
G1 X174.444 Y179.769 E13.81771
G1 X174.863 Y180.128 F7800.000
G1 F1800.000
G1 X190.363 Y180.128 E14.64637
G1 X190.363 Y181.056 E14.69597
G1 X174.862 Y181.056 E15.52464
G1 X174.863 Y180.188 E15.57103
G1 X175.072 Y180.592 F7800.000
G1 F2400.000
G1 X190.154 Y180.592 E16.42660
G1 E8.42660 F2400.00000
G92 E0
G1 X174.055 Y152.688 F7800.000
G1 E10.00000 F2400.00000
G1 F1800.000
G1 X174.047 Y148.128 E10.21860
G1 X188.997 Y148.128 E10.93530
G1 X188.998 Y152.688 E11.15390
G1 X174.115 Y152.688 E11.86738
G1 X174.243 Y152.335 F7800.000
G1 X174.452 Y152.291 F7800.000
G1 F1800.000
G1 X174.445 Y148.525 E12.06868
G1 X188.600 Y148.525 E12.82543
G1 X188.601 Y152.291 E13.02673
G1 X174.512 Y152.291 E13.77996
G1 X174.870 Y151.872 F7800.000
G1 F1800.000
G1 X174.864 Y148.944 E13.93648
G1 X188.181 Y148.944 E14.64841
G1 X188.183 Y151.872 E14.80493
G1 X174.930 Y151.872 E15.51344
G1 X175.288 Y151.453 F7800.000
G1 F1800.000
G1 X175.284 Y149.363 E15.62517
G1 X187.763 Y149.363 E16.29229
G1 X187.764 Y151.453 E16.40402
G1 X175.348 Y151.453 E17.06780
G1 X175.541 Y149.945 F7800.000
G1 F3600.000
G1 X175.867 Y149.619 E17.09333
G1 X176.481 Y149.619 E17.12735
G1 X175.542 Y150.558 E17.20092
G1 X175.543 Y151.171 E17.23488
G1 X177.095 Y149.619 E17.35647
G1 X177.709 Y149.619 E17.39049
G1 X176.130 Y151.197 E17.51414
G1 X176.744 Y151.197 E17.54817
G1 X178.323 Y149.619 E17.67182
G1 X178.937 Y149.619 E17.70585
G1 X177.358 Y151.197 E17.82950
G1 X177.972 Y151.197 E17.86352
G1 X179.551 Y149.619 E17.98718
G1 X180.165 Y149.619 E18.02120
G1 X178.586 Y151.197 E18.14486
G1 X179.200 Y151.197 E18.17888
G1 X180.779 Y149.619 E18.30254
G1 X181.392 Y149.619 E18.33656
G1 X179.814 Y151.197 E18.46022
G1 X180.428 Y151.197 E18.49424
G1 X182.006 Y149.619 E18.61790
G1 X182.620 Y149.619 E18.65192
G1 X181.042 Y151.197 E18.77558
G1 X181.656 Y151.197 E18.80960
G1 X183.234 Y149.619 E18.93326
G1 X183.848 Y149.619 E18.96728
G1 X182.270 Y151.197 E19.09094
G1 X182.884 Y151.197 E19.12496
G1 X184.462 Y149.619 E19.24862
G1 X185.076 Y149.619 E19.28264
G1 X183.498 Y151.197 E19.40630
G1 X184.112 Y151.197 E19.44032
G1 X185.690 Y149.619 E19.56398
G1 X186.304 Y149.619 E19.59800
G1 X184.726 Y151.197 E19.72166
G1 X185.340 Y151.197 E19.75568
G1 X186.918 Y149.619 E19.87934
G1 X187.507 Y149.619 E19.91196
G1 X187.507 Y149.644 E19.91336
G1 X185.954 Y151.197 E20.03505
G1 X186.568 Y151.197 E20.06907
G1 X187.508 Y150.258 E20.14268
G1 X187.508 Y150.871 E20.17668
G1 X187.182 Y151.197 E20.20222
G1 E12.20222 F2400.00000
G92 E0
G1 X155.945 Y152.688 F7800.000
G1 E10.00000 F2400.00000
G1 F1800.000
G1 X141.002 Y152.688 E10.71635
G1 X141.003 Y148.128 E10.93495
G1 X155.953 Y148.128 E11.65164
G1 X155.945 Y152.628 E11.86736
G1 X155.547 Y152.649 F7800.000
G1 X155.548 Y152.291 F7800.000
G1 F1800.000
G1 X141.399 Y152.291 E12.62377
G1 X141.400 Y148.525 E12.82507
G1 X155.555 Y148.525 E13.58180
G1 X155.549 Y152.231 E13.77989
G1 X155.130 Y151.872 F7800.000
G1 F1800.000
G1 X141.818 Y151.872 E14.49155
G1 X141.819 Y148.944 E14.64807
G1 X155.136 Y148.944 E15.35997
G1 X155.130 Y151.812 E15.51328
G1 X154.712 Y151.453 F7800.000
G1 F1800.000
G1 X142.237 Y151.453 E16.18018
G1 X142.238 Y149.363 E16.29191
G1 X154.716 Y149.363 E16.95900
G1 X154.712 Y151.393 E17.06752
G1 X154.131 Y151.197 F7800.000
G1 F3600.000
G1 X154.457 Y150.871 E17.09305
G1 X154.458 Y150.256 E17.12711
G1 X153.517 Y151.197 E17.20082
G1 X152.904 Y151.197 E17.23481
G1 X154.459 Y149.641 E17.35669
G1 X154.459 Y149.619 E17.35792
G1 X153.868 Y149.619 E17.39069
G1 X152.290 Y151.197 E17.51430
G1 X151.676 Y151.197 E17.54830
G1 X153.254 Y149.619 E17.67192
G1 X152.640 Y149.619 E17.70592
G1 X151.062 Y151.197 E17.82953
G1 X150.448 Y151.197 E17.86353
G1 X152.026 Y149.619 E17.98715
G1 X151.413 Y149.619 E18.02114
G1 X149.835 Y151.197 E18.14476
G1 X149.221 Y151.197 E18.17876
G1 X150.799 Y149.619 E18.30237
G1 X150.185 Y149.619 E18.33637
G1 X148.607 Y151.197 E18.45999
G1 X147.993 Y151.197 E18.49399
G1 X149.571 Y149.619 E18.61760
G1 X148.958 Y149.619 E18.65160
G1 X147.379 Y151.197 E18.77522
G1 X146.766 Y151.197 E18.80921
G1 X148.344 Y149.619 E18.93283
G1 X147.730 Y149.619 E18.96683
G1 X146.152 Y151.197 E19.09044
G1 X145.538 Y151.197 E19.12444
G1 X147.116 Y149.619 E19.24806
G1 X146.502 Y149.619 E19.28206
G1 X144.924 Y151.197 E19.40567
G1 X144.311 Y151.197 E19.43967
G1 X145.889 Y149.619 E19.56329
G1 X145.275 Y149.619 E19.59728
G1 X143.697 Y151.197 E19.72090
G1 X143.083 Y151.197 E19.75490
G1 X144.661 Y149.619 E19.87851
G1 X144.047 Y149.619 E19.91251
G1 X142.493 Y151.173 E20.03423
G1 X142.494 Y150.559 E20.06824
G1 X143.434 Y149.619 E20.14187
G1 X142.820 Y149.619 E20.17587
G1 X142.494 Y149.945 E20.20139
G1 E12.20139 F2400.00000
G92 E0
G1 X155.947 Y179.123 F7800.000
G1 E10.00000 F2400.00000
G1 F1800.000
G1 X155.953 Y181.872 E10.13177
G1 X139.349 Y181.872 E10.92778
G1 X139.349 Y178.704 E11.07967
G1 X151.758 Y178.709 E11.67457
G1 X153.180 Y178.798 E11.74288
G1 X155.887 Y179.116 E11.87354
G1 X155.736 Y179.463 F7800.000
G1 X155.550 Y179.477 F7800.000
G1 F1800.000
G1 X155.555 Y181.475 E11.98036
G1 X139.746 Y181.475 E12.82552
G1 X139.746 Y179.101 E12.95242
G1 X151.746 Y179.107 E13.59393
G1 X153.145 Y179.194 E13.66887
G1 X155.491 Y179.470 E13.79516
G1 X155.132 Y179.849 F7800.000
G1 F1800.000
G1 X155.135 Y181.056 E13.85966
G1 X140.165 Y181.056 E14.65998
G1 X140.165 Y179.520 E14.74209
G1 X151.732 Y179.525 E15.36049
G1 X153.107 Y179.612 E15.43413
G1 X155.073 Y179.842 E15.53994
G1 X154.714 Y180.222 F7800.000
G1 F1800.000
G1 X154.715 Y180.637 E15.56212
G1 X140.584 Y180.637 E16.31761
G1 X140.584 Y179.939 E16.35492
G1 X151.719 Y179.944 E16.95022
G1 X153.070 Y180.029 E17.02256
G1 X154.655 Y180.215 E17.10789
G1 X154.202 Y180.400 F7800.000
G1 F2400.000
G1 X153.429 Y180.355 E17.11162
G1 F2400.000
G1 X152.375 Y180.312 E17.12857
G1 F2400.000
G1 X151.708 Y180.291 E17.14641
G1 X140.793 Y180.288 E17.43816
M106 S211.65
G1 Z12.050 F7800.000
G1 E9.43816 F2400.00000
G92 E0
G1 X173.629 Y179.460 F7800.000
G1 E10.00000 F2400.00000
G1 F2400.000
G1 X173.629 Y179.312 E10.00710
G1 X191.180 Y179.312 E10.84848
G1 X191.180 Y181.872 E10.97120
G1 X173.627 Y181.872 E11.81264
M106 S255

G1 F3600.000
G1 X173.629 Y179.520 E11.93837
M106 S211.65

G1 X174.026 Y179.709 F7800.000
G1 F1800.000
G1 X190.782 Y179.709 E12.83419
G1 X190.782 Y181.475 E12.92857
G1 X174.024 Y181.475 E13.82448
G1 X174.026 Y179.769 E13.91566
G1 X174.444 Y180.128 F7800.000
G1 F1800.000
G1 X190.364 Y180.128 E14.76672
G1 X190.364 Y181.056 E14.81631
G1 X174.443 Y181.056 E15.66742
G1 X174.444 Y180.188 E15.71381
G1 X174.653 Y180.592 F7800.000
G1 F2400.000
G1 X190.154 Y180.592 E16.59316
G1 E8.59316 F2400.00000
G92 E0
G1 X188.850 Y152.688 F7800.000
G1 E10.00000 F2400.00000
G1 F2400.000
G1 X173.635 Y152.688 E10.72940
M106 S255

G1 F3600.000
G1 X173.627 Y148.128 E10.97318
M106 S211.65

G1 F2400.000
G1 X188.851 Y148.128 E11.70301
G1 X188.850 Y152.628 E11.91873
G1 X188.504 Y152.488 F7800.000
G1 X188.453 Y152.291 F7800.000
G1 F1800.000
G1 X174.024 Y152.291 E12.69014
G1 X174.023 Y148.525 E12.89144
G1 X188.454 Y148.525 E13.66290
G1 X188.453 Y152.231 E13.86099
G1 X188.035 Y151.872 F7800.000
G1 F1800.000
G1 X174.443 Y151.872 E14.58763
G1 X174.442 Y148.944 E14.74415
G1 X188.035 Y148.944 E15.47083
G1 X188.035 Y151.812 E15.62414
G1 X187.616 Y151.453 F7800.000
G1 F1800.000
G1 X174.861 Y151.453 E16.30602
G1 X174.861 Y149.363 E16.41775
G1 X187.617 Y149.363 E17.09966
G1 X187.616 Y151.393 E17.20818
G1 X187.361 Y149.945 F7800.000
G1 F3600.000
G1 X187.035 Y149.619 E17.23309
G1 X186.437 Y149.619 E17.26543
G1 X187.361 Y150.544 E17.33607
G1 X187.361 Y151.142 E17.36838
G1 X185.838 Y149.619 E17.48473
G1 X185.239 Y149.619 E17.51707
G1 X186.817 Y151.197 E17.63763
G1 X186.219 Y151.197 E17.66997
G1 X184.641 Y149.619 E17.79054
G1 X184.042 Y149.619 E17.82288
G1 X185.620 Y151.197 E17.94345
G1 X185.021 Y151.197 E17.97579
G1 X183.443 Y149.619 E18.09635
G1 X182.845 Y149.619 E18.12869
G1 X184.423 Y151.197 E18.24926
G1 X183.824 Y151.197 E18.28160
G1 X182.246 Y149.619 E18.40217
G1 X181.648 Y149.619 E18.43451
G1 X183.226 Y151.197 E18.55507
G1 X182.627 Y151.197 E18.58741
G1 X181.049 Y149.619 E18.70798
G1 X180.450 Y149.619 E18.74032
G1 X182.028 Y151.197 E18.86088
G1 X181.430 Y151.197 E18.89323
G1 X179.852 Y149.619 E19.01379
G1 X179.253 Y149.619 E19.04613
G1 X180.831 Y151.197 E19.16670
G1 X180.232 Y151.197 E19.19904
G1 X178.654 Y149.619 E19.31960
G1 X178.056 Y149.619 E19.35194
G1 X179.634 Y151.197 E19.47251
G1 X179.035 Y151.197 E19.50485
G1 X177.457 Y149.619 E19.62542
G1 X176.858 Y149.619 E19.65776
G1 X178.436 Y151.197 E19.77832
G1 X177.838 Y151.197 E19.81066
G1 X176.260 Y149.619 E19.93123
G1 X175.661 Y149.619 E19.96357
G1 X177.239 Y151.197 E20.08414
G1 X176.641 Y151.197 E20.11648
G1 X175.117 Y149.674 E20.23287
G1 X175.117 Y150.272 E20.26521
G1 X176.042 Y151.197 E20.33586
G1 X175.443 Y151.197 E20.36820
G1 X175.117 Y150.871 E20.39310
G1 E12.39310 F2400.00000
G92 E0
G1 X156.365 Y152.688 F7800.000
G1 E10.00000 F2400.00000
G1 F2400.000
G1 X141.150 Y152.688 E10.72940
G1 X141.149 Y148.128 E10.94800
G1 X156.373 Y148.128 E11.67782
M106 S255

G1 F3600.000
G1 X156.373 Y152.636 E11.91882
M106 S211.65

G1 X155.975 Y152.291 F7800.000
G1 F1800.000
G1 X141.547 Y152.291 E12.69014
G1 X141.547 Y148.525 E12.89145
G1 X155.976 Y148.525 E13.66281
G1 X155.975 Y152.231 E13.86091
G1 X155.556 Y151.872 F7800.000
G1 F1800.000
G1 X141.966 Y151.872 E14.58741
G1 X141.966 Y148.944 E14.74393
G1 X155.556 Y148.944 E15.47047
G1 X155.555 Y151.812 E15.62378
G1 X155.136 Y151.453 F7800.000
G1 F1800.000
G1 X142.385 Y151.453 E16.30546
G1 X142.385 Y149.363 E16.41719
G1 X155.136 Y149.363 E17.09889
G1 X155.136 Y151.393 E17.20742
G1 X154.880 Y149.945 F7800.000
G1 F3600.000
G1 X154.554 Y149.619 E17.23231
G1 X153.955 Y149.619 E17.26463
G1 X154.878 Y150.542 E17.33514
G1 X154.879 Y151.141 E17.36750
G1 X153.357 Y149.619 E17.48377
G1 X152.758 Y149.619 E17.51609
G1 X154.336 Y151.197 E17.63661
G1 X153.738 Y151.197 E17.66893
G1 X152.160 Y149.619 E17.78945
G1 X151.562 Y149.619 E17.82177
G1 X153.140 Y151.197 E17.94229
G1 X152.541 Y151.197 E17.97460
G1 X150.963 Y149.619 E18.09512
G1 X150.365 Y149.619 E18.12744
G1 X151.943 Y151.197 E18.24796
G1 X151.344 Y151.197 E18.28028
G1 X149.766 Y149.619 E18.40080
G1 X149.168 Y149.619 E18.43312
G1 X150.746 Y151.197 E18.55364
G1 X150.148 Y151.197 E18.58595
G1 X148.569 Y149.619 E18.70647
G1 X147.971 Y149.619 E18.73879
G1 X149.549 Y151.197 E18.85931
G1 X148.951 Y151.197 E18.89163
G1 X147.373 Y149.619 E19.01215
G1 X146.774 Y149.619 E19.04447
G1 X148.352 Y151.197 E19.16499
G1 X147.754 Y151.197 E19.19730
G1 X146.176 Y149.619 E19.31782
G1 X145.577 Y149.619 E19.35014
G1 X147.155 Y151.197 E19.47066
G1 X146.557 Y151.197 E19.50298
G1 X144.979 Y149.619 E19.62350
G1 X144.381 Y149.619 E19.65582
G1 X145.959 Y151.197 E19.77634
G1 X145.360 Y151.197 E19.80865
G1 X143.782 Y149.619 E19.92918
G1 X143.184 Y149.619 E19.96149
G1 X144.762 Y151.197 E20.08201
G1 X144.163 Y151.197 E20.11433
G1 X142.641 Y149.674 E20.23064
G1 X142.641 Y150.273 E20.26295
G1 X143.565 Y151.197 E20.33355
G1 X142.967 Y151.197 E20.36587
G1 X142.641 Y150.871 E20.39077
G1 E12.39077 F2400.00000
G92 E0
G1 X156.357 Y179.203 F7800.000
G1 E10.00000 F2400.00000
G1 F2400.000
G1 X156.368 Y181.120 E10.09193
M106 S255

G1 F3600.000
G1 X156.372 Y181.872 E10.13212
M106 S211.65

G1 F2400.000
G1 X139.372 Y181.872 E10.94708
G1 X139.372 Y178.811 E11.09382
G1 X151.779 Y178.817 E11.68859
G1 X153.803 Y178.943 E11.78580
G1 X156.297 Y179.197 E11.90597
G1 X156.148 Y179.544 F7800.000
G1 X155.961 Y179.562 F7800.000
G1 F1800.000
G1 X155.973 Y181.475 E12.00824
G1 X139.770 Y181.475 E12.87447
G1 X139.770 Y179.208 E12.99563
G1 X151.767 Y179.214 E13.63700
G1 X153.770 Y179.339 E13.74433
G1 X155.902 Y179.556 E13.85886
G1 X155.545 Y179.940 F7800.000
G1 F1800.000
G1 X155.552 Y181.056 E13.91849
G1 X140.188 Y181.056 E14.73980
G1 X140.188 Y179.627 E14.81616
G1 X151.754 Y179.633 E15.43443
G1 X153.736 Y179.756 E15.54063
G1 X155.485 Y179.934 E15.63461
G1 X155.128 Y180.319 F7800.000
G1 F1800.000
G1 X155.130 Y180.637 E15.65161
G1 X140.607 Y180.637 E16.42800
G1 X140.607 Y180.047 E16.45956
G1 X151.740 Y180.052 E17.05474
G1 X153.702 Y180.174 E17.15981
G1 X155.069 Y180.313 E17.23324
G1 X153.501 Y180.399 F7800.000
G1 F2400.000
G1 X152.321 Y180.363 E17.23771
G1 F2400.000
G1 X151.731 Y180.344 E17.24538
G1 X140.817 Y180.342 E17.38723
G1 Z12.350 F7800.000
G1 E9.38723 F2400.00000
G92 E0
G1 X173.210 Y179.312 F7800.000
G1 E10.00000 F2400.00000
G1 F2400.000
G1 X191.180 Y179.312 E10.86145
G1 X191.180 Y181.872 E10.98417
G1 X173.207 Y181.872 E11.84577
M106 S255

G1 F3600.000
G1 X173.191 Y179.352 E11.98047
M106 S211.65

G1 X173.590 Y179.709 F7800.000
G1 F1800.000
G1 X190.783 Y179.709 E12.89959
G1 X190.783 Y181.475 E12.99398
G1 X173.600 Y181.475 E13.91258
G1 X173.590 Y179.769 E14.00376
G1 X174.011 Y180.128 F7800.000
G1 F1800.000
G1 X190.364 Y180.128 E14.87797
G1 X190.364 Y181.056 E14.92757
G1 X174.016 Y181.056 E15.80150
G1 X174.011 Y180.188 E15.84790
G1 X174.223 Y180.592 F7800.000
G1 F2400.000
G1 X190.154 Y180.592 E16.75165
G1 E8.75165 F2400.00000
G92 E0
G1 X188.703 Y152.688 F7800.000
G1 E10.00000 F2400.00000
G1 F2400.000
G1 X173.207 Y152.688 E10.74284
M106 S255

G1 F3600.000
G1 X173.206 Y148.128 E10.98661
M106 S211.65

G1 F2400.000
G1 X188.705 Y148.128 E11.72958
G1 X188.703 Y152.628 E11.94531
G1 X188.356 Y152.488 F7800.000
G1 X188.306 Y152.291 F7800.000
G1 F1800.000
G1 X173.596 Y152.291 E12.73168
G1 X173.602 Y148.525 E12.93299
G1 X188.308 Y148.525 E13.71915
G1 X188.306 Y152.231 E13.91725
G1 X187.887 Y151.872 F7800.000
G1 F1800.000
G1 X174.016 Y151.872 E14.65881
G1 X174.020 Y148.944 E14.81533
G1 X187.889 Y148.944 E15.55677
G1 X187.887 Y151.812 E15.71007
G1 X187.468 Y151.453 F7800.000
G1 F1800.000
G1 X174.435 Y151.453 E16.40684
G1 X174.438 Y149.363 E16.51857
G1 X187.470 Y149.363 E17.21523
G1 X187.469 Y151.393 E17.32376
G1 X186.887 Y151.197 F7800.000
G1 F3600.000
G1 X187.213 Y150.871 E17.34918
G1 X187.213 Y150.259 E17.38291
G1 X186.276 Y151.197 E17.45604
G1 X185.665 Y151.197 E17.48975
G1 X187.214 Y149.648 E17.61058
G1 X187.214 Y149.619 E17.61218
G1 X186.631 Y149.619 E17.64429
G1 X185.053 Y151.197 E17.76738
G1 X184.442 Y151.197 E17.80108
G1 X186.020 Y149.619 E17.92417
G1 X185.409 Y149.619 E17.95788
G1 X183.831 Y151.197 E18.08096
G1 X183.220 Y151.197 E18.11467
G1 X184.798 Y149.619 E18.23775
G1 X184.187 Y149.619 E18.27146
G1 X182.609 Y151.197 E18.39455
G1 X181.998 Y151.197 E18.42825
G1 X183.576 Y149.619 E18.55134
G1 X182.965 Y149.619 E18.58504
G1 X181.387 Y151.197 E18.70813
G1 X180.775 Y151.197 E18.74184
G1 X182.353 Y149.619 E18.86492
G1 X181.742 Y149.619 E18.89863
G1 X180.164 Y151.197 E19.02171
G1 X179.553 Y151.197 E19.05542
G1 X181.131 Y149.619 E19.17851
G1 X180.520 Y149.619 E19.21221
G1 X178.942 Y151.197 E19.33530
G1 X178.331 Y151.197 E19.36901
G1 X179.909 Y149.619 E19.49209
G1 X179.298 Y149.619 E19.52580
G1 X177.720 Y151.197 E19.64888
G1 X177.109 Y151.197 E19.68259
G1 X178.687 Y149.619 E19.80568
G1 X178.075 Y149.619 E19.83938
G1 X176.497 Y151.197 E19.96247
G1 X175.886 Y151.197 E19.99618
G1 X177.464 Y149.619 E20.11926
G1 X176.853 Y149.619 E20.15297
G1 X175.275 Y151.197 E20.27605
G1 X174.692 Y151.197 E20.30823
G1 X174.692 Y151.169 E20.30976
G1 X176.242 Y149.619 E20.43068
G1 X175.631 Y149.619 E20.46438
G1 X174.693 Y150.557 E20.53755
G1 X174.694 Y149.945 E20.57132
G1 X175.020 Y149.619 E20.59674
G1 E12.59674 F2400.00000
G92 E0
G1 X156.793 Y152.688 F7800.000
G1 E10.00000 F2400.00000
G1 F2400.000
G1 X141.298 Y152.688 E10.74283
G1 X141.296 Y148.128 E10.96143
G1 X156.794 Y148.128 E11.70439
M106 S255

G1 F3600.000
G1 X156.802 Y152.637 E11.94544
M106 S211.65

G1 X156.404 Y152.291 F7800.000
G1 F1800.000
G1 X141.695 Y152.291 E12.73180
G1 X141.693 Y148.525 E12.93310
G1 X156.398 Y148.525 E13.71921
G1 X156.404 Y152.231 E13.91731
G1 X155.984 Y151.872 F7800.000
G1 F1800.000
G1 X142.113 Y151.872 E14.65885
G1 X142.112 Y148.944 E14.81537
G1 X155.980 Y148.944 E15.55673
G1 X155.984 Y151.812 E15.71003
G1 X155.565 Y151.453 F7800.000
G1 F1800.000
G1 X142.532 Y151.453 E16.40677
G1 X142.531 Y149.363 E16.51850
G1 X155.561 Y149.363 E17.21509
G1 X155.565 Y151.393 E17.32362
G1 X154.982 Y151.197 F7800.000
G1 F3600.000
G1 X155.308 Y150.871 E17.34904
G1 X155.307 Y150.261 E17.38270
G1 X154.371 Y151.197 E17.45573
G1 X153.760 Y151.197 E17.48945
G1 X155.306 Y149.651 E17.61008
G1 X155.306 Y149.619 E17.61183
G1 X154.727 Y149.619 E17.64379
G1 X153.149 Y151.197 E17.76690
G1 X152.537 Y151.197 E17.80061
G1 X154.115 Y149.619 E17.92371
G1 X153.504 Y149.619 E17.95743
G1 X151.926 Y151.197 E18.08053
G1 X151.315 Y151.197 E18.11425
G1 X152.893 Y149.619 E18.23735
G1 X152.282 Y149.619 E18.27107
G1 X150.704 Y151.197 E18.39417
G1 X150.092 Y151.197 E18.42789
G1 X151.670 Y149.619 E18.55099
G1 X151.059 Y149.619 E18.58470
G1 X149.481 Y151.197 E18.70781
G1 X148.870 Y151.197 E18.74152
G1 X150.448 Y149.619 E18.86463
G1 X149.837 Y149.619 E18.89834
G1 X148.259 Y151.197 E19.02144
G1 X147.647 Y151.197 E19.05516
G1 X149.226 Y149.619 E19.17826
G1 X148.614 Y149.619 E19.21198
G1 X147.036 Y151.197 E19.33508
G1 X146.425 Y151.197 E19.36880
G1 X148.003 Y149.619 E19.49190
G1 X147.392 Y149.619 E19.52562
G1 X145.814 Y151.197 E19.64872
G1 X145.203 Y151.197 E19.68244
G1 X146.781 Y149.619 E19.80554
G1 X146.169 Y149.619 E19.83925
G1 X144.591 Y151.197 E19.96236
G1 X143.980 Y151.197 E19.99607
G1 X145.558 Y149.619 E20.11918
G1 X144.947 Y149.619 E20.15289
G1 X143.369 Y151.197 E20.27599
G1 X142.788 Y151.197 E20.30804
G1 X142.788 Y151.167 E20.30971
G1 X144.336 Y149.619 E20.43046
G1 X143.724 Y149.619 E20.46417
G1 X142.788 Y150.556 E20.53726
G1 X142.787 Y149.945 E20.57096
G1 X143.113 Y149.619 E20.59639
G1 E12.59639 F2400.00000
G92 E0
G1 X156.793 Y181.872 F7800.000
G1 E10.00000 F2400.00000
G1 F2400.000
G1 X139.396 Y181.872 E10.83397
G1 X139.396 Y178.907 E10.97609
G1 X151.802 Y178.912 E11.57083
G1 X153.358 Y178.980 E11.64547
G1 X154.872 Y179.119 E11.71836
G1 X156.776 Y179.260 E11.80989
M106 S255

G1 F3600.000
G1 X156.796 Y179.262 E11.81099
G1 X156.794 Y181.814 E11.94743
M106 S211.65

G1 X156.397 Y181.475 F7800.000
G1 F1800.000
G1 X139.793 Y181.475 E12.83508
G1 X139.793 Y179.305 E12.95110
G1 X151.793 Y179.309 E13.59262
G1 X153.331 Y179.376 E13.67489
G1 X154.839 Y179.515 E13.75585
G1 X156.399 Y179.631 E13.83947
G1 X156.397 Y181.415 E13.93486
G1 X155.979 Y181.056 F7800.000
G1 F1800.000
G1 X140.212 Y181.056 E14.77774
G1 X140.212 Y179.724 E14.84896
G1 X151.784 Y179.728 E15.46760
G1 X153.302 Y179.794 E15.54884
G1 X155.980 Y180.020 E15.69247
G1 X155.979 Y180.996 E15.74467
G1 X155.368 Y180.637 F7800.000
G1 F1800.000
G1 X140.631 Y180.637 E16.53253
G1 X140.631 Y180.143 E16.55895
G1 X151.775 Y180.147 E17.15470
G1 X153.274 Y180.212 E17.23492
G1 X155.377 Y180.395 E17.34779
G1 X155.371 Y180.577 E17.35753
G1 X155.670 Y180.846 F7800.000
G1 F2400.000
G1 X155.682 Y180.208 E17.36824
G1 X152.107 Y180.399 F7800.000
G1 F2400.000
G1 X140.840 Y180.390 E17.37852
G1 Z12.650 F7800.000
G1 E9.37852 F2400.00000
G92 E0
G1 X172.771 Y179.312 F7800.000
G1 E10.00000 F2400.00000
G1 F2400.000
G1 X191.180 Y179.312 E10.88254
G1 X191.180 Y181.872 E11.00526
G1 X172.785 Y181.872 E11.88710
M106 S255

G1 F3600.000
G1 X172.705 Y181.872 E11.89138
G1 X172.712 Y179.313 E12.02817
M106 S211.65

G1 X173.108 Y179.709 F7800.000
G1 F1800.000
G1 X190.783 Y179.709 E12.97307
G1 X190.783 Y181.475 E13.06745
G1 X173.103 Y181.475 E14.01261
G1 X173.108 Y179.769 E14.10378
G1 X173.526 Y180.128 F7800.000
G1 F1800.000
G1 X190.364 Y180.128 E15.00395
G1 X190.364 Y181.056 E15.05355
G1 X173.523 Y181.056 E15.95386
G1 X173.526 Y180.188 E16.00025
G1 X173.734 Y180.592 F7800.000
G1 F2400.000
G1 X190.155 Y180.592 E16.93176
G1 E8.93176 F2400.00000
G92 E0
G1 X188.555 Y152.688 F7800.000
G1 E10.00000 F2400.00000
G1 F2400.000
G1 X172.778 Y152.688 E10.75631
M106 S255

G1 F3600.000
G1 X172.707 Y152.688 E10.76013
G1 X172.705 Y148.128 E11.00391
G1 X172.786 Y148.128 E11.00825
M106 S211.65

G1 F2400.000
G1 X188.557 Y148.128 E11.76433
G1 X188.555 Y152.628 E11.98005
G1 X188.208 Y152.488 F7800.000
G1 X188.158 Y152.291 F7800.000
G1 F1800.000
G1 X173.104 Y152.291 E12.78484
G1 X173.102 Y148.525 E12.98614
G1 X188.161 Y148.525 E13.79118
G1 X188.158 Y152.231 E13.98927
G1 X187.739 Y151.872 F7800.000
G1 F1800.000
G1 X173.522 Y151.872 E14.74930
G1 X173.521 Y148.944 E14.90582
G1 X187.741 Y148.944 E15.66604
G1 X187.739 Y151.812 E15.81935
G1 X187.321 Y151.453 F7800.000
G1 F1800.000
G1 X173.941 Y151.453 E16.53462
G1 X173.940 Y149.363 E16.64635
G1 X187.322 Y149.363 E17.36176
G1 X187.321 Y151.393 E17.47028
G1 X187.066 Y149.945 F7800.000
G1 F3600.000
G1 X186.740 Y149.619 E17.49523
G1 X186.140 Y149.619 E17.52770
G1 X187.065 Y150.544 E17.59853
G1 X187.065 Y151.144 E17.63097
G1 X185.540 Y149.619 E17.74768
G1 X184.941 Y149.619 E17.78014
G1 X186.519 Y151.197 E17.90094
G1 X185.919 Y151.197 E17.93341
G1 X184.341 Y149.619 E18.05421
G1 X183.741 Y149.619 E18.08668
G1 X185.319 Y151.197 E18.20748
G1 X184.719 Y151.197 E18.23994
G1 X183.141 Y149.619 E18.36074
G1 X182.541 Y149.619 E18.39321
G1 X184.119 Y151.197 E18.51401
G1 X183.520 Y151.197 E18.54647
G1 X181.942 Y149.619 E18.66727
G1 X181.342 Y149.619 E18.69974
G1 X182.920 Y151.197 E18.82054
G1 X182.320 Y151.197 E18.85301
G1 X180.742 Y149.619 E18.97381
G1 X180.142 Y149.619 E19.00627
G1 X181.720 Y151.197 E19.12707
G1 X181.121 Y151.197 E19.15954
G1 X179.542 Y149.619 E19.28034
G1 X178.943 Y149.619 E19.31280
G1 X180.521 Y151.197 E19.43360
G1 X179.921 Y151.197 E19.46607
G1 X178.343 Y149.619 E19.58687
G1 X177.743 Y149.619 E19.61933
G1 X179.321 Y151.197 E19.74013
G1 X178.721 Y151.197 E19.77260
G1 X177.143 Y149.619 E19.89340
G1 X176.543 Y149.619 E19.92587
G1 X178.122 Y151.197 E20.04667
G1 X177.522 Y151.197 E20.07913
G1 X175.944 Y149.619 E20.19993
G1 X175.344 Y149.619 E20.23240
G1 X176.922 Y151.197 E20.35320
G1 X176.322 Y151.197 E20.38566
G1 X174.744 Y149.619 E20.50646
G1 X174.196 Y149.619 E20.53612
G1 X174.196 Y149.671 E20.53893
G1 X175.722 Y151.197 E20.65575
G1 X175.123 Y151.197 E20.68822
G1 X174.197 Y150.271 E20.75911
G1 X174.197 Y150.871 E20.79159
G1 X174.523 Y151.197 E20.81653
G1 E12.81653 F2400.00000
G92 E0
G1 X157.222 Y152.688 F7800.000
G1 E10.00000 F2400.00000
G1 F2400.000
G1 X141.445 Y152.688 E10.75631
G1 X141.443 Y148.128 E10.97491
G1 X157.214 Y148.128 E11.73097
M106 S255

G1 F3600.000
G1 X157.295 Y148.128 E11.73529
G1 X157.282 Y152.688 E11.97907
M106 S211.65

G1 X156.895 Y152.291 F7800.000
G1 F1800.000
G1 X141.842 Y152.291 E12.78378
G1 X141.840 Y148.525 E12.98509
G1 X156.897 Y148.525 E13.79002
G1 X156.895 Y152.231 E13.98812
G1 X156.475 Y151.872 F7800.000
G1 F1800.000
G1 X142.261 Y151.872 E14.74802
G1 X142.259 Y148.944 E14.90453
G1 X156.478 Y148.944 E15.66463
G1 X156.475 Y151.812 E15.81794
G1 X156.056 Y151.453 F7800.000
G1 F1800.000
G1 X142.680 Y151.453 E16.53303
G1 X142.679 Y149.363 E16.64476
G1 X156.058 Y149.363 E17.36001
G1 X156.056 Y151.393 E17.46853
G1 X155.801 Y149.945 F7800.000
G1 F3600.000
G1 X155.475 Y149.619 E17.49348
G1 X154.875 Y149.619 E17.52593
G1 X155.800 Y150.543 E17.59668
G1 X155.799 Y151.142 E17.62908
G1 X154.276 Y149.619 E17.74566
G1 X153.676 Y149.619 E17.77811
G1 X155.254 Y151.197 E17.89888
G1 X154.655 Y151.197 E17.93133
G1 X153.077 Y149.619 E18.05210
G1 X152.477 Y149.619 E18.08455
G1 X154.055 Y151.197 E18.20532
G1 X153.455 Y151.197 E18.23777
G1 X151.877 Y149.619 E18.35854
G1 X151.278 Y149.619 E18.39099
G1 X152.856 Y151.197 E18.51176
G1 X152.256 Y151.197 E18.54420
G1 X150.678 Y149.619 E18.66497
G1 X150.078 Y149.619 E18.69742
G1 X151.656 Y151.197 E18.81819
G1 X151.057 Y151.197 E18.85064
G1 X149.479 Y149.619 E18.97141
G1 X148.879 Y149.619 E19.00386
G1 X150.457 Y151.197 E19.12463
G1 X149.857 Y151.197 E19.15708
G1 X148.279 Y149.619 E19.27785
G1 X147.680 Y149.619 E19.31030
G1 X149.258 Y151.197 E19.43107
G1 X148.658 Y151.197 E19.46352
G1 X147.080 Y149.619 E19.58428
G1 X146.480 Y149.619 E19.61673
G1 X148.059 Y151.197 E19.73750
G1 X147.459 Y151.197 E19.76995
G1 X145.881 Y149.619 E19.89072
G1 X145.281 Y149.619 E19.92317
G1 X146.859 Y151.197 E20.04394
G1 X146.260 Y151.197 E20.07639
G1 X144.682 Y149.619 E20.19716
G1 X144.082 Y149.619 E20.22961
G1 X145.660 Y151.197 E20.35038
G1 X145.060 Y151.197 E20.38283
G1 X143.482 Y149.619 E20.50360
G1 X142.935 Y149.619 E20.53322
G1 X142.935 Y149.671 E20.53605
G1 X144.461 Y151.197 E20.65282
G1 X143.861 Y151.197 E20.68527
G1 X142.935 Y150.271 E20.75613
G1 X142.935 Y150.871 E20.78860
G1 X143.261 Y151.197 E20.81354
G1 E12.81354 F2400.00000
G92 E0
G1 X157.213 Y181.872 F7800.000
G1 E10.00000 F2400.00000
G1 F2400.000
G1 X139.420 Y181.872 E10.85301
G1 X139.420 Y178.982 E10.99153
G1 X151.823 Y178.987 E11.58614
G1 X153.446 Y179.058 E11.66401
G1 X156.292 Y179.264 E11.80078
G1 X157.216 Y179.296 E11.84513
M106 S255

G1 F3600.000
G1 X157.277 Y179.298 E11.84838
G1 X157.294 Y181.872 E11.98598
G1 X157.273 Y181.872 E11.98708
M106 S211.65

G1 X156.894 Y181.475 F7800.000
G1 F1800.000
G1 X139.817 Y181.475 E12.90002
G1 X139.817 Y179.380 E13.01202
G1 X151.814 Y179.384 E13.65340
G1 X153.423 Y179.455 E13.73948
G1 X156.270 Y179.660 E13.89209
G1 X156.882 Y179.682 E13.92482
G1 X156.894 Y181.415 E14.01746
G1 X156.473 Y181.056 F7800.000
G1 F1800.000
G1 X140.236 Y181.056 E14.88547
G1 X140.236 Y179.799 E14.95267
G1 X151.805 Y179.803 E15.57116
G1 X153.399 Y179.873 E15.65644
G1 X156.466 Y180.086 E15.82081
G1 X156.472 Y180.996 E15.86943
G1 X154.800 Y180.637 F7800.000
G1 F1800.000
G1 X140.655 Y180.637 E16.62564
G1 X140.655 Y180.218 E16.64805
G1 X151.796 Y180.222 E17.24365
G1 X153.375 Y180.291 E17.32813
G1 X154.809 Y180.395 E17.40501
G1 X154.802 Y180.577 E17.41476
M106 S209.1
G1 Z12.950 F7800.000
G1 E9.41476 F2400.00000
G92 E0
G1 X172.294 Y179.312 F7800.000
G1 E10.00000 F2400.00000
G1 F2400.000
G1 X191.180 Y179.312 E10.90540
G1 X191.180 Y181.872 E11.02812
G1 X172.286 Y181.872 E11.93391
M106 S255

G1 F3600.000
G1 X172.200 Y181.872 E11.93852
G1 X172.185 Y179.312 E12.07538
G1 X172.234 Y179.312 E12.07801
M106 S209.1

G1 X172.584 Y179.709 F7800.000
G1 F1800.000
G1 X190.783 Y179.709 E13.05092
G1 X190.783 Y181.475 E13.14530
G1 X172.595 Y181.475 E14.11766
G1 X172.585 Y179.769 E14.20884
G1 X173.006 Y180.128 F7800.000
G1 F1800.000
G1 X190.364 Y180.128 E15.13684
G1 X190.364 Y181.056 E15.18643
G1 X173.011 Y181.056 E16.11414
G1 X173.006 Y180.188 E16.16053
G1 X173.218 Y180.592 F7800.000
G1 F2400.000
G1 X190.155 Y180.592 E17.12135
G1 E9.12135 F2400.00000
G92 E0
G1 X188.391 Y152.688 F7800.000
G1 E10.00000 F2400.00000
G1 F2400.000
G1 X172.287 Y152.688 E10.77200
M106 S255

G1 F3600.000
G1 X172.194 Y152.688 E10.77699
G1 X172.201 Y148.128 E11.02076
G1 X172.285 Y148.128 E11.02527
M106 S209.1

G1 F2400.000
G1 X188.388 Y148.128 E11.79724
G1 X188.391 Y152.628 E12.01297
G1 X188.045 Y152.488 F7800.000
G1 X187.994 Y152.121 F7800.000
G1 F1800.000
G1 X187.994 Y152.291 E12.02203
G1 X172.592 Y152.291 E12.84544
G1 X172.597 Y148.525 E13.04674
G1 X187.991 Y148.525 E13.86970
G1 X187.994 Y152.061 E14.05874
G1 X187.575 Y151.872 F7800.000
G1 F1800.000
G1 X173.011 Y151.872 E14.83732
G1 X173.016 Y148.944 E14.99384
G1 X187.573 Y148.944 E15.77206
G1 X187.575 Y151.812 E15.92537
G1 X187.156 Y151.453 F7800.000
G1 F1800.000
G1 X173.431 Y151.453 E16.65912
G1 X173.434 Y149.363 E16.77085
G1 X187.154 Y149.363 E17.50434
G1 X187.156 Y151.393 E17.61286
G1 X186.574 Y151.197 F7800.000
G1 F3600.000
G1 X186.900 Y150.871 E17.63843
G1 X186.899 Y150.257 E17.67250
G1 X185.959 Y151.197 E17.74624
G1 X185.344 Y151.197 E17.78033
G1 X186.899 Y149.643 E17.90225
G1 X186.899 Y149.619 E17.90357
G1 X186.308 Y149.619 E17.93634
G1 X184.730 Y151.197 E18.06013
G1 X184.115 Y151.197 E18.09422
G1 X185.693 Y149.619 E18.21801
G1 X185.079 Y149.619 E18.25210
G1 X183.500 Y151.197 E18.37589
G1 X182.886 Y151.197 E18.40999
G1 X184.464 Y149.619 E18.53377
G1 X183.849 Y149.619 E18.56787
G1 X182.271 Y151.197 E18.69165
G1 X181.657 Y151.197 E18.72575
G1 X183.235 Y149.619 E18.84954
G1 X182.620 Y149.619 E18.88363
G1 X181.042 Y151.197 E19.00742
G1 X180.427 Y151.197 E19.04151
G1 X182.005 Y149.619 E19.16530
G1 X181.391 Y149.619 E19.19939
G1 X179.813 Y151.197 E19.32318
G1 X179.198 Y151.197 E19.35727
G1 X180.776 Y149.619 E19.48106
G1 X180.161 Y149.619 E19.51515
G1 X178.583 Y151.197 E19.63894
G1 X177.969 Y151.197 E19.67303
G1 X179.547 Y149.619 E19.79682
G1 X178.932 Y149.619 E19.83091
G1 X177.354 Y151.197 E19.95470
G1 X176.739 Y151.197 E19.98880
G1 X178.318 Y149.619 E20.11258
G1 X177.703 Y149.619 E20.14668
G1 X176.125 Y151.197 E20.27046
G1 X175.510 Y151.197 E20.30456
G1 X177.088 Y149.619 E20.42835
G1 X176.474 Y149.619 E20.46244
G1 X174.896 Y151.197 E20.58623
G1 X174.281 Y151.197 E20.62032
G1 X175.859 Y149.619 E20.74411
G1 X175.244 Y149.619 E20.77820
G1 X173.687 Y151.176 E20.90034
G1 X173.688 Y150.560 E20.93448
G1 X174.630 Y149.619 E21.00834
G1 X174.015 Y149.619 E21.04243
G1 X173.689 Y149.945 E21.06799
G1 E13.06799 F2400.00000
G92 E0
G1 X157.713 Y152.688 F7800.000
G1 E10.00000 F2400.00000
G1 F2400.000
G1 X141.609 Y152.688 E10.77199
G1 X141.612 Y148.128 E10.99059
G1 X157.715 Y148.128 E11.76256
M106 S255

G1 F3600.000
G1 X157.799 Y148.128 E11.76703
G1 X157.806 Y152.688 E12.01080
G1 X157.773 Y152.688 E12.01258
M106 S209.1

G1 X157.408 Y152.291 F7800.000
G1 F1800.000
G1 X142.007 Y152.291 E12.83594
G1 X142.009 Y148.525 E13.03724
G1 X157.402 Y148.525 E13.86016
G1 X157.408 Y152.231 E14.05825
G1 X156.989 Y151.872 F7800.000
G1 F1800.000
G1 X142.426 Y151.872 E14.83678
G1 X142.428 Y148.944 E14.99329
G1 X156.984 Y148.944 E15.77147
G1 X156.989 Y151.812 E15.92478
G1 X156.569 Y151.453 F7800.000
G1 F1800.000
G1 X142.845 Y151.453 E16.65847
G1 X142.846 Y149.363 E16.77020
G1 X156.566 Y149.363 E17.50364
G1 X156.569 Y151.393 E17.61216
G1 X155.986 Y151.197 F7800.000
G1 F3600.000
G1 X156.312 Y150.871 E17.63773
G1 X156.311 Y150.257 E17.67177
G1 X155.372 Y151.197 E17.74547
G1 X154.757 Y151.197 E17.77957
G1 X156.310 Y149.644 E17.90141
G1 X156.310 Y149.619 E17.90279
G1 X155.721 Y149.619 E17.93550
G1 X154.143 Y151.197 E18.05929
G1 X153.528 Y151.197 E18.09338
G1 X155.106 Y149.619 E18.21717
G1 X154.491 Y149.619 E18.25126
G1 X152.913 Y151.197 E18.37505
G1 X152.299 Y151.197 E18.40914
G1 X153.877 Y149.619 E18.53293
G1 X153.262 Y149.619 E18.56703
G1 X151.684 Y151.197 E18.69082
G1 X151.069 Y151.197 E18.72491
G1 X152.647 Y149.619 E18.84870
G1 X152.033 Y149.619 E18.88279
G1 X150.455 Y151.197 E19.00658
G1 X149.840 Y151.197 E19.04067
G1 X151.418 Y149.619 E19.16446
G1 X150.804 Y149.619 E19.19855
G1 X149.225 Y151.197 E19.32234
G1 X148.611 Y151.197 E19.35644
G1 X150.189 Y149.619 E19.48023
G1 X149.574 Y149.619 E19.51432
G1 X147.996 Y151.197 E19.63811
G1 X147.382 Y151.197 E19.67220
G1 X148.960 Y149.619 E19.79599
G1 X148.345 Y149.619 E19.83008
G1 X146.767 Y151.197 E19.95387
G1 X146.152 Y151.197 E19.98797
G1 X147.730 Y149.619 E20.11175
G1 X147.116 Y149.619 E20.14585
G1 X145.538 Y151.197 E20.26964
G1 X144.923 Y151.197 E20.30373
G1 X146.501 Y149.619 E20.42752
G1 X145.886 Y149.619 E20.46161
G1 X144.308 Y151.197 E20.58540
G1 X143.694 Y151.197 E20.61949
G1 X145.272 Y149.619 E20.74328
G1 X144.657 Y149.619 E20.77738
G1 X143.101 Y151.175 E20.89943
G1 X143.102 Y150.560 E20.93354
G1 X144.042 Y149.619 E21.00735
G1 X143.428 Y149.619 E21.04145
G1 X143.102 Y149.945 E21.06700
G1 E13.06700 F2400.00000
G92 E0
G1 X157.714 Y181.872 F7800.000
G1 E10.00000 F2400.00000
G1 F2400.000
G1 X139.444 Y181.872 E10.87587
G1 X139.444 Y179.058 E11.01079
G1 X151.845 Y179.062 E11.60528
G1 X154.138 Y179.157 E11.71531
G1 X155.810 Y179.264 E11.79565
G1 X157.697 Y179.310 E11.88612
M106 S255

G1 F3600.000
G1 X157.815 Y179.311 E11.89241
G1 X157.800 Y181.872 E12.02935
G1 X157.774 Y181.872 E12.03075
M106 S209.1

G1 X157.405 Y181.475 F7800.000
G1 F1800.000
G1 X139.841 Y181.475 E12.96974
G1 X139.841 Y179.455 E13.07772
G1 X151.836 Y179.459 E13.71899
G1 X154.117 Y179.554 E13.84103
G1 X155.791 Y179.660 E13.93072
G1 X157.415 Y179.705 E14.01756
G1 X157.406 Y181.415 E14.10895
G1 X156.989 Y181.056 F7800.000
G1 F1800.000
G1 X140.260 Y181.056 E15.00328
G1 X140.260 Y179.874 E15.06647
G1 X151.827 Y179.878 E15.68488
G1 X154.095 Y179.972 E15.80621
G1 X155.771 Y180.079 E15.89600
G1 X156.994 Y180.118 E15.96140
G1 X156.989 Y180.996 E16.00832
G1 X154.073 Y180.637 F7800.000
G1 F1800.000
G1 X140.679 Y180.637 E16.72438
G1 X140.679 Y180.293 E16.74277
G1 X151.819 Y180.297 E17.33832
G1 X154.078 Y180.391 E17.45921
G1 X154.074 Y180.577 E17.46916
G1 X154.285 Y180.521 F7800.000
G1 F2400.000
G1 X155.014 Y180.544 E17.52198
G1 F2400.000
G1 X156.782 Y180.584 E17.63346
M106 S211.65
G1 Z13.250 F7800.000
G1 E9.63346 F2400.00000
G92 E0
G1 X171.765 Y179.312 F7800.000
G1 E10.00000 F2400.00000
G1 F2400.000
G1 X191.181 Y179.312 E10.93077
G1 X191.181 Y181.872 E11.05350
G1 X171.782 Y181.872 E11.98347
M106 S255

G1 F3600.000
G1 X171.597 Y181.872 E11.99335
G1 X171.602 Y179.312 E12.13021
G1 X171.705 Y179.312 E12.13568
M106 S211.65

G1 X171.999 Y179.709 F7800.000
G1 F4800.000
G1 X190.783 Y179.709 E13.13991
G1 X190.783 Y181.475 E13.23429
G1 X171.995 Y181.475 E14.23873
G1 X171.999 Y179.769 E14.32991
G1 X172.417 Y180.128 F7800.000
G1 F1800.000
G1 X190.365 Y180.128 E15.28939
G1 X190.365 Y181.056 E15.33899
G1 X172.415 Y181.056 E16.29859
G1 X172.417 Y180.188 E16.34498
G1 X172.625 Y180.592 F7800.000
G1 F2400.000
G1 X190.155 Y180.592 E17.33943
G1 E9.33943 F2400.00000
G92 E0
G1 X188.220 Y152.688 F7800.000
G1 E10.00000 F2400.00000
G1 F2400.000
G1 X171.774 Y152.688 E10.78841
M106 S255

G1 F3600.000
G1 X171.597 Y152.688 E10.79784
G1 X171.596 Y148.128 E11.04161
G1 X171.781 Y148.128 E11.05151
M106 S211.65

G1 F2400.000
G1 X188.219 Y148.128 E11.83951
G1 X188.220 Y152.628 E12.05524
G1 X187.874 Y152.488 F7800.000
G1 X187.823 Y152.291 F7800.000
G1 F1800.000
G1 X171.995 Y152.291 E12.90142
G1 X171.994 Y148.525 E13.10272
G1 X187.822 Y148.525 E13.94891
G1 X187.823 Y152.231 E14.14701
G1 X187.404 Y151.872 F7800.000
G1 F1800.000
G1 X172.413 Y151.872 E14.94843
G1 X172.413 Y148.944 E15.10494
G1 X187.404 Y148.944 E15.90636
G1 X187.405 Y151.812 E16.05967
G1 X186.986 Y151.453 F7800.000
G1 F1800.000
G1 X172.832 Y151.453 E16.81632
G1 X172.832 Y149.363 E16.92805
G1 X186.985 Y149.363 E17.68469
G1 X186.986 Y151.393 E17.79322
G1 X186.729 Y149.945 F7800.000
G1 F3600.000
G1 X186.403 Y149.619 E17.81847
G1 X185.796 Y149.619 E17.85171
G1 X186.730 Y150.552 E17.92402
G1 X186.730 Y151.160 E17.95730
G1 X185.189 Y149.619 E18.07666
G1 X184.582 Y149.619 E18.10991
G1 X186.161 Y151.197 E18.23216
G1 X185.554 Y151.197 E18.26540
G1 X183.975 Y149.619 E18.38765
G1 X183.369 Y149.619 E18.42090
G1 X184.947 Y151.197 E18.54315
G1 X184.340 Y151.197 E18.57639
G1 X182.762 Y149.619 E18.69864
G1 X182.155 Y149.619 E18.73189
G1 X183.733 Y151.197 E18.85414
G1 X183.126 Y151.197 E18.88738
G1 X181.548 Y149.619 E19.00963
G1 X180.941 Y149.619 E19.04288
G1 X182.519 Y151.197 E19.16513
G1 X181.912 Y151.197 E19.19838
G1 X180.334 Y149.619 E19.32062
G1 X179.727 Y149.619 E19.35387
G1 X181.305 Y151.197 E19.47612
G1 X180.698 Y151.197 E19.50937
G1 X179.120 Y149.619 E19.63161
G1 X178.513 Y149.619 E19.66486
G1 X180.091 Y151.197 E19.78711
G1 X179.484 Y151.197 E19.82036
G1 X177.906 Y149.619 E19.94260
G1 X177.299 Y149.619 E19.97585
G1 X178.877 Y151.197 E20.09810
G1 X178.270 Y151.197 E20.13135
G1 X176.692 Y149.619 E20.25359
G1 X176.085 Y149.619 E20.28684
G1 X177.663 Y151.197 E20.40909
G1 X177.056 Y151.197 E20.44234
G1 X175.478 Y149.619 E20.56458
G1 X174.871 Y149.619 E20.59783
G1 X176.449 Y151.197 E20.72008
G1 X175.842 Y151.197 E20.75333
G1 X174.264 Y149.619 E20.87557
G1 X173.657 Y149.619 E20.90882
G1 X175.235 Y151.197 E21.03107
G1 X174.628 Y151.197 E21.06432
G1 X173.088 Y149.657 E21.18364
G1 X173.088 Y150.264 E21.21689
G1 X174.021 Y151.197 E21.28918
G1 X173.414 Y151.197 E21.32243
G1 X173.088 Y150.871 E21.34768
G1 E13.34768 F2400.00000
G92 E0
G1 X158.226 Y152.688 F7800.000
G1 E10.00000 F2400.00000
G1 F2400.000
G1 X141.780 Y152.688 E10.78840
G1 X141.781 Y148.128 E11.00700
G1 X158.219 Y148.128 E11.79499
M106 S255

G1 F3600.000
G1 X158.403 Y148.128 E11.80487
G1 X158.402 Y152.688 E12.04864
G1 X158.286 Y152.688 E12.05485
M106 S211.65

G1 X158.004 Y152.291 F7800.000
G1 F1800.000
G1 X142.178 Y152.291 E12.90094
G1 X142.178 Y148.525 E13.10224
G1 X158.005 Y148.525 E13.94835
G1 X158.004 Y152.231 E14.14645
G1 X157.585 Y151.872 F7800.000
G1 F1800.000
G1 X142.597 Y151.872 E14.94771
G1 X142.597 Y148.944 E15.10423
G1 X157.586 Y148.944 E15.90552
G1 X157.585 Y151.812 E16.05883
G1 X157.165 Y151.453 F7800.000
G1 F1800.000
G1 X143.015 Y151.453 E16.81526
G1 X143.016 Y149.363 E16.92699
G1 X157.166 Y149.363 E17.68345
G1 X157.165 Y151.393 E17.79198
G1 X156.909 Y149.945 F7800.000
G1 F3600.000
G1 X156.583 Y149.619 E17.81722
G1 X155.976 Y149.619 E17.85045
G1 X156.908 Y150.551 E17.92260
G1 X156.908 Y151.158 E17.95585
G1 X155.370 Y149.619 E18.07503
G1 X154.763 Y149.619 E18.10826
G1 X156.341 Y151.197 E18.23047
G1 X155.734 Y151.197 E18.26371
G1 X154.156 Y149.619 E18.38592
G1 X153.549 Y149.619 E18.41915
G1 X155.127 Y151.197 E18.54137
G1 X154.520 Y151.197 E18.57460
G1 X152.942 Y149.619 E18.69682
G1 X152.335 Y149.619 E18.73005
G1 X153.914 Y151.197 E18.85226
G1 X153.307 Y151.197 E18.88550
G1 X151.729 Y149.619 E19.00771
G1 X151.122 Y149.619 E19.04094
G1 X152.700 Y151.197 E19.16316
G1 X152.093 Y151.197 E19.19639
G1 X150.515 Y149.619 E19.31861
G1 X149.908 Y149.619 E19.35184
G1 X151.486 Y151.197 E19.47406
G1 X150.879 Y151.197 E19.50729
G1 X149.301 Y149.619 E19.62950
G1 X148.695 Y149.619 E19.66273
G1 X150.273 Y151.197 E19.78495
G1 X149.666 Y151.197 E19.81818
G1 X148.088 Y149.619 E19.94040
G1 X147.481 Y149.619 E19.97363
G1 X149.059 Y151.197 E20.09585
G1 X148.452 Y151.197 E20.12908
G1 X146.874 Y149.619 E20.25129
G1 X146.267 Y149.619 E20.28452
G1 X147.845 Y151.197 E20.40674
G1 X147.238 Y151.197 E20.43997
G1 X145.660 Y149.619 E20.56219
G1 X145.054 Y149.619 E20.59542
G1 X146.632 Y151.197 E20.71764
G1 X146.025 Y151.197 E20.75087
G1 X144.447 Y149.619 E20.87308
G1 X143.840 Y149.619 E20.90631
G1 X145.418 Y151.197 E21.02853
G1 X144.811 Y151.197 E21.06176
G1 X143.272 Y149.658 E21.18098
G1 X143.272 Y150.264 E21.21421
G1 X144.204 Y151.197 E21.28644
G1 X143.597 Y151.197 E21.31967
G1 X143.272 Y150.871 E21.34492
G1 E13.34492 F2400.00000
G92 E0
G1 X158.218 Y181.872 F7800.000
G1 E10.00000 F2400.00000
G1 F2400.000
G1 X139.467 Y181.872 E10.89887
G1 X139.467 Y179.127 E11.03044
G1 X151.867 Y179.130 E11.62488
G1 X153.623 Y179.176 E11.70905
G1 X155.249 Y179.264 E11.78714
G1 X157.012 Y179.310 E11.87168
G1 X158.234 Y179.312 E11.93027
M106 S255

G1 F3600.000
G1 X158.394 Y179.312 E11.93880
G1 X158.403 Y181.872 E12.07568
G1 X158.278 Y181.872 E12.08238
M106 S211.65

G1 X158.004 Y181.475 F7800.000
G1 F1800.000
G1 X139.865 Y181.475 E13.05213
G1 X139.865 Y179.525 E13.15638
G1 X151.862 Y179.528 E13.79776
G1 X153.607 Y179.573 E13.89107
G1 X155.233 Y179.661 E13.97814
G1 X157.007 Y179.707 E14.07298
G1 X157.998 Y179.709 E14.12598
G1 X158.004 Y181.415 E14.21720
G1 X157.584 Y181.056 F7800.000
G1 F1800.000
G1 X140.283 Y181.056 E15.14208
G1 X140.283 Y179.944 E15.20153
G1 X151.857 Y179.946 E15.82023
G1 X153.590 Y179.991 E15.91293
G1 X155.216 Y180.079 E16.00001
G1 X157.581 Y180.127 E16.12642
G1 X157.584 Y180.996 E16.17288
G1 X152.756 Y180.637 F7800.000
G1 F1800.000
G1 X140.702 Y180.637 E16.81724
G1 X140.702 Y180.363 E16.83190
G1 X151.851 Y180.365 E17.42792
G1 X152.759 Y180.389 E17.47646
G1 X152.756 Y180.577 E17.48651
G1 X152.967 Y180.516 F7800.000
G1 F2400.000
G1 X153.569 Y180.523 E17.53176
G1 F2400.000
G1 X155.193 Y180.567 E17.64326
G1 F2400.000
G1 X157.373 Y180.591 E17.76746
M106 S214.2
G1 Z13.550 F7800.000
G1 E9.76746 F2400.00000
G92 E0
G1 X191.181 Y181.872 F7800.000
G1 E10.00000 F2400.00000
G1 F2400.000
G1 X171.178 Y181.872 E10.95893
M106 S255

G1 F3600.000
G1 X170.958 Y181.872 E10.97067
G1 X170.954 Y179.312 E11.10752
G1 X171.185 Y179.312 E11.11985
M106 S214.2

G1 F2400.000
G1 X191.181 Y179.312 E12.07845
G1 X191.181 Y181.812 E12.19829
G1 X190.781 Y181.855 F7800.000
G1 X190.784 Y181.475 F7800.000
G1 F4800.000
G1 X171.355 Y181.475 E13.23696
G1 X171.352 Y179.709 E13.33134
G1 X190.784 Y179.709 E14.37016
G1 X190.784 Y181.415 E14.46133
G1 X190.365 Y181.056 F7800.000
G1 F1800.000
G1 X171.773 Y181.056 E15.45525
G1 X171.772 Y180.128 E15.50484
G1 X190.365 Y180.128 E16.49884
G1 X190.365 Y180.996 E16.54523
G1 X190.155 Y180.592 F7800.000
G1 F2400.000
G1 X171.982 Y180.592 E17.57619
G1 E9.57619 F2400.00000
G92 E0
G1 X188.049 Y152.688 F7800.000
G1 E10.00000 F2400.00000
G1 F2400.000
G1 X171.178 Y152.688 E10.80878
M106 S255

G1 F3600.000
G1 X170.968 Y152.688 E10.82002
G1 X170.959 Y148.128 E11.06380
G1 X171.177 Y148.128 E11.07544
M106 S214.2

G1 F2400.000
G1 X188.050 Y148.128 E11.88432
G1 X188.049 Y152.628 E12.10004
G1 X187.703 Y152.488 F7800.000
G1 X187.652 Y152.291 F7800.000
G1 F1800.000
G1 X171.364 Y152.291 E12.97079
G1 X171.357 Y148.525 E13.17210
G1 X187.653 Y148.525 E14.04327
G1 X187.652 Y152.231 E14.24137
G1 X187.233 Y151.872 F7800.000
G1 F1800.000
G1 X171.782 Y151.872 E15.06739
G1 X171.777 Y148.944 E15.22391
G1 X187.234 Y148.944 E16.05028
G1 X187.234 Y151.812 E16.20359
G1 X186.815 Y151.453 F7800.000
G1 F1800.000
G1 X172.200 Y151.453 E16.98488
G1 X172.196 Y149.363 E17.09661
G1 X186.816 Y149.363 E17.87817
G1 X186.815 Y151.393 E17.98669
G1 X186.233 Y151.197 F7800.000
G1 F3600.000
G1 X186.559 Y150.871 E18.01171
G1 X186.560 Y150.269 E18.04436
G1 X185.632 Y151.197 E18.11555
G1 X185.031 Y151.197 E18.14818
G1 X186.560 Y149.668 E18.26555
G1 X186.560 Y149.619 E18.26819
G1 X186.007 Y149.619 E18.29818
G1 X184.429 Y151.197 E18.41928
G1 X183.828 Y151.197 E18.45191
G1 X185.406 Y149.619 E18.57301
G1 X184.805 Y149.619 E18.60564
G1 X183.227 Y151.197 E18.72674
G1 X182.626 Y151.197 E18.75937
G1 X184.204 Y149.619 E18.88047
G1 X183.602 Y149.619 E18.91310
G1 X182.024 Y151.197 E19.03420
G1 X181.423 Y151.197 E19.06683
G1 X183.001 Y149.619 E19.18793
G1 X182.400 Y149.619 E19.22056
G1 X180.822 Y151.197 E19.34166
G1 X180.220 Y151.197 E19.37429
G1 X181.798 Y149.619 E19.49539
G1 X181.197 Y149.619 E19.52802
G1 X179.619 Y151.197 E19.64912
G1 X179.018 Y151.197 E19.68175
G1 X180.596 Y149.619 E19.80285
G1 X179.995 Y149.619 E19.83548
G1 X178.416 Y151.197 E19.95658
G1 X177.815 Y151.197 E19.98921
G1 X179.393 Y149.619 E20.11031
G1 X178.792 Y149.619 E20.14294
G1 X177.214 Y151.197 E20.26404
G1 X176.613 Y151.197 E20.29667
G1 X178.191 Y149.619 E20.41777
G1 X177.589 Y149.619 E20.45040
G1 X176.011 Y151.197 E20.57150
G1 X175.410 Y151.197 E20.60413
G1 X176.988 Y149.619 E20.72523
G1 X176.387 Y149.619 E20.75786
G1 X174.809 Y151.197 E20.87896
G1 X174.207 Y151.197 E20.91159
G1 X175.785 Y149.619 E21.03269
G1 X175.184 Y149.619 E21.06532
G1 X173.606 Y151.197 E21.18642
G1 X173.005 Y151.197 E21.21905
G1 X174.583 Y149.619 E21.34015
G1 X173.982 Y149.619 E21.37278
G1 X172.455 Y151.145 E21.48991
G1 X172.454 Y150.545 E21.52248
G1 X173.380 Y149.619 E21.59355
G1 X172.779 Y149.619 E21.62618
G1 X172.453 Y149.945 E21.65118
G1 E13.65118 F2400.00000
G92 E0
G1 X141.951 Y152.688 F7800.000
G1 E10.00000 F2400.00000
G1 F2400.000
G1 X141.950 Y148.128 E10.21860
G1 X158.823 Y148.128 E11.02747
M106 S255

G1 F3600.000
G1 X159.041 Y148.128 E11.03911
G1 X159.032 Y152.688 E11.28288
G1 X158.822 Y152.688 E11.29411
M106 S214.2

G1 F2400.000
G1 X142.011 Y152.688 E12.10000
G1 X141.951 Y152.288 F7800.000
G1 X142.348 Y152.291 F7800.000
G1 F1800.000
G1 X142.348 Y148.525 E12.30131
G1 X158.643 Y148.525 E13.17245
G1 X158.636 Y152.291 E13.37375
G1 X142.408 Y152.291 E14.24126
G1 X142.767 Y151.872 F7800.000
G1 F1800.000
G1 X142.767 Y148.944 E14.39777
G1 X158.223 Y148.944 E15.22408
G1 X158.218 Y151.872 E15.38060
G1 X142.827 Y151.872 E16.20337
G1 X143.186 Y151.453 F7800.000
G1 F1800.000
G1 X143.186 Y149.363 E16.31510
G1 X157.804 Y149.363 E17.09657
G1 X157.799 Y151.453 E17.20830
G1 X143.246 Y151.453 E17.98633
G1 X143.442 Y149.945 F7800.000
G1 F3600.000
G1 X143.768 Y149.619 E18.01133
G1 X144.369 Y149.619 E18.04394
G1 X143.442 Y150.546 E18.11506
G1 X143.442 Y151.147 E18.14767
G1 X144.970 Y149.619 E18.26491
G1 X145.571 Y149.619 E18.29752
G1 X143.993 Y151.197 E18.41860
G1 X144.594 Y151.197 E18.45121
G1 X146.172 Y149.619 E18.57228
G1 X146.773 Y149.619 E18.60490
G1 X145.195 Y151.197 E18.72597
G1 X145.796 Y151.197 E18.75858
G1 X147.375 Y149.619 E18.87966
G1 X147.976 Y149.619 E18.91227
G1 X146.398 Y151.197 E19.03334
G1 X146.999 Y151.197 E19.06595
G1 X148.577 Y149.619 E19.18703
G1 X149.178 Y149.619 E19.21964
G1 X147.600 Y151.197 E19.34071
G1 X148.201 Y151.197 E19.37333
G1 X149.779 Y149.619 E19.49440
G1 X150.380 Y149.619 E19.52701
G1 X148.802 Y151.197 E19.64809
G1 X149.403 Y151.197 E19.68070
G1 X150.981 Y149.619 E19.80177
G1 X151.583 Y149.619 E19.83439
G1 X150.005 Y151.197 E19.95546
G1 X150.606 Y151.197 E19.98807
G1 X152.184 Y149.619 E20.10915
G1 X152.785 Y149.619 E20.14176
G1 X151.207 Y151.197 E20.26283
G1 X151.808 Y151.197 E20.29545
G1 X153.386 Y149.619 E20.41652
G1 X153.987 Y149.619 E20.44913
G1 X152.409 Y151.197 E20.57021
G1 X153.010 Y151.197 E20.60282
G1 X154.588 Y149.619 E20.72389
G1 X155.190 Y149.619 E20.75651
G1 X153.611 Y151.197 E20.87758
G1 X154.213 Y151.197 E20.91019
G1 X155.791 Y149.619 E21.03126
G1 X156.392 Y149.619 E21.06388
G1 X154.814 Y151.197 E21.18495
G1 X155.415 Y151.197 E21.21756
G1 X156.993 Y149.619 E21.33864
G1 X157.547 Y149.619 E21.36868
G1 X157.547 Y149.666 E21.37126
G1 X156.016 Y151.197 E21.48869
G1 X156.617 Y151.197 E21.52130
G1 X157.546 Y150.269 E21.59252
G1 X157.544 Y150.871 E21.62520
G1 X157.218 Y151.197 E21.65021
G1 E13.65021 F2400.00000
G92 E0
G1 X139.491 Y179.172 F7800.000
G1 E10.00000 F2400.00000
G1 F2400.000
G1 X151.889 Y179.175 E10.59434
G1 X153.086 Y179.200 E10.65172
G1 X154.568 Y179.264 E10.72285
G1 X156.707 Y179.312 E10.82542
G1 X158.811 Y179.312 E10.92630
M106 S255

G1 F3600.000
G1 X159.059 Y179.312 E10.93954
G1 X159.043 Y181.872 E11.07640
G1 X158.822 Y181.872 E11.08820
M106 S214.2

G1 F2400.000
G1 X139.491 Y181.872 E12.01491
G1 X139.491 Y179.232 E12.14147
G1 X139.891 Y179.191 F7800.000
G1 X139.888 Y179.569 F7800.000
G1 F4800.000
G1 X151.885 Y179.572 E12.78280
G1 X153.073 Y179.597 E12.84633
G1 X154.555 Y179.661 E12.92563
G1 X156.703 Y179.709 E13.04047
G1 X158.659 Y179.709 E13.14508
G1 X158.648 Y181.475 E13.23946
G1 X139.888 Y181.475 E14.24236
G1 X139.888 Y179.629 E14.34102
G1 X140.307 Y179.988 F7800.000
G1 F1800.000
G1 X151.880 Y179.991 E14.95972
G1 X153.060 Y180.016 E15.02277
G1 X154.541 Y180.079 E15.10205
G1 X156.698 Y180.128 E15.21738
G1 X158.238 Y180.128 E15.29970
G1 X158.232 Y181.056 E15.34930
G1 X140.307 Y181.056 E16.30755
G1 X140.307 Y180.048 E16.36141
G1 X140.517 Y180.522 F7800.000
G1 F2400.000
G1 X153.043 Y180.536 E17.29108
G1 F2400.000
G1 X154.522 Y180.567 E17.39030
G1 F2400.000
G1 X158.025 Y180.592 E17.58903
M106 S216.75
G1 Z13.850 F7800.000
G1 E9.58903 F2400.00000
G92 E0
G1 X191.181 Y179.312 F7800.000
G1 E10.00000 F2400.00000
G1 F2400.000
G1 X191.181 Y181.872 E10.12272
G1 X170.541 Y181.872 E11.11221
M106 S255

G1 F3600.000
G1 X170.189 Y181.872 E11.13102
G1 X170.178 Y179.312 E11.26788
G1 X170.536 Y179.312 E11.28698
M106 S216.75

G1 F2400.000
G1 X191.121 Y179.312 E12.27383
G1 X190.835 Y179.512 F7800.000
G1 X190.784 Y179.709 F7800.000
G1 F4800.000
G1 X190.784 Y181.475 E12.36821
G1 X170.584 Y181.475 E13.44808
G1 X170.577 Y179.709 E13.54246
G1 X190.724 Y179.709 E14.61951
G1 X190.365 Y180.128 F7800.000
G1 F1800.000
G1 X190.365 Y181.056 E14.66911
G1 X171.002 Y181.056 E15.70428
G1 X170.998 Y180.128 E15.75388
G1 X190.305 Y180.128 E16.78605
G1 X190.156 Y180.592 F7800.000
G1 F2400.000
G1 X171.209 Y180.592 E17.86086
G1 E9.86086 F2400.00000
G92 E0
G1 X187.878 Y152.688 F7800.000
G1 E10.00000 F2400.00000
G1 F2400.000
G1 X170.548 Y152.688 E10.83078
M106 S255

G1 F3600.000
G1 X170.186 Y152.688 E10.85013
G1 X170.190 Y148.128 E11.09391
G1 X170.539 Y148.128 E11.11259
M106 S216.75

G1 F2400.000
G1 X187.881 Y148.128 E11.94393
G1 X187.878 Y152.628 E12.15965
G1 X187.532 Y152.488 F7800.000
G1 X187.481 Y152.291 F7800.000
G1 F4800.000
G1 X170.584 Y152.291 E13.06299
G1 X170.586 Y148.525 E13.26429
G1 X187.484 Y148.525 E14.16761
G1 X187.481 Y152.231 E14.36571
G1 X187.062 Y151.872 F7800.000
G1 F1800.000
G1 X171.003 Y151.872 E15.22426
G1 X171.005 Y148.944 E15.38078
G1 X187.065 Y148.944 E16.23932
G1 X187.063 Y151.812 E16.39263
G1 X186.644 Y151.453 F7800.000
G1 F1800.000
G1 X171.422 Y151.453 E17.20639
G1 X171.424 Y149.363 E17.31813
G1 X186.645 Y149.363 E18.13189
G1 X186.644 Y151.393 E18.24041
G1 X186.389 Y149.945 F7800.000
G1 F3600.000
G1 X186.063 Y149.619 E18.26543
G1 X185.462 Y149.619 E18.29807
G1 X186.389 Y150.546 E18.36922
G1 X186.388 Y151.147 E18.40184
G1 X184.860 Y149.619 E18.51912
G1 X184.259 Y149.619 E18.55176
G1 X185.837 Y151.197 E18.67289
G1 X185.236 Y151.197 E18.70553
G1 X183.658 Y149.619 E18.82666
G1 X183.056 Y149.619 E18.85930
G1 X184.634 Y151.197 E18.98043
G1 X184.033 Y151.197 E19.01307
G1 X182.455 Y149.619 E19.13420
G1 X181.853 Y149.619 E19.16684
G1 X183.431 Y151.197 E19.28797
G1 X182.830 Y151.197 E19.32062
G1 X181.252 Y149.619 E19.44174
G1 X180.650 Y149.619 E19.47439
G1 X182.228 Y151.197 E19.59552
G1 X181.627 Y151.197 E19.62816
G1 X180.049 Y149.619 E19.74929
G1 X179.448 Y149.619 E19.78193
G1 X181.026 Y151.197 E19.90306
G1 X180.424 Y151.197 E19.93570
G1 X178.846 Y149.619 E20.05683
G1 X178.245 Y149.619 E20.08947
G1 X179.823 Y151.197 E20.21060
G1 X179.221 Y151.197 E20.24325
G1 X177.643 Y149.619 E20.36437
G1 X177.042 Y149.619 E20.39702
G1 X178.620 Y151.197 E20.51815
G1 X178.018 Y151.197 E20.55079
G1 X176.440 Y149.619 E20.67192
G1 X175.839 Y149.619 E20.70456
G1 X177.417 Y151.197 E20.82569
G1 X176.816 Y151.197 E20.85833
G1 X175.238 Y149.619 E20.97946
G1 X174.636 Y149.619 E21.01210
G1 X176.214 Y151.197 E21.13323
G1 X175.613 Y151.197 E21.16587
G1 X174.035 Y149.619 E21.28700
G1 X173.433 Y149.619 E21.31965
G1 X175.011 Y151.197 E21.44077
G1 X174.410 Y151.197 E21.47342
G1 X172.832 Y149.619 E21.59455
G1 X172.230 Y149.619 E21.62719
G1 X173.809 Y151.197 E21.74832
G1 X173.207 Y151.197 E21.78096
G1 X171.679 Y149.669 E21.89824
G1 X171.679 Y150.270 E21.93086
G1 X172.606 Y151.197 E22.00201
G1 X172.004 Y151.197 E22.03465
G1 X171.678 Y150.871 E22.05967
G1 E14.05967 F2400.00000
G92 E0
G1 X142.122 Y152.688 F7800.000
G1 E10.00000 F2400.00000
G1 F2400.000
G1 X142.120 Y148.128 E10.21860
G1 X159.461 Y148.128 E11.04992
M106 S255

G1 F3600.000
G1 X159.810 Y148.128 E11.06857
G1 X159.814 Y152.688 E11.31235
G1 X159.452 Y152.688 E11.33169
M106 S216.75

G1 F2400.000
G1 X142.182 Y152.688 E12.15959
G1 X142.122 Y152.288 F7800.000
G1 X142.519 Y152.291 F7800.000
G1 F4800.000
G1 X142.517 Y148.525 E12.36090
G1 X159.412 Y148.525 E13.26408
G1 X159.416 Y152.291 E13.46539
G1 X142.579 Y152.291 E14.36548
G1 X142.938 Y151.872 F7800.000
G1 F1800.000
G1 X142.936 Y148.944 E14.52200
G1 X158.992 Y148.944 E15.38032
G1 X158.996 Y151.872 E15.53684
G1 X142.998 Y151.872 E16.39212
G1 X143.356 Y151.453 F7800.000
G1 F1800.000
G1 X143.355 Y149.363 E16.50385
G1 X158.574 Y149.363 E17.31741
G1 X158.577 Y151.453 E17.42914
G1 X143.416 Y151.453 E18.23962
G1 X143.612 Y150.871 F7800.000
G1 F3600.000
G1 X143.938 Y151.197 E18.26463
G1 X144.539 Y151.197 E18.29725
G1 X143.612 Y150.270 E18.36843
G1 X143.612 Y149.668 E18.40107
G1 X145.141 Y151.197 E18.51840
G1 X145.742 Y151.197 E18.55102
G1 X144.164 Y149.619 E18.67211
G1 X144.765 Y149.619 E18.70473
G1 X146.343 Y151.197 E18.82582
G1 X146.944 Y151.197 E18.85845
G1 X145.366 Y149.619 E18.97954
G1 X145.968 Y149.619 E19.01216
G1 X147.546 Y151.197 E19.13325
G1 X148.147 Y151.197 E19.16587
G1 X146.569 Y149.619 E19.28696
G1 X147.170 Y149.619 E19.31959
G1 X148.748 Y151.197 E19.44068
G1 X149.349 Y151.197 E19.47330
G1 X147.771 Y149.619 E19.59439
G1 X148.372 Y149.619 E19.62701
G1 X149.951 Y151.197 E19.74810
G1 X150.552 Y151.197 E19.78072
G1 X148.974 Y149.619 E19.90181
G1 X149.575 Y149.619 E19.93444
G1 X151.153 Y151.197 E20.05553
G1 X151.754 Y151.197 E20.08815
G1 X150.176 Y149.619 E20.20924
G1 X150.777 Y149.619 E20.24186
G1 X152.355 Y151.197 E20.36295
G1 X152.957 Y151.197 E20.39557
G1 X151.379 Y149.619 E20.51666
G1 X151.980 Y149.619 E20.54929
G1 X153.558 Y151.197 E20.67038
G1 X154.159 Y151.197 E20.70300
G1 X152.581 Y149.619 E20.82409
G1 X153.182 Y149.619 E20.85671
G1 X154.760 Y151.197 E20.97780
G1 X155.362 Y151.197 E21.01042
G1 X153.784 Y149.619 E21.13151
G1 X154.385 Y149.619 E21.16414
G1 X155.963 Y151.197 E21.28523
G1 X156.564 Y151.197 E21.31785
G1 X154.986 Y149.619 E21.43894
G1 X155.587 Y149.619 E21.47156
G1 X157.165 Y151.197 E21.59265
G1 X157.767 Y151.197 E21.62527
G1 X156.189 Y149.619 E21.74636
G1 X156.790 Y149.619 E21.77899
G1 X158.320 Y151.149 E21.89642
G1 X158.319 Y150.547 E21.92909
G1 X157.391 Y149.619 E22.00031
G1 X157.992 Y149.619 E22.03293
G1 X158.318 Y149.945 E22.05794
G1 E14.05794 F2400.00000
G92 E0
G1 X139.515 Y179.216 F7800.000
G1 E10.00000 F2400.00000
G1 F2400.000
G1 X151.910 Y179.220 E10.59420
G1 X156.218 Y179.312 E10.80077
G1 X159.478 Y179.312 E10.95708
M106 S255

G1 F3600.000
G1 X159.797 Y179.312 E10.97412
G1 X159.809 Y181.872 E11.11098
G1 X159.459 Y181.872 E11.12968
M106 S216.75

G1 F2400.000
G1 X139.515 Y181.872 E12.08580
G1 X139.515 Y179.276 E12.21023
G1 X139.914 Y179.234 F7800.000
G1 X139.912 Y179.614 F7800.000
G1 F4800.000
G1 X151.906 Y179.617 E12.85140
G1 X156.214 Y179.709 E13.08176
G1 X159.402 Y179.709 E13.25219
G1 X159.410 Y181.475 E13.34658
G1 X139.912 Y181.475 E14.38894
G1 X139.912 Y179.674 E14.48522
G1 X140.331 Y180.033 F7800.000
G1 F1800.000
G1 X151.901 Y180.036 E15.10376
G1 X156.209 Y180.128 E15.33412
G1 X158.985 Y180.128 E15.48251
G1 X158.989 Y181.056 E15.53211
G1 X140.331 Y181.056 E16.52958
G1 X140.331 Y180.093 E16.58106
G1 X140.540 Y180.544 F7800.000
G1 F2400.000
G1 X151.895 Y180.546 E17.35916
G1 X154.048 Y180.569 E17.50670
G1 F2400.000
G1 X156.207 Y180.592 E17.62915
G1 X158.778 Y180.592 E17.77498
M106 S219.3
G1 Z14.150 F7800.000
G1 E9.77498 F2400.00000
G92 E0
G1 X191.181 Y179.312 F7800.000
G1 E10.00000 F2400.00000
G1 F2400.000
G1 X191.181 Y181.872 E10.12272
G1 X169.772 Y181.872 E11.14908
M106 S255

G1 F3600.000
G1 X169.258 Y181.872 E11.17657
G1 X169.274 Y180.413 E11.25455
G1 X169.260 Y179.312 E11.31343
G1 X169.759 Y179.312 E11.34011
M106 S219.3

G1 F2400.000
G1 X191.121 Y179.312 E12.36418
G1 X190.835 Y179.512 F7800.000
G1 X190.784 Y179.709 F7800.000
G1 F4800.000
G1 X190.784 Y181.475 E12.45856
G1 X169.775 Y181.475 E13.58170
M106 S255

G1 F3600.000
G1 X169.659 Y181.475 E13.58789
G1 X169.663 Y179.709 E13.68228
G1 X169.763 Y179.709 E13.68765
M106 S219.3

G1 F4800.000
G1 X190.724 Y179.709 E14.80822
G1 X190.365 Y180.128 F7800.000
G1 F4800.000
G1 X190.365 Y181.056 E14.85782
G1 X170.083 Y181.056 E15.94211
G1 X170.087 Y180.128 E15.99171
G1 X190.305 Y180.128 E17.07258
G1 X190.156 Y180.592 F7800.000
G1 F2400.000
G1 X170.298 Y180.592 E18.19910
G1 E10.19910 F2400.00000
G92 E0
G1 X139.539 Y179.261 F7800.000
G1 E10.00000 F2400.00000
G1 F2400.000
G1 X151.867 Y179.264 E10.59101
G1 X155.631 Y179.312 E10.77147
G1 X160.214 Y179.312 E10.99115
M106 S255

G1 F3600.000
G1 X160.723 Y179.312 E11.01840
G1 X160.743 Y181.872 E11.15526
G1 X160.228 Y181.872 E11.18279
M106 S219.3

G1 F2400.000
G1 X139.539 Y181.872 E12.17463
G1 X139.539 Y179.321 E12.29692
G1 X139.938 Y179.278 F7800.000
G1 X139.936 Y179.658 F7800.000
G1 F4800.000
G1 X151.864 Y179.661 E12.93463
G1 X155.628 Y179.709 E13.13587
G1 X160.209 Y179.709 E13.38075
M106 S255

G1 F3600.000
G1 X160.329 Y179.709 E13.38716
G1 X160.343 Y181.475 E13.48155
G1 X160.224 Y181.475 E13.48788
M106 S219.3

G1 F4800.000
G1 X139.936 Y181.475 E14.57251
G1 X139.936 Y179.718 E14.66641
G1 X140.355 Y180.077 F7800.000
G1 F4800.000
G1 X151.862 Y180.080 E15.28157
G1 X155.626 Y180.128 E15.48282
G1 X159.913 Y180.128 E15.71203
G1 X159.921 Y181.056 E15.76163
G1 X140.355 Y181.056 E16.80763
G1 X140.355 Y180.137 E16.85674
G1 X140.564 Y180.567 F7800.000
G1 F2400.000
G1 X151.859 Y180.568 E17.57057
G1 F2400.000
G1 X155.621 Y180.592 E17.78403
G1 X159.708 Y180.592 E18.01585
G1 E10.01585 F2400.00000
G92 E0
G1 X142.293 Y152.688 F7800.000
G1 E10.00000 F2400.00000
G1 F2400.000
G1 X142.297 Y148.128 E10.21860
G1 X160.230 Y148.128 E11.07828
M106 S255

G1 F3600.000
G1 X160.745 Y148.128 E11.10579
G1 X160.745 Y152.688 E11.34957
G1 X160.234 Y152.688 E11.37688
M106 S219.3

G1 F2400.000
G1 X142.353 Y152.688 E12.23404
G1 X142.640 Y152.888 F7800.000
G1 X142.691 Y152.291 F7800.000
G1 F4800.000
G1 X142.694 Y148.525 E12.43535
G1 X160.229 Y148.525 E13.37277
M106 S255

G1 F3600.000
G1 X160.346 Y148.525 E13.37904
G1 X160.347 Y152.291 E13.58035
G1 X160.233 Y152.291 E13.58643
M106 S219.3

G1 F4800.000
G1 X142.751 Y152.291 E14.52102
G1 X143.110 Y151.872 F7800.000
G1 F1800.000
G1 X143.113 Y148.944 E14.67754
G1 X159.927 Y148.944 E15.57642
G1 X159.927 Y151.872 E15.73294
G1 X143.170 Y151.872 E16.62877
G1 X143.529 Y151.453 F7800.000
G1 F1800.000
G1 X143.531 Y149.363 E16.74050
G1 X159.507 Y149.363 E17.59457
G1 X159.508 Y151.453 E17.70630
G1 X143.589 Y151.453 E18.55729
G1 X143.787 Y149.945 F7800.000
G1 F3600.000
G1 X144.113 Y149.619 E18.58253
G1 X144.720 Y149.619 E18.61579
G1 X143.786 Y150.553 E18.68812
G1 X143.786 Y151.160 E18.72140
G1 X145.327 Y149.619 E18.84080
G1 X145.934 Y149.619 E18.87406
G1 X144.356 Y151.197 E18.99632
G1 X144.963 Y151.197 E19.02958
G1 X146.541 Y149.619 E19.15184
G1 X147.148 Y149.619 E19.18510
G1 X145.570 Y151.197 E19.30736
G1 X146.177 Y151.197 E19.34062
G1 X147.755 Y149.619 E19.46288
G1 X148.362 Y149.619 E19.49614
G1 X146.784 Y151.197 E19.61840
G1 X147.391 Y151.197 E19.65166
G1 X148.969 Y149.619 E19.77392
G1 X149.576 Y149.619 E19.80718
G1 X147.998 Y151.197 E19.92944
G1 X148.605 Y151.197 E19.96270
G1 X150.183 Y149.619 E20.08496
G1 X150.790 Y149.619 E20.11822
G1 X149.212 Y151.197 E20.24048
G1 X149.819 Y151.197 E20.27374
G1 X151.397 Y149.619 E20.39600
G1 X152.004 Y149.619 E20.42926
G1 X150.426 Y151.197 E20.55152
G1 X151.033 Y151.197 E20.58478
G1 X152.612 Y149.619 E20.70704
G1 X153.219 Y149.619 E20.74030
G1 X151.641 Y151.197 E20.86256
G1 X152.248 Y151.197 E20.89582
G1 X153.826 Y149.619 E21.01808
G1 X154.433 Y149.619 E21.05134
G1 X152.855 Y151.197 E21.17360
G1 X153.462 Y151.197 E21.20686
G1 X155.040 Y149.619 E21.32912
G1 X155.647 Y149.619 E21.36238
G1 X154.069 Y151.197 E21.48464
G1 X154.676 Y151.197 E21.51790
G1 X156.254 Y149.619 E21.64016
G1 X156.861 Y149.619 E21.67342
G1 X155.283 Y151.197 E21.79568
G1 X155.890 Y151.197 E21.82894
G1 X157.468 Y149.619 E21.95120
G1 X158.075 Y149.619 E21.98446
G1 X156.497 Y151.197 E22.10672
G1 X157.104 Y151.197 E22.13998
G1 X158.682 Y149.619 E22.26224
G1 X159.250 Y149.619 E22.29336
G1 X159.250 Y149.658 E22.29550
G1 X157.711 Y151.197 E22.41474
G1 X158.318 Y151.197 E22.44799
G1 X159.250 Y150.265 E22.52021
G1 X159.251 Y150.871 E22.55341
G1 X158.925 Y151.197 E22.57867
G1 E14.57867 F2400.00000
G92 E0
G1 X187.707 Y152.688 F7800.000
G1 E10.00000 F2400.00000
G1 F2400.000
G1 X169.766 Y152.688 E10.86004
M106 S255

G1 F3600.000
G1 X169.255 Y152.688 E10.88737
G1 X169.255 Y148.128 E11.13115
G1 X169.770 Y148.128 E11.15869
M106 S219.3

G1 F2400.000
G1 X187.703 Y148.128 E12.01836
G1 X187.706 Y152.628 E12.23409
G1 X187.308 Y152.655 F7800.000
G1 X187.309 Y152.291 F7800.000
G1 F4800.000
G1 X169.767 Y152.291 E13.17189
M106 S255

G1 F3600.000
G1 X169.652 Y152.291 E13.17802
G1 X169.652 Y148.525 E13.37932
G1 X169.771 Y148.525 E13.38566
M106 S219.3

G1 F4800.000
G1 X187.306 Y148.525 E14.32308
G1 X187.309 Y152.231 E14.52118
G1 X186.890 Y151.872 F7800.000
G1 F1800.000
G1 X170.071 Y151.872 E15.42031
G1 X170.071 Y148.944 E15.57682
G1 X186.887 Y148.944 E16.47582
G1 X186.890 Y151.812 E16.62913
G1 X186.471 Y151.453 F7800.000
G1 F1800.000
G1 X170.490 Y151.453 E17.48345
G1 X170.490 Y149.363 E17.59518
G1 X186.469 Y149.363 E18.44941
G1 X186.470 Y151.393 E18.55793
G1 X185.888 Y151.197 F7800.000
G1 F3600.000
G1 X186.214 Y150.871 E18.58319
G1 X186.214 Y150.264 E18.61644
G1 X185.281 Y151.197 E18.68871
G1 X184.674 Y151.197 E18.72199
G1 X186.213 Y149.658 E18.84128
G1 X186.213 Y149.619 E18.84340
G1 X185.645 Y149.619 E18.87455
G1 X184.067 Y151.197 E18.99684
G1 X183.459 Y151.197 E19.03012
G1 X185.038 Y149.619 E19.15241
G1 X184.430 Y149.619 E19.18568
G1 X182.852 Y151.197 E19.30797
G1 X182.245 Y151.197 E19.34125
G1 X183.823 Y149.619 E19.46354
G1 X183.216 Y149.619 E19.49681
G1 X181.638 Y151.197 E19.61910
G1 X181.031 Y151.197 E19.65237
G1 X182.609 Y149.619 E19.77467
G1 X182.002 Y149.619 E19.80794
G1 X180.423 Y151.197 E19.93023
G1 X179.816 Y151.197 E19.96350
G1 X181.394 Y149.619 E20.08579
G1 X180.787 Y149.619 E20.11907
G1 X179.209 Y151.197 E20.24136
G1 X178.602 Y151.197 E20.27463
G1 X180.180 Y149.619 E20.39692
G1 X179.573 Y149.619 E20.43019
G1 X177.995 Y151.197 E20.55249
G1 X177.387 Y151.197 E20.58576
G1 X178.966 Y149.619 E20.70805
G1 X178.358 Y149.619 E20.74132
G1 X176.780 Y151.197 E20.86361
G1 X176.173 Y151.197 E20.89689
G1 X177.751 Y149.619 E21.01918
G1 X177.144 Y149.619 E21.05245
G1 X175.566 Y151.197 E21.17474
G1 X174.959 Y151.197 E21.20802
G1 X176.537 Y149.619 E21.33031
G1 X175.930 Y149.619 E21.36358
G1 X174.351 Y151.197 E21.48587
G1 X173.744 Y151.197 E21.51914
G1 X175.322 Y149.619 E21.64144
G1 X174.715 Y149.619 E21.67471
G1 X173.137 Y151.197 E21.79700
G1 X172.530 Y151.197 E21.83027
G1 X174.108 Y149.619 E21.95256
G1 X173.501 Y149.619 E21.98584
G1 X171.923 Y151.197 E22.10813
G1 X171.315 Y151.197 E22.14140
G1 X172.894 Y149.619 E22.26369
G1 X172.286 Y149.619 E22.29697
G1 X170.746 Y151.159 E22.41634
G1 X170.746 Y150.552 E22.44961
G1 X171.679 Y149.619 E22.52193
G1 X171.072 Y149.619 E22.55520
G1 X170.746 Y149.945 E22.58045
M106 S221.85
G1 Z14.450 F7800.000
G1 E14.58045 F2400.00000
G92 E0
G1 X191.182 Y179.312 F7800.000
G1 E10.00000 F2400.00000
G1 F2400.000
G1 X191.182 Y181.872 E10.12272
G1 X168.838 Y181.872 E11.19388
M106 S255

G1 F3600.000
G1 X168.019 Y181.872 E11.23763
G1 X168.039 Y180.634 E11.30383
G1 X168.015 Y179.312 E11.37451
G1 X168.840 Y179.312 E11.41865
M106 S221.85

G1 F2400.000
G1 X191.122 Y179.312 E12.48678
G1 X190.835 Y179.512 F7800.000
G1 X190.784 Y179.709 F7800.000
G1 F4800.000
G1 X190.784 Y181.475 E12.58117
G1 X168.842 Y181.475 E13.75420
M106 S255

G1 F3600.000
G1 X168.423 Y181.475 E13.77662
G1 X168.436 Y180.633 E13.82161
G1 X168.419 Y179.709 E13.87102
G1 X168.845 Y179.709 E13.89380
M106 S221.85

G1 F4800.000
G1 X190.724 Y179.709 E15.06345
G1 X190.366 Y180.128 F7800.000
G1 F4800.000
G1 X190.366 Y181.056 E15.11305
G1 X168.848 Y181.056 E16.26336
G1 X168.853 Y180.518 E16.29213
M106 S255

G1 F3600.000
G1 X168.851 Y180.128 E16.31295
M106 S221.85

G1 F4800.000
G1 X190.306 Y180.128 E17.45993
G1 X190.156 Y180.592 F7800.000
G1 F2400.000
G1 X169.318 Y180.592 E18.64203
G1 X169.282 Y180.629 E18.64495
G1 F2400.000
G1 X169.065 Y180.846 E18.65951
G1 E10.65951 F2400.00000
G92 E0
G1 X139.562 Y179.278 F7800.000
G1 E10.00000 F2400.00000
G1 F2400.000
G1 X151.742 Y179.278 E10.58387
G1 X154.950 Y179.312 E10.73770
G1 X161.139 Y179.312 E11.03437
M106 S255

G1 F3600.000
G1 X161.949 Y179.312 E11.07766
G1 X161.982 Y181.872 E11.21453
G1 X161.162 Y181.872 E11.25833
M106 S221.85

G1 F2400.000
G1 X139.562 Y181.872 E12.29381
G1 X139.562 Y179.338 E12.41531
G1 X139.962 Y179.294 F7800.000
G1 X139.960 Y179.675 F7800.000
G1 F4800.000
G1 X151.740 Y179.676 E13.04507
G1 X154.948 Y179.709 E13.21662
G1 X161.136 Y179.709 E13.54743
M106 S255

G1 F3600.000
G1 X161.557 Y179.709 E13.56989
G1 X161.579 Y181.475 E13.66428
G1 X161.158 Y181.475 E13.68683
M106 S221.85

G1 F4800.000
G1 X139.960 Y181.475 E14.82007
G1 X139.960 Y179.735 E14.91309
G1 X140.378 Y180.094 F7800.000
G1 F4800.000
G1 X151.737 Y180.094 E15.52034
G1 X154.946 Y180.128 E15.69188
G1 X161.141 Y180.128 E16.02308
M106 S255

G1 F3600.000
G1 X161.153 Y181.056 E16.07268
M106 S221.85

G1 F4800.000
G1 X140.378 Y181.056 E17.18327
G1 X140.378 Y180.154 E17.23149
G1 X140.588 Y180.575 F7800.000
G1 F2400.000
G1 X160.940 Y180.592 E18.38601
G1 E10.38601 F2400.00000
G92 E0
G1 X142.489 Y152.688 F7800.000
G1 E10.00000 F2400.00000
G1 F2400.000
G1 X142.491 Y148.128 E10.21860
G1 X161.165 Y148.128 E11.11378
M106 S255

G1 F3600.000
G1 X161.984 Y148.128 E11.15759
G1 X161.985 Y152.688 E11.40137
G1 X161.165 Y152.688 E11.44522
M106 S221.85

G1 F2400.000
G1 X142.549 Y152.688 E12.33763
G1 X142.490 Y152.288 F7800.000
G1 X142.887 Y152.291 F7800.000
G1 F4800.000
G1 X142.888 Y148.525 E12.53893
G1 X161.164 Y148.525 E13.51594
M106 S255

G1 F3600.000
G1 X161.586 Y148.525 E13.53851
G1 X161.587 Y152.291 E13.73982
G1 X161.164 Y152.291 E13.76243
M106 S221.85

G1 F4800.000
G1 X142.947 Y152.291 E14.73634
G1 X143.306 Y151.872 F7800.000
G1 F4800.000
G1 X143.307 Y148.944 E14.89286
G1 X161.163 Y148.944 E15.84743
M106 S255

G1 F3600.000
G1 X161.163 Y151.872 E16.00395
M106 S221.85

G1 F4800.000
G1 X143.366 Y151.872 E16.95542
G1 X143.725 Y151.453 F7800.000
G1 F1800.000
G1 X143.726 Y149.363 E17.06715
G1 X160.746 Y149.363 E17.97708
G1 X160.748 Y151.453 E18.08881
G1 X143.785 Y151.453 E18.99568
G1 X144.307 Y151.197 F7800.000
G1 F3600.000
G1 X143.981 Y150.871 E19.02067
G1 X143.981 Y150.270 E19.05328
G1 X144.908 Y151.197 E19.12440
G1 X145.509 Y151.197 E19.15702
G1 X143.981 Y149.669 E19.27426
G1 X143.981 Y149.619 E19.27698
G1 X144.532 Y149.619 E19.30688
G1 X146.110 Y151.197 E19.42796
G1 X146.712 Y151.197 E19.46058
G1 X145.134 Y149.619 E19.58167
G1 X145.735 Y149.619 E19.61429
G1 X147.313 Y151.197 E19.73537
G1 X147.914 Y151.197 E19.76799
G1 X146.336 Y149.619 E19.88908
G1 X146.937 Y149.619 E19.92170
G1 X148.515 Y151.197 E20.04278
G1 X149.117 Y151.197 E20.07540
G1 X147.538 Y149.619 E20.19649
G1 X148.140 Y149.619 E20.22911
G1 X149.718 Y151.197 E20.35019
G1 X150.319 Y151.197 E20.38281
G1 X148.741 Y149.619 E20.50390
G1 X149.342 Y149.619 E20.53651
G1 X150.920 Y151.197 E20.65760
G1 X151.521 Y151.197 E20.69022
G1 X149.943 Y149.619 E20.81130
G1 X150.545 Y149.619 E20.84392
G1 X152.123 Y151.197 E20.96501
G1 X152.724 Y151.197 E20.99763
G1 X151.146 Y149.619 E21.11871
G1 X151.747 Y149.619 E21.15133
G1 X153.325 Y151.197 E21.27242
G1 X153.926 Y151.197 E21.30504
G1 X152.348 Y149.619 E21.42612
G1 X152.949 Y149.619 E21.45874
G1 X154.527 Y151.197 E21.57983
G1 X155.129 Y151.197 E21.61245
G1 X153.551 Y149.619 E21.73353
G1 X154.152 Y149.619 E21.76615
G1 X155.730 Y151.197 E21.88724
G1 X156.331 Y151.197 E21.91986
G1 X154.753 Y149.619 E22.04094
G1 X155.354 Y149.619 E22.07356
G1 X156.932 Y151.197 E22.19465
G1 X157.533 Y151.197 E22.22727
G1 X155.955 Y149.619 E22.34835
G1 X156.557 Y149.619 E22.38097
G1 X158.135 Y151.197 E22.50206
G1 X158.736 Y151.197 E22.53468
G1 X157.158 Y149.619 E22.65576
G1 X157.759 Y149.619 E22.68838
G1 X159.337 Y151.197 E22.80947
G1 X159.938 Y151.197 E22.84209
G1 X158.360 Y149.619 E22.96317
G1 X158.961 Y149.619 E22.99579
G1 X160.492 Y151.149 E23.11320
G1 X160.491 Y150.547 E23.14587
G1 X159.563 Y149.619 E23.21707
G1 X160.164 Y149.619 E23.24969
G1 X160.490 Y149.945 E23.27470
G1 E15.27470 F2400.00000
G92 E0
G1 X187.511 Y152.688 F7800.000
G1 E10.00000 F2400.00000
G1 F2400.000
G1 X168.835 Y152.688 E10.89530
M106 S255

G1 F3600.000
G1 X168.015 Y152.688 E10.93917
G1 X168.015 Y148.128 E11.18294
G1 X168.835 Y148.128 E11.22678
M106 S221.85

G1 F2400.000
G1 X187.509 Y148.128 E12.12197
G1 X187.511 Y152.628 E12.33769
G1 X187.165 Y152.488 F7800.000
G1 X187.114 Y152.291 F7800.000
G1 F4800.000
G1 X168.836 Y152.291 E13.31484
M106 S255

G1 F3600.000
G1 X168.412 Y152.291 E13.33750
G1 X168.413 Y148.525 E13.53881
G1 X168.836 Y148.525 E13.56146
M106 S221.85

G1 F4800.000
G1 X187.112 Y148.525 E14.53847
G1 X187.114 Y152.231 E14.73657
G1 X186.696 Y151.872 F7800.000
G1 F4800.000
G1 X168.837 Y151.872 E15.69131
M106 S255

G1 F3600.000
G1 X168.837 Y148.944 E15.84783
M106 S221.85

G1 F4800.000
G1 X186.693 Y148.944 E16.80242
G1 X186.696 Y151.812 E16.95573
G1 X186.277 Y151.453 F7800.000
G1 F1800.000
G1 X169.250 Y151.453 E17.86598
G1 X169.250 Y149.363 E17.97771
G1 X186.275 Y149.363 E18.88785
G1 X186.277 Y151.393 E18.99637
G1 X186.019 Y149.945 F7800.000
G1 F3600.000
G1 X185.693 Y149.619 E19.02139
G1 X185.092 Y149.619 E19.05402
G1 X186.020 Y150.547 E19.12523
G1 X186.020 Y151.149 E19.15789
G1 X184.491 Y149.619 E19.27529
G1 X183.889 Y149.619 E19.30793
G1 X185.467 Y151.197 E19.42904
G1 X184.866 Y151.197 E19.46168
G1 X183.288 Y149.619 E19.58279
G1 X182.687 Y149.619 E19.61543
G1 X184.265 Y151.197 E19.73655
G1 X183.663 Y151.197 E19.76918
G1 X182.085 Y149.619 E19.89030
G1 X181.484 Y149.619 E19.92293
G1 X183.062 Y151.197 E20.04405
G1 X182.461 Y151.197 E20.07669
G1 X180.882 Y149.619 E20.19780
G1 X180.281 Y149.619 E20.23044
G1 X181.859 Y151.197 E20.35155
G1 X181.258 Y151.197 E20.38419
G1 X179.680 Y149.619 E20.50531
G1 X179.078 Y149.619 E20.53794
G1 X180.656 Y151.197 E20.65906
G1 X180.055 Y151.197 E20.69169
G1 X178.477 Y149.619 E20.81281
G1 X177.876 Y149.619 E20.84545
G1 X179.454 Y151.197 E20.96656
G1 X178.852 Y151.197 E20.99920
G1 X177.274 Y149.619 E21.12031
G1 X176.673 Y149.619 E21.15295
G1 X178.251 Y151.197 E21.27406
G1 X177.650 Y151.197 E21.30670
G1 X176.072 Y149.619 E21.42782
G1 X175.470 Y149.619 E21.46045
G1 X177.048 Y151.197 E21.58157
G1 X176.447 Y151.197 E21.61420
G1 X174.869 Y149.619 E21.73532
G1 X174.267 Y149.619 E21.76796
G1 X175.846 Y151.197 E21.88907
G1 X175.244 Y151.197 E21.92171
G1 X173.666 Y149.619 E22.04282
G1 X173.065 Y149.619 E22.07546
G1 X174.643 Y151.197 E22.19658
G1 X174.041 Y151.197 E22.22921
G1 X172.463 Y149.619 E22.35033
G1 X171.862 Y149.619 E22.38296
G1 X173.440 Y151.197 E22.50408
G1 X172.839 Y151.197 E22.53672
G1 X171.261 Y149.619 E22.65783
G1 X170.659 Y149.619 E22.69047
G1 X172.237 Y151.197 E22.81158
G1 X171.636 Y151.197 E22.84422
G1 X170.058 Y149.619 E22.96534
G1 X169.506 Y149.619 E22.99528
G1 X169.506 Y149.669 E22.99797
G1 X171.035 Y151.197 E23.11528
G1 X170.433 Y151.197 E23.14792
G1 X169.506 Y150.270 E23.21908
G1 X169.506 Y150.871 E23.25171
G1 X169.832 Y151.197 E23.27672
G1 Z14.750 F7800.000
G1 E15.27672 F2400.00000
G92 E0
G1 X191.182 Y179.312 F7800.000
G1 E10.00000 F2400.00000
G1 F2400.000
G1 X191.182 Y181.872 E10.12272
G1 X167.599 Y181.872 E11.25326
M106 S255

G1 F3600.000
G1 X162.401 Y181.872 E11.53115
M106 S221.85

G1 F2400.000
G1 X139.586 Y181.872 E12.62487
G1 X139.586 Y179.292 E12.74854
G1 X162.363 Y179.312 E13.84042
M106 S255

G1 F3600.000
G1 X167.595 Y179.312 E14.12013
M106 S221.85

G1 F2400.000
G1 X191.122 Y179.312 E15.24800
G1 X190.836 Y179.512 F7800.000
G1 X190.785 Y179.709 F7800.000
G1 F4800.000
G1 X190.785 Y181.475 E15.34238
G1 X167.605 Y181.475 E16.58155
M106 S255

G1 F3600.000
G1 X162.394 Y181.475 E16.86013
M106 S221.85

G1 F4800.000
G1 X139.983 Y181.475 E18.05822
G1 X139.983 Y179.690 E18.15365
G1 X162.365 Y179.709 E19.35018
M106 S255

G1 F3600.000
G1 X167.602 Y179.709 E19.63015
M106 S221.85

G1 F4800.000
G1 X190.725 Y179.709 E20.86628
G1 X190.366 Y180.128 F7800.000
G1 F4800.000
G1 X190.366 Y181.056 E20.91588
G1 X167.612 Y181.056 E22.13230
M106 S255

G1 F3600.000
G1 X162.387 Y181.056 E22.41161
M106 S221.85

G1 F4800.000
G1 X140.402 Y181.056 E23.58693
G1 X140.402 Y180.109 E23.63758
G1 X162.372 Y180.128 E24.81209
M106 S255

G1 F3600.000
G1 X167.610 Y180.128 E25.09209
M106 S221.85

G1 F4800.000
G1 X190.306 Y180.128 E26.30543
G1 X190.156 Y180.592 F7800.000
G1 F2400.000
G1 X140.612 Y180.582 E29.11603
G1 E21.11603 F2400.00000
G92 E0
G1 X187.315 Y152.688 F7800.000
G1 E10.00000 F2400.00000
G1 F2400.000
G1 X167.595 Y152.688 E10.94537
M106 S255

G1 F3600.000
G1 X162.405 Y152.688 E11.22282
M106 S221.85

G1 F2400.000
G1 X142.685 Y152.688 E12.16818
G1 X142.685 Y148.128 E12.38678
G1 X162.404 Y148.128 E13.33208
M106 S255

G1 F3600.000
G1 X167.596 Y148.128 E13.60964
M106 S221.85

G1 F2400.000
G1 X187.315 Y148.128 E14.55495
G1 X187.315 Y152.628 E14.77067
G1 X186.969 Y152.488 F7800.000
G1 X186.918 Y152.291 F7800.000
G1 F4800.000
G1 X167.596 Y152.291 E15.80367
M106 S255

G1 F3600.000
G1 X162.404 Y152.291 E16.08118
M106 S221.85

G1 F4800.000
G1 X143.082 Y152.291 E17.11415
G1 X143.082 Y148.525 E17.31545
G1 X162.403 Y148.525 E18.34834
M106 S255

G1 F3600.000
G1 X167.597 Y148.525 E18.62599
M106 S221.85

G1 F4800.000
G1 X186.918 Y148.525 E19.65890
G1 X186.918 Y152.231 E19.85700
G1 X186.500 Y151.872 F7800.000
G1 F4800.000
G1 X167.596 Y151.872 E20.86758
M106 S255

G1 F3600.000
G1 X162.404 Y151.872 E21.14516
M106 S221.85

G1 F4800.000
G1 X143.501 Y151.872 E22.15570
G1 X143.501 Y148.944 E22.31222
G1 X162.402 Y148.944 E23.32266
M106 S255

G1 F3600.000
G1 X167.598 Y148.944 E23.60041
M106 S221.85

G1 F4800.000
G1 X186.500 Y148.944 E24.61090
G1 X186.500 Y151.812 E24.76421
G1 X186.081 Y151.453 F7800.000
G1 F4800.000
G1 X167.597 Y151.453 E25.75238
M106 S255

G1 F3600.000
G1 X162.403 Y151.453 E26.03003
M106 S221.85

G1 F4800.000
G1 X143.920 Y151.453 E27.01814
G1 X143.920 Y149.363 E27.12987
G1 X162.401 Y149.363 E28.11788
M106 S255

G1 F3600.000
G1 X167.599 Y149.363 E28.39572
M106 S221.85

G1 F4800.000
G1 X186.081 Y149.363 E29.38379
G1 X186.081 Y151.393 E29.49231
G1 X185.825 Y150.871 F7800.000
G1 F3600.000
G1 X185.500 Y151.197 E29.51775
G1 X184.888 Y151.197 F7800.000
G1 F3600.000
G1 X185.826 Y150.259 E29.59099
G1 X185.825 Y149.648 E29.62473
G1 X184.276 Y151.197 E29.74570
G1 X183.664 Y151.197 E29.77947
G1 X185.242 Y149.619 E29.90269
G1 X184.631 Y149.619 E29.93646
G1 X183.053 Y151.197 E30.05967
G1 X182.441 Y151.197 E30.09345
G1 X184.019 Y149.619 E30.21666
G1 X183.407 Y149.619 E30.25043
G1 X181.829 Y151.197 E30.37364
G1 X181.217 Y151.197 E30.40742
G1 X182.795 Y149.619 E30.53063
G1 X182.184 Y149.619 E30.56441
G1 X180.605 Y151.197 E30.68762
G1 X179.994 Y151.197 E30.72139
G1 X181.572 Y149.619 E30.84460
G1 X180.960 Y149.619 E30.87838
G1 X179.382 Y151.197 E31.00159
G1 X178.770 Y151.197 E31.03536
G1 X180.348 Y149.619 E31.15858
G1 X179.736 Y149.619 E31.19235
G1 X178.158 Y151.197 E31.31556
G1 X177.547 Y151.197 E31.34934
G1 X179.125 Y149.619 E31.47255
G1 X178.513 Y149.619 E31.50632
G1 X176.935 Y151.197 E31.62953
G1 X176.323 Y151.197 E31.66331
G1 X177.901 Y149.619 E31.78652
G1 X177.289 Y149.619 E31.82030
G1 X175.711 Y151.197 E31.94351
G1 X175.100 Y151.197 E31.97728
G1 X176.678 Y149.619 E32.10049
G1 X176.066 Y149.619 E32.13427
G1 X174.488 Y151.197 E32.25748
G1 X173.876 Y151.197 E32.29125
G1 X175.454 Y149.619 E32.41447
G1 X174.842 Y149.619 E32.44824
G1 X173.264 Y151.197 E32.57145
G1 X172.652 Y151.197 E32.60523
G1 X174.231 Y149.619 E32.72844
G1 X173.619 Y149.619 E32.76221
G1 X172.041 Y151.197 E32.88542
G1 X171.429 Y151.197 E32.91920
G1 X173.007 Y149.619 E33.04241
G1 X172.395 Y149.619 E33.07619
G1 X170.844 Y151.170 E33.19731
G1 X170.845 Y150.558 E33.23113
G1 X171.783 Y149.619 E33.30442
G1 X171.172 Y149.619 E33.33819
G1 X170.846 Y149.945 E33.36363
G1 X170.813 Y149.798 F7800.000
M106 S255

G1 F3600.000
G1 X159.187 Y149.798 E34.29632
G1 X159.188 Y150.338 E34.33964
G1 X170.812 Y150.338 E35.27221
G1 X170.812 Y150.878 E35.31553
G1 X159.188 Y150.878 E36.24797
M106 S221.85

G1 X158.830 Y151.197 F7800.000
G1 F3600.000
G1 X159.156 Y150.871 E36.27342
G1 X159.155 Y150.260 E36.30715
G1 X158.218 Y151.197 E36.38029
G1 X157.607 Y151.197 E36.41407
G1 X159.154 Y149.649 E36.53491
G1 X159.154 Y149.619 E36.53659
G1 X158.573 Y149.619 E36.56869
G1 X156.995 Y151.197 E36.69190
G1 X156.383 Y151.197 E36.72568
G1 X157.961 Y149.619 E36.84889
G1 X157.349 Y149.619 E36.88267
G1 X155.771 Y151.197 E37.00588
G1 X155.159 Y151.197 E37.03966
G1 X156.738 Y149.619 E37.16287
G1 X156.126 Y149.619 E37.19664
G1 X154.548 Y151.197 E37.31986
G1 X153.936 Y151.197 E37.35363
G1 X155.514 Y149.619 E37.47685
G1 X154.902 Y149.619 E37.51062
G1 X153.324 Y151.197 E37.63384
G1 X152.712 Y151.197 E37.66761
G1 X154.290 Y149.619 E37.79083
G1 X153.679 Y149.619 E37.82460
G1 X152.101 Y151.197 E37.94782
G1 X151.489 Y151.197 E37.98159
G1 X153.067 Y149.619 E38.10480
G1 X152.455 Y149.619 E38.13858
G1 X150.877 Y151.197 E38.26179
G1 X150.265 Y151.197 E38.29557
G1 X151.843 Y149.619 E38.41878
G1 X151.232 Y149.619 E38.45256
G1 X149.653 Y151.197 E38.57577
G1 X149.042 Y151.197 E38.60955
G1 X150.620 Y149.619 E38.73276
G1 X150.008 Y149.619 E38.76654
G1 X148.430 Y151.197 E38.88975
G1 X147.818 Y151.197 E38.92353
G1 X149.396 Y149.619 E39.04674
G1 X148.784 Y149.619 E39.08052
G1 X147.206 Y151.197 E39.20373
G1 X146.595 Y151.197 E39.23751
G1 X148.173 Y149.619 E39.36072
G1 X147.561 Y149.619 E39.39450
G1 X145.983 Y151.197 E39.51771
G1 X145.371 Y151.197 E39.55148
G1 X146.949 Y149.619 E39.67470
G1 X146.337 Y149.619 E39.70847
G1 X144.759 Y151.197 E39.83169
G1 X144.176 Y151.197 E39.86389
G1 X144.176 Y151.169 E39.86546
G1 X145.726 Y149.619 E39.98645
G1 X145.114 Y149.619 E40.02023
G1 X144.176 Y150.557 E40.09345
G1 X144.176 Y149.945 E40.12723
G1 X144.502 Y149.619 E40.15268
G1 Z15.050 F7800.000
G1 E32.15268 F2400.00000
G92 E0
G1 X191.182 Y179.312 F7800.000
G1 E10.00000 F2400.00000
G1 F2400.000
G1 X191.182 Y181.872 E10.12272
G1 X139.610 Y181.872 E12.59505
G1 X139.610 Y179.307 E12.71800
G1 X191.122 Y179.312 E15.18745
G1 X190.982 Y179.658 F7800.000
G1 X190.785 Y179.709 F7800.000
G1 F4800.000
G1 X190.785 Y181.475 E15.28184
G1 X140.007 Y181.475 E17.99642
G1 X140.007 Y179.704 E18.09106
G1 X190.725 Y179.709 E20.80244
G1 X190.366 Y180.128 F7800.000
G1 F4800.000
G1 X190.366 Y181.056 E20.85204
G1 X140.426 Y181.056 E23.52183
G1 X140.426 Y180.123 E23.57168
G1 X190.306 Y180.128 E26.23827
G1 X190.157 Y180.592 F7800.000
G1 F2400.000
G1 X140.635 Y180.590 E29.06250
G1 E21.06250 F2400.00000
G92 E0
G1 X187.119 Y152.688 F7800.000
G1 E10.00000 F2400.00000
G1 F2400.000
G1 X142.881 Y152.688 E12.12076
G1 X142.879 Y148.128 E12.33936
G1 X187.121 Y148.128 E14.46026
G1 X187.120 Y152.628 E14.67599
G1 X186.773 Y152.488 F7800.000
G1 X186.723 Y152.291 F7800.000
G1 F4800.000
G1 X143.278 Y152.291 E16.99854
G1 X143.277 Y148.525 E17.19984
G1 X186.724 Y148.525 E19.52254
G1 X186.723 Y152.231 E19.72064
G1 X186.304 Y151.872 F7800.000
G1 F4800.000
G1 X143.696 Y151.872 E21.99843
G1 X143.696 Y148.944 E22.15494
G1 X186.306 Y148.944 E24.43287
G1 X186.304 Y151.812 E24.58618
G1 X185.885 Y151.453 F7800.000
G1 F4800.000
G1 X144.115 Y151.453 E26.81920
G1 X144.115 Y149.363 E26.93093
G1 X185.887 Y149.363 E29.16408
G1 X185.885 Y151.393 E29.27260
G1 X185.631 Y149.945 F7800.000
G1 F3600.000
G1 X185.305 Y149.619 E29.29732
G1 X184.711 Y149.619 E29.32918
G1 X185.630 Y150.539 E29.39892
G1 X185.630 Y151.132 E29.43075
G1 X184.116 Y149.619 E29.54552
G1 X183.522 Y149.619 E29.57737
G1 X185.100 Y151.197 E29.69704
G1 X184.506 Y151.197 E29.72890
G1 X182.928 Y149.619 E29.84857
G1 X182.334 Y149.619 E29.88043
G1 X183.912 Y151.197 E30.00009
G1 X183.318 Y151.197 E30.03195
G1 X181.740 Y149.619 E30.15162
G1 X181.146 Y149.619 E30.18348
G1 X182.724 Y151.197 E30.30314
G1 X182.129 Y151.197 E30.33500
G1 X180.551 Y149.619 E30.45467
G1 X179.957 Y149.619 E30.48653
G1 X181.535 Y151.197 E30.60619
G1 X180.941 Y151.197 E30.63805
G1 X179.363 Y149.619 E30.75772
G1 X178.769 Y149.619 E30.78958
G1 X180.347 Y151.197 E30.90924
G1 X179.753 Y151.197 E30.94110
G1 X178.175 Y149.619 E31.06077
G1 X177.581 Y149.619 E31.09263
G1 X179.159 Y151.197 E31.21229
G1 X178.564 Y151.197 E31.24415
G1 X176.986 Y149.619 E31.36382
G1 X176.392 Y149.619 E31.39568
G1 X177.970 Y151.197 E31.51534
G1 X177.376 Y151.197 E31.54720
G1 X175.798 Y149.619 E31.66687
G1 X175.204 Y149.619 E31.69873
G1 X176.782 Y151.197 E31.81839
G1 X176.188 Y151.197 E31.85025
G1 X174.610 Y149.619 E31.96992
G1 X174.016 Y149.619 E32.00178
G1 X175.594 Y151.197 E32.12145
G1 X174.999 Y151.197 E32.15330
G1 X173.421 Y149.619 E32.27297
G1 X172.827 Y149.619 E32.30483
G1 X174.405 Y151.197 E32.42450
G1 X173.811 Y151.197 E32.45636
G1 X172.233 Y149.619 E32.57602
G1 X171.639 Y149.619 E32.60788
G1 X173.217 Y151.197 E32.72755
G1 X172.623 Y151.197 E32.75941
G1 X171.045 Y149.619 E32.87907
G1 X170.451 Y149.619 E32.91093
G1 X172.029 Y151.197 E33.03060
G1 X171.435 Y151.197 E33.06246
G1 X169.856 Y149.619 E33.18212
G1 X169.262 Y149.619 E33.21398
G1 X170.840 Y151.197 E33.33365
G1 X170.246 Y151.197 E33.36551
G1 X168.668 Y149.619 E33.48518
G1 X168.074 Y149.619 E33.51704
G1 X169.652 Y151.197 E33.63670
G1 X169.058 Y151.197 E33.66856
G1 X167.480 Y149.619 E33.78823
G1 X166.886 Y149.619 E33.82009
G1 X168.464 Y151.197 E33.93976
G1 X167.870 Y151.197 E33.97162
G1 X166.291 Y149.619 E34.09128
G1 X165.697 Y149.619 E34.12314
G1 X167.275 Y151.197 E34.24281
G1 X166.681 Y151.197 E34.27467
G1 X165.103 Y149.619 E34.39434
G1 X164.509 Y149.619 E34.42620
G1 X166.087 Y151.197 E34.54586
G1 X165.493 Y151.197 E34.57772
G1 X163.915 Y149.619 E34.69739
G1 X163.321 Y149.619 E34.72925
G1 X164.899 Y151.197 E34.84892
G1 X164.305 Y151.197 E34.88078
G1 X162.726 Y149.619 E35.00044
G1 X162.132 Y149.619 E35.03230
G1 X163.710 Y151.197 E35.15197
G1 X163.116 Y151.197 E35.18383
G1 X161.538 Y149.619 E35.30350
G1 X160.944 Y149.619 E35.33536
G1 X162.522 Y151.197 E35.45503
G1 X161.928 Y151.197 E35.48689
G1 X160.350 Y149.619 E35.60655
G1 X159.756 Y149.619 E35.63841
G1 X161.334 Y151.197 E35.75808
G1 X160.740 Y151.197 E35.78994
G1 X159.161 Y149.619 E35.90961
G1 X158.567 Y149.619 E35.94146
G1 X160.145 Y151.197 E36.06113
G1 X159.551 Y151.197 E36.09299
G1 X157.973 Y149.619 E36.21266
G1 X157.379 Y149.619 E36.24452
G1 X158.957 Y151.197 E36.36418
G1 X158.363 Y151.197 E36.39604
G1 X156.785 Y149.619 E36.51571
G1 X156.191 Y149.619 E36.54757
G1 X157.769 Y151.197 E36.66723
G1 X157.175 Y151.197 E36.69909
G1 X155.596 Y149.619 E36.81876
G1 X155.002 Y149.619 E36.85062
G1 X156.580 Y151.197 E36.97028
G1 X155.986 Y151.197 E37.00214
G1 X154.408 Y149.619 E37.12181
G1 X153.814 Y149.619 E37.15367
G1 X155.392 Y151.197 E37.27333
G1 X154.798 Y151.197 E37.30519
G1 X153.220 Y149.619 E37.42486
G1 X152.626 Y149.619 E37.45672
G1 X154.204 Y151.197 E37.57638
G1 X153.610 Y151.197 E37.60824
G1 X152.031 Y149.619 E37.72791
G1 X151.437 Y149.619 E37.75977
G1 X153.015 Y151.197 E37.87943
G1 X152.421 Y151.197 E37.91129
G1 X150.843 Y149.619 E38.03096
G1 X150.249 Y149.619 E38.06282
G1 X151.827 Y151.197 E38.18248
G1 X151.233 Y151.197 E38.21434
G1 X149.655 Y149.619 E38.33401
G1 X149.061 Y149.619 E38.36587
G1 X150.639 Y151.197 E38.48554
G1 X150.045 Y151.197 E38.51739
G1 X148.467 Y149.619 E38.63706
G1 X147.872 Y149.619 E38.66892
G1 X149.450 Y151.197 E38.78859
G1 X148.856 Y151.197 E38.82045
G1 X147.278 Y149.619 E38.94011
G1 X146.684 Y149.619 E38.97197
G1 X148.262 Y151.197 E39.09164
G1 X147.668 Y151.197 E39.12350
G1 X146.090 Y149.619 E39.24316
G1 X145.496 Y149.619 E39.27502
G1 X147.074 Y151.197 E39.39469
G1 X146.480 Y151.197 E39.42655
G1 X144.902 Y149.619 E39.54621
G1 X144.371 Y149.619 E39.57468
G1 X144.371 Y149.682 E39.57807
G1 X145.885 Y151.197 E39.69293
G1 X145.291 Y151.197 E39.72479
G1 X144.371 Y150.277 E39.79459
G1 X144.371 Y150.871 E39.82646
G1 X144.697 Y151.197 E39.85116
G1 Z15.350 F7800.000
G1 E31.85116 F2400.00000
G92 E0
G1 X191.182 Y179.312 F7800.000
G1 E10.00000 F2400.00000
G1 F2400.000
G1 X191.182 Y181.872 E10.12272
G1 X139.634 Y181.872 E12.59392
G1 X139.634 Y179.312 E12.71664
G1 X191.122 Y179.312 E15.18496
G1 X190.988 Y179.662 F7800.000
G1 X190.785 Y179.709 F7800.000
G1 F4800.000
G1 X190.785 Y181.475 E15.27935
G1 X140.031 Y181.475 E17.99268
G1 X140.031 Y179.709 E18.08706
G1 X190.725 Y179.709 E20.79718
G1 X190.366 Y180.128 F7800.000
G1 F4800.000
G1 X190.366 Y181.056 E20.84678
G1 X140.450 Y181.056 E23.51532
G1 X140.450 Y180.128 E23.56491
G1 X190.306 Y180.128 E26.23025
G1 X190.157 Y180.592 F7800.000
G1 F2400.000
G1 X140.659 Y180.592 E29.03818
G1 E21.03818 F2400.00000
G92 E0
G1 X186.924 Y152.688 F7800.000
G1 E10.00000 F2400.00000
G1 F2400.000
G1 X143.076 Y152.688 E12.10199
G1 X143.073 Y148.128 E12.32059
G1 X186.927 Y148.128 E14.42289
G1 X186.924 Y152.628 E14.63862
G1 X186.524 Y152.674 F7800.000
G1 X186.527 Y152.291 F7800.000
G1 F4800.000
G1 X143.473 Y152.291 E16.94025
G1 X143.471 Y148.525 E17.14155
G1 X186.530 Y148.525 E19.44347
G1 X186.527 Y152.231 E19.64156
G1 X186.108 Y151.872 F7800.000
G1 F4800.000
G1 X143.892 Y151.872 E21.89844
G1 X143.890 Y148.944 E22.05496
G1 X186.110 Y148.944 E24.31206
G1 X186.108 Y151.812 E24.46536
G1 X185.690 Y151.453 F7800.000
G1 F4800.000
G1 X144.310 Y151.453 E26.67749
G1 X144.309 Y149.363 E26.78922
G1 X185.691 Y149.363 E29.00150
G1 X185.690 Y151.393 E29.11002
G1 X185.108 Y151.197 F7800.000
G1 F3600.000
G1 X185.434 Y150.871 E29.13486
G1 X185.434 Y150.274 E29.16705
G1 X184.511 Y151.197 E29.23742
G1 X183.914 Y151.197 E29.26959
G1 X185.435 Y149.676 E29.38550
G1 X185.435 Y149.619 E29.38857
G1 X184.895 Y149.619 E29.41767
G1 X183.317 Y151.197 E29.53792
G1 X182.720 Y151.197 E29.57009
G1 X184.298 Y149.619 E29.69034
G1 X183.701 Y149.619 E29.72252
G1 X182.123 Y151.197 E29.84277
G1 X181.526 Y151.197 E29.87494
G1 X183.104 Y149.619 E29.99519
G1 X182.507 Y149.619 E30.02736
G1 X180.929 Y151.197 E30.14761
G1 X180.331 Y151.197 E30.17979
G1 X181.910 Y149.619 E30.30004
G1 X181.312 Y149.619 E30.33221
G1 X179.734 Y151.197 E30.45246
G1 X179.137 Y151.197 E30.48463
G1 X180.715 Y149.619 E30.60488
G1 X180.118 Y149.619 E30.63706
G1 X178.540 Y151.197 E30.75731
G1 X177.943 Y151.197 E30.78948
G1 X179.521 Y149.619 E30.90973
G1 X178.924 Y149.619 E30.94190
G1 X177.346 Y151.197 E31.06215
G1 X176.749 Y151.197 E31.09432
G1 X178.327 Y149.619 E31.21457
G1 X177.730 Y149.619 E31.24675
G1 X176.152 Y151.197 E31.36700
G1 X175.555 Y151.197 E31.39917
G1 X177.133 Y149.619 E31.51942
G1 X176.536 Y149.619 E31.55159
G1 X174.958 Y151.197 E31.67184
G1 X174.361 Y151.197 E31.70401
G1 X175.939 Y149.619 E31.82426
G1 X175.342 Y149.619 E31.85643
G1 X173.764 Y151.197 E31.97668
G1 X173.167 Y151.197 E32.00886
G1 X174.745 Y149.619 E32.12911
G1 X174.148 Y149.619 E32.16128
G1 X172.570 Y151.197 E32.28153
G1 X171.973 Y151.197 E32.31370
G1 X173.551 Y149.619 E32.43395
G1 X172.954 Y149.619 E32.46612
G1 X171.375 Y151.197 E32.58637
G1 X170.778 Y151.197 E32.61854
G1 X172.356 Y149.619 E32.73879
G1 X171.759 Y149.619 E32.77096
G1 X170.181 Y151.197 E32.89121
G1 X169.584 Y151.197 E32.92339
G1 X171.162 Y149.619 E33.04364
G1 X170.565 Y149.619 E33.07581
G1 X168.987 Y151.197 E33.19606
G1 X168.390 Y151.197 E33.22823
G1 X169.968 Y149.619 E33.34848
G1 X169.371 Y149.619 E33.38065
G1 X167.793 Y151.197 E33.50090
G1 X167.196 Y151.197 E33.53307
G1 X168.774 Y149.619 E33.65332
G1 X168.177 Y149.619 E33.68549
G1 X166.599 Y151.197 E33.80574
G1 X166.002 Y151.197 E33.83792
G1 X167.580 Y149.619 E33.95817
G1 X166.983 Y149.619 E33.99034
G1 X165.405 Y151.197 E34.11059
G1 X164.808 Y151.197 E34.14276
G1 X166.386 Y149.619 E34.26301
G1 X165.789 Y149.619 E34.29518
G1 X164.211 Y151.197 E34.41543
G1 X163.614 Y151.197 E34.44760
G1 X165.192 Y149.619 E34.56785
G1 X164.595 Y149.619 E34.60003
G1 X163.017 Y151.197 E34.72028
G1 X162.419 Y151.197 E34.75245
G1 X163.998 Y149.619 E34.87270
G1 X163.400 Y149.619 E34.90487
G1 X161.822 Y151.197 E35.02512
G1 X161.225 Y151.197 E35.05729
G1 X162.803 Y149.619 E35.17754
G1 X162.206 Y149.619 E35.20971
G1 X160.628 Y151.197 E35.32996
G1 X160.031 Y151.197 E35.36213
G1 X161.609 Y149.619 E35.48238
G1 X161.012 Y149.619 E35.51456
G1 X159.434 Y151.197 E35.63481
G1 X158.837 Y151.197 E35.66698
G1 X160.415 Y149.619 E35.78723
G1 X159.818 Y149.619 E35.81940
G1 X158.240 Y151.197 E35.93965
G1 X157.643 Y151.197 E35.97182
G1 X159.221 Y149.619 E36.09207
G1 X158.624 Y149.619 E36.12424
G1 X157.046 Y151.197 E36.24449
G1 X156.449 Y151.197 E36.27666
G1 X158.027 Y149.619 E36.39692
G1 X157.430 Y149.619 E36.42909
G1 X155.852 Y151.197 E36.54934
G1 X155.255 Y151.197 E36.58151
G1 X156.833 Y149.619 E36.70176
G1 X156.236 Y149.619 E36.73393
G1 X154.658 Y151.197 E36.85418
G1 X154.061 Y151.197 E36.88635
G1 X155.639 Y149.619 E37.00660
G1 X155.042 Y149.619 E37.03877
G1 X153.463 Y151.197 E37.15902
G1 X152.866 Y151.197 E37.19120
G1 X154.444 Y149.619 E37.31145
G1 X153.847 Y149.619 E37.34362
G1 X152.269 Y151.197 E37.46387
G1 X151.672 Y151.197 E37.49604
G1 X153.250 Y149.619 E37.61629
G1 X152.653 Y149.619 E37.64846
G1 X151.075 Y151.197 E37.76871
G1 X150.478 Y151.197 E37.80088
G1 X152.056 Y149.619 E37.92113
G1 X151.459 Y149.619 E37.95331
G1 X149.881 Y151.197 E38.07356
G1 X149.284 Y151.197 E38.10573
G1 X150.862 Y149.619 E38.22598
G1 X150.265 Y149.619 E38.25815
G1 X148.687 Y151.197 E38.37840
G1 X148.090 Y151.197 E38.41058
G1 X149.668 Y149.619 E38.53083
G1 X149.071 Y149.619 E38.56300
G1 X147.493 Y151.197 E38.68325
G1 X146.896 Y151.197 E38.71542
G1 X148.474 Y149.619 E38.83567
G1 X147.877 Y149.619 E38.86785
G1 X146.299 Y151.197 E38.98810
G1 X145.702 Y151.197 E39.02027
G1 X147.280 Y149.619 E39.14052
G1 X146.683 Y149.619 E39.17269
G1 X145.105 Y151.197 E39.29294
G1 X144.566 Y151.197 E39.32195
G1 X144.566 Y151.138 E39.32511
G1 X146.086 Y149.619 E39.44089
G1 X145.488 Y149.619 E39.47306
G1 X144.566 Y150.542 E39.54338
G1 X144.565 Y149.945 E39.57553
G1 X144.891 Y149.619 E39.60037
G1 Z15.650 F7800.000
G1 E31.60037 F2400.00000
G92 E0
G1 X191.183 Y179.312 F7800.000
G1 E10.00000 F2400.00000
G1 F2400.000
G1 X191.183 Y181.872 E10.12272
G1 X139.657 Y181.872 E12.59279
G1 X139.657 Y179.312 E12.71552
G1 X191.123 Y179.312 E15.18271
G1 X190.989 Y179.662 F7800.000
G1 X190.785 Y179.709 F7800.000
G1 F4800.000
G1 X190.785 Y181.475 E15.27710
G1 X140.055 Y181.475 E17.98917
G1 X140.055 Y179.709 E18.08355
G1 X190.725 Y179.709 E20.79241
G1 X190.367 Y180.128 F7800.000
G1 F4800.000
G1 X190.367 Y181.056 E20.84201
G1 X140.473 Y181.056 E23.50930
G1 X140.473 Y180.128 E23.55889
G1 X190.307 Y180.128 E26.22297
G1 X190.157 Y180.592 F7800.000
G1 F2400.000
G1 X140.683 Y180.592 E29.02957
G1 E21.02957 F2400.00000
G92 E0
G1 X186.715 Y152.688 F7800.000
G1 E10.00000 F2400.00000
G1 F2400.000
G1 X143.286 Y152.688 E12.08194
G1 X143.288 Y148.128 E12.30054
G1 X186.712 Y148.128 E14.38220
G1 X186.715 Y152.628 E14.59792
G1 X186.368 Y152.488 F7800.000
G1 X186.318 Y152.291 F7800.000
G1 F4800.000
G1 X143.683 Y152.291 E16.87716
G1 X143.685 Y148.525 E17.07846
G1 X186.315 Y148.525 E19.35743
G1 X186.318 Y152.231 E19.55552
G1 X185.898 Y151.872 F7800.000
G1 F4800.000
G1 X144.102 Y151.872 E21.78994
G1 X144.104 Y148.944 E21.94646
G1 X185.896 Y148.944 E24.18066
G1 X185.898 Y151.812 E24.33397
G1 X185.479 Y151.453 F7800.000
G1 F4800.000
G1 X144.521 Y151.453 E26.52358
G1 X144.523 Y149.363 E26.63531
G1 X185.478 Y149.363 E28.82476
G1 X185.479 Y151.393 E28.93328
G1 X185.222 Y149.945 F7800.000
G1 F3600.000
G1 X184.896 Y149.619 E28.95822
G1 X184.296 Y149.619 E28.99066
G1 X185.222 Y150.545 E29.06152
G1 X185.223 Y151.145 E29.09399
G1 X183.697 Y149.619 E29.21076
G1 X183.097 Y149.619 E29.24321
G1 X184.675 Y151.197 E29.36396
G1 X184.076 Y151.197 E29.39640
G1 X182.498 Y149.619 E29.51716
G1 X181.898 Y149.619 E29.54960
G1 X183.476 Y151.197 E29.67036
G1 X182.877 Y151.197 E29.70280
G1 X181.299 Y149.619 E29.82356
G1 X180.699 Y149.619 E29.85600
G1 X182.277 Y151.197 E29.97676
G1 X181.678 Y151.197 E30.00920
G1 X180.099 Y149.619 E30.12995
G1 X179.500 Y149.619 E30.16240
G1 X181.078 Y151.197 E30.28315
G1 X180.478 Y151.197 E30.31560
G1 X178.900 Y149.619 E30.43635
G1 X178.301 Y149.619 E30.46879
G1 X179.879 Y151.197 E30.58955
G1 X179.279 Y151.197 E30.62199
G1 X177.701 Y149.619 E30.74275
G1 X177.102 Y149.619 E30.77519
G1 X178.680 Y151.197 E30.89595
G1 X178.080 Y151.197 E30.92839
G1 X176.502 Y149.619 E31.04914
G1 X175.902 Y149.619 E31.08159
G1 X177.481 Y151.197 E31.20234
G1 X176.881 Y151.197 E31.23478
G1 X175.303 Y149.619 E31.35554
G1 X174.703 Y149.619 E31.38798
G1 X176.281 Y151.197 E31.50873
G1 X175.682 Y151.197 E31.54118
G1 X174.104 Y149.619 E31.66193
G1 X173.504 Y149.619 E31.69437
G1 X175.082 Y151.197 E31.81513
G1 X174.483 Y151.197 E31.84757
G1 X172.905 Y149.619 E31.96833
G1 X172.305 Y149.619 E32.00077
G1 X173.883 Y151.197 E32.12152
G1 X173.284 Y151.197 E32.15396
G1 X171.705 Y149.619 E32.27472
G1 X171.106 Y149.619 E32.30716
G1 X172.684 Y151.197 E32.42792
G1 X172.084 Y151.197 E32.46036
G1 X170.506 Y149.619 E32.58111
G1 X169.907 Y149.619 E32.61356
G1 X171.485 Y151.197 E32.73431
G1 X170.885 Y151.197 E32.76675
G1 X169.307 Y149.619 E32.88751
G1 X168.708 Y149.619 E32.91995
G1 X170.286 Y151.197 E33.04070
G1 X169.686 Y151.197 E33.07315
G1 X168.108 Y149.619 E33.19390
G1 X167.508 Y149.619 E33.22634
G1 X169.087 Y151.197 E33.34710
G1 X168.487 Y151.197 E33.37954
G1 X166.909 Y149.619 E33.50030
G1 X166.309 Y149.619 E33.53274
G1 X167.887 Y151.197 E33.65349
G1 X167.288 Y151.197 E33.68594
G1 X165.710 Y149.619 E33.80669
G1 X165.110 Y149.619 E33.83913
G1 X166.688 Y151.197 E33.95989
G1 X166.089 Y151.197 E33.99233
G1 X164.511 Y149.619 E34.11308
G1 X163.911 Y149.619 E34.14553
G1 X165.489 Y151.197 E34.26628
G1 X164.890 Y151.197 E34.29872
G1 X163.311 Y149.619 E34.41948
G1 X162.712 Y149.619 E34.45192
G1 X164.290 Y151.197 E34.57268
G1 X163.690 Y151.197 E34.60512
G1 X162.112 Y149.619 E34.72587
G1 X161.513 Y149.619 E34.75831
G1 X163.091 Y151.197 E34.87907
G1 X162.491 Y151.197 E34.91151
G1 X160.913 Y149.619 E35.03227
G1 X160.314 Y149.619 E35.06471
G1 X161.892 Y151.197 E35.18546
G1 X161.292 Y151.197 E35.21791
G1 X159.714 Y149.619 E35.33866
G1 X159.114 Y149.619 E35.37110
G1 X160.693 Y151.197 E35.49186
G1 X160.093 Y151.197 E35.52430
G1 X158.515 Y149.619 E35.64505
G1 X157.915 Y149.619 E35.67750
G1 X159.493 Y151.197 E35.79825
G1 X158.894 Y151.197 E35.83069
G1 X157.316 Y149.619 E35.95145
G1 X156.716 Y149.619 E35.98389
G1 X158.294 Y151.197 E36.10465
G1 X157.695 Y151.197 E36.13709
G1 X156.117 Y149.619 E36.25784
G1 X155.517 Y149.619 E36.29028
G1 X157.095 Y151.197 E36.41104
G1 X156.495 Y151.197 E36.44348
G1 X154.917 Y149.619 E36.56424
G1 X154.318 Y149.619 E36.59668
G1 X155.896 Y151.197 E36.71743
G1 X155.296 Y151.197 E36.74988
G1 X153.718 Y149.619 E36.87063
G1 X153.119 Y149.619 E36.90307
G1 X154.697 Y151.197 E37.02383
G1 X154.097 Y151.197 E37.05627
G1 X152.519 Y149.619 E37.17702
G1 X151.920 Y149.619 E37.20947
G1 X153.498 Y151.197 E37.33022
G1 X152.898 Y151.197 E37.36266
G1 X151.320 Y149.619 E37.48342
G1 X150.720 Y149.619 E37.51586
G1 X152.298 Y151.197 E37.63662
G1 X151.699 Y151.197 E37.66906
G1 X150.121 Y149.619 E37.78982
G1 X149.521 Y149.619 E37.82226
G1 X151.099 Y151.197 E37.94301
G1 X150.500 Y151.197 E37.97546
G1 X148.922 Y149.619 E38.09621
G1 X148.322 Y149.619 E38.12865
G1 X149.900 Y151.197 E38.24941
G1 X149.301 Y151.197 E38.28185
G1 X147.723 Y149.619 E38.40261
G1 X147.123 Y149.619 E38.43505
G1 X148.701 Y151.197 E38.55581
G1 X148.101 Y151.197 E38.58825
G1 X146.523 Y149.619 E38.70901
G1 X145.924 Y149.619 E38.74145
G1 X147.502 Y151.197 E38.86221
G1 X146.902 Y151.197 E38.89465
G1 X145.324 Y149.619 E39.01540
G1 X144.778 Y149.619 E39.04494
G1 X144.778 Y149.673 E39.04784
G1 X146.303 Y151.197 E39.16450
G1 X145.703 Y151.197 E39.19694
G1 X144.778 Y150.272 E39.26774
G1 X144.778 Y150.871 E39.30016
G1 X145.103 Y151.197 E39.32510
M106 S219.3
G1 Z15.950 F7800.000
G1 E31.32510 F2400.00000
G92 E0
G1 X191.183 Y179.312 F7800.000
G1 E10.00000 F2400.00000
G1 F2400.000
G1 X191.183 Y181.872 E10.12272
G1 X139.681 Y181.872 E12.59167
G1 X139.681 Y179.312 E12.71439
G1 X191.123 Y179.312 E15.18046
G1 X190.989 Y179.662 F7800.000
G1 X190.786 Y179.709 F7800.000
G1 F4800.000
G1 X190.786 Y181.475 E15.27484
G1 X140.078 Y181.475 E17.98566
G1 X140.078 Y179.709 E18.08004
G1 X190.726 Y179.709 E20.78765
G1 X190.367 Y180.128 F7800.000
G1 F4800.000
G1 X190.367 Y181.056 E20.83725
G1 X140.497 Y181.056 E23.50328
G1 X140.497 Y180.128 E23.55287
G1 X190.307 Y180.128 E26.21570
G1 X190.157 Y180.592 F7800.000
G1 F2400.000
G1 X140.707 Y180.592 E29.02096
G1 E21.02096 F2400.00000
G92 E0
G1 X180.748 Y152.688 F7800.000
G1 E10.00000 F2400.00000
G1 F2400.000
G1 X149.241 Y152.688 E11.51038
G1 X149.241 Y148.128 E11.72899
G1 X180.748 Y148.128 E13.23937
G1 X180.748 Y152.628 E13.45510
G1 X180.348 Y152.669 F7800.000
G1 X180.350 Y152.291 F7800.000
G1 F4800.000
G1 X149.638 Y152.291 E15.09696
G1 X149.638 Y148.525 E15.29826
G1 X180.350 Y148.525 E16.94012
G1 X180.350 Y152.231 E17.13821
G1 X179.931 Y151.872 F7800.000
G1 F4800.000
G1 X150.057 Y151.872 E18.73529
G1 X150.057 Y148.944 E18.89181
G1 X179.931 Y148.944 E20.48888
G1 X179.931 Y151.812 E20.64219
G1 X179.513 Y151.453 F7800.000
G1 F4800.000
G1 X150.476 Y151.453 E22.19448
G1 X150.476 Y149.363 E22.30621
G1 X179.513 Y149.363 E23.85849
G1 X179.513 Y151.393 E23.96702
G1 X178.931 Y151.197 F7800.000
G1 F3600.000
G1 X179.257 Y150.871 E23.99202
G1 X179.257 Y150.270 E24.02462
G1 X178.330 Y151.197 E24.09573
G1 X177.729 Y151.197 E24.12833
G1 X179.257 Y149.669 E24.24554
G1 X179.257 Y149.619 E24.24825
G1 X178.706 Y149.619 E24.27814
G1 X177.128 Y151.197 E24.39919
G1 X176.526 Y151.197 E24.43179
G1 X178.105 Y149.619 E24.55284
G1 X177.504 Y149.619 E24.58544
G1 X175.925 Y151.197 E24.70649
G1 X175.324 Y151.197 E24.73909
G1 X176.902 Y149.619 E24.86014
G1 X176.301 Y149.619 E24.89274
G1 X174.723 Y151.197 E25.01379
G1 X174.122 Y151.197 E25.04639
G1 X175.700 Y149.619 E25.16744
G1 X175.099 Y149.619 E25.20004
G1 X173.521 Y151.197 E25.32109
G1 X172.920 Y151.197 E25.35369
G1 X174.498 Y149.619 E25.47474
G1 X173.897 Y149.619 E25.50734
G1 X172.319 Y151.197 E25.62839
G1 X171.718 Y151.197 E25.66099
G1 X173.296 Y149.619 E25.78204
G1 X172.695 Y149.619 E25.81464
G1 X171.117 Y151.197 E25.93569
G1 X170.516 Y151.197 E25.96829
G1 X172.094 Y149.619 E26.08934
G1 X171.493 Y149.619 E26.12194
G1 X169.915 Y151.197 E26.24299
G1 X169.314 Y151.197 E26.27559
G1 X170.892 Y149.619 E26.39664
G1 X170.291 Y149.619 E26.42924
G1 X168.713 Y151.197 E26.55029
G1 X168.112 Y151.197 E26.58289
G1 X169.690 Y149.619 E26.70394
G1 X169.089 Y149.619 E26.73654
G1 X167.511 Y151.197 E26.85759
G1 X166.910 Y151.197 E26.89019
G1 X168.488 Y149.619 E27.01124
G1 X167.887 Y149.619 E27.04384
G1 X166.309 Y151.197 E27.16489
G1 X165.708 Y151.197 E27.19749
G1 X167.286 Y149.619 E27.31854
G1 X166.685 Y149.619 E27.35114
G1 X165.107 Y151.197 E27.47219
G1 X164.506 Y151.197 E27.50479
G1 X166.084 Y149.619 E27.62584
G1 X165.483 Y149.619 E27.65844
G1 X163.905 Y151.197 E27.77949
G1 X163.304 Y151.197 E27.81209
G1 X164.882 Y149.619 E27.93314
G1 X164.281 Y149.619 E27.96574
G1 X162.703 Y151.197 E28.08679
G1 X162.102 Y151.197 E28.11939
G1 X163.680 Y149.619 E28.24044
G1 X163.079 Y149.619 E28.27304
G1 X161.501 Y151.197 E28.39409
G1 X160.900 Y151.197 E28.42669
G1 X162.478 Y149.619 E28.54774
G1 X161.877 Y149.619 E28.58034
G1 X160.299 Y151.197 E28.70139
G1 X159.698 Y151.197 E28.73399
G1 X161.276 Y149.619 E28.85504
G1 X160.675 Y149.619 E28.88764
G1 X159.096 Y151.197 E29.00869
G1 X158.495 Y151.197 E29.04129
G1 X160.073 Y149.619 E29.16234
G1 X159.472 Y149.619 E29.19494
G1 X157.894 Y151.197 E29.31599
G1 X157.293 Y151.197 E29.34859
G1 X158.871 Y149.619 E29.46964
G1 X158.270 Y149.619 E29.50224
G1 X156.692 Y151.197 E29.62329
G1 X156.091 Y151.197 E29.65589
G1 X157.669 Y149.619 E29.77694
G1 X157.068 Y149.619 E29.80954
G1 X155.490 Y151.197 E29.93059
G1 X154.889 Y151.197 E29.96319
G1 X156.467 Y149.619 E30.08424
G1 X155.866 Y149.619 E30.11684
G1 X154.288 Y151.197 E30.23789
G1 X153.687 Y151.197 E30.27049
G1 X155.265 Y149.619 E30.39154
G1 X154.664 Y149.619 E30.42414
G1 X153.086 Y151.197 E30.54519
G1 X152.485 Y151.197 E30.57779
G1 X154.063 Y149.619 E30.69884
G1 X153.462 Y149.619 E30.73144
G1 X151.884 Y151.197 E30.85249
G1 X151.283 Y151.197 E30.88509
G1 X152.861 Y149.619 E31.00614
G1 X152.260 Y149.619 E31.03874
G1 X150.732 Y151.147 E31.15595
G1 X150.732 Y150.546 E31.18855
G1 X151.659 Y149.619 E31.25966
G1 X151.058 Y149.619 E31.29226
G1 X150.732 Y149.945 E31.31725
G1 X147.230 Y152.688 F7800.000
G1 F1800.000
G1 X143.508 Y152.688 E31.49567
G1 X143.509 Y148.128 E31.71427
G1 X147.230 Y148.128 E31.89263
G1 X147.230 Y152.628 E32.10835
G1 X146.847 Y152.572 F7800.000
G1 X146.833 Y152.291 F7800.000
G1 F1800.000
G1 X143.906 Y152.291 E32.26484
G1 X143.906 Y148.525 E32.46614
G1 X146.833 Y148.525 E32.62258
G1 X146.833 Y152.231 E32.82067
G1 X146.414 Y151.872 F7800.000
G1 F1800.000
G1 X144.324 Y151.872 E32.93236
G1 X144.325 Y148.944 E33.08888
G1 X146.414 Y148.944 E33.20054
G1 X146.414 Y151.812 E33.35384
G1 X145.995 Y151.453 F7800.000
G1 F1800.000
G1 X144.743 Y151.453 E33.42074
G1 X144.744 Y149.363 E33.53247
G1 X145.995 Y149.363 E33.59935
G1 X145.995 Y151.393 E33.70787
G1 X145.413 Y151.197 F7800.000
G1 F3600.000
G1 X145.739 Y150.871 E33.73744
G1 X145.739 Y150.160 E33.78305
G1 X145.000 Y150.900 E33.85012
G1 X145.000 Y150.189 E33.89573
G1 X145.569 Y149.619 E33.94740
G1 E25.94740 F2400.00000
G92 E0
G1 X182.846 Y152.688 F7800.000
G1 E10.00000 F2400.00000
G1 F1800.000
G1 X182.846 Y148.128 E10.21860
G1 X186.491 Y148.128 E10.39334
G1 X186.492 Y152.688 E10.61194
G1 X182.906 Y152.688 E10.78385
G1 X182.996 Y152.317 F7800.000
G1 X183.243 Y152.291 F7800.000
G1 F1800.000
G1 X183.243 Y148.525 E10.98515
G1 X186.094 Y148.525 E11.13756
G1 X186.095 Y152.291 E11.33886
G1 X183.303 Y152.291 E11.48811
G1 X183.662 Y151.872 F7800.000
G1 F1800.000
G1 X183.662 Y148.944 E11.64463
G1 X185.675 Y148.944 E11.75226
G1 X185.677 Y151.872 E11.90878
G1 X183.722 Y151.872 E12.01326
G1 X184.081 Y151.453 F7800.000
G1 F1800.000
G1 X184.081 Y149.363 E12.12499
G1 X185.257 Y149.363 E12.18786
G1 X185.258 Y151.453 E12.29959
G1 X184.141 Y151.453 E12.35930
G1 X184.676 Y151.197 F7800.000
G1 F3600.000
G1 X185.002 Y150.871 E12.38887
G1 X185.002 Y150.161 E12.43444
G1 X184.337 Y150.826 E12.49475
G1 X184.337 Y150.115 E12.54035
G1 X184.833 Y149.619 E12.58532
M106 S221.85
G1 Z16.250 F7800.000
G1 E4.58532 F2400.00000
G92 E0
G1 X191.183 Y179.312 F7800.000
G1 E10.00000 F2400.00000
G1 F2400.000
G1 X191.183 Y181.872 E10.12272
G1 X139.705 Y181.872 E12.59054
G1 X139.705 Y179.312 E12.71327
G1 X191.123 Y179.312 E15.17821
G1 X190.989 Y179.662 F7800.000
G1 X190.786 Y179.709 F7800.000
G1 F4800.000
G1 X190.786 Y181.475 E15.27259
G1 X140.102 Y181.475 E17.98215
G1 X140.102 Y179.709 E18.07653
G1 X190.726 Y179.709 E20.78289
G1 X190.367 Y180.128 F7800.000
G1 F4800.000
G1 X190.367 Y181.056 E20.83248
G1 X140.521 Y181.056 E23.49726
G1 X140.521 Y180.128 E23.54685
G1 X190.307 Y180.128 E26.20842
G1 X190.158 Y180.592 F7800.000
G1 F2400.000
G1 X140.730 Y180.592 E29.01236
G1 E21.01236 F2400.00000
G92 E0
G1 X180.421 Y152.688 F7800.000
G1 E10.00000 F2400.00000
G1 F2400.000
G1 X149.585 Y152.688 E11.47820
G1 X149.585 Y148.128 E11.69680
G1 X180.421 Y148.128 E13.17499
G1 X180.421 Y152.628 E13.39072
G1 X180.021 Y152.668 F7800.000
G1 X180.023 Y152.291 F7800.000
G1 F4800.000
G1 X149.983 Y152.291 E14.99668
G1 X149.983 Y148.525 E15.19799
G1 X180.023 Y148.525 E16.80395
G1 X180.023 Y152.231 E17.00205
G1 X179.604 Y151.872 F7800.000
G1 F4800.000
G1 X150.402 Y151.872 E18.56323
G1 X150.402 Y148.944 E18.71974
G1 X179.604 Y148.944 E20.28092
G1 X179.604 Y151.812 E20.43423
G1 X179.186 Y151.453 F7800.000
G1 F4800.000
G1 X150.820 Y151.453 E21.95062
G1 X150.820 Y149.363 E22.06236
G1 X179.186 Y149.363 E23.57875
G1 X179.186 Y151.393 E23.68727
G1 X178.930 Y149.945 F7800.000
G1 F3600.000
G1 X178.604 Y149.619 E23.71221
G1 X178.004 Y149.619 E23.74465
G1 X178.930 Y150.544 E23.81548
G1 X178.930 Y151.144 E23.84792
G1 X177.404 Y149.619 E23.96462
G1 X176.805 Y149.619 E23.99706
G1 X178.383 Y151.197 E24.11781
G1 X177.783 Y151.197 E24.15026
G1 X176.205 Y149.619 E24.27101
G1 X175.606 Y149.619 E24.30345
G1 X177.184 Y151.197 E24.42420
G1 X176.584 Y151.197 E24.45665
G1 X175.006 Y149.619 E24.57740
G1 X174.407 Y149.619 E24.60984
G1 X175.985 Y151.197 E24.73060
G1 X175.385 Y151.197 E24.76304
G1 X173.807 Y149.619 E24.88379
G1 X173.207 Y149.619 E24.91623
G1 X174.786 Y151.197 E25.03699
G1 X174.186 Y151.197 E25.06943
G1 X172.608 Y149.619 E25.19018
G1 X172.008 Y149.619 E25.22263
G1 X173.586 Y151.197 E25.34338
G1 X172.987 Y151.197 E25.37582
G1 X171.409 Y149.619 E25.49658
G1 X170.809 Y149.619 E25.52902
G1 X172.387 Y151.197 E25.64977
G1 X171.788 Y151.197 E25.68221
G1 X170.210 Y149.619 E25.80297
G1 X169.610 Y149.619 E25.83541
G1 X171.188 Y151.197 E25.95616
G1 X170.589 Y151.197 E25.98860
G1 X169.011 Y149.619 E26.10936
G1 X168.411 Y149.619 E26.14180
G1 X169.989 Y151.197 E26.26255
G1 X169.389 Y151.197 E26.29500
G1 X167.811 Y149.619 E26.41575
G1 X167.212 Y149.619 E26.44819
G1 X168.790 Y151.197 E26.56895
G1 X168.190 Y151.197 E26.60139
G1 X166.612 Y149.619 E26.72214
G1 X166.013 Y149.619 E26.75458
G1 X167.591 Y151.197 E26.87534
G1 X166.991 Y151.197 E26.90778
G1 X165.413 Y149.619 E27.02853
G1 X164.814 Y149.619 E27.06097
G1 X166.392 Y151.197 E27.18173
G1 X165.792 Y151.197 E27.21417
G1 X164.214 Y149.619 E27.33493
G1 X163.614 Y149.619 E27.36737
G1 X165.192 Y151.197 E27.48812
G1 X164.593 Y151.197 E27.52056
G1 X163.015 Y149.619 E27.64132
G1 X162.415 Y149.619 E27.67376
G1 X163.993 Y151.197 E27.79451
G1 X163.394 Y151.197 E27.82695
G1 X161.816 Y149.619 E27.94771
G1 X161.216 Y149.619 E27.98015
G1 X162.794 Y151.197 E28.10090
G1 X162.195 Y151.197 E28.13335
G1 X160.617 Y149.619 E28.25410
G1 X160.017 Y149.619 E28.28654
G1 X161.595 Y151.197 E28.40730
G1 X160.995 Y151.197 E28.43974
G1 X159.417 Y149.619 E28.56049
G1 X158.818 Y149.619 E28.59293
G1 X160.396 Y151.197 E28.71369
G1 X159.796 Y151.197 E28.74613
G1 X158.218 Y149.619 E28.86688
G1 X157.619 Y149.619 E28.89932
G1 X159.197 Y151.197 E29.02008
G1 X158.597 Y151.197 E29.05252
G1 X157.019 Y149.619 E29.17327
G1 X156.420 Y149.619 E29.20572
G1 X157.998 Y151.197 E29.32647
G1 X157.398 Y151.197 E29.35891
G1 X155.820 Y149.619 E29.47967
G1 X155.220 Y149.619 E29.51211
G1 X156.798 Y151.197 E29.63286
G1 X156.199 Y151.197 E29.66530
G1 X154.621 Y149.619 E29.78606
G1 X154.021 Y149.619 E29.81850
G1 X155.599 Y151.197 E29.93925
G1 X155.000 Y151.197 E29.97169
G1 X153.422 Y149.619 E30.09245
G1 X152.822 Y149.619 E30.12489
G1 X154.400 Y151.197 E30.24564
G1 X153.801 Y151.197 E30.27809
G1 X152.223 Y149.619 E30.39884
G1 X151.623 Y149.619 E30.43128
G1 X153.201 Y151.197 E30.55204
G1 X152.602 Y151.197 E30.58448
G1 X151.076 Y149.672 E30.70118
G1 X151.076 Y150.272 E30.73362
G1 X152.002 Y151.197 E30.80444
G1 X151.402 Y151.197 E30.83688
G1 X151.076 Y150.871 E30.86183
G1 X146.885 Y152.688 F7800.000
G1 F1800.000
G1 X143.731 Y152.688 E31.01306
G1 X143.730 Y148.128 E31.23166
G1 X146.885 Y148.128 E31.38293
G1 X146.885 Y152.628 E31.59865
G1 X146.506 Y152.561 F7800.000
G1 X146.488 Y152.291 F7800.000
G1 F1800.000
G1 X144.128 Y152.291 E31.72483
G1 X144.127 Y148.525 E31.92614
G1 X146.488 Y148.525 E32.05235
G1 X146.488 Y152.231 E32.25044
G1 X146.069 Y151.872 F7800.000
G1 F1800.000
G1 X144.547 Y151.872 E32.33184
G1 X144.546 Y148.944 E32.48836
G1 X146.069 Y148.944 E32.56978
G1 X146.069 Y151.812 E32.72309
G1 X145.650 Y151.453 F7800.000
G1 F1800.000
G1 X144.966 Y151.453 E32.75970
G1 X144.965 Y149.363 E32.87143
G1 X145.650 Y149.363 E32.90806
G1 X145.650 Y151.393 E33.01659
G1 X145.308 Y151.244 F7800.000
G1 F2400.000
G1 X145.308 Y149.572 E33.05965
G1 E25.05965 F2400.00000
G92 E0
G1 X183.173 Y152.688 F7800.000
G1 E10.00000 F2400.00000
G1 F1800.000
G1 X183.173 Y148.128 E10.21860
G1 X186.270 Y148.128 E10.36708
G1 X186.269 Y152.688 E10.58568
G1 X183.233 Y152.688 E10.73124
G1 X183.282 Y152.303 F7800.000
G1 X183.570 Y152.291 F7800.000
G1 F1800.000
G1 X183.570 Y148.525 E10.93255
G1 X185.873 Y148.525 E11.05566
G1 X185.872 Y152.291 E11.25697
G1 X183.630 Y152.291 E11.37684
G1 X183.989 Y151.872 F7800.000
G1 F1800.000
G1 X183.989 Y148.944 E11.53335
G1 X185.455 Y148.944 E11.61170
G1 X185.454 Y151.872 E11.76822
G1 X184.049 Y151.872 E11.84332
G1 X184.408 Y151.453 F7800.000
G1 F1800.000
G1 X184.408 Y149.363 E11.95505
G1 X185.036 Y149.363 E11.98863
G1 X185.035 Y151.453 E12.10036
G1 X184.468 Y151.453 E12.13069
G1 X184.722 Y151.244 F7800.000
G1 F2400.000
G1 X184.722 Y149.572 E12.16167
G1 Z16.550 F7800.000
G1 E4.16167 F2400.00000
G92 E0
G1 X191.184 Y179.312 F7800.000
G1 E10.00000 F2400.00000
G1 F2400.000
G1 X191.184 Y181.872 E10.12272
G1 X139.728 Y181.872 E12.58942
G1 X139.728 Y179.312 E12.71214
G1 X191.124 Y179.312 E15.17595
G1 X190.989 Y179.662 F7800.000
G1 X190.786 Y179.709 F7800.000
G1 F4800.000
G1 X190.786 Y181.475 E15.27034
G1 X140.126 Y181.475 E17.97864
G1 X140.126 Y179.709 E18.07303
G1 X190.726 Y179.709 E20.77812
G1 X190.367 Y180.128 F7800.000
G1 F4800.000
G1 X190.367 Y181.056 E20.82772
G1 X140.545 Y181.056 E23.49124
G1 X140.545 Y180.128 E23.54083
G1 X190.307 Y180.128 E26.20114
G1 X190.158 Y180.592 F7800.000
G1 F2400.000
G1 X140.754 Y180.592 E29.00375
G1 E21.00375 F2400.00000
G92 E0
G1 X180.232 Y152.688 F7800.000
G1 E10.00000 F2400.00000
G1 F2400.000
G1 X149.785 Y152.688 E11.45956
G1 X149.785 Y148.128 E11.67816
G1 X180.232 Y148.128 E13.13772
G1 X180.232 Y152.628 E13.35345
G1 X179.832 Y152.668 F7800.000
G1 X179.835 Y152.291 F7800.000
G1 F4800.000
G1 X150.183 Y152.291 E14.93863
G1 X150.183 Y148.525 E15.13994
G1 X179.835 Y148.525 E16.72512
G1 X179.835 Y152.231 E16.92322
G1 X179.416 Y151.872 F7800.000
G1 F4800.000
G1 X150.602 Y151.872 E18.46361
G1 X150.602 Y148.944 E18.62013
G1 X179.416 Y148.944 E20.16053
G1 X179.416 Y151.812 E20.31384
G1 X178.997 Y151.453 F7800.000
G1 F4800.000
G1 X151.020 Y151.453 E21.80945
G1 X151.020 Y149.363 E21.92118
G1 X178.997 Y149.363 E23.41679
G1 X178.997 Y151.393 E23.52531
G1 X178.415 Y151.197 F7800.000
G1 F3600.000
G1 X178.741 Y150.871 E23.55044
G1 X178.741 Y150.267 E23.58337
G1 X177.811 Y151.197 E23.65507
G1 X177.207 Y151.197 E23.68800
G1 X178.741 Y149.663 E23.80626
G1 X178.741 Y149.619 E23.80866
G1 X178.181 Y149.619 E23.83919
G1 X176.603 Y151.197 E23.96085
G1 X175.999 Y151.197 E23.99378
G1 X177.577 Y149.619 E24.11543
G1 X176.973 Y149.619 E24.14836
G1 X175.395 Y151.197 E24.27002
G1 X174.791 Y151.197 E24.30295
G1 X176.369 Y149.619 E24.42461
G1 X175.765 Y149.619 E24.45754
G1 X174.187 Y151.197 E24.57919
G1 X173.582 Y151.197 E24.61212
G1 X175.161 Y149.619 E24.73378
G1 X174.556 Y149.619 E24.76671
G1 X172.978 Y151.197 E24.88837
G1 X172.374 Y151.197 E24.92130
G1 X173.952 Y149.619 E25.04295
G1 X173.348 Y149.619 E25.07588
G1 X171.770 Y151.197 E25.19754
G1 X171.166 Y151.197 E25.23047
G1 X172.744 Y149.619 E25.35213
G1 X172.140 Y149.619 E25.38505
G1 X170.562 Y151.197 E25.50671
G1 X169.958 Y151.197 E25.53964
G1 X171.536 Y149.619 E25.66130
G1 X170.932 Y149.619 E25.69423
G1 X169.354 Y151.197 E25.81589
G1 X168.750 Y151.197 E25.84881
G1 X170.328 Y149.619 E25.97047
G1 X169.724 Y149.619 E26.00340
G1 X168.146 Y151.197 E26.12506
G1 X167.542 Y151.197 E26.15799
G1 X169.120 Y149.619 E26.27965
G1 X168.516 Y149.619 E26.31257
G1 X166.938 Y151.197 E26.43423
G1 X166.334 Y151.197 E26.46716
G1 X167.912 Y149.619 E26.58882
G1 X167.308 Y149.619 E26.62175
G1 X165.730 Y151.197 E26.74340
G1 X165.126 Y151.197 E26.77633
G1 X166.704 Y149.619 E26.89799
G1 X166.100 Y149.619 E26.93092
G1 X164.522 Y151.197 E27.05258
G1 X163.918 Y151.197 E27.08551
G1 X165.496 Y149.619 E27.20716
G1 X164.892 Y149.619 E27.24009
G1 X163.314 Y151.197 E27.36175
G1 X162.709 Y151.197 E27.39468
G1 X164.288 Y149.619 E27.51634
G1 X163.683 Y149.619 E27.54927
G1 X162.105 Y151.197 E27.67092
G1 X161.501 Y151.197 E27.70385
G1 X163.079 Y149.619 E27.82551
G1 X162.475 Y149.619 E27.85844
G1 X160.897 Y151.197 E27.98010
G1 X160.293 Y151.197 E28.01303
G1 X161.871 Y149.619 E28.13468
G1 X161.267 Y149.619 E28.16761
G1 X159.689 Y151.197 E28.28927
G1 X159.085 Y151.197 E28.32220
G1 X160.663 Y149.619 E28.44386
G1 X160.059 Y149.619 E28.47678
G1 X158.481 Y151.197 E28.59844
G1 X157.877 Y151.197 E28.63137
G1 X159.455 Y149.619 E28.75303
G1 X158.851 Y149.619 E28.78596
G1 X157.273 Y151.197 E28.90762
G1 X156.669 Y151.197 E28.94054
G1 X158.247 Y149.619 E29.06220
G1 X157.643 Y149.619 E29.09513
G1 X156.065 Y151.197 E29.21679
G1 X155.461 Y151.197 E29.24972
G1 X157.039 Y149.619 E29.37137
G1 X156.435 Y149.619 E29.40430
G1 X154.857 Y151.197 E29.52596
G1 X154.253 Y151.197 E29.55889
G1 X155.831 Y149.619 E29.68055
G1 X155.227 Y149.619 E29.71348
G1 X153.649 Y151.197 E29.83513
G1 X153.045 Y151.197 E29.86806
G1 X154.623 Y149.619 E29.98972
G1 X154.019 Y149.619 E30.02265
G1 X152.441 Y151.197 E30.14431
G1 X151.836 Y151.197 E30.17724
G1 X153.415 Y149.619 E30.29889
G1 X152.811 Y149.619 E30.33182
G1 X151.276 Y151.153 E30.45009
G1 X151.276 Y150.549 E30.48302
G1 X152.206 Y149.619 E30.55471
G1 X151.602 Y149.619 E30.58764
G1 X151.277 Y149.945 E30.61276
G1 E22.61276 F2400.00000
G92 E0
G1 X146.685 Y152.688 F7800.000
G1 E10.00000 F2400.00000
G1 F1800.000
G1 X143.953 Y152.688 E10.13098
G1 X143.951 Y148.128 E10.34958
G1 X146.685 Y148.128 E10.48067
G1 X146.685 Y152.628 E10.69640
G1 X146.309 Y152.553 F7800.000
G1 X146.288 Y152.291 F7800.000
G1 F1800.000
G1 X144.350 Y152.291 E10.79999
G1 X144.348 Y148.525 E11.00130
G1 X146.288 Y148.525 E11.10500
G1 X146.288 Y152.231 E11.30310
G1 X145.869 Y151.872 F7800.000
G1 F1800.000
G1 X144.769 Y151.872 E11.36192
G1 X144.767 Y148.944 E11.51844
G1 X145.869 Y148.944 E11.57735
G1 X145.869 Y151.812 E11.73066
G1 X145.450 Y151.453 F7800.000
G1 F1800.000
G1 X145.188 Y151.453 E11.74471
G1 X145.186 Y149.363 E11.85644
G1 X145.450 Y149.363 E11.87055
G1 X145.450 Y151.393 E11.97907
G1 E3.97907 F2400.00000
G92 E0
G1 X183.362 Y152.688 F7800.000
G1 E10.00000 F2400.00000
G1 F1800.000
G1 X183.362 Y148.128 E10.21860
G1 X186.049 Y148.128 E10.34745
G1 X186.047 Y152.688 E10.56605
G1 X183.422 Y152.688 E10.69190
G1 X183.439 Y152.295 F7800.000
G1 X183.759 Y152.291 F7800.000
G1 F1800.000
G1 X183.759 Y148.525 E10.89320
G1 X185.653 Y148.525 E10.99443
G1 X185.650 Y152.291 E11.19574
G1 X183.819 Y152.291 E11.29362
G1 X184.178 Y151.872 F7800.000
G1 F1800.000
G1 X184.178 Y148.944 E11.45013
G1 X185.233 Y148.944 E11.50657
G1 X185.231 Y151.872 E11.66308
G1 X184.238 Y151.872 E11.71619
G1 X184.705 Y151.662 F7800.000
G1 F2400.000
G1 X184.706 Y149.154 E11.89933
M106 S224.4
G1 Z16.850 F7800.000
G1 E3.89933 F2400.00000
G92 E0
G1 X191.184 Y179.312 F7800.000
G1 E10.00000 F2400.00000
G1 F2400.000
G1 X191.184 Y181.872 E10.12272
G1 X139.752 Y181.872 E12.58829
G1 X139.752 Y179.312 E12.71101
G1 X191.124 Y179.312 E15.17370
G1 X190.990 Y179.662 F7800.000
G1 X190.787 Y179.709 F7800.000
G1 F4800.000
G1 X190.787 Y181.475 E15.26809
G1 X140.149 Y181.475 E17.97513
G1 X140.149 Y179.709 E18.06952
G1 X190.727 Y179.709 E20.77336
G1 X190.368 Y180.128 F7800.000
G1 F4800.000
G1 X190.368 Y181.056 E20.82295
G1 X140.568 Y181.056 E23.48522
G1 X140.568 Y180.128 E23.53481
G1 X190.308 Y180.128 E26.19387
G1 X190.158 Y180.592 F7800.000
G1 F2400.000
G1 X140.778 Y180.592 E28.99514
G1 E20.99514 F2400.00000
G92 E0
G1 X180.126 Y152.688 F7800.000
G1 E10.00000 F2400.00000
G1 F2400.000
G1 X149.900 Y152.688 E11.44900
G1 X149.900 Y148.128 E11.66760
G1 X180.126 Y148.128 E13.11659
G1 X180.126 Y152.628 E13.33232
G1 X179.727 Y152.668 F7800.000
G1 X179.729 Y152.291 F7800.000
G1 F4800.000
G1 X150.297 Y152.291 E14.90572
G1 X150.297 Y148.525 E15.10702
G1 X179.729 Y148.525 E16.68042
G1 X179.729 Y152.231 E16.87852
G1 X179.310 Y151.872 F7800.000
G1 F4800.000
G1 X150.716 Y151.872 E18.40713
G1 X150.716 Y148.944 E18.56365
G1 X179.310 Y148.944 E20.09226
G1 X179.310 Y151.812 E20.24557
G1 X178.891 Y151.453 F7800.000
G1 F4800.000
G1 X151.135 Y151.453 E21.72940
G1 X151.135 Y149.363 E21.84113
G1 X178.891 Y149.363 E23.32496
G1 X178.891 Y151.393 E23.43348
G1 X178.635 Y149.945 F7800.000
G1 F3600.000
G1 X178.309 Y149.619 E23.45841
G1 X177.710 Y149.619 E23.49083
G1 X178.635 Y150.544 E23.56161
G1 X178.635 Y151.144 E23.59403
G1 X177.110 Y149.619 E23.71066
G1 X176.511 Y149.619 E23.74308
G1 X178.089 Y151.197 E23.86380
G1 X177.490 Y151.197 E23.89622
G1 X175.912 Y149.619 E24.01693
G1 X175.312 Y149.619 E24.04935
G1 X176.890 Y151.197 E24.17006
G1 X176.291 Y151.197 E24.20248
G1 X174.713 Y149.619 E24.32319
G1 X174.114 Y149.619 E24.35561
G1 X175.692 Y151.197 E24.47633
G1 X175.092 Y151.197 E24.50875
G1 X173.514 Y149.619 E24.62946
G1 X172.915 Y149.619 E24.66188
G1 X174.493 Y151.197 E24.78259
G1 X173.894 Y151.197 E24.81501
G1 X172.315 Y149.619 E24.93573
G1 X171.716 Y149.619 E24.96814
G1 X173.294 Y151.197 E25.08886
G1 X172.695 Y151.197 E25.12128
G1 X171.117 Y149.619 E25.24199
G1 X170.517 Y149.619 E25.27441
G1 X172.095 Y151.197 E25.39512
G1 X171.496 Y151.197 E25.42754
G1 X169.918 Y149.619 E25.54826
G1 X169.319 Y149.619 E25.58068
G1 X170.897 Y151.197 E25.70139
G1 X170.297 Y151.197 E25.73381
G1 X168.719 Y149.619 E25.85452
G1 X168.120 Y149.619 E25.88694
G1 X169.698 Y151.197 E26.00765
G1 X169.099 Y151.197 E26.04007
G1 X167.521 Y149.619 E26.16079
G1 X166.921 Y149.619 E26.19321
G1 X168.499 Y151.197 E26.31392
G1 X167.900 Y151.197 E26.34634
G1 X166.322 Y149.619 E26.46705
G1 X165.722 Y149.619 E26.49947
G1 X167.301 Y151.197 E26.62018
G1 X166.701 Y151.197 E26.65260
G1 X165.123 Y149.619 E26.77332
G1 X164.524 Y149.619 E26.80574
G1 X166.102 Y151.197 E26.92645
G1 X165.502 Y151.197 E26.95887
G1 X163.924 Y149.619 E27.07958
G1 X163.325 Y149.619 E27.11200
G1 X164.903 Y151.197 E27.23272
G1 X164.304 Y151.197 E27.26513
G1 X162.726 Y149.619 E27.38585
G1 X162.126 Y149.619 E27.41827
G1 X163.704 Y151.197 E27.53898
G1 X163.105 Y151.197 E27.57140
G1 X161.527 Y149.619 E27.69211
G1 X160.928 Y149.619 E27.72453
G1 X162.506 Y151.197 E27.84525
G1 X161.906 Y151.197 E27.87767
G1 X160.328 Y149.619 E27.99838
G1 X159.729 Y149.619 E28.03080
G1 X161.307 Y151.197 E28.15151
G1 X160.708 Y151.197 E28.18393
G1 X159.129 Y149.619 E28.30464
G1 X158.530 Y149.619 E28.33706
G1 X160.108 Y151.197 E28.45778
G1 X159.509 Y151.197 E28.49020
G1 X157.931 Y149.619 E28.61091
G1 X157.331 Y149.619 E28.64333
G1 X158.909 Y151.197 E28.76404
G1 X158.310 Y151.197 E28.79646
G1 X156.732 Y149.619 E28.91717
G1 X156.133 Y149.619 E28.94959
G1 X157.711 Y151.197 E29.07031
G1 X157.111 Y151.197 E29.10273
G1 X155.533 Y149.619 E29.22344
G1 X154.934 Y149.619 E29.25586
G1 X156.512 Y151.197 E29.37657
G1 X155.913 Y151.197 E29.40899
G1 X154.335 Y149.619 E29.52970
G1 X153.735 Y149.619 E29.56212
G1 X155.313 Y151.197 E29.68284
G1 X154.714 Y151.197 E29.71526
G1 X153.136 Y149.619 E29.83597
G1 X152.536 Y149.619 E29.86839
G1 X154.114 Y151.197 E29.98910
G1 X153.515 Y151.197 E30.02152
G1 X151.937 Y149.619 E30.14224
G1 X151.391 Y149.619 E30.17177
G1 X151.391 Y149.672 E30.17466
G1 X152.916 Y151.197 E30.29129
G1 X152.316 Y151.197 E30.32370
G1 X151.391 Y150.272 E30.39449
G1 X151.391 Y150.871 E30.42691
G1 X151.717 Y151.197 E30.45183
G1 E22.45183 F2400.00000
G92 E0
G1 X183.467 Y152.688 F7800.000
G1 E10.00000 F2400.00000
G1 F1800.000
G1 X183.467 Y148.128 E10.21860
G1 X185.816 Y148.128 E10.33117
G1 X185.819 Y152.688 E10.54978
G1 X183.527 Y152.688 E10.65964
G1 X183.531 Y152.293 F7800.000
G1 X183.865 Y152.291 F7800.000
G1 F1800.000
G1 X183.865 Y148.525 E10.86094
G1 X185.419 Y148.525 E10.94402
G1 X185.422 Y152.291 E11.14533
G1 X183.925 Y152.291 E11.22536
G1 X184.284 Y151.872 F7800.000
G1 F1800.000
G1 X184.284 Y148.944 E11.38187
G1 X185.000 Y148.944 E11.42018
G1 X185.002 Y151.872 E11.57670
G1 X184.344 Y151.872 E11.61193
G1 X184.643 Y151.662 F7800.000
G1 F2400.000
G1 X184.642 Y149.154 E11.68729
G1 E3.68729 F2400.00000
G92 E0
G1 X146.571 Y152.688 F7800.000
G1 E10.00000 F2400.00000
G1 F1800.000
G1 X144.181 Y152.688 E10.11456
G1 X144.184 Y148.128 E10.33316
G1 X146.571 Y148.128 E10.44757
G1 X146.571 Y152.628 E10.66329
G1 X146.197 Y152.546 F7800.000
G1 X146.174 Y152.291 F7800.000
G1 F1800.000
G1 X144.579 Y152.291 E10.74856
G1 X144.581 Y148.525 E10.94986
G1 X146.174 Y148.525 E11.03498
G1 X146.174 Y152.231 E11.23308
G1 X145.755 Y151.872 F7800.000
G1 F1800.000
G1 X144.998 Y151.872 E11.27354
G1 X145.000 Y148.944 E11.43006
G1 X145.755 Y148.944 E11.47041
G1 X145.755 Y151.812 E11.62372
G1 X145.376 Y151.662 F7800.000
G1 F2400.000
G1 X145.377 Y149.154 E11.71124
G1 Z17.150 F7800.000
G1 E3.71124 F2400.00000
G92 E0
G1 X139.776 Y179.312 F7800.000
G1 E10.00000 F2400.00000
G1 F2400.000
G1 X191.184 Y179.312 E12.46444
G1 X191.184 Y181.872 E12.58716
G1 X139.776 Y181.872 E15.05160
G1 X139.776 Y179.372 E15.17145
G1 X140.176 Y179.319 F7800.000
G1 X140.173 Y179.709 F7800.000
G1 F4800.000
G1 X190.787 Y179.709 E17.87724
G1 X190.787 Y181.475 E17.97163
G1 X140.173 Y181.475 E20.67742
G1 X140.173 Y179.769 E20.76859
G1 X140.592 Y180.128 F7800.000
G1 F4800.000
G1 X190.368 Y180.128 E23.42960
G1 X190.368 Y181.056 E23.47920
G1 X140.592 Y181.056 E26.14020
G1 X140.592 Y180.188 E26.18659
G1 X140.802 Y180.592 F7800.000
G1 F2400.000
G1 X190.158 Y180.592 E28.98653
G1 E20.98653 F2400.00000
G92 E0
G1 X149.951 Y152.688 F7800.000
G1 E10.00000 F2400.00000
G1 F2400.000
G1 X149.951 Y148.128 E10.21860
G1 X180.083 Y148.128 E11.66311
G1 X180.083 Y152.688 E11.88172
G1 X150.011 Y152.688 E13.32335
G1 X150.133 Y152.332 F7800.000
G1 X150.348 Y152.291 F7800.000
G1 F4800.000
G1 X150.348 Y148.525 E13.52466
G1 X179.686 Y148.525 E15.09306
G1 X179.686 Y152.291 E15.29436
G1 X150.408 Y152.291 E16.85956
G1 X150.767 Y151.872 F7800.000
G1 F4800.000
G1 X150.767 Y148.944 E17.01607
G1 X179.267 Y148.944 E18.53969
G1 X179.267 Y151.872 E18.69621
G1 X150.827 Y151.872 E20.21661
G1 X151.186 Y151.453 F7800.000
G1 F4800.000
G1 X151.186 Y149.363 E20.32835
G1 X178.848 Y149.363 E21.80717
G1 X178.848 Y151.453 E21.91891
G1 X151.246 Y151.453 E23.39453
G1 X151.442 Y149.945 F7800.000
G1 F3600.000
G1 X151.768 Y149.619 E23.41937
G1 X152.365 Y149.619 E23.45157
G1 X151.442 Y150.542 E23.52197
G1 X151.442 Y151.140 E23.55417
G1 X152.963 Y149.619 E23.67011
G1 X153.560 Y149.619 E23.70232
G1 X151.982 Y151.197 E23.82263
G1 X152.579 Y151.197 E23.85484
G1 X154.157 Y149.619 E23.97515
G1 X154.755 Y149.619 E24.00735
G1 X153.177 Y151.197 E24.12767
G1 X153.774 Y151.197 E24.15987
G1 X155.352 Y149.619 E24.28018
G1 X155.949 Y149.619 E24.31239
G1 X154.371 Y151.197 E24.43270
G1 X154.969 Y151.197 E24.46490
G1 X156.547 Y149.619 E24.58522
G1 X157.144 Y149.619 E24.61742
G1 X155.566 Y151.197 E24.73773
G1 X156.164 Y151.197 E24.76994
G1 X157.742 Y149.619 E24.89025
G1 X158.339 Y149.619 E24.92246
G1 X156.761 Y151.197 E25.04277
G1 X157.358 Y151.197 E25.07497
G1 X158.936 Y149.619 E25.19529
G1 X159.534 Y149.619 E25.22749
G1 X157.956 Y151.197 E25.34780
G1 X158.553 Y151.197 E25.38001
G1 X160.131 Y149.619 E25.50032
G1 X160.728 Y149.619 E25.53252
G1 X159.150 Y151.197 E25.65284
G1 X159.748 Y151.197 E25.68504
G1 X161.326 Y149.619 E25.80535
G1 X161.923 Y149.619 E25.83756
G1 X160.345 Y151.197 E25.95787
G1 X160.943 Y151.197 E25.99008
G1 X162.521 Y149.619 E26.11039
G1 X163.118 Y149.619 E26.14259
G1 X161.540 Y151.197 E26.26290
G1 X162.137 Y151.197 E26.29511
G1 X163.715 Y149.619 E26.41542
G1 X164.313 Y149.619 E26.44763
G1 X162.735 Y151.197 E26.56794
G1 X163.332 Y151.197 E26.60014
G1 X164.910 Y149.619 E26.72046
G1 X165.507 Y149.619 E26.75266
G1 X163.929 Y151.197 E26.87297
G1 X164.527 Y151.197 E26.90518
G1 X166.105 Y149.619 E27.02549
G1 X166.702 Y149.619 E27.05769
G1 X165.124 Y151.197 E27.17801
G1 X165.722 Y151.197 E27.21021
G1 X167.300 Y149.619 E27.33052
G1 X167.897 Y149.619 E27.36273
G1 X166.319 Y151.197 E27.48304
G1 X166.916 Y151.197 E27.51525
G1 X168.494 Y149.619 E27.63556
G1 X169.092 Y149.619 E27.66776
G1 X167.514 Y151.197 E27.78808
G1 X168.111 Y151.197 E27.82028
G1 X169.689 Y149.619 E27.94059
G1 X170.286 Y149.619 E27.97280
G1 X168.708 Y151.197 E28.09311
G1 X169.306 Y151.197 E28.12531
G1 X170.884 Y149.619 E28.24563
G1 X171.481 Y149.619 E28.27783
G1 X169.903 Y151.197 E28.39814
G1 X170.501 Y151.197 E28.43035
G1 X172.079 Y149.619 E28.55066
G1 X172.676 Y149.619 E28.58287
G1 X171.098 Y151.197 E28.70318
G1 X171.695 Y151.197 E28.73538
G1 X173.273 Y149.619 E28.85570
G1 X173.871 Y149.619 E28.88790
G1 X172.293 Y151.197 E29.00821
G1 X172.890 Y151.197 E29.04042
G1 X174.468 Y149.619 E29.16073
G1 X175.065 Y149.619 E29.19293
G1 X173.487 Y151.197 E29.31325
G1 X174.085 Y151.197 E29.34545
G1 X175.663 Y149.619 E29.46576
G1 X176.260 Y149.619 E29.49797
G1 X174.682 Y151.197 E29.61828
G1 X175.280 Y151.197 E29.65049
G1 X176.858 Y149.619 E29.77080
G1 X177.455 Y149.619 E29.80300
G1 X175.877 Y151.197 E29.92332
G1 X176.474 Y151.197 E29.95552
G1 X178.052 Y149.619 E30.07583
G1 X178.592 Y149.619 E30.10495
G1 X178.592 Y149.676 E30.10804
G1 X177.072 Y151.197 E30.22398
G1 X177.669 Y151.197 E30.25618
G1 X178.592 Y150.274 E30.32658
G1 X178.592 Y150.871 E30.35878
G1 X178.266 Y151.197 E30.38363
G1 E22.38363 F2400.00000
G92 E0
G1 X183.510 Y152.688 F7800.000
G1 E10.00000 F2400.00000
G1 F1800.000
G1 X183.510 Y148.128 E10.21860
G1 X185.566 Y148.128 E10.31714
G1 X185.567 Y152.688 E10.53574
G1 X183.570 Y152.688 E10.63148
G1 X183.643 Y152.311 F7800.000
G1 X183.907 Y152.291 F7800.000
G1 F1800.000
G1 X183.907 Y148.525 E10.83278
G1 X185.169 Y148.525 E10.90021
G1 X185.170 Y152.291 E11.10152
G1 X183.967 Y152.291 E11.16582
G1 X184.326 Y151.872 F7800.000
G1 F1800.000
G1 X184.326 Y148.944 E11.32234
G1 X184.750 Y148.944 E11.34500
G1 X184.752 Y151.872 E11.50152
G1 X184.386 Y151.872 E11.52106
G1 E3.52106 F2400.00000
G92 E0
G1 X146.520 Y152.688 F7800.000
G1 E10.00000 F2400.00000
G1 F1800.000
G1 X144.433 Y152.688 E10.10005
G1 X144.434 Y148.128 E10.31865
G1 X146.520 Y148.128 E10.41864
G1 X146.520 Y152.628 E10.63436
G1 X146.149 Y152.539 F7800.000
G1 X146.123 Y152.291 F7800.000
G1 F1800.000
G1 X144.830 Y152.291 E10.70346
G1 X144.831 Y148.525 E10.90476
G1 X146.123 Y148.525 E10.97379
G1 X146.123 Y152.231 E11.17188
G1 X145.704 Y151.872 F7800.000
G1 F1800.000
G1 X145.249 Y151.872 E11.19619
G1 X145.250 Y148.944 E11.35270
G1 X145.704 Y148.944 E11.37695
G1 X145.704 Y151.812 E11.53026
G1 Z17.450 F7800.000
G1 E3.53026 F2400.00000
G92 E0
G1 X139.800 Y179.312 F7800.000
G1 E10.00000 F2400.00000
G1 F2400.000
G1 X191.184 Y179.312 E12.46331
G1 X191.184 Y181.872 E12.58604
G1 X139.800 Y181.872 E15.04935
G1 X139.800 Y179.372 E15.16920
G1 X140.200 Y179.319 F7800.000
G1 X140.197 Y179.709 F7800.000
G1 F4800.000
G1 X190.787 Y179.709 E17.87373
G1 X190.787 Y181.475 E17.96812
G1 X140.197 Y181.475 E20.67265
G1 X140.197 Y179.769 E20.76383
G1 X140.616 Y180.128 F7800.000
G1 F4800.000
G1 X190.368 Y180.128 E23.42358
G1 X190.368 Y181.056 E23.47318
G1 X140.616 Y181.056 E26.13293
G1 X140.616 Y180.188 E26.17932
G1 X140.825 Y180.592 F7800.000
G1 F2400.000
G1 X190.159 Y180.592 E28.97792
G1 E20.97792 F2400.00000
G92 E0
G1 X149.932 Y152.688 F7800.000
G1 E10.00000 F2400.00000
G1 F2400.000
G1 X149.932 Y148.128 E10.21860
G1 X180.102 Y148.128 E11.66492
G1 X180.102 Y152.688 E11.88353
G1 X149.992 Y152.688 E13.32697
G1 X150.114 Y152.332 F7800.000
G1 X150.329 Y152.291 F7800.000
G1 F4800.000
G1 X150.329 Y148.525 E13.52827
G1 X179.705 Y148.525 E15.09870
G1 X179.705 Y152.291 E15.30000
G1 X150.389 Y152.291 E16.86721
G1 X150.748 Y151.872 F7800.000
G1 F4800.000
G1 X150.748 Y148.944 E17.02373
G1 X179.286 Y148.944 E18.54936
G1 X179.286 Y151.872 E18.70588
G1 X150.808 Y151.872 E20.22831
G1 X151.167 Y151.453 F7800.000
G1 F4800.000
G1 X151.167 Y149.363 E20.34004
G1 X178.867 Y149.363 E21.82088
G1 X178.867 Y151.453 E21.93261
G1 X151.227 Y151.453 E23.41025
G1 X151.749 Y151.197 F7800.000
G1 F3600.000
G1 X151.423 Y150.871 E23.43513
G1 X151.423 Y150.273 E23.46742
G1 X152.347 Y151.197 E23.53797
G1 X152.945 Y151.197 E23.57026
G1 X151.423 Y149.675 E23.68648
G1 X151.423 Y149.619 E23.68949
G1 X151.965 Y149.619 E23.71877
G1 X153.543 Y151.197 E23.83925
G1 X154.142 Y151.197 E23.87154
G1 X152.564 Y149.619 E23.99201
G1 X153.162 Y149.619 E24.02430
G1 X154.740 Y151.197 E24.14478
G1 X155.338 Y151.197 E24.17707
G1 X153.760 Y149.619 E24.29754
G1 X154.358 Y149.619 E24.32984
G1 X155.936 Y151.197 E24.45031
G1 X156.534 Y151.197 E24.48260
G1 X154.956 Y149.619 E24.60308
G1 X155.554 Y149.619 E24.63537
G1 X157.133 Y151.197 E24.75584
G1 X157.731 Y151.197 E24.78813
G1 X156.153 Y149.619 E24.90861
G1 X156.751 Y149.619 E24.94090
G1 X158.329 Y151.197 E25.06137
G1 X158.927 Y151.197 E25.09366
G1 X157.349 Y149.619 E25.21414
G1 X157.947 Y149.619 E25.24643
G1 X159.525 Y151.197 E25.36690
G1 X160.123 Y151.197 E25.39919
G1 X158.545 Y149.619 E25.51967
G1 X159.144 Y149.619 E25.55196
G1 X160.722 Y151.197 E25.67243
G1 X161.320 Y151.197 E25.70473
G1 X159.742 Y149.619 E25.82520
G1 X160.340 Y149.619 E25.85749
G1 X161.918 Y151.197 E25.97797
G1 X162.516 Y151.197 E26.01026
G1 X160.938 Y149.619 E26.13073
G1 X161.536 Y149.619 E26.16302
G1 X163.114 Y151.197 E26.28350
G1 X163.713 Y151.197 E26.31579
G1 X162.134 Y149.619 E26.43626
G1 X162.733 Y149.619 E26.46855
G1 X164.311 Y151.197 E26.58903
G1 X164.909 Y151.197 E26.62132
G1 X163.331 Y149.619 E26.74179
G1 X163.929 Y149.619 E26.77408
G1 X165.507 Y151.197 E26.89456
G1 X166.105 Y151.197 E26.92685
G1 X164.527 Y149.619 E27.04732
G1 X165.125 Y149.619 E27.07961
G1 X166.703 Y151.197 E27.20009
G1 X167.302 Y151.197 E27.23238
G1 X165.724 Y149.619 E27.35285
G1 X166.322 Y149.619 E27.38515
G1 X167.900 Y151.197 E27.50562
G1 X168.498 Y151.197 E27.53791
G1 X166.920 Y149.619 E27.65838
G1 X167.518 Y149.619 E27.69068
G1 X169.096 Y151.197 E27.81115
G1 X169.694 Y151.197 E27.84344
G1 X168.116 Y149.619 E27.96392
G1 X168.714 Y149.619 E27.99621
G1 X170.292 Y151.197 E28.11668
G1 X170.891 Y151.197 E28.14897
G1 X169.313 Y149.619 E28.26945
G1 X169.911 Y149.619 E28.30174
G1 X171.489 Y151.197 E28.42221
G1 X172.087 Y151.197 E28.45450
G1 X170.509 Y149.619 E28.57498
G1 X171.107 Y149.619 E28.60727
G1 X172.685 Y151.197 E28.72774
G1 X173.283 Y151.197 E28.76003
G1 X171.705 Y149.619 E28.88051
G1 X172.303 Y149.619 E28.91280
G1 X173.882 Y151.197 E29.03327
G1 X174.480 Y151.197 E29.06557
G1 X172.902 Y149.619 E29.18604
G1 X173.500 Y149.619 E29.21833
G1 X175.078 Y151.197 E29.33880
G1 X175.676 Y151.197 E29.37110
G1 X174.098 Y149.619 E29.49157
G1 X174.696 Y149.619 E29.52386
G1 X176.274 Y151.197 E29.64434
G1 X176.872 Y151.197 E29.67663
G1 X175.294 Y149.619 E29.79710
G1 X175.893 Y149.619 E29.82939
G1 X177.471 Y151.197 E29.94987
G1 X178.069 Y151.197 E29.98216
G1 X176.491 Y149.619 E30.10263
G1 X177.089 Y149.619 E30.13492
G1 X178.611 Y151.141 E30.25114
G1 X178.611 Y150.543 E30.28343
G1 X177.687 Y149.619 E30.35398
G1 X178.285 Y149.619 E30.38627
G1 X178.611 Y149.945 E30.41116
G1 E22.41116 F2400.00000
G92 E0
G1 X183.491 Y152.688 F7800.000
G1 E10.00000 F2400.00000
G1 F1800.000
G1 X183.491 Y148.128 E10.21860
G1 X185.316 Y148.128 E10.30606
G1 X185.315 Y152.688 E10.52466
G1 X183.551 Y152.688 E10.60923
G1 X183.573 Y152.296 F7800.000
G1 X183.889 Y152.291 F7800.000
G1 F1800.000
G1 X183.889 Y148.525 E10.81053
G1 X184.919 Y148.525 E10.86560
G1 X184.918 Y152.291 E11.06691
G1 X183.949 Y152.291 E11.11875
G1 X184.404 Y152.081 F7800.000
G1 F2400.000
G1 X184.404 Y148.735 E11.35288
G1 E3.35288 F2400.00000
G92 E0
G1 X146.539 Y152.688 F7800.000
G1 E10.00000 F2400.00000
G1 F1800.000
G1 X144.685 Y152.688 E10.08888
G1 X144.684 Y148.128 E10.30748
G1 X146.539 Y148.128 E10.39638
G1 X146.539 Y152.628 E10.61211
G1 X146.170 Y152.534 F7800.000
G1 X146.142 Y152.291 F7800.000
G1 F1800.000
G1 X145.082 Y152.291 E10.66876
G1 X145.082 Y148.525 E10.87006
G1 X146.142 Y148.525 E10.92672
G1 X146.142 Y152.231 E11.12481
G1 X145.612 Y152.081 F7800.000
G1 F2400.000
G1 X145.612 Y148.735 E11.37108
G1 Z17.750 F7800.000
G1 E3.37108 F2400.00000
G92 E0
G1 X139.823 Y179.312 F7800.000
G1 E10.00000 F2400.00000
G1 F2400.000
G1 X191.185 Y179.312 E12.46219
G1 X191.185 Y181.872 E12.58491
G1 X139.823 Y181.872 E15.04710
G1 X139.823 Y179.372 E15.16694
G1 X140.223 Y179.319 F7800.000
G1 X140.221 Y179.709 F7800.000
G1 F4800.000
G1 X190.787 Y179.709 E17.87022
G1 X190.787 Y181.475 E17.96461
G1 X140.221 Y181.475 E20.66789
G1 X140.221 Y179.769 E20.75907
G1 X140.640 Y180.128 F7800.000
G1 F4800.000
G1 X190.368 Y180.128 E23.41756
G1 X190.368 Y181.056 E23.46716
G1 X140.640 Y181.056 E26.12565
G1 X140.640 Y180.188 E26.17204
G1 X140.849 Y180.592 F7800.000
G1 F2400.000
G1 X190.159 Y180.592 E28.96931
G1 E20.96931 F2400.00000
G92 E0
G1 X149.848 Y152.688 F7800.000
G1 E10.00000 F2400.00000
G1 F2400.000
G1 X149.848 Y148.128 E10.21860
G1 X180.195 Y148.128 E11.67342
G1 X180.195 Y152.688 E11.89202
G1 X149.908 Y152.688 E13.34396
G1 X150.030 Y152.332 F7800.000
G1 X150.245 Y152.291 F7800.000
G1 F4800.000
G1 X150.245 Y148.525 E13.54526
G1 X179.798 Y148.525 E15.12515
G1 X179.798 Y152.291 E15.32646
G1 X150.305 Y152.291 E16.90314
G1 X150.664 Y151.872 F7800.000
G1 F4800.000
G1 X150.664 Y148.944 E17.05966
G1 X179.379 Y148.944 E18.59476
G1 X179.379 Y151.872 E18.75128
G1 X150.724 Y151.872 E20.28318
G1 X151.083 Y151.453 F7800.000
G1 F4800.000
G1 X151.083 Y149.363 E20.39491
G1 X178.960 Y149.363 E21.88523
G1 X178.960 Y151.453 E21.99696
G1 X151.143 Y151.453 E23.48407
G1 X151.339 Y149.945 F7800.000
G1 F3600.000
G1 X151.665 Y149.619 E23.50910
G1 X152.266 Y149.619 E23.54180
G1 X151.339 Y150.547 E23.61309
G1 X151.339 Y151.149 E23.64579
G1 X152.868 Y149.619 E23.76332
G1 X153.470 Y149.619 E23.79602
G1 X151.892 Y151.197 E23.91725
G1 X152.494 Y151.197 E23.94995
G1 X154.072 Y149.619 E24.07118
G1 X154.674 Y149.619 E24.10388
G1 X153.096 Y151.197 E24.22512
G1 X153.698 Y151.197 E24.25782
G1 X155.276 Y149.619 E24.37905
G1 X155.878 Y149.619 E24.41175
G1 X154.300 Y151.197 E24.53298
G1 X154.902 Y151.197 E24.56568
G1 X156.480 Y149.619 E24.68692
G1 X157.082 Y149.619 E24.71962
G1 X155.504 Y151.197 E24.84085
G1 X156.106 Y151.197 E24.87355
G1 X157.684 Y149.619 E24.99478
G1 X158.286 Y149.619 E25.02748
G1 X156.708 Y151.197 E25.14871
G1 X157.310 Y151.197 E25.18141
G1 X158.888 Y149.619 E25.30265
G1 X159.490 Y149.619 E25.33535
G1 X157.912 Y151.197 E25.45658
G1 X158.514 Y151.197 E25.48928
G1 X160.092 Y149.619 E25.61051
G1 X160.694 Y149.619 E25.64321
G1 X159.116 Y151.197 E25.76445
G1 X159.718 Y151.197 E25.79714
G1 X161.296 Y149.619 E25.91838
G1 X161.898 Y149.619 E25.95108
G1 X160.320 Y151.197 E26.07231
G1 X160.922 Y151.197 E26.10501
G1 X162.500 Y149.619 E26.22624
G1 X163.102 Y149.619 E26.25894
G1 X161.523 Y151.197 E26.38018
G1 X162.125 Y151.197 E26.41288
G1 X163.703 Y149.619 E26.53411
G1 X164.305 Y149.619 E26.56681
G1 X162.727 Y151.197 E26.68804
G1 X163.329 Y151.197 E26.72074
G1 X164.907 Y149.619 E26.84197
G1 X165.509 Y149.619 E26.87467
G1 X163.931 Y151.197 E26.99591
G1 X164.533 Y151.197 E27.02861
G1 X166.111 Y149.619 E27.14984
G1 X166.713 Y149.619 E27.18254
G1 X165.135 Y151.197 E27.30377
G1 X165.737 Y151.197 E27.33647
G1 X167.315 Y149.619 E27.45771
G1 X167.917 Y149.619 E27.49040
G1 X166.339 Y151.197 E27.61164
G1 X166.941 Y151.197 E27.64434
G1 X168.519 Y149.619 E27.76557
G1 X169.121 Y149.619 E27.79827
G1 X167.543 Y151.197 E27.91950
G1 X168.145 Y151.197 E27.95220
G1 X169.723 Y149.619 E28.07344
G1 X170.325 Y149.619 E28.10614
G1 X168.747 Y151.197 E28.22737
G1 X169.349 Y151.197 E28.26007
G1 X170.927 Y149.619 E28.38130
G1 X171.529 Y149.619 E28.41400
G1 X169.951 Y151.197 E28.53524
G1 X170.553 Y151.197 E28.56793
G1 X172.131 Y149.619 E28.68917
G1 X172.733 Y149.619 E28.72187
G1 X171.155 Y151.197 E28.84310
G1 X171.757 Y151.197 E28.87580
G1 X173.335 Y149.619 E28.99703
G1 X173.937 Y149.619 E29.02973
G1 X172.359 Y151.197 E29.15097
G1 X172.960 Y151.197 E29.18367
G1 X174.539 Y149.619 E29.30490
G1 X175.140 Y149.619 E29.33760
G1 X173.562 Y151.197 E29.45883
G1 X174.164 Y151.197 E29.49153
G1 X175.742 Y149.619 E29.61276
G1 X176.344 Y149.619 E29.64546
G1 X174.766 Y151.197 E29.76670
G1 X175.368 Y151.197 E29.79940
G1 X176.946 Y149.619 E29.92063
G1 X177.548 Y149.619 E29.95333
G1 X175.970 Y151.197 E30.07456
G1 X176.572 Y151.197 E30.10726
G1 X178.150 Y149.619 E30.22850
G1 X178.704 Y149.619 E30.25858
G1 X178.704 Y149.667 E30.26120
G1 X177.174 Y151.197 E30.37872
G1 X177.776 Y151.197 E30.41142
G1 X178.704 Y150.269 E30.48271
G1 X178.704 Y150.871 E30.51541
G1 X178.378 Y151.197 E30.54045
G1 E22.54045 F2400.00000
G92 E0
G1 X183.399 Y152.688 F7800.000
G1 E10.00000 F2400.00000
G1 F1800.000
G1 X183.399 Y148.128 E10.21860
G1 X185.066 Y148.128 E10.29852
G1 X185.063 Y152.688 E10.51712
G1 X183.459 Y152.688 E10.59405
G1 X183.453 Y152.292 F7800.000
G1 X183.796 Y152.291 F7800.000
G1 F1800.000
G1 X183.796 Y148.525 E10.79536
G1 X184.669 Y148.525 E10.84202
G1 X184.666 Y152.291 E11.04333
G1 X183.856 Y152.291 E11.08666
G1 X184.231 Y152.081 F7800.000
G1 F2400.000
G1 X184.232 Y148.735 E11.25314
G1 E3.25314 F2400.00000
G92 E0
G1 X146.623 Y152.688 F7800.000
G1 E10.00000 F2400.00000
G1 F1800.000
G1 X144.937 Y152.688 E10.08086
G1 X144.935 Y148.128 E10.29946
G1 X146.623 Y148.128 E10.38041
G1 X146.623 Y152.628 E10.59614
G1 X146.256 Y152.530 F7800.000
G1 X146.226 Y152.291 F7800.000
G1 F1800.000
G1 X145.334 Y152.291 E10.64384
G1 X145.332 Y148.525 E10.84515
G1 X146.226 Y148.525 E10.89294
G1 X146.226 Y152.231 E11.09104
G1 X145.780 Y152.081 F7800.000
G1 F2400.000
G1 X145.779 Y148.735 E11.26641
G1 Z18.050 F7800.000
G1 E3.26641 F2400.00000
G92 E0
G1 X139.847 Y179.312 F7800.000
G1 E10.00000 F2400.00000
G1 F2400.000
G1 X191.185 Y179.312 E12.46106
G1 X191.185 Y181.872 E12.58378
G1 X139.847 Y181.872 E15.04484
G1 X139.847 Y179.372 E15.16469
G1 X140.247 Y179.319 F7800.000
G1 X140.244 Y179.709 F7800.000
G1 F4800.000
G1 X190.788 Y179.709 E17.86672
G1 X190.788 Y181.475 E17.96110
G1 X140.244 Y181.475 E20.66312
G1 X140.244 Y179.769 E20.75430
G1 X140.663 Y180.128 F7800.000
G1 F4800.000
G1 X190.369 Y180.128 E23.41154
G1 X190.369 Y181.056 E23.46114
G1 X140.663 Y181.056 E26.11837
G1 X140.663 Y180.188 E26.16476
G1 X140.873 Y180.592 F7800.000
G1 F2400.000
G1 X190.159 Y180.592 E28.96070
G1 E20.96070 F2400.00000
G92 E0
G1 X149.690 Y152.688 F7800.000
G1 E10.00000 F2400.00000
G1 F2400.000
G1 X149.690 Y148.128 E10.21860
G1 X180.362 Y148.128 E11.68895
G1 X180.362 Y152.688 E11.90755
G1 X149.750 Y152.688 E13.37503
G1 X149.873 Y152.332 F7800.000
G1 X150.088 Y152.291 F7800.000
G1 F4800.000
G1 X150.088 Y148.525 E13.57633
G1 X179.965 Y148.525 E15.17355
G1 X179.965 Y152.291 E15.37485
G1 X150.148 Y152.291 E16.96886
G1 X150.507 Y151.872 F7800.000
G1 F4800.000
G1 X150.507 Y148.944 E17.12538
G1 X179.546 Y148.944 E18.67781
G1 X179.546 Y151.872 E18.83432
G1 X150.567 Y151.872 E20.38355
G1 X150.925 Y151.453 F7800.000
G1 F4800.000
G1 X150.925 Y149.363 E20.49528
G1 X179.127 Y149.363 E22.00292
G1 X179.127 Y151.453 E22.11465
G1 X150.985 Y151.453 E23.61909
G1 X151.181 Y150.871 F7800.000
G1 F3600.000
G1 X151.507 Y151.197 E23.64389
G1 X152.104 Y151.197 E23.67596
G1 X151.181 Y150.275 E23.74612
G1 X151.181 Y149.679 E23.77820
G1 X152.700 Y151.197 E23.89372
G1 X153.296 Y151.197 E23.92579
G1 X151.718 Y149.619 E24.04586
G1 X152.314 Y149.619 E24.07793
G1 X153.892 Y151.197 E24.19800
G1 X154.488 Y151.197 E24.23007
G1 X152.910 Y149.619 E24.35014
G1 X153.506 Y149.619 E24.38221
G1 X155.084 Y151.197 E24.50228
G1 X155.680 Y151.197 E24.53435
G1 X154.102 Y149.619 E24.65442
G1 X154.699 Y149.619 E24.68649
G1 X156.277 Y151.197 E24.80656
G1 X156.873 Y151.197 E24.83864
G1 X155.295 Y149.619 E24.95870
G1 X155.891 Y149.619 E24.99078
G1 X157.469 Y151.197 E25.11084
G1 X158.065 Y151.197 E25.14292
G1 X156.487 Y149.619 E25.26299
G1 X157.083 Y149.619 E25.29506
G1 X158.661 Y151.197 E25.41513
G1 X159.257 Y151.197 E25.44720
G1 X157.679 Y149.619 E25.56727
G1 X158.276 Y149.619 E25.59934
G1 X159.854 Y151.197 E25.71941
G1 X160.450 Y151.197 E25.75148
G1 X158.872 Y149.619 E25.87155
G1 X159.468 Y149.619 E25.90362
G1 X161.046 Y151.197 E26.02369
G1 X161.642 Y151.197 E26.05576
G1 X160.064 Y149.619 E26.17583
G1 X160.660 Y149.619 E26.20791
G1 X162.238 Y151.197 E26.32797
G1 X162.834 Y151.197 E26.36005
G1 X161.256 Y149.619 E26.48011
G1 X161.852 Y149.619 E26.51219
G1 X163.431 Y151.197 E26.63226
G1 X164.027 Y151.197 E26.66433
G1 X162.449 Y149.619 E26.78440
G1 X163.045 Y149.619 E26.81647
G1 X164.623 Y151.197 E26.93654
G1 X165.219 Y151.197 E26.96861
G1 X163.641 Y149.619 E27.08868
G1 X164.237 Y149.619 E27.12075
G1 X165.815 Y151.197 E27.24082
G1 X166.411 Y151.197 E27.27290
G1 X164.833 Y149.619 E27.39296
G1 X165.429 Y149.619 E27.42504
G1 X167.008 Y151.197 E27.54510
G1 X167.604 Y151.197 E27.57718
G1 X166.026 Y149.619 E27.69725
G1 X166.622 Y149.619 E27.72932
G1 X168.200 Y151.197 E27.84939
G1 X168.796 Y151.197 E27.88146
G1 X167.218 Y149.619 E28.00153
G1 X167.814 Y149.619 E28.03360
G1 X169.392 Y151.197 E28.15367
G1 X169.988 Y151.197 E28.18574
G1 X168.410 Y149.619 E28.30581
G1 X169.006 Y149.619 E28.33788
G1 X170.584 Y151.197 E28.45795
G1 X171.181 Y151.197 E28.49003
G1 X169.603 Y149.619 E28.61009
G1 X170.199 Y149.619 E28.64217
G1 X171.777 Y151.197 E28.76223
G1 X172.373 Y151.197 E28.79431
G1 X170.795 Y149.619 E28.91438
G1 X171.391 Y149.619 E28.94645
G1 X172.969 Y151.197 E29.06652
G1 X173.565 Y151.197 E29.09859
G1 X171.987 Y149.619 E29.21866
G1 X172.583 Y149.619 E29.25073
G1 X174.161 Y151.197 E29.37080
G1 X174.758 Y151.197 E29.40287
G1 X173.180 Y149.619 E29.52294
G1 X173.776 Y149.619 E29.55501
G1 X175.354 Y151.197 E29.67508
G1 X175.950 Y151.197 E29.70716
G1 X174.372 Y149.619 E29.82722
G1 X174.968 Y149.619 E29.85930
G1 X176.546 Y151.197 E29.97936
G1 X177.142 Y151.197 E30.01144
G1 X175.564 Y149.619 E30.13151
G1 X176.160 Y149.619 E30.16358
G1 X177.738 Y151.197 E30.28365
G1 X178.335 Y151.197 E30.31572
G1 X176.756 Y149.619 E30.43579
G1 X177.353 Y149.619 E30.46786
G1 X178.871 Y151.137 E30.58338
G1 X178.871 Y150.541 E30.61545
G1 X177.949 Y149.619 E30.68561
G1 X178.545 Y149.619 E30.71769
G1 X178.871 Y149.945 E30.74249
G1 E22.74249 F2400.00000
G92 E0
G1 X183.232 Y152.688 F7800.000
G1 E10.00000 F2400.00000
G1 F1800.000
G1 X183.232 Y148.128 E10.21860
G1 X184.806 Y148.128 E10.29409
G1 X184.810 Y152.688 E10.51269
G1 X183.292 Y152.688 E10.58547
G1 X183.276 Y152.290 F7800.000
G1 X183.629 Y152.291 F7800.000
G1 F1800.000
G1 X183.629 Y148.525 E10.78677
G1 X184.409 Y148.525 E10.82849
G1 X184.412 Y152.291 E11.02980
G1 X183.689 Y152.291 E11.06846
G1 X184.020 Y152.081 F7800.000
G1 F2400.000
G1 X184.019 Y148.735 E11.19649
G1 E3.19649 F2400.00000
G92 E0
G1 X146.780 Y152.688 F7800.000
G1 E10.00000 F2400.00000
G1 F1800.000
G1 X145.190 Y152.688 E10.07623
G1 X145.194 Y148.128 E10.29483
G1 X146.780 Y148.128 E10.37090
G1 X146.780 Y152.628 E10.58663
G1 X146.414 Y152.528 F7800.000
G1 X146.383 Y152.291 F7800.000
G1 F1800.000
G1 X145.588 Y152.291 E10.62915
G1 X145.591 Y148.525 E10.83045
G1 X146.383 Y148.525 E10.87282
G1 X146.383 Y152.231 E11.07092
G1 X145.986 Y152.081 F7800.000
G1 F2400.000
G1 X145.987 Y148.735 E11.20410
G1 Z18.350 F7800.000
G1 E3.20410 F2400.00000
G92 E0
G1 X139.871 Y179.312 F7800.000
G1 E10.00000 F2400.00000
G1 F2400.000
G1 X191.185 Y179.312 E12.45993
G1 X191.185 Y181.872 E12.58266
G1 X139.871 Y181.872 E15.04259
G1 X139.871 Y179.372 E15.16244
G1 X140.271 Y179.319 F7800.000
G1 X140.268 Y179.709 F7800.000
G1 F4800.000
G1 X190.788 Y179.709 E17.86321
G1 X190.788 Y181.475 E17.95759
G1 X140.268 Y181.475 E20.65836
G1 X140.268 Y179.769 E20.74954
G1 X140.687 Y180.128 F7800.000
G1 F4800.000
G1 X190.369 Y180.128 E23.40552
G1 X190.369 Y181.056 E23.45511
G1 X140.687 Y181.056 E26.11110
G1 X140.687 Y180.188 E26.15749
G1 X140.897 Y180.592 F7800.000
G1 F2400.000
G1 X190.159 Y180.592 E28.95209
G1 E20.95209 F2400.00000
G92 E0
G1 X149.425 Y152.688 F7800.000
G1 E10.00000 F2400.00000
G1 F2400.000
G1 X149.425 Y148.128 E10.21860
G1 X180.641 Y148.128 E11.71509
G1 X180.641 Y152.688 E11.93369
G1 X149.485 Y152.688 E13.42730
G1 X149.608 Y152.332 F7800.000
G1 X149.822 Y152.291 F7800.000
G1 F4800.000
G1 X149.822 Y148.525 E13.62860
G1 X180.244 Y148.525 E15.25496
G1 X180.244 Y152.291 E15.45626
G1 X149.882 Y152.291 E17.07941
G1 X150.241 Y151.872 F7800.000
G1 F4800.000
G1 X150.241 Y148.944 E17.23593
G1 X179.825 Y148.944 E18.81750
G1 X179.825 Y151.872 E18.97402
G1 X150.301 Y151.872 E20.55238
G1 X150.660 Y151.453 F7800.000
G1 F4800.000
G1 X150.660 Y149.363 E20.66412
G1 X179.406 Y149.363 E22.20090
G1 X179.406 Y151.453 E22.31263
G1 X150.720 Y151.453 E23.84621
G1 X150.916 Y149.945 F7800.000
G1 F3600.000
G1 X151.242 Y149.619 E23.87096
G1 X151.837 Y149.619 E23.90292
G1 X150.916 Y150.540 E23.97288
G1 X150.916 Y151.135 E24.00484
G1 X152.432 Y149.619 E24.12000
G1 X153.027 Y149.619 E24.15197
G1 X151.449 Y151.197 E24.27182
G1 X152.044 Y151.197 E24.30379
G1 X153.622 Y149.619 E24.42364
G1 X154.217 Y149.619 E24.45560
G1 X152.639 Y151.197 E24.57546
G1 X153.234 Y151.197 E24.60742
G1 X154.812 Y149.619 E24.72728
G1 X155.407 Y149.619 E24.75924
G1 X153.829 Y151.197 E24.87910
G1 X154.425 Y151.197 E24.91106
G1 X156.003 Y149.619 E25.03092
G1 X156.598 Y149.619 E25.06288
G1 X155.020 Y151.197 E25.18274
G1 X155.615 Y151.197 E25.21470
G1 X157.193 Y149.619 E25.33456
G1 X157.788 Y149.619 E25.36652
G1 X156.210 Y151.197 E25.48638
G1 X156.805 Y151.197 E25.51834
G1 X158.383 Y149.619 E25.63820
G1 X158.978 Y149.619 E25.67016
G1 X157.400 Y151.197 E25.79002
G1 X157.995 Y151.197 E25.82198
G1 X159.573 Y149.619 E25.94183
G1 X160.168 Y149.619 E25.97380
G1 X158.590 Y151.197 E26.09365
G1 X159.185 Y151.197 E26.12562
G1 X160.764 Y149.619 E26.24547
G1 X161.359 Y149.619 E26.27743
G1 X159.781 Y151.197 E26.39729
G1 X160.376 Y151.197 E26.42925
G1 X161.954 Y149.619 E26.54911
G1 X162.549 Y149.619 E26.58107
G1 X160.971 Y151.197 E26.70093
G1 X161.566 Y151.197 E26.73289
G1 X163.144 Y149.619 E26.85275
G1 X163.739 Y149.619 E26.88471
G1 X162.161 Y151.197 E27.00457
G1 X162.756 Y151.197 E27.03653
G1 X164.334 Y149.619 E27.15639
G1 X164.929 Y149.619 E27.18835
G1 X163.351 Y151.197 E27.30821
G1 X163.946 Y151.197 E27.34017
G1 X165.524 Y149.619 E27.46003
G1 X166.120 Y149.619 E27.49199
G1 X164.542 Y151.197 E27.61185
G1 X165.137 Y151.197 E27.64381
G1 X166.715 Y149.619 E27.76366
G1 X167.310 Y149.619 E27.79563
G1 X165.732 Y151.197 E27.91548
G1 X166.327 Y151.197 E27.94745
G1 X167.905 Y149.619 E28.06730
G1 X168.500 Y149.619 E28.09926
G1 X166.922 Y151.197 E28.21912
G1 X167.517 Y151.197 E28.25108
G1 X169.095 Y149.619 E28.37094
G1 X169.690 Y149.619 E28.40290
G1 X168.112 Y151.197 E28.52276
G1 X168.707 Y151.197 E28.55472
G1 X170.285 Y149.619 E28.67458
G1 X170.881 Y149.619 E28.70654
G1 X169.302 Y151.197 E28.82640
G1 X169.898 Y151.197 E28.85836
G1 X171.476 Y149.619 E28.97822
G1 X172.071 Y149.619 E29.01018
G1 X170.493 Y151.197 E29.13004
G1 X171.088 Y151.197 E29.16200
G1 X172.666 Y149.619 E29.28186
G1 X173.261 Y149.619 E29.31382
G1 X171.683 Y151.197 E29.43368
G1 X172.278 Y151.197 E29.46564
G1 X173.856 Y149.619 E29.58550
G1 X174.451 Y149.619 E29.61746
G1 X172.873 Y151.197 E29.73731
G1 X173.468 Y151.197 E29.76928
G1 X175.046 Y149.619 E29.88913
G1 X175.641 Y149.619 E29.92109
G1 X174.063 Y151.197 E30.04095
G1 X174.659 Y151.197 E30.07291
G1 X176.237 Y149.619 E30.19277
G1 X176.832 Y149.619 E30.22473
G1 X175.254 Y151.197 E30.34459
G1 X175.849 Y151.197 E30.37655
G1 X177.427 Y149.619 E30.49641
G1 X178.022 Y149.619 E30.52837
G1 X176.444 Y151.197 E30.64823
G1 X177.039 Y151.197 E30.68019
G1 X178.617 Y149.619 E30.80005
G1 X179.150 Y149.619 E30.82869
G1 X179.150 Y149.681 E30.83201
G1 X177.634 Y151.197 E30.94717
G1 X178.229 Y151.197 E30.97913
G1 X179.150 Y150.276 E31.04909
G1 X179.150 Y150.871 E31.08105
G1 X178.824 Y151.197 E31.10581
G1 X182.952 Y152.688 F7800.000
G1 F1800.000
G1 X182.952 Y148.128 E31.32441
G1 X184.524 Y148.128 E31.39975
G1 X184.526 Y152.688 E31.61835
G1 X183.012 Y152.688 E31.69090
G1 X183.073 Y152.307 F7800.000
G1 X183.350 Y152.291 F7800.000
G1 F1800.000
G1 X183.350 Y148.525 E31.89220
G1 X184.127 Y148.525 E31.93377
G1 X184.129 Y152.291 E32.13507
G1 X183.410 Y152.291 E32.17352
G1 X183.739 Y152.081 F7800.000
G1 F2400.000
G1 X183.738 Y148.735 E32.30015
G1 E24.30015 F2400.00000
G92 E0
G1 X147.046 Y152.688 F7800.000
G1 E10.00000 F2400.00000
G1 F1800.000
G1 X145.475 Y152.688 E10.07534
G1 X145.476 Y148.128 E10.29394
G1 X147.046 Y148.128 E10.36921
G1 X147.046 Y152.628 E10.58493
G1 X146.680 Y152.527 F7800.000
G1 X146.649 Y152.291 F7800.000
G1 F1800.000
G1 X145.872 Y152.291 E10.62647
G1 X145.873 Y148.525 E10.82777
G1 X146.649 Y148.525 E10.86924
G1 X146.649 Y152.231 E11.06734
G1 X146.260 Y152.081 F7800.000
G1 F2400.000
G1 X146.261 Y148.735 E11.19273
G1 Z18.650 F7800.000
G1 E3.19273 F2400.00000
G92 E0
G1 X139.895 Y179.312 F7800.000
G1 E10.00000 F2400.00000
G1 F2400.000
G1 X191.185 Y179.312 E12.45881
G1 X191.185 Y181.872 E12.58153
G1 X139.895 Y181.872 E15.04034
G1 X139.895 Y179.372 E15.16019
G1 X140.295 Y179.319 F7800.000
G1 X140.292 Y179.709 F7800.000
G1 F4800.000
G1 X190.788 Y179.709 E17.85970
G1 X190.788 Y181.475 E17.95408
G1 X140.292 Y181.475 E20.65360
G1 X140.292 Y179.769 E20.74477
G1 X140.711 Y180.128 F7800.000
G1 F4800.000
G1 X190.369 Y180.128 E23.39950
G1 X190.369 Y181.056 E23.44910
G1 X140.711 Y181.056 E26.10382
G1 X140.711 Y180.188 E26.15021
G1 X140.920 Y180.592 F7800.000
G1 F2400.000
G1 X190.160 Y180.592 E28.94349
G1 E20.94349 F2400.00000
G92 E0
G1 X148.865 Y152.688 F7800.000
G1 E10.00000 F2400.00000
M106 S255

G1 F3600.000
G1 X148.865 Y148.128 E10.24378
G1 X149.005 Y148.128 E10.25125
M106 S224.4

G1 F2400.000
G1 X181.061 Y148.128 E11.78800
M106 S255

G1 F3600.000
G1 X181.291 Y148.128 E11.80026
G1 X181.291 Y152.688 E12.04404
G1 X181.061 Y152.688 E12.05630
M106 S224.4

G1 F2400.000
G1 X149.005 Y152.688 E13.59305
M106 S255

G1 F3600.000
G1 X148.925 Y152.688 E13.59731
M106 S224.4

G1 X149.262 Y152.291 F7800.000
G1 F4800.000
G1 X149.262 Y148.525 E13.79862
G1 X180.893 Y148.525 E15.48961
G1 X180.893 Y152.291 E15.69092
G1 X149.322 Y152.291 E17.37871
G1 X149.681 Y151.872 F7800.000
G1 F4800.000
G1 X149.681 Y148.944 E17.53522
G1 X180.474 Y148.944 E19.18143
G1 X180.474 Y151.872 E19.33795
G1 X149.741 Y151.872 E20.98095
G1 X150.100 Y151.453 F7800.000
G1 F4800.000
G1 X150.100 Y149.363 E21.09268
G1 X180.056 Y149.363 E22.69410
G1 X180.056 Y151.453 E22.80584
G1 X150.160 Y151.453 E24.40405
G1 X150.682 Y151.197 F7800.000
G1 F3600.000
G1 X150.356 Y150.871 E24.42881
G1 X150.356 Y150.276 E24.46081
G1 X151.277 Y151.197 E24.53084
G1 X151.873 Y151.197 E24.56284
G1 X150.356 Y149.680 E24.67813
G1 X150.356 Y149.619 E24.68142
G1 X150.890 Y149.619 E24.71013
G1 X152.468 Y151.197 E24.83006
G1 X153.064 Y151.197 E24.86207
G1 X151.486 Y149.619 E24.98200
G1 X152.081 Y149.619 E25.01400
G1 X153.659 Y151.197 E25.13393
G1 X154.255 Y151.197 E25.16593
G1 X152.677 Y149.619 E25.28587
G1 X153.272 Y149.619 E25.31787
G1 X154.850 Y151.197 E25.43780
G1 X155.446 Y151.197 E25.46980
G1 X153.868 Y149.619 E25.58973
G1 X154.463 Y149.619 E25.62173
G1 X156.041 Y151.197 E25.74167
G1 X156.637 Y151.197 E25.77367
G1 X155.059 Y149.619 E25.89360
G1 X155.654 Y149.619 E25.92560
G1 X157.232 Y151.197 E26.04553
G1 X157.828 Y151.197 E26.07753
G1 X156.250 Y149.619 E26.19747
G1 X156.845 Y149.619 E26.22947
G1 X158.423 Y151.197 E26.34940
G1 X159.019 Y151.197 E26.38140
G1 X157.441 Y149.619 E26.50133
G1 X158.036 Y149.619 E26.53333
G1 X159.614 Y151.197 E26.65327
G1 X160.210 Y151.197 E26.68527
G1 X158.632 Y149.619 E26.80520
G1 X159.227 Y149.619 E26.83720
G1 X160.805 Y151.197 E26.95713
G1 X161.401 Y151.197 E26.98914
G1 X159.823 Y149.619 E27.10907
G1 X160.418 Y149.619 E27.14107
G1 X161.996 Y151.197 E27.26100
G1 X162.592 Y151.197 E27.29300
G1 X161.014 Y149.619 E27.41293
G1 X161.609 Y149.619 E27.44494
G1 X163.187 Y151.197 E27.56487
G1 X163.783 Y151.197 E27.59687
G1 X162.205 Y149.619 E27.71680
G1 X162.800 Y149.619 E27.74880
G1 X164.378 Y151.197 E27.86874
G1 X164.974 Y151.197 E27.90074
G1 X163.396 Y149.619 E28.02067
G1 X163.991 Y149.619 E28.05267
G1 X165.569 Y151.197 E28.17260
G1 X166.165 Y151.197 E28.20460
G1 X164.587 Y149.619 E28.32454
G1 X165.182 Y149.619 E28.35654
G1 X166.760 Y151.197 E28.47647
G1 X167.356 Y151.197 E28.50847
G1 X165.777 Y149.619 E28.62840
G1 X166.373 Y149.619 E28.66040
G1 X167.951 Y151.197 E28.78034
G1 X168.547 Y151.197 E28.81234
G1 X166.968 Y149.619 E28.93227
G1 X167.564 Y149.619 E28.96427
G1 X169.142 Y151.197 E29.08420
G1 X169.737 Y151.197 E29.11620
G1 X168.159 Y149.619 E29.23614
G1 X168.755 Y149.619 E29.26814
G1 X170.333 Y151.197 E29.38807
G1 X170.928 Y151.197 E29.42007
G1 X169.350 Y149.619 E29.54000
G1 X169.946 Y149.619 E29.57201
G1 X171.524 Y151.197 E29.69194
G1 X172.119 Y151.197 E29.72394
G1 X170.541 Y149.619 E29.84387
G1 X171.137 Y149.619 E29.87587
G1 X172.715 Y151.197 E29.99580
G1 X173.310 Y151.197 E30.02781
G1 X171.732 Y149.619 E30.14774
G1 X172.328 Y149.619 E30.17974
G1 X173.906 Y151.197 E30.29967
G1 X174.501 Y151.197 E30.33167
G1 X172.923 Y149.619 E30.45161
G1 X173.519 Y149.619 E30.48361
G1 X175.097 Y151.197 E30.60354
G1 X175.692 Y151.197 E30.63554
G1 X174.114 Y149.619 E30.75547
G1 X174.710 Y149.619 E30.78747
G1 X176.288 Y151.197 E30.90741
G1 X176.883 Y151.197 E30.93941
G1 X175.305 Y149.619 E31.05934
G1 X175.901 Y149.619 E31.09134
G1 X177.479 Y151.197 E31.21127
G1 X178.074 Y151.197 E31.24327
G1 X176.496 Y149.619 E31.36321
G1 X177.092 Y149.619 E31.39521
G1 X178.670 Y151.197 E31.51514
G1 X179.265 Y151.197 E31.54714
G1 X177.687 Y149.619 E31.66707
G1 X178.283 Y149.619 E31.69907
G1 X179.800 Y151.136 E31.81436
G1 X179.800 Y150.540 E31.84636
G1 X178.878 Y149.619 E31.91639
G1 X179.474 Y149.619 E31.94839
G1 X179.800 Y149.945 E31.97317
G1 E23.97317 F2400.00000
G92 E0
G1 X184.241 Y152.688 F7800.000
G1 E10.00000 F2400.00000
G1 F2400.000
G1 X182.532 Y152.688 E10.08193
M106 S255

G1 F3600.000
G1 X182.303 Y152.688 E10.09419
G1 X182.303 Y148.128 E10.33797
G1 X182.532 Y148.128 E10.35023
M106 S224.4

G1 F2400.000
G1 X184.242 Y148.128 E10.43217
G1 X184.241 Y152.628 E10.64789
G1 X183.895 Y152.488 F7800.000
G1 X183.844 Y152.291 F7800.000
G1 F1800.000
G1 X182.700 Y152.291 E10.70906
G1 X182.700 Y148.525 E10.91036
G1 X183.845 Y148.525 E10.97154
G1 X183.844 Y152.231 E11.16964
G1 X183.426 Y151.872 F7800.000
G1 F1800.000
G1 X183.119 Y151.872 E11.18603
G1 X183.119 Y148.944 E11.34255
G1 X183.426 Y148.944 E11.35896
G1 X183.426 Y151.812 E11.51227
G1 E3.51227 F2400.00000
G92 E0
G1 X147.466 Y152.688 F7800.000
G1 E10.00000 F2400.00000
G1 F2400.000
G1 X145.759 Y152.688 E10.08185
G1 X145.759 Y148.128 E10.30045
G1 X147.466 Y148.128 E10.38231
M106 S255

G1 F3600.000
G1 X147.606 Y148.128 E10.38977
G1 X147.606 Y152.688 E10.63355
G1 X147.526 Y152.688 E10.63781
M106 S224.4

G1 X147.209 Y152.291 F7800.000
G1 F1800.000
G1 X146.156 Y152.291 E10.69408
G1 X146.156 Y148.525 E10.89538
G1 X147.209 Y148.525 E10.95166
G1 X147.209 Y152.231 E11.14976
G1 X146.682 Y152.081 F7800.000
G1 F2400.000
G1 X146.682 Y148.735 E11.39298
M106 S226.95
G1 Z18.950 F7800.000
G1 E3.39298 F2400.00000
G92 E0
G1 X139.918 Y179.312 F7800.000
G1 E10.00000 F2400.00000
G1 F2400.000
G1 X191.186 Y179.312 E12.45768
G1 X191.186 Y181.872 E12.58041
G1 X139.918 Y181.872 E15.03809
G1 X139.918 Y179.372 E15.15793
G1 X140.318 Y179.319 F7800.000
G1 X140.316 Y179.709 F7800.000
G1 F4800.000
G1 X190.788 Y179.709 E17.85619
G1 X190.788 Y181.475 E17.95057
G1 X140.316 Y181.475 E20.64883
G1 X140.316 Y179.769 E20.74001
G1 X140.735 Y180.128 F7800.000
G1 F4800.000
G1 X190.369 Y180.128 E23.39348
G1 X190.369 Y181.056 E23.44307
G1 X140.735 Y181.056 E26.09654
G1 X140.735 Y180.188 E26.14293
G1 X140.944 Y180.592 F7800.000
G1 F2400.000
G1 X190.160 Y180.592 E28.93488
G1 E20.93488 F2400.00000
G92 E0
G1 X146.043 Y152.688 F7800.000
G1 E10.00000 F2400.00000
G1 F2400.000
G1 X146.041 Y148.128 E10.21860
G1 X148.026 Y148.128 E10.31375
M106 S255

G1 F3600.000
G1 X148.445 Y148.128 E10.33615
M106 S226.95

G1 F2400.000
G1 X181.711 Y148.128 E11.93087
M106 S255

G1 F3600.000
G1 X181.883 Y148.128 E11.94008
M106 S226.95

G1 F2400.000
G1 X183.959 Y148.128 E12.03961
G1 X183.960 Y148.788 E12.07127
G1 X183.957 Y152.688 E12.25821
G1 X181.883 Y152.688 E12.35763
M106 S255

G1 F3600.000
G1 X181.711 Y152.688 E12.36685
M106 S226.95

G1 F2400.000
G1 X148.445 Y152.688 E13.96156
M106 S255

G1 F3600.000
G1 X148.026 Y152.688 E13.98396
M106 S226.95

G1 F2400.000
G1 X146.103 Y152.688 E14.07614
G1 X146.043 Y152.288 F7800.000
G1 X146.440 Y152.291 F7800.000
G1 F4800.000
G1 X146.439 Y148.525 E14.27744
G1 X148.026 Y148.525 E14.36230
M106 S255

G1 F3600.000
G1 X148.445 Y148.525 E14.38470
M106 S226.95

G1 F4800.000
G1 X181.711 Y148.525 E16.16308
M106 S255

G1 F3600.000
G1 X181.883 Y148.525 E16.17229
M106 S226.95

G1 F4800.000
G1 X183.562 Y148.525 E16.26206
G1 X183.562 Y148.788 E16.27614
G1 X183.560 Y152.291 E16.46337
G1 X181.883 Y152.291 E16.55302
M106 S255

G1 F3600.000
G1 X181.711 Y152.291 E16.56223
M106 S226.95

G1 F4800.000
G1 X148.445 Y152.291 E18.34061
M106 S255

G1 F3600.000
G1 X148.026 Y152.291 E18.36301
M106 S226.95

G1 F4800.000
G1 X146.500 Y152.291 E18.44457
G1 X146.859 Y151.872 F7800.000
G1 F4800.000
G1 X146.858 Y148.944 E18.60109
G1 X148.026 Y148.944 E18.66354
M106 S255

G1 F3600.000
G1 X148.445 Y148.944 E18.68595
M106 S226.95

G1 F4800.000
G1 X181.711 Y148.944 E20.46432
M106 S255

G1 F3600.000
G1 X181.883 Y148.944 E20.47353
M106 S226.95

G1 F4800.000
G1 X183.143 Y148.944 E20.54092
G1 X183.141 Y151.872 E20.69744
G1 X181.883 Y151.872 E20.76471
M106 S255

G1 F3600.000
G1 X181.711 Y151.872 E20.77392
M106 S226.95

G1 F4800.000
G1 X148.445 Y151.872 E22.55230
M106 S255

G1 F3600.000
G1 X148.026 Y151.872 E22.57470
M106 S226.95

G1 F4800.000
G1 X146.919 Y151.872 E22.63388
G1 X147.278 Y151.453 F7800.000
G1 F4800.000
G1 X147.277 Y149.363 E22.74561
G1 X148.026 Y149.363 E22.78566
M106 S255

G1 F3600.000
G1 X148.445 Y149.363 E22.80807
M106 S226.95

G1 F4800.000
G1 X181.711 Y149.363 E24.58644
M106 S255

G1 F3600.000
G1 X181.883 Y149.363 E24.59565
M106 S226.95

G1 F4800.000
G1 X182.724 Y149.363 E24.64063
G1 X182.723 Y151.453 E24.75236
G1 X181.883 Y151.453 E24.79726
M106 S255

G1 F3600.000
G1 X181.711 Y151.453 E24.80647
M106 S226.95

G1 F4800.000
G1 X148.445 Y151.453 E26.58485
M106 S255

G1 F3600.000
G1 X148.026 Y151.453 E26.60725
M106 S226.95

G1 F4800.000
G1 X147.338 Y151.453 E26.64404
G1 X147.473 Y150.878 F7800.000
M106 S255

G1 F3600.000
G1 X151.659 Y150.878 E26.97986
G1 X151.659 Y150.338 E27.02318
G1 X147.473 Y150.338 E27.35902
G1 X147.472 Y149.798 E27.40234
G1 X151.659 Y149.798 E27.73820
M106 S226.95

G1 X152.017 Y149.619 F7800.000
G1 F3600.000
G1 X151.692 Y149.945 E27.76325
G1 X151.692 Y150.547 E27.79597
G1 X152.620 Y149.619 E27.86730
G1 X153.222 Y149.619 E27.90002
G1 X151.692 Y151.149 E28.01762
G1 X151.692 Y151.197 E28.02022
G1 X152.246 Y151.197 E28.05034
G1 X153.824 Y149.619 E28.17161
G1 X154.426 Y149.619 E28.20434
G1 X152.848 Y151.197 E28.32561
G1 X153.450 Y151.197 E28.35833
G1 X155.028 Y149.619 E28.47960
G1 X155.630 Y149.619 E28.51232
G1 X154.052 Y151.197 E28.63360
G1 X154.654 Y151.197 E28.66632
G1 X156.233 Y149.619 E28.78759
G1 X156.835 Y149.619 E28.82031
G1 X155.257 Y151.197 E28.94158
G1 X155.859 Y151.197 E28.97431
G1 X157.437 Y149.619 E29.09558
G1 X158.039 Y149.619 E29.12830
G1 X156.461 Y151.197 E29.24957
G1 X157.063 Y151.197 E29.28229
G1 X158.641 Y149.619 E29.40357
G1 X159.243 Y149.619 E29.43629
G1 X157.665 Y151.197 E29.55756
G1 X158.267 Y151.197 E29.59028
G1 X159.845 Y149.619 E29.71156
G1 X160.448 Y149.619 E29.74428
G1 X158.869 Y151.197 E29.86555
G1 X159.472 Y151.197 E29.89827
G1 X161.050 Y149.619 E30.01954
G1 X161.652 Y149.619 E30.05226
G1 X160.074 Y151.197 E30.17354
G1 X160.676 Y151.197 E30.20626
G1 X162.254 Y149.619 E30.32753
G1 X162.856 Y149.619 E30.36025
G1 X161.278 Y151.197 E30.48153
G1 X161.880 Y151.197 E30.51425
G1 X163.458 Y149.619 E30.63552
G1 X164.060 Y149.619 E30.66824
G1 X162.482 Y151.197 E30.78951
G1 X163.084 Y151.197 E30.82224
G1 X164.663 Y149.619 E30.94351
G1 X165.265 Y149.619 E30.97623
G1 X163.687 Y151.197 E31.09750
G1 X164.289 Y151.197 E31.13022
G1 X165.867 Y149.619 E31.25150
G1 X166.469 Y149.619 E31.28422
G1 X164.891 Y151.197 E31.40549
G1 X165.493 Y151.197 E31.43821
G1 X167.071 Y149.619 E31.55949
G1 X167.673 Y149.619 E31.59221
G1 X166.095 Y151.197 E31.71348
G1 X166.697 Y151.197 E31.74620
G1 X168.275 Y149.619 E31.86747
G1 X168.878 Y149.619 E31.90020
G1 X167.299 Y151.197 E32.02147
G1 X167.902 Y151.197 E32.05419
G1 X169.480 Y149.619 E32.17546
G1 X170.082 Y149.619 E32.20818
G1 X168.504 Y151.197 E32.32946
G1 X169.106 Y151.197 E32.36218
G1 X170.684 Y149.619 E32.48345
G1 X171.286 Y149.619 E32.51617
G1 X169.708 Y151.197 E32.63745
G1 X170.310 Y151.197 E32.67017
G1 X171.888 Y149.619 E32.79144
G1 X172.490 Y149.619 E32.82416
G1 X170.912 Y151.197 E32.94543
G1 X171.515 Y151.197 E32.97815
G1 X173.093 Y149.619 E33.09943
G1 X173.695 Y149.619 E33.13215
G1 X172.117 Y151.197 E33.25342
G1 X172.719 Y151.197 E33.28614
G1 X174.297 Y149.619 E33.40742
G1 X174.899 Y149.619 E33.44014
G1 X173.321 Y151.197 E33.56141
G1 X173.923 Y151.197 E33.59413
G1 X175.501 Y149.619 E33.71540
G1 X176.103 Y149.619 E33.74813
G1 X174.525 Y151.197 E33.86940
G1 X175.127 Y151.197 E33.90212
G1 X176.705 Y149.619 E34.02339
G1 X177.308 Y149.619 E34.05611
G1 X175.730 Y151.197 E34.17739
G1 X176.332 Y151.197 E34.21011
G1 X177.910 Y149.619 E34.33138
G1 X178.464 Y149.619 E34.36150
G1 X178.464 Y149.667 E34.36410
G1 X176.934 Y151.197 E34.48170
G1 X177.536 Y151.197 E34.51442
G1 X178.464 Y150.269 E34.58575
G1 X178.464 Y150.871 E34.61847
G1 X178.138 Y151.197 E34.64352
G1 X178.497 Y150.878 F7800.000
M106 S255

G1 F3600.000
G1 X182.528 Y150.878 E34.96690
G1 X182.528 Y150.338 E35.01022
G1 X178.497 Y150.338 E35.33363
G1 X178.497 Y149.798 E35.37695
G1 X182.528 Y149.798 E35.70039
M106 S226.95

G1 Z19.250 F7800.000
G1 E27.70039 F2400.00000
G92 E0
G1 X139.942 Y179.312 F7800.000
G1 E10.00000 F2400.00000
G1 F2400.000
G1 X191.186 Y179.312 E12.45656
G1 X191.186 Y181.872 E12.57928
G1 X139.942 Y181.872 E15.03584
G1 X139.942 Y179.372 E15.15568
G1 X140.342 Y179.319 F7800.000
G1 X140.339 Y179.709 F7800.000
G1 F4800.000
G1 X190.789 Y179.709 E17.85268
G1 X190.789 Y181.475 E17.94707
G1 X140.339 Y181.475 E20.64407
G1 X140.339 Y179.769 E20.73524
G1 X140.758 Y180.128 F7800.000
G1 F4800.000
G1 X190.370 Y180.128 E23.38746
G1 X190.370 Y181.056 E23.43706
G1 X140.758 Y181.056 E26.08927
G1 X140.758 Y180.188 E26.13566
G1 X140.968 Y180.592 F7800.000
G1 F2400.000
G1 X190.160 Y180.592 E28.92627
G1 E20.92627 F2400.00000
G92 E0
G1 X146.333 Y152.688 F7800.000
G1 E10.00000 F2400.00000
G1 F2400.000
G1 X146.336 Y148.128 E10.21860
G1 X183.664 Y148.128 E12.00807
G1 X183.667 Y152.688 E12.22667
G1 X146.393 Y152.688 E14.01357
G1 X146.519 Y152.334 F7800.000
G1 X146.730 Y152.291 F7800.000
G1 F4800.000
G1 X146.733 Y148.525 E14.21488
G1 X183.267 Y148.525 E16.16799
G1 X183.270 Y152.291 E16.36929
G1 X146.790 Y152.291 E18.31949
G1 X147.149 Y151.872 F7800.000
G1 F4800.000
G1 X147.152 Y148.944 E18.47600
G1 X182.849 Y148.944 E20.38436
G1 X182.851 Y151.872 E20.54088
G1 X147.209 Y151.872 E22.44626
G1 X147.569 Y151.453 F7800.000
G1 F4800.000
G1 X147.570 Y149.363 E22.55799
G1 X182.430 Y149.363 E24.42159
G1 X182.432 Y151.453 E24.53332
G1 X147.629 Y151.453 E26.39388
G1 X148.151 Y151.197 F7800.000
G1 F3600.000
G1 X147.825 Y150.871 E26.41874
G1 X147.825 Y150.274 E26.45098
G1 X148.749 Y151.197 E26.52145
G1 X149.347 Y151.197 E26.55371
G1 X147.826 Y149.676 E26.66977
G1 X147.826 Y149.619 E26.67285
G1 X148.366 Y149.619 E26.70202
G1 X149.945 Y151.197 E26.82244
G1 X150.542 Y151.197 E26.85470
G1 X148.964 Y149.619 E26.97512
G1 X149.562 Y149.619 E27.00738
G1 X151.140 Y151.197 E27.12780
G1 X151.738 Y151.197 E27.16006
G1 X150.160 Y149.619 E27.28048
G1 X150.758 Y149.619 E27.31274
G1 X152.336 Y151.197 E27.43315
G1 X152.934 Y151.197 E27.46541
G1 X151.356 Y149.619 E27.58583
G1 X151.954 Y149.619 E27.61809
G1 X153.532 Y151.197 E27.73851
G1 X154.130 Y151.197 E27.77077
G1 X152.552 Y149.619 E27.89118
G1 X153.150 Y149.619 E27.92344
G1 X154.728 Y151.197 E28.04386
G1 X155.326 Y151.197 E28.07612
G1 X153.748 Y149.619 E28.19654
G1 X154.345 Y149.619 E28.22880
G1 X155.923 Y151.197 E28.34921
G1 X156.521 Y151.197 E28.38147
G1 X154.943 Y149.619 E28.50189
G1 X155.541 Y149.619 E28.53415
G1 X157.119 Y151.197 E28.65457
G1 X157.717 Y151.197 E28.68683
G1 X156.139 Y149.619 E28.80724
G1 X156.737 Y149.619 E28.83950
G1 X158.315 Y151.197 E28.95992
G1 X158.913 Y151.197 E28.99218
G1 X157.335 Y149.619 E29.11260
G1 X157.933 Y149.619 E29.14486
G1 X159.511 Y151.197 E29.26527
G1 X160.109 Y151.197 E29.29753
G1 X158.531 Y149.619 E29.41795
G1 X159.129 Y149.619 E29.45021
G1 X160.707 Y151.197 E29.57063
G1 X161.304 Y151.197 E29.60289
G1 X159.726 Y149.619 E29.72330
G1 X160.324 Y149.619 E29.75556
G1 X161.902 Y151.197 E29.87598
G1 X162.500 Y151.197 E29.90824
G1 X160.922 Y149.619 E30.02866
G1 X161.520 Y149.619 E30.06092
G1 X163.098 Y151.197 E30.18133
G1 X163.696 Y151.197 E30.21359
G1 X162.118 Y149.619 E30.33401
G1 X162.716 Y149.619 E30.36627
G1 X164.294 Y151.197 E30.48669
G1 X164.892 Y151.197 E30.51895
G1 X163.314 Y149.619 E30.63936
G1 X163.912 Y149.619 E30.67162
G1 X165.490 Y151.197 E30.79204
G1 X166.088 Y151.197 E30.82430
G1 X164.510 Y149.619 E30.94472
G1 X165.107 Y149.619 E30.97698
G1 X166.685 Y151.197 E31.09739
G1 X167.283 Y151.197 E31.12965
G1 X165.705 Y149.619 E31.25007
G1 X166.303 Y149.619 E31.28233
G1 X167.881 Y151.197 E31.40275
G1 X168.479 Y151.197 E31.43501
G1 X166.901 Y149.619 E31.55542
G1 X167.499 Y149.619 E31.58768
G1 X169.077 Y151.197 E31.70810
G1 X169.675 Y151.197 E31.74036
G1 X168.097 Y149.619 E31.86078
G1 X168.695 Y149.619 E31.89304
G1 X170.273 Y151.197 E32.01345
G1 X170.871 Y151.197 E32.04571
G1 X169.293 Y149.619 E32.16613
G1 X169.891 Y149.619 E32.19839
G1 X171.469 Y151.197 E32.31881
G1 X172.067 Y151.197 E32.35107
G1 X170.488 Y149.619 E32.47148
G1 X171.086 Y149.619 E32.50375
G1 X172.664 Y151.197 E32.62416
G1 X173.262 Y151.197 E32.65642
G1 X171.684 Y149.619 E32.77684
G1 X172.282 Y149.619 E32.80910
G1 X173.860 Y151.197 E32.92951
G1 X174.458 Y151.197 E32.96178
G1 X172.880 Y149.619 E33.08219
G1 X173.478 Y149.619 E33.11445
G1 X175.056 Y151.197 E33.23487
G1 X175.654 Y151.197 E33.26713
G1 X174.076 Y149.619 E33.38755
G1 X174.674 Y149.619 E33.41981
G1 X176.252 Y151.197 E33.54022
G1 X176.850 Y151.197 E33.57248
G1 X175.272 Y149.619 E33.69290
G1 X175.869 Y149.619 E33.72516
G1 X177.448 Y151.197 E33.84558
G1 X178.045 Y151.197 E33.87784
G1 X176.467 Y149.619 E33.99825
G1 X177.065 Y149.619 E34.03051
G1 X178.643 Y151.197 E34.15093
G1 X179.241 Y151.197 E34.18319
G1 X177.663 Y149.619 E34.30361
G1 X178.261 Y149.619 E34.33587
G1 X179.839 Y151.197 E34.45628
G1 X180.437 Y151.197 E34.48854
G1 X178.859 Y149.619 E34.60896
G1 X179.457 Y149.619 E34.64122
G1 X181.035 Y151.197 E34.76164
G1 X181.633 Y151.197 E34.79390
G1 X180.055 Y149.619 E34.91432
G1 X180.653 Y149.619 E34.94658
G1 X182.175 Y151.142 E35.06277
G1 X182.175 Y150.543 E35.09505
G1 X181.250 Y149.619 E35.16558
G1 X181.848 Y149.619 E35.19784
G1 X182.174 Y149.945 E35.22271
G1 Z19.550 F7800.000
G1 E27.22271 F2400.00000
G92 E0
G1 X139.966 Y179.312 F7800.000
G1 E10.00000 F2400.00000
G1 F2400.000
G1 X191.186 Y179.312 E12.45543
G1 X191.186 Y181.872 E12.57815
G1 X139.966 Y181.872 E15.03358
G1 X139.966 Y179.372 E15.15343
G1 X140.366 Y179.319 F7800.000
G1 X140.363 Y179.709 F7800.000
G1 F4800.000
G1 X190.789 Y179.709 E17.84917
G1 X190.789 Y181.475 E17.94356
G1 X140.363 Y181.475 E20.63930
G1 X140.363 Y179.769 E20.73048
G1 X140.782 Y180.128 F7800.000
G1 F4800.000
G1 X190.370 Y180.128 E23.38144
G1 X190.370 Y181.056 E23.43103
G1 X140.782 Y181.056 E26.08199
G1 X140.782 Y180.188 E26.12838
G1 X140.992 Y180.592 F7800.000
G1 F2400.000
G1 X190.160 Y180.592 E28.91766
G1 E20.91766 F2400.00000
G92 E0
G1 X146.653 Y152.688 F7800.000
G1 E10.00000 F2400.00000
G1 F2400.000
G1 X146.655 Y148.128 E10.21860
G1 X183.345 Y148.128 E11.97751
G1 X183.347 Y152.688 E12.19611
G1 X146.713 Y152.688 E13.95226
G1 X146.849 Y152.339 F7800.000
G1 X147.051 Y152.291 F7800.000
G1 F4800.000
G1 X147.052 Y148.525 E14.15357
G1 X182.948 Y148.525 E16.07259
G1 X182.950 Y152.291 E16.27389
G1 X147.111 Y152.291 E18.18984
G1 X147.470 Y151.872 F7800.000
G1 F4800.000
G1 X147.471 Y148.944 E18.34636
G1 X182.530 Y148.944 E20.22062
G1 X182.531 Y151.872 E20.37713
G1 X147.530 Y151.872 E22.24830
G1 X147.889 Y151.453 F7800.000
G1 F4800.000
G1 X147.889 Y149.363 E22.36003
G1 X182.111 Y149.363 E24.18953
G1 X182.113 Y151.453 E24.30126
G1 X147.949 Y151.453 E26.12765
G1 X148.471 Y149.619 F7800.000
G1 F3600.000
G1 X148.145 Y149.945 E26.15250
G1 X148.145 Y150.542 E26.18470
G1 X149.068 Y149.619 E26.25507
G1 X149.666 Y149.619 E26.28726
G1 X148.145 Y151.140 E26.40317
G1 X148.145 Y151.197 E26.40626
G1 X148.685 Y151.197 E26.43535
G1 X150.263 Y149.619 E26.55563
G1 X150.860 Y149.619 E26.58782
G1 X149.282 Y151.197 E26.70809
G1 X149.879 Y151.197 E26.74028
G1 X151.457 Y149.619 E26.86055
G1 X152.054 Y149.619 E26.89274
G1 X150.476 Y151.197 E27.01302
G1 X151.074 Y151.197 E27.04520
G1 X152.652 Y149.619 E27.16548
G1 X153.249 Y149.619 E27.19766
G1 X151.671 Y151.197 E27.31794
G1 X152.268 Y151.197 E27.35013
G1 X153.846 Y149.619 E27.47040
G1 X154.443 Y149.619 E27.50259
G1 X152.865 Y151.197 E27.62286
G1 X153.462 Y151.197 E27.65505
G1 X155.040 Y149.619 E27.77533
G1 X155.638 Y149.619 E27.80751
G1 X154.060 Y151.197 E27.92779
G1 X154.657 Y151.197 E27.95997
G1 X156.235 Y149.619 E28.08025
G1 X156.832 Y149.619 E28.11244
G1 X155.254 Y151.197 E28.23271
G1 X155.851 Y151.197 E28.26490
G1 X157.429 Y149.619 E28.38517
G1 X158.026 Y149.619 E28.41736
G1 X156.448 Y151.197 E28.53764
G1 X157.046 Y151.197 E28.56982
G1 X158.624 Y149.619 E28.69010
G1 X159.221 Y149.619 E28.72228
G1 X157.643 Y151.197 E28.84256
G1 X158.240 Y151.197 E28.87475
G1 X159.818 Y149.619 E28.99502
G1 X160.415 Y149.619 E29.02721
G1 X158.837 Y151.197 E29.14748
G1 X159.434 Y151.197 E29.17967
G1 X161.012 Y149.619 E29.29995
G1 X161.610 Y149.619 E29.33213
G1 X160.032 Y151.197 E29.45241
G1 X160.629 Y151.197 E29.48459
G1 X162.207 Y149.619 E29.60487
G1 X162.804 Y149.619 E29.63705
G1 X161.226 Y151.197 E29.75733
G1 X161.823 Y151.197 E29.78952
G1 X163.401 Y149.619 E29.90979
G1 X163.998 Y149.619 E29.94198
G1 X162.420 Y151.197 E30.06226
G1 X163.018 Y151.197 E30.09444
G1 X164.596 Y149.619 E30.21472
G1 X165.193 Y149.619 E30.24690
G1 X163.615 Y151.197 E30.36718
G1 X164.212 Y151.197 E30.39936
G1 X165.790 Y149.619 E30.51964
G1 X166.387 Y149.619 E30.55183
G1 X164.809 Y151.197 E30.67210
G1 X165.406 Y151.197 E30.70429
G1 X166.984 Y149.619 E30.82457
G1 X167.582 Y149.619 E30.85675
G1 X166.004 Y151.197 E30.97703
G1 X166.601 Y151.197 E31.00921
G1 X168.179 Y149.619 E31.12949
G1 X168.776 Y149.619 E31.16167
G1 X167.198 Y151.197 E31.28195
G1 X167.795 Y151.197 E31.31414
G1 X169.373 Y149.619 E31.43441
G1 X169.970 Y149.619 E31.46660
G1 X168.392 Y151.197 E31.58687
G1 X168.989 Y151.197 E31.61906
G1 X170.568 Y149.619 E31.73934
G1 X171.165 Y149.619 E31.77152
G1 X169.587 Y151.197 E31.89180
G1 X170.184 Y151.197 E31.92398
G1 X171.762 Y149.619 E32.04426
G1 X172.359 Y149.619 E32.07645
G1 X170.781 Y151.197 E32.19672
G1 X171.378 Y151.197 E32.22891
G1 X172.956 Y149.619 E32.34918
G1 X173.554 Y149.619 E32.38137
G1 X171.975 Y151.197 E32.50165
G1 X172.573 Y151.197 E32.53383
G1 X174.151 Y149.619 E32.65411
G1 X174.748 Y149.619 E32.68629
G1 X173.170 Y151.197 E32.80657
G1 X173.767 Y151.197 E32.83876
G1 X175.345 Y149.619 E32.95903
G1 X175.942 Y149.619 E32.99122
G1 X174.364 Y151.197 E33.11149
G1 X174.961 Y151.197 E33.14368
G1 X176.540 Y149.619 E33.26396
G1 X177.137 Y149.619 E33.29614
G1 X175.559 Y151.197 E33.41642
G1 X176.156 Y151.197 E33.44860
G1 X177.734 Y149.619 E33.56888
G1 X178.331 Y149.619 E33.60107
G1 X176.753 Y151.197 E33.72134
G1 X177.350 Y151.197 E33.75353
G1 X178.928 Y149.619 E33.87380
G1 X179.526 Y149.619 E33.90599
G1 X177.947 Y151.197 E34.02627
G1 X178.545 Y151.197 E34.05845
G1 X180.123 Y149.619 E34.17873
G1 X180.720 Y149.619 E34.21091
G1 X179.142 Y151.197 E34.33119
G1 X179.739 Y151.197 E34.36338
G1 X181.317 Y149.619 E34.48365
G1 X181.856 Y149.619 E34.51268
G1 X181.856 Y149.678 E34.51584
G1 X180.336 Y151.197 E34.63164
G1 X180.933 Y151.197 E34.66383
G1 X181.856 Y150.274 E34.73416
G1 X181.857 Y150.871 E34.76632
G1 X181.531 Y151.197 E34.79116
G1 Z19.850 F7800.000
G1 E26.79116 F2400.00000
G92 E0
G1 X139.990 Y179.312 F7800.000
G1 E10.00000 F2400.00000
G1 F2400.000
G1 X191.186 Y179.312 E12.45430
G1 X191.186 Y181.872 E12.57703
G1 X139.990 Y181.872 E15.03133
G1 X139.990 Y179.372 E15.15118
G1 X140.390 Y179.319 F7800.000
G1 X140.387 Y179.709 F7800.000
G1 F4800.000
G1 X190.789 Y179.709 E17.84567
G1 X190.789 Y181.475 E17.94005
G1 X140.387 Y181.475 E20.63454
G1 X140.387 Y179.769 E20.72572
G1 X140.806 Y180.128 F7800.000
G1 F4800.000
G1 X190.370 Y180.128 E23.37542
G1 X190.370 Y181.056 E23.42501
G1 X140.806 Y181.056 E26.07472
G1 X140.806 Y180.188 E26.12111
G1 X141.015 Y180.592 F7800.000
G1 F2400.000
G1 X190.161 Y180.592 E28.90905
G1 E20.90905 F2400.00000
G92 E0
G1 X146.974 Y152.688 F7800.000
G1 E10.00000 F2400.00000
G1 F2400.000
G1 X146.974 Y148.128 E10.21860
G1 X183.027 Y148.128 E11.94695
G1 X183.026 Y152.688 E12.16555
G1 X147.034 Y152.688 E13.89095
G1 X147.165 Y152.336 F7800.000
G1 X147.371 Y152.291 F7800.000
G1 F4800.000
G1 X147.371 Y148.525 E14.09226
G1 X182.630 Y148.525 E15.97719
G1 X182.629 Y152.291 E16.17849
G1 X147.431 Y152.291 E18.06016
G1 X147.790 Y151.872 F7800.000
G1 F4800.000
G1 X147.790 Y148.944 E18.21667
G1 X182.211 Y148.944 E20.05684
G1 X182.210 Y151.872 E20.21335
G1 X147.850 Y151.872 E22.05025
G1 X148.209 Y151.453 F7800.000
G1 F4800.000
G1 X148.209 Y149.363 E22.16198
G1 X181.793 Y149.363 E23.95737
G1 X181.792 Y151.453 E24.06910
G1 X148.269 Y151.453 E25.86123
G1 X148.791 Y151.197 F7800.000
G1 F3600.000
G1 X148.465 Y150.871 E25.88603
G1 X148.465 Y150.274 E25.91814
G1 X149.387 Y151.197 E25.98837
G1 X149.984 Y151.197 E26.02047
G1 X148.465 Y149.678 E26.13611
G1 X148.465 Y149.619 E26.13929
G1 X149.002 Y149.619 E26.16822
G1 X150.580 Y151.197 E26.28835
G1 X151.177 Y151.197 E26.32045
G1 X149.599 Y149.619 E26.44058
G1 X150.195 Y149.619 E26.47269
G1 X151.773 Y151.197 E26.59281
G1 X152.370 Y151.197 E26.62492
G1 X150.792 Y149.619 E26.74505
G1 X151.388 Y149.619 E26.77715
G1 X152.966 Y151.197 E26.89728
G1 X153.563 Y151.197 E26.92939
G1 X151.985 Y149.619 E27.04951
G1 X152.581 Y149.619 E27.08162
G1 X154.159 Y151.197 E27.20175
G1 X154.755 Y151.197 E27.23385
G1 X153.177 Y149.619 E27.35398
G1 X153.774 Y149.619 E27.38609
G1 X155.352 Y151.197 E27.50622
G1 X155.948 Y151.197 E27.53832
G1 X154.370 Y149.619 E27.65845
G1 X154.967 Y149.619 E27.69056
G1 X156.545 Y151.197 E27.81068
G1 X157.141 Y151.197 E27.84279
G1 X155.563 Y149.619 E27.96292
G1 X156.160 Y149.619 E27.99502
G1 X157.738 Y151.197 E28.11515
G1 X158.334 Y151.197 E28.14726
G1 X156.756 Y149.619 E28.26738
G1 X157.353 Y149.619 E28.29949
G1 X158.931 Y151.197 E28.41962
G1 X159.527 Y151.197 E28.45172
G1 X157.949 Y149.619 E28.57185
G1 X158.546 Y149.619 E28.60396
G1 X160.124 Y151.197 E28.72409
G1 X160.720 Y151.197 E28.75619
G1 X159.142 Y149.619 E28.87632
G1 X159.738 Y149.619 E28.90843
G1 X161.317 Y151.197 E29.02855
G1 X161.913 Y151.197 E29.06066
G1 X160.335 Y149.619 E29.18079
G1 X160.931 Y149.619 E29.21289
G1 X162.509 Y151.197 E29.33302
G1 X163.106 Y151.197 E29.36513
G1 X161.528 Y149.619 E29.48525
G1 X162.124 Y149.619 E29.51736
G1 X163.702 Y151.197 E29.63749
G1 X164.299 Y151.197 E29.66959
G1 X162.721 Y149.619 E29.78972
G1 X163.317 Y149.619 E29.82183
G1 X164.895 Y151.197 E29.94196
G1 X165.492 Y151.197 E29.97406
G1 X163.914 Y149.619 E30.09419
G1 X164.510 Y149.619 E30.12630
G1 X166.088 Y151.197 E30.24642
G1 X166.685 Y151.197 E30.27853
G1 X165.107 Y149.619 E30.39866
G1 X165.703 Y149.619 E30.43076
G1 X167.281 Y151.197 E30.55089
G1 X167.878 Y151.197 E30.58300
G1 X166.300 Y149.619 E30.70312
G1 X166.896 Y149.619 E30.73523
G1 X168.474 Y151.197 E30.85536
G1 X169.070 Y151.197 E30.88746
G1 X167.492 Y149.619 E31.00759
G1 X168.089 Y149.619 E31.03970
G1 X169.667 Y151.197 E31.15983
G1 X170.263 Y151.197 E31.19193
G1 X168.685 Y149.619 E31.31206
G1 X169.282 Y149.619 E31.34417
G1 X170.860 Y151.197 E31.46429
G1 X171.456 Y151.197 E31.49640
G1 X169.878 Y149.619 E31.61653
G1 X170.475 Y149.619 E31.64863
G1 X172.053 Y151.197 E31.76876
G1 X172.649 Y151.197 E31.80087
G1 X171.071 Y149.619 E31.92099
G1 X171.668 Y149.619 E31.95310
G1 X173.246 Y151.197 E32.07323
G1 X173.842 Y151.197 E32.10533
G1 X172.264 Y149.619 E32.22546
G1 X172.861 Y149.619 E32.25757
G1 X174.439 Y151.197 E32.37770
G1 X175.035 Y151.197 E32.40980
G1 X173.457 Y149.619 E32.52993
G1 X174.053 Y149.619 E32.56203
G1 X175.632 Y151.197 E32.68216
G1 X176.228 Y151.197 E32.71427
G1 X174.650 Y149.619 E32.83440
G1 X175.246 Y149.619 E32.86650
G1 X176.824 Y151.197 E32.98663
G1 X177.421 Y151.197 E33.01874
G1 X175.843 Y149.619 E33.13886
G1 X176.439 Y149.619 E33.17097
G1 X178.017 Y151.197 E33.29110
G1 X178.614 Y151.197 E33.32320
G1 X177.036 Y149.619 E33.44333
G1 X177.632 Y149.619 E33.47544
G1 X179.210 Y151.197 E33.59556
G1 X179.807 Y151.197 E33.62767
G1 X178.229 Y149.619 E33.74780
G1 X178.825 Y149.619 E33.77990
G1 X180.403 Y151.197 E33.90003
G1 X181.000 Y151.197 E33.93214
G1 X179.422 Y149.619 E34.05227
G1 X180.018 Y149.619 E34.08437
G1 X181.536 Y151.137 E34.19994
G1 X181.537 Y150.541 E34.23202
G1 X180.615 Y149.619 E34.30222
G1 X181.211 Y149.619 E34.33432
G1 X181.537 Y149.945 E34.35913
G1 Z20.150 F7800.000
G1 E26.35913 F2400.00000
G92 E0
G1 X140.013 Y179.312 F7800.000
G1 E10.00000 F2400.00000
G1 F2400.000
G1 X191.187 Y179.312 E12.45318
G1 X191.187 Y181.872 E12.57590
G1 X140.013 Y181.872 E15.02908
G1 X140.013 Y179.372 E15.14893
G1 X140.413 Y179.319 F7800.000
G1 X140.411 Y179.709 F7800.000
G1 F4800.000
G1 X190.789 Y179.709 E17.84216
G1 X190.789 Y181.475 E17.93654
G1 X140.411 Y181.475 E20.62977
G1 X140.411 Y179.769 E20.72095
G1 X140.830 Y180.128 F7800.000
G1 F4800.000
G1 X190.370 Y180.128 E23.36940
G1 X190.370 Y181.056 E23.41899
G1 X140.830 Y181.056 E26.06744
G1 X140.830 Y180.188 E26.11383
G1 X141.039 Y180.592 F7800.000
G1 F2400.000
G1 X190.161 Y180.592 E28.90044
G1 E20.90044 F2400.00000
G92 E0
G1 X147.295 Y152.688 F7800.000
G1 E10.00000 F2400.00000
G1 F2400.000
G1 X147.292 Y148.128 E10.21860
G1 X182.708 Y148.128 E11.91639
G1 X182.705 Y152.688 E12.13499
G1 X147.355 Y152.688 E13.82964
G1 X147.481 Y152.334 F7800.000
G1 X147.692 Y152.291 F7800.000
G1 F4800.000
G1 X147.690 Y148.525 E14.03095
G1 X182.311 Y148.525 E15.88178
G1 X182.308 Y152.291 E16.08309
G1 X147.752 Y152.291 E17.93047
G1 X148.110 Y151.872 F7800.000
G1 F4800.000
G1 X148.109 Y148.944 E18.08698
G1 X181.892 Y148.944 E19.89301
G1 X181.890 Y151.872 E20.04952
G1 X148.170 Y151.872 E21.85215
G1 X148.529 Y151.453 F7800.000
G1 F4800.000
G1 X148.528 Y149.363 E21.96388
G1 X181.473 Y149.363 E23.72509
G1 X181.471 Y151.453 E23.83682
G1 X148.589 Y151.453 E25.59468
G1 X149.110 Y149.619 F7800.000
G1 F3600.000
G1 X148.784 Y149.945 E25.61946
G1 X148.785 Y150.540 E25.65146
G1 X149.706 Y149.619 E25.72150
G1 X150.301 Y149.619 E25.75352
G1 X148.785 Y151.136 E25.86882
G1 X148.785 Y151.197 E25.87212
G1 X149.319 Y151.197 E25.90084
G1 X150.897 Y149.619 E26.02081
G1 X151.493 Y149.619 E26.05283
G1 X149.915 Y151.197 E26.17280
G1 X150.510 Y151.197 E26.20482
G1 X152.088 Y149.619 E26.32479
G1 X152.684 Y149.619 E26.35681
G1 X151.106 Y151.197 E26.47678
G1 X151.702 Y151.197 E26.50880
G1 X153.280 Y149.619 E26.62877
G1 X153.875 Y149.619 E26.66079
G1 X152.297 Y151.197 E26.78076
G1 X152.893 Y151.197 E26.81278
G1 X154.471 Y149.619 E26.93274
G1 X155.067 Y149.619 E26.96476
G1 X153.489 Y151.197 E27.08473
G1 X154.084 Y151.197 E27.11675
G1 X155.662 Y149.619 E27.23672
G1 X156.258 Y149.619 E27.26874
G1 X154.680 Y151.197 E27.38871
G1 X155.276 Y151.197 E27.42073
G1 X156.854 Y149.619 E27.54070
G1 X157.449 Y149.619 E27.57272
G1 X155.871 Y151.197 E27.69269
G1 X156.467 Y151.197 E27.72471
G1 X158.045 Y149.619 E27.84468
G1 X158.641 Y149.619 E27.87670
G1 X157.063 Y151.197 E27.99667
G1 X157.658 Y151.197 E28.02869
G1 X159.236 Y149.619 E28.14866
G1 X159.832 Y149.619 E28.18068
G1 X158.254 Y151.197 E28.30065
G1 X158.850 Y151.197 E28.33267
G1 X160.428 Y149.619 E28.45263
G1 X161.023 Y149.619 E28.48466
G1 X159.445 Y151.197 E28.60462
G1 X160.041 Y151.197 E28.63664
G1 X161.619 Y149.619 E28.75661
G1 X162.215 Y149.619 E28.78863
G1 X160.637 Y151.197 E28.90860
G1 X161.232 Y151.197 E28.94062
G1 X162.810 Y149.619 E29.06059
G1 X163.406 Y149.619 E29.09261
G1 X161.828 Y151.197 E29.21258
G1 X162.424 Y151.197 E29.24460
G1 X164.002 Y149.619 E29.36457
G1 X164.597 Y149.619 E29.39659
G1 X163.019 Y151.197 E29.51656
G1 X163.615 Y151.197 E29.54858
G1 X165.193 Y149.619 E29.66855
G1 X165.789 Y149.619 E29.70057
G1 X164.211 Y151.197 E29.82054
G1 X164.806 Y151.197 E29.85256
G1 X166.384 Y149.619 E29.97253
G1 X166.980 Y149.619 E30.00455
G1 X165.402 Y151.197 E30.12451
G1 X165.998 Y151.197 E30.15653
G1 X167.576 Y149.619 E30.27650
G1 X168.171 Y149.619 E30.30852
G1 X166.593 Y151.197 E30.42849
G1 X167.189 Y151.197 E30.46051
G1 X168.767 Y149.619 E30.58048
G1 X169.363 Y149.619 E30.61250
G1 X167.785 Y151.197 E30.73247
G1 X168.380 Y151.197 E30.76449
G1 X169.958 Y149.619 E30.88446
G1 X170.554 Y149.619 E30.91648
G1 X168.976 Y151.197 E31.03645
G1 X169.572 Y151.197 E31.06847
G1 X171.150 Y149.619 E31.18844
G1 X171.745 Y149.619 E31.22046
G1 X170.167 Y151.197 E31.34043
G1 X170.763 Y151.197 E31.37245
G1 X172.341 Y149.619 E31.49242
G1 X172.937 Y149.619 E31.52444
G1 X171.359 Y151.197 E31.64441
G1 X171.954 Y151.197 E31.67643
G1 X173.532 Y149.619 E31.79639
G1 X174.128 Y149.619 E31.82842
G1 X172.550 Y151.197 E31.94838
G1 X173.146 Y151.197 E31.98040
G1 X174.724 Y149.619 E32.10037
G1 X175.319 Y149.619 E32.13239
G1 X173.741 Y151.197 E32.25236
G1 X174.337 Y151.197 E32.28438
G1 X175.915 Y149.619 E32.40435
G1 X176.511 Y149.619 E32.43637
G1 X174.933 Y151.197 E32.55634
G1 X175.528 Y151.197 E32.58836
G1 X177.106 Y149.619 E32.70833
G1 X177.702 Y149.619 E32.74035
G1 X176.124 Y151.197 E32.86032
G1 X176.720 Y151.197 E32.89234
G1 X178.298 Y149.619 E33.01231
G1 X178.893 Y149.619 E33.04433
G1 X177.315 Y151.197 E33.16430
G1 X177.911 Y151.197 E33.19632
G1 X179.489 Y149.619 E33.31629
G1 X180.085 Y149.619 E33.34831
G1 X178.507 Y151.197 E33.46828
G1 X179.102 Y151.197 E33.50030
G1 X180.680 Y149.619 E33.62026
G1 X181.216 Y149.619 E33.64907
G1 X181.216 Y149.679 E33.65229
G1 X179.698 Y151.197 E33.76770
G1 X180.294 Y151.197 E33.79972
G1 X181.216 Y150.275 E33.86982
G1 X181.215 Y150.871 E33.90186
G1 X180.889 Y151.197 E33.92664
G1 Z20.450 F7800.000
G1 E25.92664 F2400.00000
G92 E0
G1 X140.037 Y179.312 F7800.000
G1 E10.00000 F2400.00000
G1 F2400.000
G1 X191.187 Y179.312 E12.45205
G1 X191.187 Y181.872 E12.57477
G1 X140.037 Y181.872 E15.02683
G1 X140.037 Y179.372 E15.14667
G1 X140.437 Y179.319 F7800.000
G1 X140.434 Y179.709 F7800.000
G1 F4800.000
G1 X190.790 Y179.709 E17.83865
G1 X190.790 Y181.475 E17.93303
G1 X140.434 Y181.475 E20.62501
G1 X140.434 Y179.769 E20.71619
G1 X140.853 Y180.128 F7800.000
G1 F4800.000
G1 X190.371 Y180.128 E23.36338
G1 X190.371 Y181.056 E23.41297
G1 X140.853 Y181.056 E26.06016
G1 X140.853 Y180.188 E26.10655
G1 X141.063 Y180.592 F7800.000
G1 F2400.000
G1 X190.161 Y180.592 E28.89183
G1 E20.89183 F2400.00000
G92 E0
G1 X147.635 Y152.688 F7800.000
G1 E10.00000 F2400.00000
G1 F2400.000
G1 X147.637 Y148.128 E10.21860
G1 X182.363 Y148.128 E11.88330
G1 X182.366 Y152.688 E12.10190
G1 X147.695 Y152.688 E13.76398
G1 X147.833 Y152.341 F7800.000
G1 X148.032 Y152.291 F7800.000
G1 F4800.000
G1 X148.034 Y148.525 E13.96528
G1 X181.966 Y148.525 E15.77926
G1 X181.969 Y152.291 E15.98056
G1 X148.092 Y152.291 E17.79159
G1 X148.451 Y151.872 F7800.000
G1 F4800.000
G1 X148.453 Y148.944 E17.94810
G1 X181.547 Y148.944 E19.71732
G1 X181.549 Y151.872 E19.87384
G1 X148.511 Y151.872 E21.64005
G1 X148.870 Y151.453 F7800.000
G1 F4800.000
G1 X148.872 Y149.363 E21.75178
G1 X181.129 Y149.363 E23.47624
G1 X181.130 Y151.453 E23.58797
G1 X148.930 Y151.453 E25.30937
G1 X149.452 Y151.197 F7800.000
G1 F3600.000
G1 X149.127 Y150.871 E25.33407
G1 X149.127 Y150.277 E25.36590
G1 X150.047 Y151.197 E25.43563
G1 X150.641 Y151.197 E25.46748
G1 X149.127 Y149.684 E25.58222
G1 X149.127 Y149.619 E25.58569
G1 X149.657 Y149.619 E25.61407
G1 X151.235 Y151.197 E25.73371
G1 X151.829 Y151.197 E25.76555
G1 X150.251 Y149.619 E25.88520
G1 X150.845 Y149.619 E25.91704
G1 X152.423 Y151.197 E26.03669
G1 X153.017 Y151.197 E26.06853
G1 X151.439 Y149.619 E26.18817
G1 X152.033 Y149.619 E26.22002
G1 X153.611 Y151.197 E26.33966
G1 X154.205 Y151.197 E26.37151
G1 X152.627 Y149.619 E26.49115
G1 X153.221 Y149.619 E26.52300
G1 X154.799 Y151.197 E26.64264
G1 X155.393 Y151.197 E26.67449
G1 X153.815 Y149.619 E26.79413
G1 X154.409 Y149.619 E26.82597
G1 X155.987 Y151.197 E26.94562
G1 X156.581 Y151.197 E26.97746
G1 X155.003 Y149.619 E27.09711
G1 X155.597 Y149.619 E27.12895
G1 X157.175 Y151.197 E27.24859
G1 X157.769 Y151.197 E27.28044
G1 X156.191 Y149.619 E27.40008
G1 X156.785 Y149.619 E27.43193
G1 X158.363 Y151.197 E27.55157
G1 X158.957 Y151.197 E27.58342
G1 X157.379 Y149.619 E27.70306
G1 X157.973 Y149.619 E27.73491
G1 X159.551 Y151.197 E27.85455
G1 X160.145 Y151.197 E27.88639
G1 X158.567 Y149.619 E28.00604
G1 X159.161 Y149.619 E28.03788
G1 X160.739 Y151.197 E28.15753
G1 X161.334 Y151.197 E28.18937
G1 X159.755 Y149.619 E28.30901
G1 X160.350 Y149.619 E28.34086
G1 X161.928 Y151.197 E28.46050
G1 X162.522 Y151.197 E28.49235
G1 X160.944 Y149.619 E28.61199
G1 X161.538 Y149.619 E28.64384
G1 X163.116 Y151.197 E28.76348
G1 X163.710 Y151.197 E28.79533
G1 X162.132 Y149.619 E28.91497
G1 X162.726 Y149.619 E28.94681
G1 X164.304 Y151.197 E29.06646
G1 X164.898 Y151.197 E29.09830
G1 X163.320 Y149.619 E29.21795
G1 X163.914 Y149.619 E29.24979
G1 X165.492 Y151.197 E29.36943
G1 X166.086 Y151.197 E29.40128
G1 X164.508 Y149.619 E29.52092
G1 X165.102 Y149.619 E29.55277
G1 X166.680 Y151.197 E29.67241
G1 X167.274 Y151.197 E29.70426
G1 X165.696 Y149.619 E29.82390
G1 X166.290 Y149.619 E29.85575
G1 X167.868 Y151.197 E29.97539
G1 X168.462 Y151.197 E30.00724
G1 X166.884 Y149.619 E30.12688
G1 X167.478 Y149.619 E30.15872
G1 X169.056 Y151.197 E30.27837
G1 X169.650 Y151.197 E30.31021
G1 X168.072 Y149.619 E30.42985
G1 X168.666 Y149.619 E30.46170
G1 X170.244 Y151.197 E30.58134
G1 X170.838 Y151.197 E30.61319
G1 X169.260 Y149.619 E30.73283
G1 X169.854 Y149.619 E30.76468
G1 X171.432 Y151.197 E30.88432
G1 X172.026 Y151.197 E30.91617
G1 X170.448 Y149.619 E31.03581
G1 X171.042 Y149.619 E31.06766
G1 X172.620 Y151.197 E31.18730
G1 X173.214 Y151.197 E31.21914
G1 X171.636 Y149.619 E31.33879
G1 X172.230 Y149.619 E31.37063
G1 X173.809 Y151.197 E31.49027
G1 X174.403 Y151.197 E31.52212
G1 X172.824 Y149.619 E31.64176
G1 X173.419 Y149.619 E31.67361
G1 X174.997 Y151.197 E31.79325
G1 X175.591 Y151.197 E31.82510
G1 X174.013 Y149.619 E31.94474
G1 X174.607 Y149.619 E31.97659
G1 X176.185 Y151.197 E32.09623
G1 X176.779 Y151.197 E32.12808
G1 X175.201 Y149.619 E32.24772
G1 X175.795 Y149.619 E32.27956
G1 X177.373 Y151.197 E32.39921
G1 X177.967 Y151.197 E32.43105
G1 X176.389 Y149.619 E32.55069
G1 X176.983 Y149.619 E32.58254
G1 X178.561 Y151.197 E32.70218
G1 X179.155 Y151.197 E32.73403
G1 X177.577 Y149.619 E32.85367
G1 X178.171 Y149.619 E32.88552
G1 X179.749 Y151.197 E33.00516
G1 X180.343 Y151.197 E33.03701
G1 X178.765 Y149.619 E33.15665
G1 X179.359 Y149.619 E33.18850
G1 X180.874 Y151.134 E33.30335
G1 X180.873 Y150.539 E33.33522
G1 X179.953 Y149.619 E33.40501
G1 X180.547 Y149.619 E33.43685
G1 X180.873 Y149.945 E33.46157
G1 Z20.750 F7800.000
G1 E25.46157 F2400.00000
G92 E0
G1 X140.061 Y179.312 F7800.000
G1 E10.00000 F2400.00000
G1 F2400.000
G1 X191.187 Y179.312 E12.45092
G1 X191.187 Y181.872 E12.57365
G1 X140.061 Y181.872 E15.02457
G1 X140.061 Y179.372 E15.14442
G1 X140.461 Y179.319 F7800.000
G1 X140.458 Y179.709 F7800.000
G1 F4800.000
G1 X190.790 Y179.709 E17.83514
G1 X190.790 Y181.475 E17.92953
G1 X140.458 Y181.475 E20.62025
G1 X140.458 Y179.769 E20.71142
G1 X140.877 Y180.128 F7800.000
G1 F4800.000
G1 X190.371 Y180.128 E23.35736
G1 X190.371 Y181.056 E23.40695
G1 X140.877 Y181.056 E26.05289
G1 X140.877 Y180.188 E26.09928
G1 X141.087 Y180.592 F7800.000
G1 F2400.000
G1 X190.161 Y180.592 E28.88322
G1 E20.88322 F2400.00000
G92 E0
G1 X147.997 Y152.688 F7800.000
G1 E10.00000 F2400.00000
G1 F2400.000
G1 X147.997 Y148.128 E10.21860
G1 X182.003 Y148.128 E11.84878
G1 X182.003 Y152.688 E12.06738
G1 X148.057 Y152.688 E13.69474
G1 X148.190 Y152.338 F7800.000
G1 X148.394 Y152.291 F7800.000
G1 F4800.000
G1 X148.395 Y148.525 E13.89604
G1 X181.606 Y148.525 E15.67152
G1 X181.606 Y152.291 E15.87282
G1 X148.454 Y152.291 E17.64513
G1 X148.813 Y151.872 F7800.000
G1 F4800.000
G1 X148.813 Y148.944 E17.80165
G1 X181.187 Y148.944 E19.53236
G1 X181.188 Y151.872 E19.68887
G1 X148.873 Y151.872 E21.41641
G1 X149.232 Y151.453 F7800.000
G1 F4800.000
G1 X149.232 Y149.363 E21.52814
G1 X180.769 Y149.363 E23.21408
G1 X180.769 Y151.453 E23.32581
G1 X149.292 Y151.453 E25.00858
G1 X149.814 Y149.619 F7800.000
G1 F3600.000
G1 X149.488 Y149.945 E25.03366
G1 X149.488 Y150.548 E25.06646
G1 X150.417 Y149.619 E25.13793
G1 X151.020 Y149.619 E25.17073
G1 X149.488 Y151.151 E25.28859
G1 X149.488 Y151.197 E25.29110
G1 X150.045 Y151.197 E25.32139
G1 X151.623 Y149.619 E25.44280
G1 X152.226 Y149.619 E25.47560
G1 X150.647 Y151.197 E25.59702
G1 X151.250 Y151.197 E25.62982
G1 X152.828 Y149.619 E25.75123
G1 X153.431 Y149.619 E25.78403
G1 X151.853 Y151.197 E25.90545
G1 X152.456 Y151.197 E25.93825
G1 X154.034 Y149.619 E26.05967
G1 X154.637 Y149.619 E26.09246
G1 X153.059 Y151.197 E26.21388
G1 X153.662 Y151.197 E26.24668
G1 X155.240 Y149.619 E26.36810
G1 X155.843 Y149.619 E26.40090
G1 X154.265 Y151.197 E26.52231
G1 X154.867 Y151.197 E26.55511
G1 X156.446 Y149.619 E26.67653
G1 X157.048 Y149.619 E26.70933
G1 X155.470 Y151.197 E26.83074
G1 X156.073 Y151.197 E26.86354
G1 X157.651 Y149.619 E26.98496
G1 X158.254 Y149.619 E27.01776
G1 X156.676 Y151.197 E27.13918
G1 X157.279 Y151.197 E27.17197
G1 X158.857 Y149.619 E27.29339
G1 X159.460 Y149.619 E27.32619
G1 X157.882 Y151.197 E27.44761
G1 X158.485 Y151.197 E27.48041
G1 X160.063 Y149.619 E27.60182
G1 X160.666 Y149.619 E27.63462
G1 X159.087 Y151.197 E27.75604
G1 X159.690 Y151.197 E27.78884
G1 X161.268 Y149.619 E27.91025
G1 X161.871 Y149.619 E27.94305
G1 X160.293 Y151.197 E28.06447
G1 X160.896 Y151.197 E28.09727
G1 X162.474 Y149.619 E28.21868
G1 X163.077 Y149.619 E28.25148
G1 X161.499 Y151.197 E28.37290
G1 X162.102 Y151.197 E28.40570
G1 X163.680 Y149.619 E28.52712
G1 X164.283 Y149.619 E28.55991
G1 X162.705 Y151.197 E28.68133
G1 X163.307 Y151.197 E28.71413
G1 X164.886 Y149.619 E28.83555
G1 X165.488 Y149.619 E28.86835
G1 X163.910 Y151.197 E28.98976
G1 X164.513 Y151.197 E29.02256
G1 X166.091 Y149.619 E29.14398
G1 X166.694 Y149.619 E29.17678
G1 X165.116 Y151.197 E29.29819
G1 X165.719 Y151.197 E29.33099
G1 X167.297 Y149.619 E29.45241
G1 X167.900 Y149.619 E29.48521
G1 X166.322 Y151.197 E29.60663
G1 X166.925 Y151.197 E29.63942
G1 X168.503 Y149.619 E29.76084
G1 X169.106 Y149.619 E29.79364
G1 X167.528 Y151.197 E29.91506
G1 X168.130 Y151.197 E29.94786
G1 X169.708 Y149.619 E30.06927
G1 X170.311 Y149.619 E30.10207
G1 X168.733 Y151.197 E30.22349
G1 X169.336 Y151.197 E30.25629
G1 X170.914 Y149.619 E30.37770
G1 X171.517 Y149.619 E30.41050
G1 X169.939 Y151.197 E30.53192
G1 X170.542 Y151.197 E30.56472
G1 X172.120 Y149.619 E30.68614
G1 X172.723 Y149.619 E30.71893
G1 X171.145 Y151.197 E30.84035
G1 X171.748 Y151.197 E30.87315
G1 X173.326 Y149.619 E30.99457
G1 X173.928 Y149.619 E31.02736
G1 X172.350 Y151.197 E31.14878
G1 X172.953 Y151.197 E31.18158
G1 X174.531 Y149.619 E31.30300
G1 X175.134 Y149.619 E31.33580
G1 X173.556 Y151.197 E31.45721
G1 X174.159 Y151.197 E31.49001
G1 X175.737 Y149.619 E31.61143
G1 X176.340 Y149.619 E31.64423
G1 X174.762 Y151.197 E31.76564
G1 X175.365 Y151.197 E31.79844
G1 X176.943 Y149.619 E31.91986
G1 X177.546 Y149.619 E31.95266
G1 X175.968 Y151.197 E32.07408
G1 X176.570 Y151.197 E32.10687
G1 X178.148 Y149.619 E32.22829
G1 X178.751 Y149.619 E32.26109
G1 X177.173 Y151.197 E32.38251
G1 X177.776 Y151.197 E32.41531
G1 X179.354 Y149.619 E32.53672
G1 X179.957 Y149.619 E32.56952
G1 X178.379 Y151.197 E32.69094
G1 X178.982 Y151.197 E32.72374
G1 X180.513 Y149.666 E32.84155
G1 X180.514 Y150.268 E32.87433
G1 X179.585 Y151.197 E32.94580
G1 X180.188 Y151.197 F7800.000
G1 F3600.000
G1 X180.513 Y150.871 E32.97086
M106 S229.5
G1 Z21.050 F7800.000
G1 E24.97086 F2400.00000
G92 E0
G1 X140.085 Y179.312 F7800.000
G1 E10.00000 F2400.00000
G1 F2400.000
G1 X191.187 Y179.312 E12.44980
G1 X191.187 Y181.872 E12.57252
G1 X140.085 Y181.872 E15.02232
G1 X140.085 Y179.372 E15.14217
G1 X140.485 Y179.319 F7800.000
G1 X140.482 Y179.709 F7800.000
G1 F4800.000
G1 X190.790 Y179.709 E17.83163
G1 X190.790 Y181.475 E17.92602
G1 X140.482 Y181.475 E20.61548
G1 X140.482 Y179.769 E20.70666
G1 X140.901 Y180.128 F7800.000
G1 F4800.000
G1 X190.371 Y180.128 E23.35134
G1 X190.371 Y181.056 E23.40093
G1 X140.901 Y181.056 E26.04561
G1 X140.901 Y180.188 E26.09200
G1 X141.110 Y180.592 F7800.000
G1 F2400.000
G1 X190.162 Y180.592 E28.87461
G1 E20.87461 F2400.00000
G92 E0
G1 X148.359 Y152.688 F7800.000
G1 E10.00000 F2400.00000
G1 F2400.000
G1 X148.357 Y148.128 E10.21860
G1 X181.643 Y148.128 E11.81427
G1 X181.641 Y152.688 E12.03287
G1 X148.419 Y152.688 E13.62550
G1 X148.547 Y152.335 F7800.000
G1 X148.756 Y152.291 F7800.000
G1 F4800.000
G1 X148.755 Y148.525 E13.82681
G1 X181.246 Y148.525 E15.56378
G1 X181.244 Y152.291 E15.76508
G1 X148.816 Y152.291 E17.49869
G1 X149.175 Y151.872 F7800.000
G1 F4800.000
G1 X149.174 Y148.944 E17.65520
G1 X180.827 Y148.944 E19.34740
G1 X180.826 Y151.872 E19.50391
G1 X149.235 Y151.872 E21.19276
G1 X149.593 Y151.453 F7800.000
G1 F4800.000
G1 X149.593 Y149.363 E21.30449
G1 X180.408 Y149.363 E22.95189
G1 X180.407 Y151.453 E23.06362
G1 X149.653 Y151.453 E24.70770
G1 X149.849 Y150.871 F7800.000
G1 F3600.000
G1 X150.175 Y151.197 E24.73268
G1 X150.776 Y151.197 E24.76523
G1 X149.849 Y150.270 E24.83626
G1 X149.849 Y149.670 E24.86882
G1 X151.376 Y151.197 E24.98589
G1 X151.977 Y151.197 E25.01844
G1 X150.399 Y149.619 E25.13939
G1 X150.999 Y149.619 E25.17194
G1 X152.578 Y151.197 E25.29290
G1 X153.178 Y151.197 E25.32545
G1 X151.600 Y149.619 E25.44640
G1 X152.201 Y149.619 E25.47895
G1 X153.779 Y151.197 E25.59990
G1 X154.379 Y151.197 E25.63245
G1 X152.801 Y149.619 E25.75340
G1 X153.402 Y149.619 E25.78595
G1 X154.980 Y151.197 E25.90691
G1 X155.580 Y151.197 E25.93946
G1 X154.002 Y149.619 E26.06041
G1 X154.603 Y149.619 E26.09296
G1 X156.181 Y151.197 E26.21391
G1 X156.781 Y151.197 E26.24646
G1 X155.203 Y149.619 E26.36741
G1 X155.804 Y149.619 E26.39996
G1 X157.382 Y151.197 E26.52092
G1 X157.983 Y151.197 E26.55346
G1 X156.404 Y149.619 E26.67442
G1 X157.005 Y149.619 E26.70697
G1 X158.583 Y151.197 E26.82792
G1 X159.184 Y151.197 E26.86047
G1 X157.606 Y149.619 E26.98142
G1 X158.206 Y149.619 E27.01397
G1 X159.784 Y151.197 E27.13492
G1 X160.385 Y151.197 E27.16747
G1 X158.807 Y149.619 E27.28843
G1 X159.407 Y149.619 E27.32098
G1 X160.985 Y151.197 E27.44193
G1 X161.586 Y151.197 E27.47448
G1 X160.008 Y149.619 E27.59543
G1 X160.608 Y149.619 E27.62798
G1 X162.186 Y151.197 E27.74893
G1 X162.787 Y151.197 E27.78148
G1 X161.209 Y149.619 E27.90244
G1 X161.810 Y149.619 E27.93499
G1 X163.388 Y151.197 E28.05594
G1 X163.988 Y151.197 E28.08849
G1 X162.410 Y149.619 E28.20944
G1 X163.011 Y149.619 E28.24199
G1 X164.589 Y151.197 E28.36294
G1 X165.189 Y151.197 E28.39549
G1 X163.611 Y149.619 E28.51645
G1 X164.212 Y149.619 E28.54899
G1 X165.790 Y151.197 E28.66995
G1 X166.390 Y151.197 E28.70250
G1 X164.812 Y149.619 E28.82345
G1 X165.413 Y149.619 E28.85600
G1 X166.991 Y151.197 E28.97695
G1 X167.591 Y151.197 E29.00950
G1 X166.013 Y149.619 E29.13046
G1 X166.614 Y149.619 E29.16300
G1 X168.192 Y151.197 E29.28396
G1 X168.793 Y151.197 E29.31651
G1 X167.215 Y149.619 E29.43746
G1 X167.815 Y149.619 E29.47001
G1 X169.393 Y151.197 E29.59096
G1 X169.994 Y151.197 E29.62351
G1 X168.416 Y149.619 E29.74447
G1 X169.016 Y149.619 E29.77701
G1 X170.594 Y151.197 E29.89797
G1 X171.195 Y151.197 E29.93052
G1 X169.617 Y149.619 E30.05147
G1 X170.217 Y149.619 E30.08402
G1 X171.795 Y151.197 E30.20497
G1 X172.396 Y151.197 E30.23752
G1 X170.818 Y149.619 E30.35847
G1 X171.418 Y149.619 E30.39102
G1 X172.996 Y151.197 E30.51198
G1 X173.597 Y151.197 E30.54453
G1 X172.019 Y149.619 E30.66548
G1 X172.620 Y149.619 E30.69803
G1 X174.198 Y151.197 E30.81898
G1 X174.798 Y151.197 E30.85153
G1 X173.220 Y149.619 E30.97248
G1 X173.821 Y149.619 E31.00503
G1 X175.399 Y151.197 E31.12599
G1 X175.999 Y151.197 E31.15854
G1 X174.421 Y149.619 E31.27949
G1 X175.022 Y149.619 E31.31204
G1 X176.600 Y151.197 E31.43299
G1 X177.200 Y151.197 E31.46554
G1 X175.622 Y149.619 E31.58649
G1 X176.223 Y149.619 E31.61904
G1 X177.801 Y151.197 E31.74000
G1 X178.402 Y151.197 E31.77254
G1 X176.823 Y149.619 E31.89350
G1 X177.424 Y149.619 E31.92605
G1 X179.002 Y151.197 E32.04700
G1 X179.603 Y151.197 E32.07955
G1 X178.025 Y149.619 E32.20050
G1 X178.625 Y149.619 E32.23305
G1 X180.151 Y151.145 E32.35003
G1 X180.152 Y150.545 E32.38256
G1 X179.226 Y149.619 E32.45354
G1 X179.826 Y149.619 E32.48609
G1 X180.152 Y149.945 E32.51107
G1 Z21.350 F7800.000
G1 E24.51107 F2400.00000
G92 E0
G1 X168.104 Y179.312 F7800.000
G1 E10.00000 F2400.00000
G1 F2400.000
G1 X191.188 Y179.312 E11.10662
G1 X191.188 Y181.872 E11.22934
G1 X168.104 Y181.872 E12.33596
G1 X168.104 Y179.372 E12.45580
G1 X168.503 Y179.327 F7800.000
G1 X168.501 Y179.709 F7800.000
G1 F4800.000
G1 X190.790 Y179.709 E13.64739
G1 X190.790 Y181.475 E13.74178
G1 X168.501 Y181.475 E14.93337
G1 X168.501 Y179.769 E15.02454
G1 X168.920 Y180.128 F7800.000
G1 F4800.000
G1 X190.371 Y180.128 E16.17135
G1 X190.371 Y181.056 E16.22094
G1 X168.920 Y181.056 E17.36775
G1 X168.920 Y180.188 E17.41414
G1 X169.129 Y180.592 F7800.000
G1 F2400.000
G1 X190.162 Y180.592 E18.60729
G1 E10.60729 F2400.00000
G92 E0
G1 X163.896 Y179.312 F7800.000
G1 E10.00000 F2400.00000
G1 F2400.000
G1 X163.896 Y181.872 E10.12272
G1 X140.108 Y181.872 E11.26309
G1 X140.108 Y179.312 E11.38581
G1 X163.836 Y179.312 E12.52330
G1 X163.709 Y179.665 F7800.000
G1 X163.499 Y179.709 F7800.000
G1 F4800.000
G1 X163.499 Y181.475 E12.61768
G1 X140.506 Y181.475 E13.84691
G1 X140.506 Y179.709 E13.94129
G1 X163.439 Y179.709 E15.16731
G1 X163.080 Y180.128 F7800.000
G1 F4800.000
G1 X163.080 Y181.056 E15.21691
G1 X140.925 Y181.056 E16.40135
G1 X140.925 Y180.128 E16.45095
G1 X163.020 Y180.128 E17.63218
G1 X162.871 Y180.592 F7800.000
G1 F2400.000
G1 X141.134 Y180.592 E18.86527
G1 E10.86527 F2400.00000
G92 E0
G1 X148.722 Y152.688 F7800.000
G1 E10.00000 F2400.00000
G1 F2400.000
G1 X148.726 Y148.128 E10.21860
G1 X181.274 Y148.128 E11.77894
G1 X181.278 Y152.688 E11.99755
G1 X148.782 Y152.688 E13.55533
G1 X148.906 Y152.333 F7800.000
G1 X149.120 Y152.291 F7800.000
G1 F4800.000
G1 X149.123 Y148.525 E13.75664
G1 X180.877 Y148.525 E15.45424
G1 X180.880 Y152.291 E15.65554
G1 X149.180 Y152.291 E17.35024
G1 X149.539 Y151.872 F7800.000
G1 F4800.000
G1 X149.541 Y148.944 E17.50675
G1 X180.459 Y148.944 E19.15960
G1 X180.461 Y151.872 E19.31612
G1 X149.599 Y151.872 E20.96599
G1 X149.958 Y151.453 F7800.000
G1 F4800.000
G1 X149.960 Y149.363 E21.07772
G1 X180.040 Y149.363 E22.68582
G1 X180.042 Y151.453 E22.79755
G1 X150.018 Y151.453 E24.40260
G1 X150.216 Y149.945 F7800.000
G1 F3600.000
G1 X150.541 Y149.619 E24.42747
G1 X151.139 Y149.619 E24.45973
G1 X150.215 Y150.543 E24.53028
G1 X150.215 Y151.142 E24.56257
G1 X151.737 Y149.619 E24.67879
G1 X152.335 Y149.619 E24.71106
G1 X150.757 Y151.197 E24.83149
G1 X151.355 Y151.197 E24.86376
G1 X152.933 Y149.619 E24.98419
G1 X153.531 Y149.619 E25.01646
G1 X151.953 Y151.197 E25.13689
G1 X152.551 Y151.197 E25.16915
G1 X154.129 Y149.619 E25.28959
G1 X154.727 Y149.619 E25.32185
G1 X153.149 Y151.197 E25.44228
G1 X153.747 Y151.197 E25.47455
G1 X155.325 Y149.619 E25.59498
G1 X155.923 Y149.619 E25.62725
G1 X154.345 Y151.197 E25.74768
G1 X154.943 Y151.197 E25.77995
G1 X156.521 Y149.619 E25.90038
G1 X157.119 Y149.619 E25.93265
G1 X155.541 Y151.197 E26.05308
G1 X156.139 Y151.197 E26.08535
G1 X157.717 Y149.619 E26.20578
G1 X158.315 Y149.619 E26.23805
G1 X156.737 Y151.197 E26.35848
G1 X157.335 Y151.197 E26.39075
G1 X158.913 Y149.619 E26.51118
G1 X159.511 Y149.619 E26.54345
G1 X157.933 Y151.197 E26.66388
G1 X158.531 Y151.197 E26.69614
G1 X160.109 Y149.619 E26.81658
G1 X160.707 Y149.619 E26.84884
G1 X159.129 Y151.197 E26.96927
G1 X159.727 Y151.197 E27.00154
G1 X161.305 Y149.619 E27.12197
G1 X161.903 Y149.619 E27.15424
G1 X160.325 Y151.197 E27.27467
G1 X160.923 Y151.197 E27.30694
G1 X162.501 Y149.619 E27.42737
G1 X163.099 Y149.619 E27.45964
G1 X161.521 Y151.197 E27.58007
G1 X162.119 Y151.197 E27.61234
G1 X163.697 Y149.619 E27.73277
G1 X164.295 Y149.619 E27.76504
G1 X162.717 Y151.197 E27.88547
G1 X163.315 Y151.197 E27.91774
G1 X164.893 Y149.619 E28.03817
G1 X165.491 Y149.619 E28.07044
G1 X163.912 Y151.197 E28.19087
G1 X164.510 Y151.197 E28.22313
G1 X166.089 Y149.619 E28.34357
G1 X166.686 Y149.619 E28.37583
G1 X165.108 Y151.197 E28.49626
G1 X165.706 Y151.197 E28.52853
G1 X167.284 Y149.619 E28.64896
G1 X167.882 Y149.619 E28.68123
G1 X166.304 Y151.197 E28.80166
G1 X166.902 Y151.197 E28.83393
G1 X168.480 Y149.619 E28.95436
G1 X169.078 Y149.619 E28.98663
G1 X167.500 Y151.197 E29.10706
G1 X168.098 Y151.197 E29.13933
G1 X169.676 Y149.619 E29.25976
G1 X170.274 Y149.619 E29.29203
G1 X168.696 Y151.197 E29.41246
G1 X169.294 Y151.197 E29.44473
G1 X170.872 Y149.619 E29.56516
G1 X171.470 Y149.619 E29.59743
G1 X169.892 Y151.197 E29.71786
G1 X170.490 Y151.197 E29.75012
G1 X172.068 Y149.619 E29.87056
G1 X172.666 Y149.619 E29.90282
G1 X171.088 Y151.197 E30.02325
G1 X171.686 Y151.197 E30.05552
G1 X173.264 Y149.619 E30.17595
G1 X173.862 Y149.619 E30.20822
G1 X172.284 Y151.197 E30.32865
G1 X172.882 Y151.197 E30.36092
G1 X174.460 Y149.619 E30.48135
G1 X175.058 Y149.619 E30.51362
G1 X173.480 Y151.197 E30.63405
G1 X174.078 Y151.197 E30.66632
G1 X175.656 Y149.619 E30.78675
G1 X176.254 Y149.619 E30.81902
G1 X174.676 Y151.197 E30.93945
G1 X175.274 Y151.197 E30.97172
G1 X176.852 Y149.619 E31.09215
G1 X177.450 Y149.619 E31.12442
G1 X175.872 Y151.197 E31.24485
G1 X176.470 Y151.197 E31.27711
G1 X178.048 Y149.619 E31.39755
G1 X178.646 Y149.619 E31.42981
G1 X177.068 Y151.197 E31.55024
G1 X177.666 Y151.197 E31.58251
G1 X179.244 Y149.619 E31.70294
G1 X179.785 Y149.619 E31.73213
G1 X179.785 Y149.676 E31.73521
G1 X178.264 Y151.197 E31.85129
G1 X178.862 Y151.197 E31.88355
G1 X179.785 Y150.274 E31.95403
G1 X179.785 Y150.871 E31.98627
G1 X179.460 Y151.197 E32.01115
M106 S232.05
G1 Z21.650 F7800.000
G1 E24.01115 F2400.00000
G92 E0
G1 X169.156 Y179.312 F7800.000
G1 E10.00000 F2400.00000
G1 F2400.000
G1 X191.188 Y179.312 E11.05617
G1 X191.188 Y181.872 E11.17889
G1 X169.156 Y181.872 E12.23506
G1 X169.156 Y179.372 E12.35491
G1 X169.556 Y179.327 F7800.000
G1 X169.553 Y179.709 F7800.000
G1 F4800.000
G1 X190.791 Y179.709 E13.49025
G1 X190.791 Y181.475 E13.58463
G1 X169.553 Y181.475 E14.71996
G1 X169.553 Y179.769 E14.81114
G1 X169.972 Y180.128 F7800.000
G1 F4800.000
G1 X190.372 Y180.128 E15.90169
G1 X190.372 Y181.056 E15.95128
G1 X169.972 Y181.056 E17.04183
G1 X169.972 Y180.188 E17.08822
G1 X170.182 Y180.592 F7800.000
G1 F2400.000
G1 X190.162 Y180.592 E18.22168
G1 E10.22168 F2400.00000
G92 E0
G1 X162.844 Y179.312 F7800.000
G1 E10.00000 F2400.00000
G1 F2400.000
G1 X162.844 Y181.872 E10.12272
G1 X140.132 Y181.872 E11.21149
G1 X140.132 Y179.312 E11.33422
G1 X162.784 Y179.312 E12.42011
G1 X162.657 Y179.666 F7800.000
G1 X162.447 Y179.709 F7800.000
G1 F4800.000
G1 X162.447 Y181.475 E12.51449
G1 X140.529 Y181.475 E13.68618
G1 X140.529 Y179.709 E13.78056
G1 X162.387 Y179.709 E14.94904
G1 X162.028 Y180.128 F7800.000
G1 F4800.000
G1 X162.028 Y181.056 E14.99864
G1 X140.948 Y181.056 E16.12554
G1 X140.948 Y180.128 E16.17514
G1 X161.968 Y180.128 E17.29883
G1 X161.818 Y180.592 F7800.000
G1 F2400.000
G1 X141.158 Y180.592 E18.47087
G1 E10.47087 F2400.00000
G92 E0
G1 X149.132 Y152.688 F7800.000
G1 E10.00000 F2400.00000
G1 F2400.000
G1 X149.133 Y148.128 E10.21860
G1 X180.867 Y148.128 E11.73985
G1 X180.868 Y152.688 E11.95845
G1 X149.192 Y152.688 E13.47694
G1 X149.327 Y152.339 F7800.000
G1 X149.530 Y152.291 F7800.000
G1 F4800.000
G1 X149.531 Y148.525 E13.67825
G1 X180.470 Y148.525 E15.33224
G1 X180.471 Y152.291 E15.53355
G1 X149.590 Y152.291 E17.18446
G1 X149.949 Y151.872 F7800.000
G1 F4800.000
G1 X149.949 Y148.944 E17.34097
G1 X180.051 Y148.944 E18.95021
G1 X180.052 Y151.872 E19.10672
G1 X150.009 Y151.872 E20.71286
G1 X150.368 Y151.453 F7800.000
G1 F4800.000
G1 X150.368 Y149.363 E20.82459
G1 X179.633 Y149.363 E22.38906
G1 X179.634 Y151.453 E22.50079
G1 X150.428 Y151.453 E24.06214
G1 X150.624 Y150.871 F7800.000
G1 F3600.000
G1 X150.950 Y151.197 E24.08684
G1 X151.543 Y151.197 E24.11863
G1 X150.624 Y150.278 E24.18829
G1 X150.624 Y149.684 E24.22008
G1 X152.137 Y151.197 E24.33468
G1 X152.730 Y151.197 E24.36648
G1 X151.152 Y149.619 E24.48603
G1 X151.746 Y149.619 E24.51783
G1 X153.324 Y151.197 E24.63738
G1 X153.918 Y151.197 E24.66917
G1 X152.340 Y149.619 E24.78872
G1 X152.933 Y149.619 E24.82052
G1 X154.511 Y151.197 E24.94007
G1 X155.105 Y151.197 E24.97187
G1 X153.527 Y149.619 E25.09142
G1 X154.120 Y149.619 E25.12321
G1 X155.698 Y151.197 E25.24276
G1 X156.292 Y151.197 E25.27456
G1 X154.714 Y149.619 E25.39411
G1 X155.307 Y149.619 E25.42591
G1 X156.886 Y151.197 E25.54546
G1 X157.479 Y151.197 E25.57725
G1 X155.901 Y149.619 E25.69680
G1 X156.495 Y149.619 E25.72860
G1 X158.073 Y151.197 E25.84815
G1 X158.666 Y151.197 E25.87995
G1 X157.088 Y149.619 E25.99950
G1 X157.682 Y149.619 E26.03129
G1 X159.260 Y151.197 E26.15084
G1 X159.853 Y151.197 E26.18264
G1 X158.275 Y149.619 E26.30219
G1 X158.869 Y149.619 E26.33399
G1 X160.447 Y151.197 E26.45354
G1 X161.041 Y151.197 E26.48533
G1 X159.463 Y149.619 E26.60488
G1 X160.056 Y149.619 E26.63668
G1 X161.634 Y151.197 E26.75623
G1 X162.228 Y151.197 E26.78803
G1 X160.650 Y149.619 E26.90758
G1 X161.243 Y149.619 E26.93937
G1 X162.821 Y151.197 E27.05892
G1 X163.415 Y151.197 E27.09072
G1 X161.837 Y149.619 E27.21027
G1 X162.430 Y149.619 E27.24207
G1 X164.009 Y151.197 E27.36162
G1 X164.602 Y151.197 E27.39342
G1 X163.024 Y149.619 E27.51296
G1 X163.618 Y149.619 E27.54476
G1 X165.196 Y151.197 E27.66431
G1 X165.789 Y151.197 E27.69611
G1 X164.211 Y149.619 E27.81566
G1 X164.805 Y149.619 E27.84746
G1 X166.383 Y151.197 E27.96701
G1 X166.976 Y151.197 E27.99880
G1 X165.398 Y149.619 E28.11835
G1 X165.992 Y149.619 E28.15015
G1 X167.570 Y151.197 E28.26970
G1 X168.164 Y151.197 E28.30150
G1 X166.586 Y149.619 E28.42105
G1 X167.179 Y149.619 E28.45284
G1 X168.757 Y151.197 E28.57239
G1 X169.351 Y151.197 E28.60419
G1 X167.773 Y149.619 E28.72374
G1 X168.366 Y149.619 E28.75554
G1 X169.944 Y151.197 E28.87509
G1 X170.538 Y151.197 E28.90688
G1 X168.960 Y149.619 E29.02643
G1 X169.554 Y149.619 E29.05823
G1 X171.132 Y151.197 E29.17778
G1 X171.725 Y151.197 E29.20958
G1 X170.147 Y149.619 E29.32913
G1 X170.741 Y149.619 E29.36092
G1 X172.319 Y151.197 E29.48047
G1 X172.912 Y151.197 E29.51227
G1 X171.334 Y149.619 E29.63182
G1 X171.928 Y149.619 E29.66362
G1 X173.506 Y151.197 E29.78317
G1 X174.100 Y151.197 E29.81496
G1 X172.521 Y149.619 E29.93451
G1 X173.115 Y149.619 E29.96631
G1 X174.693 Y151.197 E30.08586
G1 X175.287 Y151.197 E30.11766
G1 X173.709 Y149.619 E30.23721
G1 X174.302 Y149.619 E30.26900
G1 X175.880 Y151.197 E30.38855
G1 X176.474 Y151.197 E30.42035
G1 X174.896 Y149.619 E30.53990
G1 X175.489 Y149.619 E30.57170
G1 X177.067 Y151.197 E30.69125
G1 X177.661 Y151.197 E30.72304
G1 X176.083 Y149.619 E30.84259
G1 X176.677 Y149.619 E30.87439
G1 X178.255 Y151.197 E30.99394
G1 X178.848 Y151.197 E31.02574
G1 X177.270 Y149.619 E31.14529
G1 X177.864 Y149.619 E31.17708
G1 X179.378 Y151.133 E31.29178
G1 X179.377 Y150.539 E31.32360
G1 X178.457 Y149.619 E31.39330
G1 X179.051 Y149.619 E31.42510
G1 X179.377 Y149.945 E31.44979
G1 Z21.950 F7800.000
G1 E23.44979 F2400.00000
G92 E0
G1 X169.924 Y179.312 F7800.000
G1 E10.00000 F2400.00000
G1 F2400.000
G1 X191.188 Y179.312 E11.01939
G1 X191.188 Y181.872 E11.14212
G1 X169.924 Y181.872 E12.16151
G1 X169.924 Y179.372 E12.28135
G1 X170.323 Y179.328 F7800.000
G1 X170.321 Y179.709 F7800.000
G1 F4800.000
G1 X190.791 Y179.709 E13.37568
G1 X190.791 Y181.475 E13.47006
G1 X170.321 Y181.475 E14.56438
G1 X170.321 Y179.769 E14.65556
G1 X170.740 Y180.128 F7800.000
G1 F4800.000
G1 X190.372 Y180.128 E15.70509
G1 X190.372 Y181.056 E15.75469
G1 X170.740 Y181.056 E16.80422
G1 X170.740 Y180.188 E16.85061
G1 X170.949 Y180.592 F7800.000
G1 F2400.000
G1 X190.163 Y180.592 E17.94055
G1 E9.94055 F2400.00000
G92 E0
G1 X162.076 Y179.312 F7800.000
G1 E10.00000 F2400.00000
G1 F2400.000
G1 X162.076 Y181.872 E10.12272
G1 X140.156 Y181.872 E11.17356
G1 X140.156 Y179.312 E11.29629
G1 X162.016 Y179.312 E12.34425
G1 X161.890 Y179.666 F7800.000
G1 X161.679 Y179.709 F7800.000
G1 F4800.000
G1 X161.679 Y181.475 E12.43863
G1 X140.553 Y181.475 E13.56802
G1 X140.553 Y179.709 E13.66241
G1 X161.619 Y179.709 E14.78859
G1 X161.260 Y180.128 F7800.000
G1 F4800.000
G1 X161.260 Y181.056 E14.83819
G1 X140.972 Y181.056 E15.92279
G1 X140.972 Y180.128 E15.97239
G1 X161.200 Y180.128 E17.05378
G1 X161.051 Y180.592 F7800.000
G1 F2400.000
G1 X141.181 Y180.592 E18.18094
G1 E10.18094 F2400.00000
G92 E0
G1 X149.542 Y152.688 F7800.000
G1 E10.00000 F2400.00000
G1 F2400.000
G1 X149.541 Y148.128 E10.21860
G1 X180.459 Y148.128 E11.70075
G1 X180.458 Y152.688 E11.91935
G1 X149.602 Y152.688 E13.39854
G1 X149.731 Y152.335 F7800.000
G1 X149.939 Y152.291 F7800.000
G1 F4800.000
G1 X149.939 Y148.525 E13.59984
G1 X180.062 Y148.525 E15.21023
G1 X180.061 Y152.291 E15.41153
G1 X149.999 Y152.291 E17.01862
G1 X150.358 Y151.872 F7800.000
G1 F4800.000
G1 X150.358 Y148.944 E17.17513
G1 X179.643 Y148.944 E18.74075
G1 X179.642 Y151.872 E18.89726
G1 X150.418 Y151.872 E20.45958
G1 X150.777 Y151.453 F7800.000
G1 F4800.000
G1 X150.777 Y149.363 E20.57131
G1 X179.225 Y149.363 E22.09215
G1 X179.224 Y151.453 E22.20388
G1 X150.837 Y151.453 E23.72143
G1 X151.359 Y149.619 F7800.000
G1 F3600.000
G1 X151.033 Y149.945 E23.74645
G1 X151.033 Y150.546 E23.77907
G1 X151.960 Y149.619 E23.85022
G1 X152.561 Y149.619 E23.88284
G1 X151.033 Y151.147 E24.00012
G1 X151.033 Y151.197 E24.00283
G1 X151.584 Y151.197 E24.03275
G1 X153.162 Y149.619 E24.15385
G1 X153.764 Y149.619 E24.18648
G1 X152.186 Y151.197 E24.30758
G1 X152.787 Y151.197 E24.34020
G1 X154.365 Y149.619 E24.46130
G1 X154.966 Y149.619 E24.49393
G1 X153.388 Y151.197 E24.61503
G1 X153.989 Y151.197 E24.64766
G1 X155.568 Y149.619 E24.76876
G1 X156.169 Y149.619 E24.80138
G1 X154.591 Y151.197 E24.92248
G1 X155.192 Y151.197 E24.95511
G1 X156.770 Y149.619 E25.07621
G1 X157.371 Y149.619 E25.10884
G1 X155.793 Y151.197 E25.22994
G1 X156.395 Y151.197 E25.26257
G1 X157.973 Y149.619 E25.38366
G1 X158.574 Y149.619 E25.41629
G1 X156.996 Y151.197 E25.53739
G1 X157.597 Y151.197 E25.57002
G1 X159.175 Y149.619 E25.69112
G1 X159.777 Y149.619 E25.72374
G1 X158.198 Y151.197 E25.84484
G1 X158.800 Y151.197 E25.87747
G1 X160.378 Y149.619 E25.99857
G1 X160.979 Y149.619 E26.03120
G1 X159.401 Y151.197 E26.15230
G1 X160.002 Y151.197 E26.18493
G1 X161.580 Y149.619 E26.30602
G1 X162.182 Y149.619 E26.33865
G1 X160.604 Y151.197 E26.45975
G1 X161.205 Y151.197 E26.49238
G1 X162.783 Y149.619 E26.61348
G1 X163.384 Y149.619 E26.64611
G1 X161.806 Y151.197 E26.76720
G1 X162.407 Y151.197 E26.79983
G1 X163.986 Y149.619 E26.92093
G1 X164.587 Y149.619 E26.95356
G1 X163.009 Y151.197 E27.07466
G1 X163.610 Y151.197 E27.10729
G1 X165.188 Y149.619 E27.22838
G1 X165.789 Y149.619 E27.26101
G1 X164.211 Y151.197 E27.38211
G1 X164.813 Y151.197 E27.41474
G1 X166.391 Y149.619 E27.53584
G1 X166.992 Y149.619 E27.56847
G1 X165.414 Y151.197 E27.68956
G1 X166.015 Y151.197 E27.72219
G1 X167.593 Y149.619 E27.84329
G1 X168.194 Y149.619 E27.87592
G1 X166.616 Y151.197 E27.99702
G1 X167.218 Y151.197 E28.02965
G1 X168.796 Y149.619 E28.15074
G1 X169.397 Y149.619 E28.18337
G1 X167.819 Y151.197 E28.30447
G1 X168.420 Y151.197 E28.33710
G1 X169.998 Y149.619 E28.45820
G1 X170.600 Y149.619 E28.49083
G1 X169.022 Y151.197 E28.61193
G1 X169.623 Y151.197 E28.64455
G1 X171.201 Y149.619 E28.76565
G1 X171.802 Y149.619 E28.79828
G1 X170.224 Y151.197 E28.91938
G1 X170.825 Y151.197 E28.95201
G1 X172.403 Y149.619 E29.07311
G1 X173.005 Y149.619 E29.10573
G1 X171.427 Y151.197 E29.22683
G1 X172.028 Y151.197 E29.25946
G1 X173.606 Y149.619 E29.38056
G1 X174.207 Y149.619 E29.41319
G1 X172.629 Y151.197 E29.53429
G1 X173.231 Y151.197 E29.56691
G1 X174.809 Y149.619 E29.68801
G1 X175.410 Y149.619 E29.72064
G1 X173.832 Y151.197 E29.84174
G1 X174.433 Y151.197 E29.87437
G1 X176.011 Y149.619 E29.99547
G1 X176.612 Y149.619 E30.02809
G1 X175.034 Y151.197 E30.14919
G1 X175.636 Y151.197 E30.18182
G1 X177.214 Y149.619 E30.30292
G1 X177.815 Y149.619 E30.33555
G1 X176.237 Y151.197 E30.45665
G1 X176.838 Y151.197 E30.48927
G1 X178.416 Y149.619 E30.61037
G1 X178.969 Y149.619 E30.64036
G1 X178.969 Y149.668 E30.64300
G1 X177.440 Y151.197 E30.76036
G1 X178.041 Y151.197 E30.79299
G1 X178.968 Y150.269 E30.86418
G1 X178.968 Y150.871 E30.89683
G1 X178.642 Y151.197 E30.92184
G1 Z22.250 F7800.000
G1 E22.92184 F2400.00000
G92 E0
G1 X170.512 Y179.312 F7800.000
G1 E10.00000 F2400.00000
G1 F2400.000
G1 X191.188 Y179.312 E10.99118
G1 X191.188 Y181.872 E11.11390
G1 X170.512 Y181.872 E12.10508
G1 X170.512 Y179.372 E12.22493
G1 X170.912 Y179.328 F7800.000
G1 X170.910 Y179.709 F7800.000
G1 F4800.000
G1 X190.791 Y179.709 E13.28778
G1 X190.791 Y181.475 E13.38217
G1 X170.910 Y181.475 E14.44503
G1 X170.910 Y179.769 E14.53620
G1 X171.329 Y180.128 F7800.000
G1 F1800.000
G1 X190.372 Y180.128 E15.55427
G1 X190.372 Y181.056 E15.60387
G1 X171.329 Y181.056 E16.62194
G1 X171.329 Y180.188 E16.66833
G1 X171.538 Y180.592 F7800.000
G1 F2400.000
G1 X190.163 Y180.592 E17.72488
G1 E9.72488 F2400.00000
G92 E0
G1 X161.488 Y179.312 F7800.000
G1 E10.00000 F2400.00000
G1 F2400.000
G1 X161.488 Y181.872 E10.12272
G1 X140.180 Y181.872 E11.14420
G1 X140.180 Y179.312 E11.26692
G1 X161.428 Y179.312 E12.28552
G1 X161.302 Y179.666 F7800.000
G1 X161.090 Y179.709 F7800.000
G1 F4800.000
G1 X161.090 Y181.475 E12.37991
G1 X140.577 Y181.475 E13.47655
G1 X140.577 Y179.709 E13.57093
G1 X161.030 Y179.709 E14.66437
G1 X160.671 Y180.128 F7800.000
G1 F4800.000
G1 X160.671 Y181.056 E14.71397
G1 X140.996 Y181.056 E15.76582
G1 X140.996 Y180.128 E15.81542
G1 X160.611 Y180.128 E16.86407
G1 X160.462 Y180.592 F7800.000
G1 F2400.000
G1 X141.205 Y180.592 E17.95648
G1 E9.95648 F2400.00000
G92 E0
G1 X149.952 Y152.688 F7800.000
G1 E10.00000 F2400.00000
G1 F2400.000
G1 X149.949 Y148.128 E10.21860
G1 X180.051 Y148.128 E11.66164
G1 X180.048 Y152.688 E11.88024
G1 X150.012 Y152.688 E13.32012
G1 X150.134 Y152.332 F7800.000
G1 X150.349 Y152.291 F7800.000
G1 F4800.000
G1 X150.347 Y148.525 E13.52142
G1 X179.653 Y148.525 E15.08816
G1 X179.651 Y152.291 E15.28946
G1 X150.409 Y152.291 E16.85272
G1 X150.768 Y151.872 F7800.000
G1 F4800.000
G1 X150.766 Y148.944 E17.00923
G1 X179.234 Y148.944 E18.53115
G1 X179.232 Y151.872 E18.68767
G1 X150.828 Y151.872 E20.20617
G1 X151.186 Y151.453 F7800.000
G1 F4800.000
G1 X151.185 Y149.363 E20.31790
G1 X178.815 Y149.363 E21.79500
G1 X178.814 Y151.453 E21.90673
G1 X151.246 Y151.453 E23.38047
G1 X151.768 Y151.197 F7800.000
G1 F3600.000
G1 X151.442 Y150.871 E23.40528
G1 X151.442 Y150.274 E23.43743
G1 X152.365 Y151.197 E23.50772
G1 X152.961 Y151.197 E23.53985
G1 X151.441 Y149.677 E23.65561
G1 X151.441 Y149.619 E23.65873
G1 X151.980 Y149.619 E23.68774
G1 X153.558 Y151.197 E23.80790
G1 X154.155 Y151.197 E23.84003
G1 X152.577 Y149.619 E23.96020
G1 X153.173 Y149.619 E23.99233
G1 X154.751 Y151.197 E24.11249
G1 X155.348 Y151.197 E24.14462
G1 X153.770 Y149.619 E24.26479
G1 X154.367 Y149.619 E24.29692
G1 X155.945 Y151.197 E24.41708
G1 X156.541 Y151.197 E24.44921
G1 X154.963 Y149.619 E24.56938
G1 X155.560 Y149.619 E24.60151
G1 X157.138 Y151.197 E24.72167
G1 X157.735 Y151.197 E24.75380
G1 X156.157 Y149.619 E24.87397
G1 X156.753 Y149.619 E24.90609
G1 X158.331 Y151.197 E25.02626
G1 X158.928 Y151.197 E25.05839
G1 X157.350 Y149.619 E25.17856
G1 X157.947 Y149.619 E25.21068
G1 X159.525 Y151.197 E25.33085
G1 X160.121 Y151.197 E25.36298
G1 X158.543 Y149.619 E25.48315
G1 X159.140 Y149.619 E25.51527
G1 X160.718 Y151.197 E25.63544
G1 X161.315 Y151.197 E25.66757
G1 X159.736 Y149.619 E25.78774
G1 X160.333 Y149.619 E25.81986
G1 X161.911 Y151.197 E25.94003
G1 X162.508 Y151.197 E25.97216
G1 X160.930 Y149.619 E26.09233
G1 X161.526 Y149.619 E26.12445
G1 X163.105 Y151.197 E26.24462
G1 X163.701 Y151.197 E26.27675
G1 X162.123 Y149.619 E26.39692
G1 X162.720 Y149.619 E26.42904
G1 X164.298 Y151.197 E26.54921
G1 X164.894 Y151.197 E26.58134
G1 X163.316 Y149.619 E26.70151
G1 X163.913 Y149.619 E26.73363
G1 X165.491 Y151.197 E26.85380
G1 X166.088 Y151.197 E26.88593
G1 X164.510 Y149.619 E27.00610
G1 X165.106 Y149.619 E27.03822
G1 X166.684 Y151.197 E27.15839
G1 X167.281 Y151.197 E27.19052
G1 X165.703 Y149.619 E27.31069
G1 X166.300 Y149.619 E27.34281
G1 X167.878 Y151.197 E27.46298
G1 X168.474 Y151.197 E27.49511
G1 X166.896 Y149.619 E27.61528
G1 X167.493 Y149.619 E27.64740
G1 X169.071 Y151.197 E27.76757
G1 X169.668 Y151.197 E27.79970
G1 X168.090 Y149.619 E27.91987
G1 X168.686 Y149.619 E27.95199
G1 X170.264 Y151.197 E28.07216
G1 X170.861 Y151.197 E28.10429
G1 X169.283 Y149.619 E28.22446
G1 X169.880 Y149.619 E28.25658
G1 X171.458 Y151.197 E28.37675
G1 X172.054 Y151.197 E28.40888
G1 X170.476 Y149.619 E28.52905
G1 X171.073 Y149.619 E28.56117
G1 X172.651 Y151.197 E28.68134
G1 X173.248 Y151.197 E28.71347
G1 X171.670 Y149.619 E28.83364
G1 X172.266 Y149.619 E28.86576
G1 X173.844 Y151.197 E28.98593
G1 X174.441 Y151.197 E29.01806
G1 X172.863 Y149.619 E29.13823
G1 X173.460 Y149.619 E29.17035
G1 X175.038 Y151.197 E29.29052
G1 X175.634 Y151.197 E29.32265
G1 X174.056 Y149.619 E29.44282
G1 X174.653 Y149.619 E29.47494
G1 X176.231 Y151.197 E29.59511
G1 X176.828 Y151.197 E29.62724
G1 X175.250 Y149.619 E29.74740
G1 X175.846 Y149.619 E29.77953
G1 X177.424 Y151.197 E29.89970
G1 X178.021 Y151.197 E29.93183
G1 X176.443 Y149.619 E30.05199
G1 X177.040 Y149.619 E30.08412
G1 X178.558 Y151.137 E30.19975
G1 X178.558 Y150.541 E30.23186
G1 X177.636 Y149.619 E30.30208
G1 X178.233 Y149.619 E30.33421
G1 X178.559 Y149.945 E30.35903
M106 S229.5
G1 Z22.550 F7800.000
G1 E22.35903 F2400.00000
G92 E0
G1 X171.019 Y179.312 F7800.000
G1 E10.00000 F2400.00000
G1 F2400.000
G1 X191.189 Y179.312 E10.96690
G1 X191.189 Y181.872 E11.08962
G1 X171.019 Y181.872 E12.05653
G1 X171.019 Y179.372 E12.17637
G1 X171.419 Y179.329 F7800.000
G1 X171.416 Y179.709 F7800.000
G1 F4800.000
G1 X190.791 Y179.709 E13.21216
G1 X190.791 Y181.475 E13.30654
G1 X171.416 Y181.475 E14.34232
G1 X171.416 Y179.769 E14.43350
G1 X171.835 Y180.128 F7800.000
G1 F1800.000
G1 X190.372 Y180.128 E15.42450
G1 X190.372 Y181.056 E15.47410
G1 X171.835 Y181.056 E16.46509
G1 X171.835 Y180.188 E16.51148
G1 X172.045 Y180.592 F7800.000
G1 F2400.000
G1 X190.163 Y180.592 E17.53931
G1 E9.53931 F2400.00000
G92 E0
G1 X160.981 Y179.312 F7800.000
G1 E10.00000 F2400.00000
G1 F2400.000
G1 X160.981 Y181.872 E10.12272
G1 X140.203 Y181.872 E11.11877
G1 X140.203 Y179.312 E11.24150
G1 X160.921 Y179.312 E12.23467
G1 X160.795 Y179.666 F7800.000
G1 X160.584 Y179.709 F7800.000
G1 F4800.000
G1 X160.584 Y181.475 E12.32905
G1 X140.601 Y181.475 E13.39734
G1 X140.601 Y179.709 E13.49172
G1 X160.524 Y179.709 E14.55680
G1 X160.165 Y180.128 F7800.000
G1 F1800.000
G1 X160.165 Y181.056 E14.60640
G1 X141.020 Y181.056 E15.62990
G1 X141.020 Y180.128 E15.67950
G1 X160.105 Y180.128 E16.69979
G1 X159.955 Y180.592 F7800.000
G1 F2400.000
G1 X141.229 Y180.592 E17.76211
G1 E9.76211 F2400.00000
G92 E0
G1 X150.410 Y152.688 F7800.000
G1 E10.00000 F2400.00000
G1 F2400.000
G1 X150.411 Y148.128 E10.21860
G1 X179.589 Y148.128 E11.61733
G1 X179.590 Y152.688 E11.83593
G1 X150.470 Y152.688 E13.23192
G1 X150.605 Y152.339 F7800.000
G1 X150.807 Y152.291 F7800.000
G1 F4800.000
G1 X150.809 Y148.525 E13.43322
G1 X179.192 Y148.525 E14.95059
G1 X179.193 Y152.291 E15.15189
G1 X150.867 Y152.291 E16.66619
G1 X151.226 Y151.872 F7800.000
G1 F4800.000
G1 X151.227 Y148.944 E16.82271
G1 X178.773 Y148.944 E18.29531
G1 X178.775 Y151.872 E18.45183
G1 X151.286 Y151.872 E19.92135
G1 X151.645 Y151.453 F7800.000
G1 F4800.000
G1 X151.646 Y149.363 E20.03308
G1 X178.355 Y149.363 E21.46092
G1 X178.356 Y151.453 E21.57265
G1 X151.705 Y151.453 E22.99740
G1 X151.902 Y149.945 F7800.000
G1 F3600.000
G1 X152.228 Y149.619 E23.02246
G1 X152.831 Y149.619 E23.05525
G1 X151.902 Y150.548 E23.12671
G1 X151.901 Y151.151 E23.15951
G1 X153.433 Y149.619 E23.27735
G1 X154.036 Y149.619 E23.31014
G1 X152.458 Y151.197 E23.43154
G1 X153.061 Y151.197 E23.46433
G1 X154.639 Y149.619 E23.58572
G1 X155.242 Y149.619 E23.61851
G1 X153.664 Y151.197 E23.73991
G1 X154.266 Y151.197 E23.77270
G1 X155.844 Y149.619 E23.89409
G1 X156.447 Y149.619 E23.92688
G1 X154.869 Y151.197 E24.04828
G1 X155.472 Y151.197 E24.08106
G1 X157.050 Y149.619 E24.20246
G1 X157.653 Y149.619 E24.23525
G1 X156.075 Y151.197 E24.35665
G1 X156.677 Y151.197 E24.38943
G1 X158.255 Y149.619 E24.51083
G1 X158.858 Y149.619 E24.54362
G1 X157.280 Y151.197 E24.66501
G1 X157.883 Y151.197 E24.69780
G1 X159.461 Y149.619 E24.81920
G1 X160.064 Y149.619 E24.85199
G1 X158.486 Y151.197 E24.97338
G1 X159.088 Y151.197 E25.00617
G1 X160.666 Y149.619 E25.12757
G1 X161.269 Y149.619 E25.16036
G1 X159.691 Y151.197 E25.28175
G1 X160.294 Y151.197 E25.31454
G1 X161.872 Y149.619 E25.43594
G1 X162.475 Y149.619 E25.46872
G1 X160.897 Y151.197 E25.59012
G1 X161.499 Y151.197 E25.62291
G1 X163.077 Y149.619 E25.74431
G1 X163.680 Y149.619 E25.77709
G1 X162.102 Y151.197 E25.89849
G1 X162.705 Y151.197 E25.93128
G1 X164.283 Y149.619 E26.05267
G1 X164.886 Y149.619 E26.08546
G1 X163.308 Y151.197 E26.20686
G1 X163.910 Y151.197 E26.23965
G1 X165.489 Y149.619 E26.36104
G1 X166.091 Y149.619 E26.39383
G1 X164.513 Y151.197 E26.51523
G1 X165.116 Y151.197 E26.54802
G1 X166.694 Y149.619 E26.66941
G1 X167.297 Y149.619 E26.70220
G1 X165.719 Y151.197 E26.82360
G1 X166.322 Y151.197 E26.85639
G1 X167.900 Y149.619 E26.97778
G1 X168.502 Y149.619 E27.01057
G1 X166.924 Y151.197 E27.13197
G1 X167.527 Y151.197 E27.16475
G1 X169.105 Y149.619 E27.28615
G1 X169.708 Y149.619 E27.31894
G1 X168.130 Y151.197 E27.44034
G1 X168.733 Y151.197 E27.47312
G1 X170.311 Y149.619 E27.59452
G1 X170.913 Y149.619 E27.62731
G1 X169.335 Y151.197 E27.74870
G1 X169.938 Y151.197 E27.78149
G1 X171.516 Y149.619 E27.90289
G1 X172.119 Y149.619 E27.93568
G1 X170.541 Y151.197 E28.05707
G1 X171.144 Y151.197 E28.08986
G1 X172.722 Y149.619 E28.21126
G1 X173.324 Y149.619 E28.24405
G1 X171.746 Y151.197 E28.36544
G1 X172.349 Y151.197 E28.39823
G1 X173.927 Y149.619 E28.51963
G1 X174.530 Y149.619 E28.55242
G1 X172.952 Y151.197 E28.67381
G1 X173.555 Y151.197 E28.70660
G1 X175.133 Y149.619 E28.82800
G1 X175.735 Y149.619 E28.86078
G1 X174.157 Y151.197 E28.98218
G1 X174.760 Y151.197 E29.01497
G1 X176.338 Y149.619 E29.13637
G1 X176.941 Y149.619 E29.16915
G1 X175.363 Y151.197 E29.29055
G1 X175.966 Y151.197 E29.32334
G1 X177.544 Y149.619 E29.44473
G1 X178.099 Y149.619 E29.47494
G1 X178.099 Y149.666 E29.47752
G1 X176.568 Y151.197 E29.59526
G1 X177.171 Y151.197 E29.62805
G1 X178.099 Y150.269 E29.69946
G1 X178.100 Y150.871 E29.73222
G1 X177.774 Y151.197 E29.75730
G1 Z22.850 F7800.000
G1 E21.75730 F2400.00000
G92 E0
G1 X171.481 Y179.312 F7800.000
G1 E10.00000 F2400.00000
G1 F2400.000
G1 X191.189 Y179.312 E10.94477
G1 X191.189 Y181.872 E11.06749
G1 X171.481 Y181.872 E12.01226
G1 X171.481 Y179.372 E12.13211
G1 X171.881 Y179.329 F7800.000
G1 X171.878 Y179.709 F7800.000
G1 F4800.000
G1 X190.792 Y179.709 E13.14321
G1 X190.792 Y181.475 E13.23759
G1 X171.878 Y181.475 E14.24869
G1 X171.878 Y179.769 E14.33987
G1 X172.297 Y180.128 F7800.000
G1 F1800.000
G1 X190.373 Y180.128 E15.30618
G1 X190.373 Y181.056 E15.35578
G1 X172.297 Y181.056 E16.32210
G1 X172.297 Y180.188 E16.36849
G1 X172.507 Y180.592 F7800.000
G1 F2400.000
G1 X190.163 Y180.592 E17.37012
G1 E9.37012 F2400.00000
G92 E0
G1 X160.519 Y179.312 F7800.000
G1 E10.00000 F2400.00000
G1 F2400.000
G1 X160.519 Y181.872 E10.12272
G1 X140.227 Y181.872 E11.09549
G1 X140.227 Y179.312 E11.21821
G1 X160.459 Y179.312 E12.18810
G1 X160.334 Y179.666 F7800.000
G1 X160.122 Y179.709 F7800.000
G1 F4800.000
G1 X160.122 Y181.475 E12.28248
G1 X140.624 Y181.475 E13.32480
G1 X140.624 Y179.709 E13.41919
G1 X160.062 Y179.709 E14.45830
G1 X159.703 Y180.128 F7800.000
G1 F1800.000
G1 X159.703 Y181.056 E14.50790
G1 X141.043 Y181.056 E15.50544
G1 X141.043 Y180.128 E15.55503
G1 X159.643 Y180.128 E16.54936
G1 X159.493 Y180.592 F7800.000
G1 F2400.000
G1 X141.253 Y180.592 E17.58413
G1 E9.58413 F2400.00000
G92 E0
G1 X150.876 Y152.688 F7800.000
G1 E10.00000 F2400.00000
G1 F2400.000
G1 X150.876 Y148.128 E10.21860
G1 X179.125 Y148.128 E11.57283
G1 X179.124 Y152.688 E11.79143
G1 X150.936 Y152.688 E13.14270
G1 X151.064 Y152.335 F7800.000
G1 X151.274 Y152.291 F7800.000
G1 F4800.000
G1 X151.273 Y148.525 E13.34401
G1 X178.728 Y148.525 E14.81174
G1 X178.727 Y152.291 E15.01305
G1 X151.334 Y152.291 E16.47748
G1 X151.692 Y151.872 F7800.000
G1 F4800.000
G1 X151.692 Y148.944 E16.63400
G1 X178.309 Y148.944 E18.05696
G1 X178.308 Y151.872 E18.21348
G1 X151.752 Y151.872 E19.63315
G1 X152.111 Y151.453 F7800.000
G1 F4800.000
G1 X152.111 Y149.363 E19.74488
G1 X177.891 Y149.363 E21.12307
G1 X177.890 Y151.453 E21.23480
G1 X152.171 Y151.453 E22.60970
G1 X152.367 Y150.871 F7800.000
G1 F3600.000
G1 X152.693 Y151.197 E22.63447
G1 X153.288 Y151.197 E22.66645
G1 X152.367 Y150.276 E22.73646
G1 X152.367 Y149.680 E22.76845
G1 X153.884 Y151.197 E22.88369
G1 X154.479 Y151.197 E22.91567
G1 X152.901 Y149.619 E23.03557
G1 X153.496 Y149.619 E23.06755
G1 X155.074 Y151.197 E23.18745
G1 X155.670 Y151.197 E23.21943
G1 X154.091 Y149.619 E23.33933
G1 X154.687 Y149.619 E23.37131
G1 X156.265 Y151.197 E23.49121
G1 X156.860 Y151.197 E23.52319
G1 X155.282 Y149.619 E23.64309
G1 X155.877 Y149.619 E23.67507
G1 X157.456 Y151.197 E23.79497
G1 X158.051 Y151.197 E23.82695
G1 X156.473 Y149.619 E23.94685
G1 X157.068 Y149.619 E23.97883
G1 X158.646 Y151.197 E24.09873
G1 X159.241 Y151.197 E24.13071
G1 X157.663 Y149.619 E24.25061
G1 X158.259 Y149.619 E24.28260
G1 X159.837 Y151.197 E24.40249
G1 X160.432 Y151.197 E24.43448
G1 X158.854 Y149.619 E24.55437
G1 X159.449 Y149.619 E24.58636
G1 X161.027 Y151.197 E24.70625
G1 X161.623 Y151.197 E24.73824
G1 X160.045 Y149.619 E24.85813
G1 X160.640 Y149.619 E24.89012
G1 X162.218 Y151.197 E25.01001
G1 X162.813 Y151.197 E25.04200
G1 X161.235 Y149.619 E25.16189
G1 X161.831 Y149.619 E25.19388
G1 X163.409 Y151.197 E25.31377
G1 X164.004 Y151.197 E25.34576
G1 X162.426 Y149.619 E25.46565
G1 X163.021 Y149.619 E25.49764
G1 X164.599 Y151.197 E25.61753
G1 X165.195 Y151.197 E25.64952
G1 X163.617 Y149.619 E25.76941
G1 X164.212 Y149.619 E25.80140
G1 X165.790 Y151.197 E25.92130
G1 X166.385 Y151.197 E25.95328
G1 X164.807 Y149.619 E26.07318
G1 X165.402 Y149.619 E26.10516
G1 X166.981 Y151.197 E26.22506
G1 X167.576 Y151.197 E26.25704
G1 X165.998 Y149.619 E26.37694
G1 X166.593 Y149.619 E26.40892
G1 X168.171 Y151.197 E26.52882
G1 X168.766 Y151.197 E26.56080
G1 X167.188 Y149.619 E26.68070
G1 X167.784 Y149.619 E26.71268
G1 X169.362 Y151.197 E26.83258
G1 X169.957 Y151.197 E26.86456
G1 X168.379 Y149.619 E26.98446
G1 X168.974 Y149.619 E27.01644
G1 X170.552 Y151.197 E27.13634
G1 X171.148 Y151.197 E27.16832
G1 X169.570 Y149.619 E27.28822
G1 X170.165 Y149.619 E27.32020
G1 X171.743 Y151.197 E27.44010
G1 X172.338 Y151.197 E27.47208
G1 X170.760 Y149.619 E27.59198
G1 X171.356 Y149.619 E27.62396
G1 X172.934 Y151.197 E27.74386
G1 X173.529 Y151.197 E27.77584
G1 X171.951 Y149.619 E27.89574
G1 X172.546 Y149.619 E27.92772
G1 X174.124 Y151.197 E28.04762
G1 X174.720 Y151.197 E28.07960
G1 X173.142 Y149.619 E28.19950
G1 X173.737 Y149.619 E28.23148
G1 X175.315 Y151.197 E28.35138
G1 X175.910 Y151.197 E28.38336
G1 X174.332 Y149.619 E28.50326
G1 X174.928 Y149.619 E28.53524
G1 X176.506 Y151.197 E28.65514
G1 X177.101 Y151.197 E28.68712
G1 X175.523 Y149.619 E28.80702
G1 X176.118 Y149.619 E28.83900
G1 X177.634 Y151.135 E28.95417
G1 X177.634 Y150.540 E28.98613
G1 X176.713 Y149.619 E29.05609
G1 X177.309 Y149.619 E29.08808
G1 X177.635 Y149.945 E29.11284
G1 Z23.150 F7800.000
G1 E21.11284 F2400.00000
G92 E0
G1 X171.857 Y179.312 F7800.000
G1 E10.00000 F2400.00000
G1 F2400.000
G1 X191.189 Y179.312 E10.92674
G1 X191.189 Y181.872 E11.04947
G1 X171.857 Y181.872 E11.97621
G1 X171.857 Y179.372 E12.09606
G1 X172.257 Y179.330 F7800.000
G1 X172.255 Y179.709 F7800.000
G1 F1800.000
G1 X190.792 Y179.709 E13.08706
G1 X190.792 Y181.475 E13.18145
G1 X172.255 Y181.475 E14.17245
G1 X172.255 Y179.769 E14.26363
G1 X172.673 Y180.128 F7800.000
G1 F1800.000
G1 X190.373 Y180.128 E15.20984
G1 X190.373 Y181.056 E15.25944
G1 X172.673 Y181.056 E16.20566
G1 X172.673 Y180.188 E16.25205
G1 X172.883 Y180.592 F7800.000
G1 F2400.000
G1 X190.164 Y180.592 E17.23235
G1 E9.23235 F2400.00000
G92 E0
G1 X160.143 Y179.312 F7800.000
G1 E10.00000 F2400.00000
G1 F2400.000
G1 X160.143 Y181.872 E10.12272
G1 X140.251 Y181.872 E11.07631
G1 X140.251 Y179.312 E11.19904
G1 X160.083 Y179.312 E12.14975
G1 X159.958 Y179.667 F7800.000
G1 X159.745 Y179.709 F7800.000
G1 F4800.000
G1 X159.745 Y181.475 E12.24414
G1 X140.648 Y181.475 E13.26508
G1 X140.648 Y179.709 E13.35946
G1 X159.685 Y179.709 E14.37719
G1 X159.327 Y180.128 F7800.000
G1 F1800.000
G1 X159.327 Y181.056 E14.42679
G1 X141.067 Y181.056 E15.40294
G1 X141.067 Y180.128 E15.45254
G1 X159.267 Y180.128 E16.42549
G1 X159.117 Y180.592 F7800.000
G1 F2400.000
G1 X141.276 Y180.592 E17.43756
G1 E9.43756 F2400.00000
G92 E0
G1 X151.343 Y152.688 F7800.000
G1 E10.00000 F2400.00000
G1 F2400.000
G1 X151.342 Y148.128 E10.21860
G1 X178.658 Y148.128 E11.52811
G1 X178.657 Y152.688 E11.74671
G1 X151.403 Y152.688 E13.05325
G1 X151.530 Y152.334 F7800.000
G1 X151.740 Y152.291 F7800.000
G1 F4800.000
G1 X151.739 Y148.525 E13.25455
G1 X178.261 Y148.525 E14.67241
G1 X178.260 Y152.291 E14.87372
G1 X151.800 Y152.291 E16.28827
G1 X152.159 Y151.872 F7800.000
G1 F4800.000
G1 X152.158 Y148.944 E16.44479
G1 X177.843 Y148.944 E17.81788
G1 X177.842 Y151.872 E17.97439
G1 X152.219 Y151.872 E19.34419
G1 X152.578 Y151.453 F7800.000
G1 F4800.000
G1 X152.577 Y149.363 E19.45592
G1 X177.424 Y149.363 E20.78423
G1 X177.423 Y151.453 E20.89596
G1 X152.638 Y151.453 E22.22098
G1 X153.159 Y149.619 F7800.000
G1 F3600.000
G1 X152.833 Y149.945 E22.24600
G1 X152.833 Y150.546 E22.27864
G1 X153.761 Y149.619 E22.34982
G1 X154.362 Y149.619 E22.38246
G1 X152.834 Y151.148 E22.49979
G1 X152.834 Y151.197 E22.50248
G1 X153.385 Y151.197 E22.53244
G1 X154.964 Y149.619 E22.65357
G1 X155.565 Y149.619 E22.68621
G1 X153.987 Y151.197 E22.80734
G1 X154.588 Y151.197 E22.83998
G1 X156.166 Y149.619 E22.96111
G1 X156.768 Y149.619 E22.99376
G1 X155.190 Y151.197 E23.11489
G1 X155.791 Y151.197 E23.14753
G1 X157.369 Y149.619 E23.26866
G1 X157.971 Y149.619 E23.30130
G1 X156.393 Y151.197 E23.42243
G1 X156.994 Y151.197 E23.45508
G1 X158.572 Y149.619 E23.57621
G1 X159.174 Y149.619 E23.60885
G1 X157.596 Y151.197 E23.72998
G1 X158.197 Y151.197 E23.76262
G1 X159.775 Y149.619 E23.88375
G1 X160.376 Y149.619 E23.91640
G1 X158.798 Y151.197 E24.03753
G1 X159.400 Y151.197 E24.07017
G1 X160.978 Y149.619 E24.19130
G1 X161.579 Y149.619 E24.22394
G1 X160.001 Y151.197 E24.34507
G1 X160.603 Y151.197 E24.37772
G1 X162.181 Y149.619 E24.49885
G1 X162.782 Y149.619 E24.53149
G1 X161.204 Y151.197 E24.65262
G1 X161.806 Y151.197 E24.68527
G1 X163.384 Y149.619 E24.80640
G1 X163.985 Y149.619 E24.83904
G1 X162.407 Y151.197 E24.96017
G1 X163.008 Y151.197 E24.99281
G1 X164.586 Y149.619 E25.11394
G1 X165.188 Y149.619 E25.14659
G1 X163.610 Y151.197 E25.26772
G1 X164.211 Y151.197 E25.30036
G1 X165.789 Y149.619 E25.42149
G1 X166.391 Y149.619 E25.45413
G1 X164.813 Y151.197 E25.57526
G1 X165.414 Y151.197 E25.60791
G1 X166.992 Y149.619 E25.72904
G1 X167.594 Y149.619 E25.76168
G1 X166.016 Y151.197 E25.88281
G1 X166.617 Y151.197 E25.91546
G1 X168.195 Y149.619 E26.03659
G1 X168.797 Y149.619 E26.06923
G1 X167.218 Y151.197 E26.19036
G1 X167.820 Y151.197 E26.22300
G1 X169.398 Y149.619 E26.34413
G1 X169.999 Y149.619 E26.37678
G1 X168.421 Y151.197 E26.49791
G1 X169.023 Y151.197 E26.53055
G1 X170.601 Y149.619 E26.65168
G1 X171.202 Y149.619 E26.68432
G1 X169.624 Y151.197 E26.80545
G1 X170.226 Y151.197 E26.83810
G1 X171.804 Y149.619 E26.95923
G1 X172.405 Y149.619 E26.99187
G1 X170.827 Y151.197 E27.11300
G1 X171.428 Y151.197 E27.14564
G1 X173.007 Y149.619 E27.26677
G1 X173.608 Y149.619 E27.29942
G1 X172.030 Y151.197 E27.42055
G1 X172.631 Y151.197 E27.45319
G1 X174.209 Y149.619 E27.57432
G1 X174.811 Y149.619 E27.60697
G1 X173.233 Y151.197 E27.72810
G1 X173.834 Y151.197 E27.76074
G1 X175.412 Y149.619 E27.88187
G1 X176.014 Y149.619 E27.91451
G1 X174.436 Y151.197 E28.03564
G1 X175.037 Y151.197 E28.06829
G1 X176.615 Y149.619 E28.18942
G1 X177.168 Y149.619 E28.21943
G1 X177.168 Y149.667 E28.22206
G1 X175.639 Y151.197 E28.33947
G1 X176.240 Y151.197 E28.37212
G1 X177.168 Y150.269 E28.44333
G1 X177.167 Y150.871 E28.47600
G1 X176.841 Y151.197 E28.50102
G1 Z23.450 F7800.000
G1 E20.50102 F2400.00000
G92 E0
G1 X172.228 Y179.312 F7800.000
G1 E10.00000 F2400.00000
G1 F2400.000
G1 X191.189 Y179.312 E10.90900
G1 X191.189 Y181.872 E11.03172
G1 X172.228 Y181.872 E11.94072
G1 X172.228 Y179.372 E12.06056
G1 X172.627 Y179.330 F7800.000
G1 X172.625 Y179.709 F7800.000
G1 F1800.000
G1 X190.792 Y179.709 E13.03178
G1 X190.792 Y181.475 E13.12616
G1 X172.625 Y181.475 E14.09737
G1 X172.625 Y179.769 E14.18855
G1 X173.044 Y180.128 F7800.000
G1 F1800.000
G1 X190.373 Y180.128 E15.11497
G1 X190.373 Y181.056 E15.16457
G1 X173.044 Y181.056 E16.09099
G1 X173.044 Y180.188 E16.13738
G1 X173.253 Y180.592 F7800.000
G1 F2400.000
G1 X190.164 Y180.592 E17.09669
G1 E9.09669 F2400.00000
G92 E0
G1 X159.772 Y179.312 F7800.000
G1 E10.00000 F2400.00000
G1 F2400.000
G1 X159.772 Y181.872 E10.12272
G1 X140.275 Y181.872 E11.05742
G1 X140.275 Y179.312 E11.18014
G1 X159.712 Y179.312 E12.11196
G1 X159.588 Y179.667 F7800.000
G1 X159.375 Y179.709 F7800.000
G1 F4800.000
G1 X159.375 Y181.475 E12.20634
G1 X140.672 Y181.475 E13.20620
G1 X140.672 Y179.709 E13.30059
G1 X159.315 Y179.709 E14.29725
G1 X158.956 Y180.128 F7800.000
G1 F1800.000
G1 X158.956 Y181.056 E14.34684
G1 X141.091 Y181.056 E15.30192
G1 X141.091 Y180.128 E15.35152
G1 X158.896 Y180.128 E16.30339
G1 X158.747 Y180.592 F7800.000
G1 F2400.000
G1 X141.300 Y180.592 E17.29310
G1 E9.29310 F2400.00000
G92 E0
G1 X151.873 Y152.688 F7800.000
G1 E10.00000 F2400.00000
G1 F2400.000
G1 X151.874 Y148.128 E10.21860
G1 X178.126 Y148.128 E11.47711
G1 X178.127 Y152.688 E11.69572
G1 X151.933 Y152.688 E12.95146
G1 X152.066 Y152.338 F7800.000
G1 X152.270 Y152.291 F7800.000
G1 F4800.000
G1 X152.271 Y148.525 E13.15276
G1 X177.729 Y148.525 E14.51376
G1 X177.730 Y152.291 E14.71507
G1 X152.330 Y152.291 E16.07297
G1 X152.689 Y151.872 F7800.000
G1 F4800.000
G1 X152.690 Y148.944 E16.22948
G1 X177.311 Y148.944 E17.54572
G1 X177.312 Y151.872 E17.70224
G1 X152.749 Y151.872 E19.01536
G1 X153.108 Y151.453 F7800.000
G1 F4800.000
G1 X153.109 Y149.363 E19.12709
G1 X176.892 Y149.363 E20.39856
G1 X176.893 Y151.453 E20.51029
G1 X153.168 Y151.453 E21.77864
G1 X153.364 Y150.871 F7800.000
G1 F3600.000
G1 X153.690 Y151.197 E21.80380
G1 X154.295 Y151.197 E21.83683
G1 X153.364 Y150.266 E21.90870
G1 X153.364 Y149.661 E21.94172
G1 X154.900 Y151.197 E22.06028
G1 X155.505 Y151.197 E22.09331
G1 X153.927 Y149.619 E22.21515
G1 X154.532 Y149.619 E22.24818
G1 X156.110 Y151.197 E22.37002
G1 X156.715 Y151.197 E22.40305
G1 X155.137 Y149.619 E22.52489
G1 X155.742 Y149.619 E22.55792
G1 X157.320 Y151.197 E22.67976
G1 X157.925 Y151.197 E22.71279
G1 X156.347 Y149.619 E22.83463
G1 X156.952 Y149.619 E22.86766
G1 X158.530 Y151.197 E22.98950
G1 X159.135 Y151.197 E23.02253
G1 X157.557 Y149.619 E23.14437
G1 X158.162 Y149.619 E23.17739
G1 X159.740 Y151.197 E23.29924
G1 X160.345 Y151.197 E23.33226
G1 X158.767 Y149.619 E23.45411
G1 X159.372 Y149.619 E23.48713
G1 X160.950 Y151.197 E23.60897
G1 X161.555 Y151.197 E23.64200
G1 X159.977 Y149.619 E23.76384
G1 X160.582 Y149.619 E23.79687
G1 X162.160 Y151.197 E23.91871
G1 X162.765 Y151.197 E23.95174
G1 X161.186 Y149.619 E24.07358
G1 X161.791 Y149.619 E24.10661
G1 X163.370 Y151.197 E24.22845
G1 X163.974 Y151.197 E24.26148
G1 X162.396 Y149.619 E24.38332
G1 X163.001 Y149.619 E24.41635
G1 X164.579 Y151.197 E24.53819
G1 X165.184 Y151.197 E24.57122
G1 X163.606 Y149.619 E24.69306
G1 X164.211 Y149.619 E24.72609
G1 X165.789 Y151.197 E24.84793
G1 X166.394 Y151.197 E24.88096
G1 X164.816 Y149.619 E25.00280
G1 X165.421 Y149.619 E25.03583
G1 X166.999 Y151.197 E25.15767
G1 X167.604 Y151.197 E25.19070
G1 X166.026 Y149.619 E25.31254
G1 X166.631 Y149.619 E25.34557
G1 X168.209 Y151.197 E25.46741
G1 X168.814 Y151.197 E25.50043
G1 X167.236 Y149.619 E25.62228
G1 X167.841 Y149.619 E25.65530
G1 X169.419 Y151.197 E25.77715
G1 X170.024 Y151.197 E25.81017
G1 X168.446 Y149.619 E25.93201
G1 X169.051 Y149.619 E25.96504
G1 X170.629 Y151.197 E26.08688
G1 X171.234 Y151.197 E26.11991
G1 X169.656 Y149.619 E26.24175
G1 X170.261 Y149.619 E26.27478
G1 X171.839 Y151.197 E26.39662
G1 X172.444 Y151.197 E26.42965
G1 X170.866 Y149.619 E26.55149
G1 X171.471 Y149.619 E26.58452
G1 X173.049 Y151.197 E26.70636
G1 X173.654 Y151.197 E26.73939
G1 X172.076 Y149.619 E26.86123
G1 X172.681 Y149.619 E26.89426
G1 X174.259 Y151.197 E27.01610
G1 X174.864 Y151.197 E27.04913
G1 X173.286 Y149.619 E27.17097
G1 X173.891 Y149.619 E27.20400
G1 X175.469 Y151.197 E27.32584
G1 X176.074 Y151.197 E27.35887
G1 X174.496 Y149.619 E27.48071
G1 X175.101 Y149.619 E27.51374
G1 X176.637 Y151.156 E27.63239
G1 X176.637 Y150.550 E27.66544
G1 X175.706 Y149.619 E27.73735
G1 X176.311 Y149.619 E27.77038
G1 X176.637 Y149.945 E27.79555
G1 Z23.750 F7800.000
G1 E19.79555 F2400.00000
G92 E0
G1 X172.530 Y179.312 F7800.000
G1 E10.00000 F2400.00000
G1 F2400.000
G1 X191.190 Y179.312 E10.89450
G1 X191.190 Y181.872 E11.01722
G1 X172.530 Y181.872 E11.91171
G1 X172.530 Y179.372 E12.03156
G1 X172.930 Y179.330 F7800.000
G1 X172.928 Y179.709 F7800.000
G1 F1800.000
G1 X190.792 Y179.709 E12.98660
G1 X190.792 Y181.475 E13.08099
G1 X172.928 Y181.475 E14.03603
G1 X172.928 Y179.769 E14.12720
G1 X173.347 Y180.128 F7800.000
G1 F1800.000
G1 X190.373 Y180.128 E15.03746
G1 X190.373 Y181.056 E15.08705
G1 X173.347 Y181.056 E15.99731
G1 X173.347 Y180.188 E16.04370
G1 X173.556 Y180.592 F7800.000
G1 F2400.000
G1 X190.164 Y180.592 E16.98584
G1 E8.98584 F2400.00000
G92 E0
G1 X159.470 Y179.312 F7800.000
G1 E10.00000 F2400.00000
G1 F2400.000
G1 X159.470 Y181.872 E10.12272
G1 X140.298 Y181.872 E11.04176
G1 X140.298 Y179.312 E11.16449
G1 X159.410 Y179.312 E12.08065
G1 X159.285 Y179.667 F7800.000
G1 X159.072 Y179.709 F7800.000
G1 F1800.000
G1 X159.072 Y181.475 E12.17504
G1 X140.696 Y181.475 E13.15745
G1 X140.696 Y179.709 E13.25183
G1 X159.012 Y179.709 E14.23103
G1 X158.653 Y180.128 F7800.000
G1 F1800.000
G1 X158.653 Y181.056 E14.28063
G1 X141.115 Y181.056 E15.21826
G1 X141.115 Y180.128 E15.26785
G1 X158.593 Y180.128 E16.20227
G1 X158.444 Y180.592 F7800.000
G1 F2400.000
G1 X141.324 Y180.592 E17.17346
G1 E9.17346 F2400.00000
G92 E0
G1 X152.407 Y152.688 F7800.000
G1 E10.00000 F2400.00000
G1 F2400.000
G1 X152.406 Y148.128 E10.21860
G1 X177.594 Y148.128 E11.42611
G1 X177.593 Y152.688 E11.64471
G1 X152.467 Y152.688 E12.84920
G1 X152.591 Y152.333 F7800.000
G1 X152.804 Y152.291 F7800.000
G1 F4800.000
G1 X152.803 Y148.525 E13.05050
G1 X177.197 Y148.525 E14.35461
G1 X177.196 Y152.291 E14.55591
G1 X152.864 Y152.291 E15.85667
G1 X153.223 Y151.872 F7800.000
G1 F4800.000
G1 X153.222 Y148.944 E16.01318
G1 X176.779 Y148.944 E17.27252
G1 X176.777 Y151.872 E17.42903
G1 X153.283 Y151.872 E18.68502
G1 X153.642 Y151.453 F7800.000
G1 F4800.000
G1 X153.641 Y149.363 E18.79675
G1 X176.360 Y149.363 E20.01129
G1 X176.359 Y151.453 E20.12302
G1 X153.702 Y151.453 E21.33424
G1 X153.898 Y149.945 F7800.000
G1 F3600.000
G1 X154.223 Y149.619 E21.35891
G1 X154.816 Y149.619 E21.39065
G1 X153.898 Y150.538 E21.46021
G1 X153.898 Y151.131 E21.49195
G1 X155.410 Y149.619 E21.60640
G1 X156.003 Y149.619 E21.63814
G1 X154.425 Y151.197 E21.75760
G1 X155.018 Y151.197 E21.78935
G1 X156.596 Y149.619 E21.90880
G1 X157.189 Y149.619 E21.94055
G1 X155.611 Y151.197 E22.06000
G1 X156.204 Y151.197 E22.09175
G1 X157.782 Y149.619 E22.21121
G1 X158.375 Y149.619 E22.24295
G1 X156.797 Y151.197 E22.36241
G1 X157.390 Y151.197 E22.39416
G1 X158.968 Y149.619 E22.51361
G1 X159.561 Y149.619 E22.54536
G1 X157.983 Y151.197 E22.66482
G1 X158.576 Y151.197 E22.69656
G1 X160.155 Y149.619 E22.81602
G1 X160.748 Y149.619 E22.84777
G1 X159.170 Y151.197 E22.96722
G1 X159.763 Y151.197 E22.99897
G1 X161.341 Y149.619 E23.11842
G1 X161.934 Y149.619 E23.15017
G1 X160.356 Y151.197 E23.26963
G1 X160.949 Y151.197 E23.30137
G1 X162.527 Y149.619 E23.42083
G1 X163.120 Y149.619 E23.45258
G1 X161.542 Y151.197 E23.57203
G1 X162.135 Y151.197 E23.60378
G1 X163.713 Y149.619 E23.72324
G1 X164.306 Y149.619 E23.75498
G1 X162.728 Y151.197 E23.87444
G1 X163.321 Y151.197 E23.90619
G1 X164.899 Y149.619 E24.02564
G1 X165.493 Y149.619 E24.05739
G1 X163.915 Y151.197 E24.17684
G1 X164.508 Y151.197 E24.20859
G1 X166.086 Y149.619 E24.32805
G1 X166.679 Y149.619 E24.35979
G1 X165.101 Y151.197 E24.47925
G1 X165.694 Y151.197 E24.51100
G1 X167.272 Y149.619 E24.63045
G1 X167.865 Y149.619 E24.66220
G1 X166.287 Y151.197 E24.78166
G1 X166.880 Y151.197 E24.81340
G1 X168.458 Y149.619 E24.93286
G1 X169.051 Y149.619 E24.96461
G1 X167.473 Y151.197 E25.08406
G1 X168.066 Y151.197 E25.11581
G1 X169.644 Y149.619 E25.23526
G1 X170.238 Y149.619 E25.26701
G1 X168.660 Y151.197 E25.38647
G1 X169.253 Y151.197 E25.41821
G1 X170.831 Y149.619 E25.53767
G1 X171.424 Y149.619 E25.56942
G1 X169.846 Y151.197 E25.68887
G1 X170.439 Y151.197 E25.72062
G1 X172.017 Y149.619 E25.84008
G1 X172.610 Y149.619 E25.87182
G1 X171.032 Y151.197 E25.99128
G1 X171.625 Y151.197 E26.02303
G1 X173.203 Y149.619 E26.14248
G1 X173.796 Y149.619 E26.17423
G1 X172.218 Y151.197 E26.29368
G1 X172.811 Y151.197 E26.32543
G1 X174.389 Y149.619 E26.44489
G1 X174.983 Y149.619 E26.47663
G1 X173.404 Y151.197 E26.59609
G1 X173.998 Y151.197 E26.62784
G1 X175.576 Y149.619 E26.74729
G1 X176.104 Y149.619 E26.77556
G1 X176.104 Y149.684 E26.77904
G1 X174.591 Y151.197 E26.89357
G1 X175.184 Y151.197 E26.92532
G1 X176.103 Y150.278 E26.99492
G1 X176.103 Y150.871 E27.02669
G1 X175.777 Y151.197 E27.05136
G1 Z24.050 F7800.000
G1 E19.05136 F2400.00000
G92 E0
G1 X172.830 Y179.312 F7800.000
G1 E10.00000 F2400.00000
G1 F2400.000
G1 X191.190 Y179.312 E10.88013
G1 X191.190 Y181.872 E11.00285
G1 X172.830 Y181.872 E11.88298
G1 X172.830 Y179.372 E12.00282
G1 X173.230 Y179.330 F7800.000
G1 X173.228 Y179.709 F7800.000
G1 F1800.000
G1 X190.793 Y179.709 E12.94184
G1 X190.793 Y181.475 E13.03622
G1 X173.228 Y181.475 E13.97524
G1 X173.228 Y179.769 E14.06641
G1 X173.647 Y180.128 F7800.000
G1 F1800.000
G1 X190.374 Y180.128 E14.96064
G1 X190.374 Y181.056 E15.01024
G1 X173.647 Y181.056 E15.90447
G1 X173.647 Y180.188 E15.95086
G1 X173.856 Y180.592 F7800.000
G1 F2400.000
G1 X190.164 Y180.592 E16.87600
G1 E8.87600 F2400.00000
G92 E0
G1 X159.170 Y179.312 F7800.000
G1 E10.00000 F2400.00000
G1 F2400.000
G1 X159.170 Y181.872 E10.12272
G1 X140.322 Y181.872 E11.02624
G1 X140.322 Y179.312 E11.14897
G1 X159.110 Y179.312 E12.04961
G1 X158.985 Y179.667 F7800.000
G1 X158.772 Y179.709 F7800.000
G1 F1800.000
G1 X158.772 Y181.475 E12.14399
G1 X140.719 Y181.475 E13.10910
G1 X140.719 Y179.709 E13.20348
G1 X158.712 Y179.709 E14.16538
G1 X158.353 Y180.128 F7800.000
G1 F1800.000
G1 X158.353 Y181.056 E14.21498
G1 X141.138 Y181.056 E15.13529
G1 X141.138 Y180.128 E15.18489
G1 X158.293 Y180.128 E16.10200
G1 X158.144 Y180.592 F7800.000
G1 F2400.000
G1 X141.348 Y180.592 E17.05482
G1 E9.05482 F2400.00000
G92 E0
G1 X152.967 Y152.688 F7800.000
G1 E10.00000 F2400.00000
G1 F2400.000
G1 X152.969 Y148.128 E10.21860
G1 X177.031 Y148.128 E11.37206
G1 X177.033 Y152.688 E11.59066
G1 X153.027 Y152.688 E12.74150
G1 X153.165 Y152.341 F7800.000
G1 X153.364 Y152.291 F7800.000
G1 F4800.000
G1 X153.367 Y148.525 E12.94280
G1 X176.634 Y148.525 E14.18666
G1 X176.636 Y152.291 E14.38796
G1 X153.424 Y152.291 E15.62887
G1 X153.784 Y151.872 F7800.000
G1 F4800.000
G1 X153.785 Y148.944 E15.78539
G1 X176.215 Y148.944 E16.98448
G1 X176.217 Y151.872 E17.14100
G1 X153.844 Y151.872 E18.33710
G1 X154.203 Y151.453 F7800.000
G1 F4800.000
G1 X154.204 Y149.363 E18.44883
G1 X175.796 Y149.363 E19.60317
G1 X175.798 Y151.453 E19.71490
G1 X154.263 Y151.453 E20.86618
G1 X154.785 Y151.197 F7800.000
G1 F3600.000
G1 X154.459 Y150.871 E20.89091
G1 X154.459 Y150.277 E20.92282
G1 X155.380 Y151.197 E20.99270
G1 X155.974 Y151.197 E21.02462
G1 X154.459 Y149.682 E21.13963
G1 X154.460 Y149.619 E21.14302
G1 X154.991 Y149.619 E21.17156
G1 X156.569 Y151.197 E21.29135
G1 X157.164 Y151.197 E21.32328
G1 X155.586 Y149.619 E21.44308
G1 X156.181 Y149.619 E21.47501
G1 X157.759 Y151.197 E21.59480
G1 X158.354 Y151.197 E21.62673
G1 X156.776 Y149.619 E21.74653
G1 X157.370 Y149.619 E21.77846
G1 X158.948 Y151.197 E21.89825
G1 X159.543 Y151.197 E21.93018
G1 X157.965 Y149.619 E22.04998
G1 X158.560 Y149.619 E22.08191
G1 X160.138 Y151.197 E22.20171
G1 X160.733 Y151.197 E22.23364
G1 X159.155 Y149.619 E22.35343
G1 X159.750 Y149.619 E22.38536
G1 X161.328 Y151.197 E22.50516
G1 X161.923 Y151.197 E22.53709
G1 X160.344 Y149.619 E22.65688
G1 X160.939 Y149.619 E22.68881
G1 X162.517 Y151.197 E22.80861
G1 X163.112 Y151.197 E22.84054
G1 X161.534 Y149.619 E22.96033
G1 X162.129 Y149.619 E22.99226
G1 X163.707 Y151.197 E23.11206
G1 X164.302 Y151.197 E23.14399
G1 X162.724 Y149.619 E23.26379
G1 X163.319 Y149.619 E23.29571
G1 X164.897 Y151.197 E23.41551
G1 X165.491 Y151.197 E23.44744
G1 X163.913 Y149.619 E23.56724
G1 X164.508 Y149.619 E23.59917
G1 X166.086 Y151.197 E23.71896
G1 X166.681 Y151.197 E23.75089
G1 X165.103 Y149.619 E23.87069
G1 X165.698 Y149.619 E23.90262
G1 X167.276 Y151.197 E24.02241
G1 X167.871 Y151.197 E24.05434
G1 X166.293 Y149.619 E24.17414
G1 X166.887 Y149.619 E24.20607
G1 X168.466 Y151.197 E24.32587
G1 X169.060 Y151.197 E24.35779
G1 X167.482 Y149.619 E24.47759
G1 X168.077 Y149.619 E24.50952
G1 X169.655 Y151.197 E24.62932
G1 X170.250 Y151.197 E24.66125
G1 X168.672 Y149.619 E24.78104
G1 X169.267 Y149.619 E24.81297
G1 X170.845 Y151.197 E24.93277
G1 X171.440 Y151.197 E24.96470
G1 X169.862 Y149.619 E25.08449
G1 X170.456 Y149.619 E25.11642
G1 X172.034 Y151.197 E25.23622
G1 X172.629 Y151.197 E25.26815
G1 X171.051 Y149.619 E25.38794
G1 X171.646 Y149.619 E25.41987
G1 X173.224 Y151.197 E25.53967
G1 X173.819 Y151.197 E25.57160
G1 X172.241 Y149.619 E25.69140
G1 X172.836 Y149.619 E25.72332
G1 X174.414 Y151.197 E25.84312
G1 X175.008 Y151.197 E25.87505
G1 X173.430 Y149.619 E25.99485
G1 X174.025 Y149.619 E26.02678
G1 X175.542 Y151.135 E26.14190
G1 X175.541 Y150.540 E26.17385
G1 X174.620 Y149.619 E26.24378
G1 X175.215 Y149.619 E26.27571
G1 X175.541 Y149.945 E26.30046
M106 S232.05
G1 Z24.350 F7800.000
G1 E18.30046 F2400.00000
G92 E0
G1 X173.088 Y179.312 F7800.000
G1 E10.00000 F2400.00000
G1 F2400.000
G1 X191.190 Y179.312 E10.86778
G1 X191.190 Y181.872 E10.99051
G1 X173.088 Y181.872 E11.85829
G1 X173.088 Y179.372 E11.97814
G1 X173.488 Y179.331 F7800.000
G1 X173.485 Y179.709 F7800.000
G1 F1800.000
G1 X190.793 Y179.709 E12.90339
G1 X190.793 Y181.475 E12.99777
G1 X173.485 Y181.475 E13.92302
G1 X173.485 Y179.769 E14.01420
G1 X173.904 Y180.128 F7800.000
G1 F1800.000
G1 X190.374 Y180.128 E14.89466
G1 X190.374 Y181.056 E14.94426
G1 X173.904 Y181.056 E15.82472
G1 X173.904 Y180.188 E15.87111
G1 X174.114 Y180.592 F7800.000
G1 F2400.000
G1 X190.165 Y180.592 E16.78164
G1 E8.78164 F2400.00000
G92 E0
G1 X158.912 Y179.312 F7800.000
G1 E10.00000 F2400.00000
G1 F2400.000
G1 X158.912 Y181.872 E10.12272
G1 X140.346 Y181.872 E11.01275
G1 X140.346 Y179.312 E11.13547
G1 X158.852 Y179.312 E12.02262
G1 X158.728 Y179.667 F7800.000
G1 X158.515 Y179.709 F7800.000
G1 F1800.000
G1 X158.515 Y181.475 E12.11701
G1 X140.743 Y181.475 E13.06706
G1 X140.743 Y179.709 E13.16145
G1 X158.455 Y179.709 E14.10829
G1 X158.096 Y180.128 F7800.000
G1 F1800.000
G1 X158.096 Y181.056 E14.15789
G1 X141.162 Y181.056 E15.06316
G1 X141.162 Y180.128 E15.11276
G1 X158.036 Y180.128 E16.01482
G1 X157.886 Y180.592 F7800.000
G1 F2400.000
G1 X141.371 Y180.592 E16.95167
G1 E8.95167 F2400.00000
G92 E0
G1 X153.586 Y152.688 F7800.000
G1 E10.00000 F2400.00000
G1 F2400.000
G1 X153.586 Y148.128 E10.21860
G1 X176.414 Y148.128 E11.31298
G1 X176.414 Y152.688 E11.53158
G1 X153.646 Y152.688 E12.62306
G1 X153.773 Y152.334 F7800.000
G1 X153.983 Y152.291 F7800.000
G1 F4800.000
G1 X153.983 Y148.525 E12.82436
G1 X176.017 Y148.525 E14.00232
G1 X176.017 Y152.291 E14.20362
G1 X154.043 Y152.291 E15.37835
G1 X154.402 Y151.872 F7800.000
G1 F4800.000
G1 X154.402 Y148.944 E15.53486
G1 X175.599 Y148.944 E16.66805
G1 X175.599 Y151.872 E16.82457
G1 X154.462 Y151.872 E17.95452
G1 X154.821 Y151.453 F7800.000
G1 F4800.000
G1 X154.821 Y149.363 E18.06625
G1 X175.180 Y149.363 E19.15466
G1 X175.180 Y151.453 E19.26639
G1 X154.881 Y151.453 E20.35158
G1 X155.077 Y149.945 F7800.000
G1 F3600.000
G1 X155.403 Y149.619 E20.37626
G1 X155.996 Y149.619 E20.40805
G1 X155.077 Y150.538 E20.47770
G1 X155.077 Y151.132 E20.50949
G1 X156.590 Y149.619 E20.62409
G1 X157.183 Y149.619 E20.65589
G1 X155.605 Y151.197 E20.77542
G1 X156.199 Y151.197 E20.80722
G1 X157.777 Y149.619 E20.92675
G1 X158.370 Y149.619 E20.95855
G1 X156.792 Y151.197 E21.07808
G1 X157.386 Y151.197 E21.10988
G1 X158.964 Y149.619 E21.22941
G1 X159.557 Y149.619 E21.26120
G1 X157.979 Y151.197 E21.38074
G1 X158.573 Y151.197 E21.41253
G1 X160.151 Y149.619 E21.53207
G1 X160.745 Y149.619 E21.56386
G1 X159.166 Y151.197 E21.68340
G1 X159.760 Y151.197 E21.71519
G1 X161.338 Y149.619 E21.83473
G1 X161.932 Y149.619 E21.86652
G1 X160.354 Y151.197 E21.98606
G1 X160.947 Y151.197 E22.01785
G1 X162.525 Y149.619 E22.13739
G1 X163.119 Y149.619 E22.16918
G1 X161.541 Y151.197 E22.28872
G1 X162.134 Y151.197 E22.32051
G1 X163.712 Y149.619 E22.44005
G1 X164.306 Y149.619 E22.47184
G1 X162.728 Y151.197 E22.59138
G1 X163.321 Y151.197 E22.62317
G1 X164.899 Y149.619 E22.74271
G1 X165.493 Y149.619 E22.77450
G1 X163.915 Y151.197 E22.89404
G1 X164.508 Y151.197 E22.92583
G1 X166.086 Y149.619 E23.04537
G1 X166.680 Y149.619 E23.07716
G1 X165.102 Y151.197 E23.19670
G1 X165.695 Y151.197 E23.22849
G1 X167.273 Y149.619 E23.34803
G1 X167.867 Y149.619 E23.37982
G1 X166.289 Y151.197 E23.49936
G1 X166.882 Y151.197 E23.53115
G1 X168.460 Y149.619 E23.65069
G1 X169.054 Y149.619 E23.68248
G1 X167.476 Y151.197 E23.80202
G1 X168.069 Y151.197 E23.83381
G1 X169.648 Y149.619 E23.95335
G1 X170.241 Y149.619 E23.98514
G1 X168.663 Y151.197 E24.10468
G1 X169.257 Y151.197 E24.13647
G1 X170.835 Y149.619 E24.25601
G1 X171.428 Y149.619 E24.28780
G1 X169.850 Y151.197 E24.40734
G1 X170.444 Y151.197 E24.43913
G1 X172.022 Y149.619 E24.55867
G1 X172.615 Y149.619 E24.59046
G1 X171.037 Y151.197 E24.71000
G1 X171.631 Y151.197 E24.74179
G1 X173.209 Y149.619 E24.86133
G1 X173.802 Y149.619 E24.89312
G1 X172.224 Y151.197 E25.01266
G1 X172.818 Y151.197 E25.04445
G1 X174.396 Y149.619 E25.16399
G1 X174.925 Y149.619 E25.19232
G1 X174.925 Y149.684 E25.19578
G1 X173.411 Y151.197 E25.31042
G1 X174.005 Y151.197 E25.34221
G1 X174.925 Y150.277 E25.41189
G1 X174.924 Y150.871 E25.44371
G1 X174.598 Y151.197 E25.46840
G1 Z24.650 F7800.000
G1 E17.46840 F2400.00000
G92 E0
G1 X173.331 Y179.312 F7800.000
G1 E10.00000 F2400.00000
G1 F1800.000
G1 X191.190 Y179.312 E10.85615
G1 X191.190 Y181.872 E10.97887
G1 X173.331 Y181.872 E11.83502
G1 X173.331 Y179.372 E11.95487
G1 X173.731 Y179.331 F7800.000
G1 X173.728 Y179.709 F7800.000
G1 F1800.000
G1 X190.793 Y179.709 E12.86714
G1 X190.793 Y181.475 E12.96153
G1 X173.728 Y181.475 E13.87380
G1 X173.728 Y179.769 E13.96498
G1 X174.147 Y180.128 F7800.000
G1 F1800.000
G1 X190.374 Y180.128 E14.83247
G1 X190.374 Y181.056 E14.88207
G1 X174.147 Y181.056 E15.74956
G1 X174.147 Y180.188 E15.79595
G1 X174.357 Y180.592 F7800.000
G1 F2400.000
G1 X190.165 Y180.592 E16.69271
G1 E8.69271 F2400.00000
G92 E0
G1 X158.669 Y179.312 F7800.000
G1 E10.00000 F2400.00000
G1 F2400.000
G1 X158.669 Y181.872 E10.12272
G1 X140.370 Y181.872 E10.99997
G1 X140.370 Y179.312 E11.12269
G1 X158.609 Y179.312 E11.99705
G1 X158.485 Y179.667 F7800.000
G1 X158.272 Y179.709 F7800.000
G1 F1800.000
G1 X158.272 Y181.475 E12.09144
G1 X140.767 Y181.475 E13.02724
G1 X140.767 Y179.709 E13.12162
G1 X158.212 Y179.709 E14.05421
G1 X157.853 Y180.128 F7800.000
G1 F1800.000
G1 X157.853 Y181.056 E14.10381
G1 X141.186 Y181.056 E14.99482
G1 X141.186 Y180.128 E15.04442
G1 X157.793 Y180.128 E15.93222
G1 X157.643 Y180.592 F7800.000
G1 F2400.000
G1 X141.395 Y180.592 E16.85395
G1 E8.85395 F2400.00000
G92 E0
G1 X154.205 Y152.688 F7800.000
G1 E10.00000 F2400.00000
G1 F2400.000
G1 X154.203 Y148.128 E10.21860
G1 X175.797 Y148.128 E11.25378
G1 X175.795 Y152.688 E11.47239
G1 X154.265 Y152.688 E12.50450
G1 X154.384 Y152.330 F7800.000
G1 X154.602 Y152.291 F7800.000
G1 F4800.000
G1 X154.601 Y148.525 E12.70580
G1 X175.400 Y148.525 E13.81774
G1 X175.398 Y152.291 E14.01904
G1 X154.662 Y152.291 E15.12758
G1 X155.021 Y151.872 F7800.000
G1 F4800.000
G1 X155.020 Y148.944 E15.28409
G1 X174.981 Y148.944 E16.35124
G1 X174.979 Y151.872 E16.50775
G1 X155.081 Y151.872 E17.57152
G1 X155.440 Y151.453 F7800.000
G1 F4800.000
G1 X155.439 Y149.363 E17.68325
G1 X174.562 Y149.363 E18.70559
G1 X174.561 Y151.453 E18.81732
G1 X155.500 Y151.453 E19.83632
G1 X155.695 Y150.871 F7800.000
G1 F3600.000
G1 X156.021 Y151.197 E19.86172
G1 X156.632 Y151.197 E19.89536
G1 X155.695 Y150.260 E19.96835
G1 X155.695 Y149.649 E20.00200
G1 X157.242 Y151.197 E20.12259
G1 X157.853 Y151.197 E20.15622
G1 X156.275 Y149.619 E20.27918
G1 X156.885 Y149.619 E20.31282
G1 X158.463 Y151.197 E20.43578
G1 X159.074 Y151.197 E20.46942
G1 X157.496 Y149.619 E20.59238
G1 X158.106 Y149.619 E20.62601
G1 X159.684 Y151.197 E20.74897
G1 X160.295 Y151.197 E20.78261
G1 X158.717 Y149.619 E20.90557
G1 X159.327 Y149.619 E20.93921
G1 X160.906 Y151.197 E21.06217
G1 X161.516 Y151.197 E21.09580
G1 X159.938 Y149.619 E21.21876
G1 X160.549 Y149.619 E21.25240
G1 X162.127 Y151.197 E21.37536
G1 X162.737 Y151.197 E21.40900
G1 X161.159 Y149.619 E21.53196
G1 X161.770 Y149.619 E21.56559
G1 X163.348 Y151.197 E21.68855
G1 X163.958 Y151.197 E21.72219
G1 X162.380 Y149.619 E21.84515
G1 X162.991 Y149.619 E21.87879
G1 X164.569 Y151.197 E22.00175
G1 X165.179 Y151.197 E22.03539
G1 X163.601 Y149.619 E22.15834
G1 X164.212 Y149.619 E22.19198
G1 X165.790 Y151.197 E22.31494
G1 X166.400 Y151.197 E22.34858
G1 X164.822 Y149.619 E22.47154
G1 X165.433 Y149.619 E22.50518
G1 X167.011 Y151.197 E22.62814
G1 X167.621 Y151.197 E22.66177
G1 X166.043 Y149.619 E22.78473
G1 X166.654 Y149.619 E22.81837
G1 X168.232 Y151.197 E22.94133
G1 X168.842 Y151.197 E22.97497
G1 X167.264 Y149.619 E23.09793
G1 X167.875 Y149.619 E23.13156
G1 X169.453 Y151.197 E23.25452
G1 X170.063 Y151.197 E23.28816
G1 X168.485 Y149.619 E23.41112
G1 X169.096 Y149.619 E23.44476
G1 X170.674 Y151.197 E23.56772
G1 X171.284 Y151.197 E23.60135
G1 X169.706 Y149.619 E23.72431
G1 X170.317 Y149.619 E23.75795
G1 X171.895 Y151.197 E23.88091
G1 X172.505 Y151.197 E23.91455
G1 X170.927 Y149.619 E24.03751
G1 X171.538 Y149.619 E24.07115
G1 X173.116 Y151.197 E24.19410
G1 X173.726 Y151.197 E24.22774
G1 X172.148 Y149.619 E24.35070
G1 X172.759 Y149.619 E24.38434
G1 X174.305 Y151.165 E24.50482
G1 X174.305 Y150.555 E24.53843
G1 X173.369 Y149.619 E24.61137
G1 X173.980 Y149.619 E24.64501
G1 X174.306 Y149.945 E24.67040
M106 S229.5
G1 Z24.950 F7800.000
G1 E16.67040 F2400.00000
G92 E0
G1 X173.560 Y179.312 F7800.000
G1 E10.00000 F2400.00000
G1 F1800.000
G1 X191.191 Y179.312 E10.84521
G1 X191.191 Y181.872 E10.96793
G1 X173.560 Y181.872 E11.81314
G1 X173.560 Y179.372 E11.93299
G1 X173.959 Y179.331 F7800.000
G1 X173.957 Y179.709 F7800.000
G1 F1800.000
G1 X190.793 Y179.709 E12.83306
G1 X190.793 Y181.475 E12.92744
G1 X173.957 Y181.475 E13.82752
G1 X173.957 Y179.769 E13.91870
G1 X174.376 Y180.128 F7800.000
G1 F1800.000
G1 X190.374 Y180.128 E14.77398
G1 X190.374 Y181.056 E14.82358
G1 X174.376 Y181.056 E15.67887
G1 X174.376 Y180.188 E15.72526
G1 X174.585 Y180.592 F7800.000
G1 F2400.000
G1 X190.165 Y180.592 E16.60908
G1 E8.60908 F2400.00000
G92 E0
G1 X158.440 Y179.312 F7800.000
G1 E10.00000 F2400.00000
G1 F2400.000
G1 X158.440 Y181.872 E10.12272
G1 X140.393 Y181.872 E10.98787
G1 X140.393 Y179.312 E11.11060
G1 X158.380 Y179.312 E11.97287
G1 X158.257 Y179.667 F7800.000
G1 X158.043 Y179.709 F7800.000
G1 F1800.000
G1 X158.043 Y181.475 E12.06725
G1 X140.791 Y181.475 E12.98957
G1 X140.791 Y179.709 E13.08395
G1 X157.983 Y179.709 E14.00306
G1 X157.624 Y180.128 F7800.000
G1 F1800.000
G1 X157.624 Y181.056 E14.05266
G1 X141.210 Y181.056 E14.93018
G1 X141.210 Y180.128 E14.97978
G1 X157.564 Y180.128 E15.85410
G1 X157.415 Y180.592 F7800.000
G1 F2400.000
G1 X141.419 Y180.592 E16.76152
G1 E8.76152 F2400.00000
G92 E0
G1 X154.927 Y152.688 F7800.000
G1 E10.00000 F2400.00000
G1 F2400.000
G1 X154.927 Y148.128 E10.21860
G1 X175.073 Y148.128 E11.18435
G1 X175.073 Y152.688 E11.40295
G1 X154.987 Y152.688 E12.36586
G1 X155.115 Y152.335 F7800.000
G1 X155.324 Y152.291 F7800.000
G1 F4800.000
G1 X155.325 Y148.525 E12.56717
G1 X174.676 Y148.525 E13.60168
G1 X174.676 Y152.291 E13.80299
G1 X155.384 Y152.291 E14.83433
G1 X155.743 Y151.872 F7800.000
G1 F4800.000
G1 X155.743 Y148.944 E14.99085
G1 X174.257 Y148.944 E15.98060
G1 X174.258 Y151.872 E16.13712
G1 X155.803 Y151.872 E17.12369
G1 X156.162 Y151.453 F7800.000
G1 F1800.000
G1 X156.162 Y149.363 E17.23542
G1 X173.839 Y149.363 E18.18040
G1 X173.839 Y151.453 E18.29213
G1 X156.222 Y151.453 E19.23393
G1 X156.418 Y149.945 F7800.000
G1 F3600.000
G1 X156.744 Y149.619 E19.25901
G1 X157.347 Y149.619 E19.29182
G1 X156.418 Y150.548 E19.36333
G1 X156.418 Y151.151 E19.39615
G1 X157.950 Y149.619 E19.51407
G1 X158.553 Y149.619 E19.54689
G1 X156.975 Y151.197 E19.66834
G1 X157.578 Y151.197 E19.70116
G1 X159.156 Y149.619 E19.82262
G1 X159.759 Y149.619 E19.85543
G1 X158.181 Y151.197 E19.97689
G1 X158.784 Y151.197 E20.00971
G1 X160.362 Y149.619 E20.13116
G1 X160.965 Y149.619 E20.16398
G1 X159.387 Y151.197 E20.28543
G1 X159.990 Y151.197 E20.31825
G1 X161.568 Y149.619 E20.43971
G1 X162.172 Y149.619 E20.47252
G1 X160.593 Y151.197 E20.59398
G1 X161.196 Y151.197 E20.62680
G1 X162.775 Y149.619 E20.74825
G1 X163.378 Y149.619 E20.78107
G1 X161.800 Y151.197 E20.90252
G1 X162.403 Y151.197 E20.93534
G1 X163.981 Y149.619 E21.05680
G1 X164.584 Y149.619 E21.08962
G1 X163.006 Y151.197 E21.21107
G1 X163.609 Y151.197 E21.24389
G1 X165.187 Y149.619 E21.36534
G1 X165.790 Y149.619 E21.39816
G1 X164.212 Y151.197 E21.51962
G1 X164.815 Y151.197 E21.55243
G1 X166.393 Y149.619 E21.67389
G1 X166.996 Y149.619 E21.70671
G1 X165.418 Y151.197 E21.82816
G1 X166.021 Y151.197 E21.86098
G1 X167.599 Y149.619 E21.98243
G1 X168.202 Y149.619 E22.01525
G1 X166.624 Y151.197 E22.13671
G1 X167.227 Y151.197 E22.16952
G1 X168.805 Y149.619 E22.29098
G1 X169.408 Y149.619 E22.32380
G1 X167.830 Y151.197 E22.44525
G1 X168.433 Y151.197 E22.47807
G1 X170.011 Y149.619 E22.59952
G1 X170.614 Y149.619 E22.63234
G1 X169.036 Y151.197 E22.75380
G1 X169.639 Y151.197 E22.78661
G1 X171.217 Y149.619 E22.90807
G1 X171.820 Y149.619 E22.94089
G1 X170.242 Y151.197 E23.06234
G1 X170.845 Y151.197 E23.09516
G1 X172.423 Y149.619 E23.21661
G1 X173.026 Y149.619 E23.24943
G1 X171.448 Y151.197 E23.37089
G1 X172.051 Y151.197 E23.40371
G1 X173.583 Y149.665 E23.52160
G1 X173.584 Y150.268 E23.55439
G1 X172.654 Y151.197 E23.62591
G1 X173.257 Y151.197 F7800.000
G1 F3600.000
G1 X173.583 Y150.871 E23.65099
M106 S226.95
G1 Z25.250 F7800.000
G1 E15.65099 F2400.00000
G92 E0
G1 X173.754 Y179.312 F7800.000
G1 E10.00000 F2400.00000
G1 F1800.000
G1 X191.191 Y179.312 E10.83588
G1 X191.191 Y181.872 E10.95860
G1 X173.754 Y181.872 E11.79448
G1 X173.754 Y179.372 E11.91433
G1 X174.154 Y179.331 F7800.000
G1 X174.152 Y179.709 F7800.000
G1 F1800.000
G1 X190.794 Y179.709 E12.80400
G1 X190.794 Y181.475 E12.89839
G1 X174.152 Y181.475 E13.78806
G1 X174.152 Y179.769 E13.87924
G1 X174.571 Y180.128 F7800.000
G1 F1800.000
G1 X190.375 Y180.128 E14.72412
G1 X190.375 Y181.056 E14.77372
G1 X174.571 Y181.056 E15.61861
G1 X174.571 Y180.188 E15.66500
G1 X174.780 Y180.592 F7800.000
G1 F2400.000
G1 X190.165 Y180.592 E16.53778
G1 E8.53778 F2400.00000
G92 E0
G1 X158.246 Y179.312 F7800.000
G1 E10.00000 F2400.00000
G1 F1800.000
G1 X158.246 Y181.872 E10.12272
G1 X140.417 Y181.872 E10.97740
G1 X140.417 Y179.312 E11.10012
G1 X158.186 Y179.312 E11.95191
G1 X158.062 Y179.668 F7800.000
G1 X157.848 Y179.709 F7800.000
G1 F1800.000
G1 X157.848 Y181.475 E12.04630
G1 X140.814 Y181.475 E12.95693
G1 X140.814 Y179.709 E13.05131
G1 X157.788 Y179.709 E13.95873
G1 X157.429 Y180.128 F7800.000
G1 F1800.000
G1 X157.429 Y181.056 E14.00833
G1 X141.233 Y181.056 E14.87417
G1 X141.233 Y180.128 E14.92377
G1 X157.369 Y180.128 E15.78641
G1 X157.220 Y180.592 F7800.000
G1 F2400.000
G1 X141.443 Y180.592 E16.68143
G1 E8.68143 F2400.00000
G92 E0
G1 X155.655 Y152.688 F7800.000
G1 E10.00000 F2400.00000
G1 F2400.000
G1 X155.652 Y148.128 E10.21860
G1 X174.348 Y148.128 E11.11490
G1 X174.345 Y152.688 E11.33350
G1 X155.715 Y152.688 E12.22664
G1 X155.826 Y152.327 F7800.000
G1 X156.052 Y152.291 F7800.000
G1 F4800.000
G1 X156.049 Y148.525 E12.42795
G1 X173.951 Y148.525 E13.38497
G1 X173.948 Y152.291 E13.58627
G1 X156.112 Y152.291 E14.53983
G1 X156.470 Y151.872 F7800.000
G1 F1800.000
G1 X156.468 Y148.944 E14.69635
G1 X173.532 Y148.944 E15.60855
G1 X173.530 Y151.872 E15.76507
G1 X156.530 Y151.872 E16.67387
G1 X156.889 Y151.453 F7800.000
G1 F1800.000
G1 X156.888 Y149.363 E16.78560
G1 X173.113 Y149.363 E17.65300
G1 X173.111 Y151.453 E17.76473
G1 X156.949 Y151.453 E18.62877
G1 X157.144 Y150.871 F7800.000
G1 F3600.000
G1 X157.470 Y151.197 E18.65349
G1 X158.065 Y151.197 E18.68536
G1 X157.144 Y150.276 E18.75517
G1 X157.144 Y149.682 E18.78705
G1 X158.659 Y151.197 E18.90196
G1 X159.253 Y151.197 E18.93382
G1 X157.675 Y149.619 E19.05350
G1 X158.269 Y149.619 E19.08536
G1 X159.847 Y151.197 E19.20504
G1 X160.442 Y151.197 E19.23690
G1 X158.863 Y149.619 E19.35658
G1 X159.458 Y149.619 E19.38844
G1 X161.036 Y151.197 E19.50812
G1 X161.630 Y151.197 E19.53999
G1 X160.052 Y149.619 E19.65966
G1 X160.646 Y149.619 E19.69153
G1 X162.224 Y151.197 E19.81120
G1 X162.818 Y151.197 E19.84307
G1 X161.240 Y149.619 E19.96274
G1 X161.835 Y149.619 E19.99461
G1 X163.413 Y151.197 E20.11428
G1 X164.007 Y151.197 E20.14615
G1 X162.429 Y149.619 E20.26583
G1 X163.023 Y149.619 E20.29769
G1 X164.601 Y151.197 E20.41737
G1 X165.195 Y151.197 E20.44923
G1 X163.617 Y149.619 E20.56891
G1 X164.211 Y149.619 E20.60077
G1 X165.789 Y151.197 E20.72045
G1 X166.384 Y151.197 E20.75231
G1 X164.806 Y149.619 E20.87199
G1 X165.400 Y149.619 E20.90386
G1 X166.978 Y151.197 E21.02353
G1 X167.572 Y151.197 E21.05540
G1 X165.994 Y149.619 E21.17507
G1 X166.588 Y149.619 E21.20694
G1 X168.166 Y151.197 E21.32661
G1 X168.761 Y151.197 E21.35848
G1 X167.182 Y149.619 E21.47816
G1 X167.777 Y149.619 E21.51002
G1 X169.355 Y151.197 E21.62970
G1 X169.949 Y151.197 E21.66156
G1 X168.371 Y149.619 E21.78124
G1 X168.965 Y149.619 E21.81310
G1 X170.543 Y151.197 E21.93278
G1 X171.137 Y151.197 E21.96464
G1 X169.559 Y149.619 E22.08432
G1 X170.154 Y149.619 E22.11618
G1 X171.732 Y151.197 E22.23586
G1 X172.326 Y151.197 E22.26773
G1 X170.748 Y149.619 E22.38740
G1 X171.342 Y149.619 E22.41927
G1 X172.856 Y151.133 E22.53406
G1 X172.856 Y150.539 E22.56590
G1 X171.936 Y149.619 E22.63565
G1 X172.530 Y149.619 E22.66752
G1 X172.856 Y149.945 E22.69224
G1 Z25.550 F7800.000
G1 E14.69224 F2400.00000
G92 E0
G1 X173.949 Y179.312 F7800.000
G1 E10.00000 F2400.00000
G1 F1800.000
G1 X191.191 Y179.312 E10.82655
G1 X191.191 Y181.872 E10.94928
G1 X173.949 Y181.872 E11.77583
G1 X173.949 Y179.372 E11.89568
G1 X174.349 Y179.332 F7800.000
G1 X174.347 Y179.709 F7800.000
G1 F1800.000
G1 X190.794 Y179.709 E12.77495
G1 X190.794 Y181.475 E12.86933
G1 X174.347 Y181.475 E13.74860
G1 X174.347 Y179.769 E13.83978
G1 X174.765 Y180.128 F7800.000
G1 F1800.000
G1 X190.375 Y180.128 E14.67427
G1 X190.375 Y181.056 E14.72386
G1 X174.765 Y181.056 E15.55835
G1 X174.765 Y180.188 E15.60474
G1 X174.975 Y180.592 F7800.000
G1 F2400.000
G1 X190.166 Y180.592 E16.46648
G1 E8.46648 F2400.00000
G92 E0
G1 X158.051 Y179.312 F7800.000
G1 E10.00000 F2400.00000
G1 F1800.000
G1 X158.051 Y181.872 E10.12272
G1 X140.441 Y181.872 E10.96692
G1 X140.441 Y179.312 E11.08964
G1 X157.991 Y179.312 E11.93096
G1 X157.868 Y179.668 F7800.000
G1 X157.653 Y179.709 F7800.000
G1 F1800.000
G1 X157.653 Y181.475 E12.02534
G1 X140.838 Y181.475 E12.92429
G1 X140.838 Y179.709 E13.01867
G1 X157.593 Y179.709 E13.91441
G1 X157.235 Y180.128 F7800.000
G1 F1800.000
G1 X157.235 Y181.056 E13.96401
G1 X141.257 Y181.056 E14.81817
G1 X141.257 Y180.128 E14.86776
G1 X157.175 Y180.128 E15.71871
G1 X157.025 Y180.592 F7800.000
G1 F2400.000
G1 X141.466 Y180.592 E16.60133
G1 E8.60133 F2400.00000
G92 E0
G1 X156.512 Y152.688 F7800.000
G1 E10.00000 F2400.00000
G1 F2400.000
G1 X156.512 Y148.128 E10.21860
G1 X173.488 Y148.128 E11.03237
G1 X173.488 Y152.688 E11.25097
G1 X156.572 Y152.688 E12.06188
G1 X156.696 Y152.333 F7800.000
G1 X156.910 Y152.291 F7800.000
G1 F1800.000
G1 X156.910 Y148.525 E12.26318
G1 X173.091 Y148.525 E13.12822
G1 X173.091 Y152.291 E13.32952
G1 X156.970 Y152.291 E14.19136
G1 X157.328 Y151.872 F7800.000
G1 F1800.000
G1 X157.329 Y148.944 E14.34788
G1 X172.672 Y148.944 E15.16814
G1 X172.672 Y151.872 E15.32466
G1 X157.388 Y151.872 E16.14172
G1 X157.747 Y151.453 F7800.000
G1 F1800.000
G1 X157.747 Y149.363 E16.25345
G1 X172.254 Y149.363 E17.02895
G1 X172.254 Y151.453 E17.14068
G1 X157.807 Y151.453 E17.91297
G1 X158.004 Y149.945 F7800.000
G1 F3600.000
G1 X158.329 Y149.619 E17.93779
G1 X158.926 Y149.619 E17.96994
G1 X158.003 Y150.542 E18.04023
G1 X158.003 Y151.139 E18.07237
G1 X159.523 Y149.619 E18.18812
G1 X160.120 Y149.619 E18.22027
G1 X158.542 Y151.197 E18.34047
G1 X159.139 Y151.197 E18.37262
G1 X160.717 Y149.619 E18.49282
G1 X161.313 Y149.619 E18.52497
G1 X159.735 Y151.197 E18.64517
G1 X160.332 Y151.197 E18.67731
G1 X161.910 Y149.619 E18.79751
G1 X162.507 Y149.619 E18.82966
G1 X160.929 Y151.197 E18.94986
G1 X161.526 Y151.197 E18.98201
G1 X163.104 Y149.619 E19.10221
G1 X163.701 Y149.619 E19.13435
G1 X162.123 Y151.197 E19.25456
G1 X162.720 Y151.197 E19.28670
G1 X164.298 Y149.619 E19.40690
G1 X164.894 Y149.619 E19.43905
G1 X163.316 Y151.197 E19.55925
G1 X163.913 Y151.197 E19.59140
G1 X165.491 Y149.619 E19.71160
G1 X166.088 Y149.619 E19.74374
G1 X164.510 Y151.197 E19.86395
G1 X165.107 Y151.197 E19.89609
G1 X166.685 Y149.619 E20.01629
G1 X167.282 Y149.619 E20.04844
G1 X165.704 Y151.197 E20.16864
G1 X166.301 Y151.197 E20.20079
G1 X167.879 Y149.619 E20.32099
G1 X168.475 Y149.619 E20.35313
G1 X166.897 Y151.197 E20.47334
G1 X167.494 Y151.197 E20.50548
G1 X169.072 Y149.619 E20.62568
G1 X169.669 Y149.619 E20.65783
G1 X168.091 Y151.197 E20.77803
G1 X168.688 Y151.197 E20.81018
G1 X170.266 Y149.619 E20.93038
G1 X170.863 Y149.619 E20.96252
G1 X169.285 Y151.197 E21.08272
G1 X169.881 Y151.197 E21.11487
G1 X171.460 Y149.619 E21.23507
G1 X171.998 Y149.619 E21.26407
G1 X171.998 Y149.677 E21.26722
G1 X170.478 Y151.197 E21.38297
G1 X171.075 Y151.197 E21.41512
G1 X171.998 Y150.274 E21.48544
G1 X171.998 Y150.871 E21.51760
G1 X171.672 Y151.197 E21.54243
G1 Z25.850 F7800.000
G1 E13.54243 F2400.00000
G92 E0
G1 X174.116 Y179.312 F7800.000
G1 E10.00000 F2400.00000
G1 F1800.000
G1 X191.191 Y179.312 E10.81857
G1 X191.191 Y181.872 E10.94129
G1 X174.116 Y181.872 E11.75986
G1 X174.116 Y179.372 E11.87970
G1 X174.516 Y179.332 F7800.000
G1 X174.513 Y179.709 F7800.000
G1 F1800.000
G1 X190.794 Y179.709 E12.75007
G1 X190.794 Y181.475 E12.84445
G1 X174.513 Y181.475 E13.71482
G1 X174.513 Y179.769 E13.80600
G1 X174.932 Y180.128 F7800.000
G1 F1800.000
G1 X190.375 Y180.128 E14.63158
G1 X190.375 Y181.056 E14.68117
G1 X174.932 Y181.056 E15.50675
G1 X174.932 Y180.188 E15.55314
G1 X175.142 Y180.592 F7800.000
G1 F2400.000
G1 X190.166 Y180.592 E16.40544
G1 E8.40544 F2400.00000
G92 E0
G1 X157.884 Y179.312 F7800.000
G1 E10.00000 F2400.00000
G1 F1800.000
G1 X157.884 Y181.872 E10.12272
G1 X140.465 Y181.872 E10.95778
G1 X140.465 Y179.312 E11.08050
G1 X157.824 Y179.312 E11.91269
G1 X157.701 Y179.668 F7800.000
G1 X157.487 Y179.709 F7800.000
G1 F1800.000
G1 X157.487 Y181.475 E12.00707
G1 X140.862 Y181.475 E12.89583
G1 X140.862 Y179.709 E12.99021
G1 X157.427 Y179.709 E13.87576
G1 X157.068 Y180.128 F7800.000
G1 F1800.000
G1 X157.068 Y181.056 E13.92535
G1 X141.281 Y181.056 E14.76932
G1 X141.281 Y180.128 E14.81892
G1 X157.008 Y180.128 E15.65968
G1 X156.858 Y180.592 F7800.000
G1 F2400.000
G1 X141.490 Y180.592 E16.53149
G1 E8.53149 F2400.00000
G92 E0
G1 X157.415 Y152.688 F7800.000
G1 E10.00000 F2400.00000
G1 F1800.000
G1 X157.418 Y148.128 E10.21860
G1 X172.582 Y148.128 E10.94552
G1 X172.585 Y152.688 E11.16412
G1 X157.475 Y152.688 E11.88845
G1 X157.613 Y152.340 F7800.000
G1 X157.813 Y152.291 F7800.000
G1 F1800.000
G1 X157.815 Y148.525 E12.08975
G1 X172.185 Y148.525 E12.85794
G1 X172.188 Y152.291 E13.05924
G1 X157.873 Y152.291 E13.82451
G1 X158.232 Y151.872 F7800.000
G1 F1800.000
G1 X158.234 Y148.944 E13.98102
G1 X171.766 Y148.944 E14.70446
G1 X171.768 Y151.872 E14.86098
G1 X158.292 Y151.872 E15.58142
G1 X158.651 Y151.453 F7800.000
G1 F1800.000
G1 X158.653 Y149.363 E15.69315
G1 X171.348 Y149.363 E16.37184
G1 X171.349 Y151.453 E16.48357
G1 X158.711 Y151.453 E17.15919
G1 X158.907 Y150.871 F7800.000
G1 F3600.000
G1 X159.233 Y151.197 E17.18399
G1 X159.829 Y151.197 E17.21604
G1 X158.908 Y150.276 E17.28613
G1 X158.908 Y149.680 E17.31816
G1 X160.425 Y151.197 E17.43355
G1 X161.021 Y151.197 E17.46560
G1 X159.443 Y149.619 E17.58562
G1 X160.039 Y149.619 E17.61767
G1 X161.617 Y151.197 E17.73769
G1 X162.213 Y151.197 E17.76975
G1 X160.635 Y149.619 E17.88977
G1 X161.231 Y149.619 E17.92182
G1 X162.809 Y151.197 E18.04184
G1 X163.405 Y151.197 E18.07390
G1 X161.827 Y149.619 E18.19392
G1 X162.423 Y149.619 E18.22597
G1 X164.001 Y151.197 E18.34599
G1 X164.597 Y151.197 E18.37804
G1 X163.019 Y149.619 E18.49807
G1 X163.615 Y149.619 E18.53012
G1 X165.193 Y151.197 E18.65014
G1 X165.789 Y151.197 E18.68219
G1 X164.211 Y149.619 E18.80222
G1 X164.807 Y149.619 E18.83427
G1 X166.385 Y151.197 E18.95429
G1 X166.981 Y151.197 E18.98634
G1 X165.403 Y149.619 E19.10637
G1 X165.999 Y149.619 E19.13842
G1 X167.577 Y151.197 E19.25844
G1 X168.173 Y151.197 E19.29049
G1 X166.594 Y149.619 E19.41052
G1 X167.190 Y149.619 E19.44257
G1 X168.768 Y151.197 E19.56259
G1 X169.364 Y151.197 E19.59464
G1 X167.786 Y149.619 E19.71467
G1 X168.382 Y149.619 E19.74672
G1 X169.960 Y151.197 E19.86674
G1 X170.556 Y151.197 E19.89879
G1 X168.978 Y149.619 E20.01882
G1 X169.574 Y149.619 E20.05087
G1 X171.093 Y151.138 E20.16638
G1 X171.092 Y150.541 E20.19846
G1 X170.170 Y149.619 E20.26861
G1 X170.766 Y149.619 E20.30066
G1 X171.092 Y149.945 E20.32545
M106 S229.5
G1 Z26.150 F7800.000
G1 E12.32545 F2400.00000
G92 E0
G1 X174.269 Y179.312 F7800.000
G1 E10.00000 F2400.00000
G1 F1800.000
G1 X191.192 Y179.312 E10.81125
G1 X191.192 Y181.872 E10.93397
G1 X174.269 Y181.872 E11.74522
G1 X174.269 Y179.372 E11.86507
G1 X174.668 Y179.332 F7800.000
G1 X174.666 Y179.709 F7800.000
G1 F1800.000
G1 X190.794 Y179.709 E12.72728
G1 X190.794 Y181.475 E12.82166
G1 X174.666 Y181.475 E13.68387
G1 X174.666 Y179.769 E13.77505
G1 X175.085 Y180.128 F7800.000
G1 F1800.000
G1 X190.375 Y180.128 E14.59247
G1 X190.375 Y181.056 E14.64207
G1 X175.085 Y181.056 E15.45949
G1 X175.085 Y180.188 E15.50588
G1 X175.295 Y180.592 F7800.000
G1 F2400.000
G1 X190.166 Y180.592 E16.34951
G1 E8.34951 F2400.00000
G92 E0
G1 X157.731 Y179.312 F7800.000
G1 E10.00000 F2400.00000
G1 F1800.000
G1 X157.731 Y181.872 E10.12272
G1 X140.488 Y181.872 E10.94931
G1 X140.488 Y179.312 E11.07204
G1 X157.671 Y179.312 E11.89575
G1 X157.548 Y179.668 F7800.000
G1 X157.334 Y179.709 F7800.000
G1 F1800.000
G1 X157.334 Y181.475 E11.99014
G1 X140.886 Y181.475 E12.86945
G1 X140.886 Y179.709 E12.96384
G1 X157.274 Y179.709 E13.83994
G1 X156.915 Y180.128 F7800.000
G1 F1800.000
G1 X156.915 Y181.056 E13.88954
G1 X141.305 Y181.056 E14.72407
G1 X141.305 Y180.128 E14.77367
G1 X156.855 Y180.128 E15.60499
G1 X156.705 Y180.592 F7800.000
G1 F2400.000
G1 X141.514 Y180.592 E16.46678
G1 E8.46678 F2400.00000
G92 E0
G1 X158.496 Y152.688 F7800.000
G1 E10.00000 F2400.00000
G1 F1800.000
G1 X158.495 Y148.128 E10.21860
G1 X171.506 Y148.128 E10.84233
G1 X171.504 Y152.688 E11.06093
G1 X158.556 Y152.688 E11.68162
G1 X158.662 Y152.324 F7800.000
G1 X158.893 Y152.291 F7800.000
G1 F1800.000
G1 X158.892 Y148.525 E11.88292
G1 X171.109 Y148.525 E12.53602
G1 X171.107 Y152.291 E12.73732
G1 X158.953 Y152.291 E13.38705
G1 X159.312 Y151.872 F7800.000
G1 F1800.000
G1 X159.311 Y148.944 E13.54356
G1 X170.690 Y148.944 E14.15188
G1 X170.688 Y151.872 E14.30840
G1 X159.372 Y151.872 E14.91335
G1 X159.731 Y151.453 F7800.000
G1 F1800.000
G1 X159.730 Y149.363 E15.02508
G1 X170.271 Y149.363 E15.58859
G1 X170.270 Y151.453 E15.70032
G1 X159.791 Y151.453 E16.26051
G1 X160.312 Y149.619 F7800.000
G1 F3600.000
G1 X159.986 Y149.945 E16.28583
G1 X159.986 Y150.553 E16.31924
G1 X160.921 Y149.619 E16.39180
G1 X161.529 Y149.619 E16.42522
G1 X159.987 Y151.162 E16.54503
G1 X159.987 Y151.197 E16.54698
G1 X160.560 Y151.197 E16.57845
G1 X162.138 Y149.619 E16.70102
G1 X162.746 Y149.619 E16.73444
G1 X161.168 Y151.197 E16.85700
G1 X161.777 Y151.197 E16.89042
G1 X163.355 Y149.619 E17.01298
G1 X163.963 Y149.619 E17.04641
G1 X162.385 Y151.197 E17.16897
G1 X162.994 Y151.197 E17.20239
G1 X164.572 Y149.619 E17.32495
G1 X165.181 Y149.619 E17.35837
G1 X163.602 Y151.197 E17.48094
G1 X164.211 Y151.197 E17.51436
G1 X165.789 Y149.619 E17.63692
G1 X166.398 Y149.619 E17.67034
G1 X164.820 Y151.197 E17.79290
G1 X165.428 Y151.197 E17.82632
G1 X167.006 Y149.619 E17.94889
G1 X167.615 Y149.619 E17.98231
G1 X166.037 Y151.197 E18.10487
G1 X166.645 Y151.197 E18.13829
G1 X168.223 Y149.619 E18.26085
G1 X168.832 Y149.619 E18.29428
G1 X167.254 Y151.197 E18.41684
G1 X167.862 Y151.197 E18.45026
G1 X169.440 Y149.619 E18.57282
G1 X170.015 Y149.619 E18.60436
G1 X170.015 Y149.653 E18.60624
G1 X168.471 Y151.197 E18.72615
G1 X169.079 Y151.197 E18.75957
G1 X170.014 Y150.262 E18.83217
G1 X170.014 Y150.871 E18.86562
G1 X169.688 Y151.197 E18.89093
M106 S232.05
G1 Z26.450 F7800.000
G1 E10.89093 F2400.00000
G92 E0
G1 X174.422 Y179.312 F7800.000
G1 E10.00000 F2400.00000
G1 F1800.000
G1 X191.192 Y179.312 E10.80394
G1 X191.192 Y181.872 E10.92666
G1 X174.422 Y181.872 E11.73059
G1 X174.422 Y179.372 E11.85044
G1 X174.821 Y179.332 F7800.000
G1 X174.819 Y179.709 F7800.000
G1 F1800.000
G1 X190.795 Y179.709 E12.70449
G1 X190.795 Y181.475 E12.79887
G1 X174.819 Y181.475 E13.65292
G1 X174.819 Y179.769 E13.74410
G1 X175.238 Y180.128 F7800.000
G1 F1800.000
G1 X190.376 Y180.128 E14.55336
G1 X190.376 Y181.056 E14.60296
G1 X175.238 Y181.056 E15.41222
G1 X175.238 Y180.188 E15.45861
G1 X175.447 Y180.592 F7800.000
G1 F2400.000
G1 X190.166 Y180.592 E16.29359
G1 E8.29359 F2400.00000
G92 E0
G1 X157.578 Y179.312 F7800.000
G1 E10.00000 F2400.00000
G1 F1800.000
G1 X157.578 Y181.872 E10.12272
G1 X140.512 Y181.872 E10.94085
G1 X140.512 Y179.312 E11.06357
G1 X157.518 Y179.312 E11.87882
G1 X157.396 Y179.668 F7800.000
G1 X157.181 Y179.709 F7800.000
G1 F1800.000
G1 X157.181 Y181.475 E11.97320
G1 X140.909 Y181.475 E12.84308
G1 X140.909 Y179.709 E12.93746
G1 X157.121 Y179.709 E13.80413
G1 X156.762 Y180.128 F7800.000
G1 F1800.000
G1 X156.762 Y181.056 E13.85373
G1 X141.328 Y181.056 E14.67881
G1 X141.328 Y180.128 E14.72841
G1 X156.702 Y180.128 E15.55029
G1 X156.553 Y180.592 F7800.000
G1 F2400.000
G1 X141.538 Y180.592 E16.40206
G1 E8.40206 F2400.00000
G92 E0
G1 X159.804 Y152.688 F7800.000
G1 E10.00000 F2400.00000
G1 F1800.000
G1 X159.804 Y148.128 E10.21860
G1 X170.197 Y148.128 E10.71683
G1 X170.196 Y152.688 E10.93543
G1 X159.864 Y152.688 E11.43075
G1 X159.971 Y152.325 F7800.000
G1 X160.201 Y152.291 F7800.000
G1 F1800.000
G1 X160.201 Y148.525 E11.63205
G1 X169.800 Y148.525 E12.14520
G1 X169.799 Y152.291 E12.34651
G1 X160.261 Y152.291 E12.85640
G1 X160.620 Y151.872 F7800.000
G1 F1800.000
G1 X160.620 Y148.944 E13.01292
G1 X169.381 Y148.944 E13.48130
G1 X169.381 Y151.872 E13.63782
G1 X160.680 Y151.872 E14.10295
G1 X161.039 Y151.453 F7800.000
G1 F1800.000
G1 X161.039 Y149.363 E14.21468
G1 X168.963 Y149.363 E14.63829
G1 X168.962 Y151.453 E14.75002
G1 X161.099 Y151.453 E15.17038
G1 X161.295 Y150.871 F7800.000
G1 F3600.000
G1 X161.621 Y151.197 E15.19515
G1 X162.216 Y151.197 E15.22717
G1 X161.295 Y150.275 E15.29722
G1 X161.295 Y149.680 E15.32924
G1 X162.812 Y151.197 E15.44457
G1 X163.408 Y151.197 E15.47658
G1 X161.829 Y149.619 E15.59653
G1 X162.425 Y149.619 E15.62855
G1 X164.003 Y151.197 E15.74850
G1 X164.599 Y151.197 E15.78052
G1 X163.021 Y149.619 E15.90047
G1 X163.616 Y149.619 E15.93248
G1 X165.194 Y151.197 E16.05244
G1 X165.790 Y151.197 E16.08445
G1 X164.212 Y149.619 E16.20441
G1 X164.807 Y149.619 E16.23642
G1 X166.385 Y151.197 E16.35638
G1 X166.981 Y151.197 E16.38839
G1 X165.403 Y149.619 E16.50834
G1 X165.999 Y149.619 E16.54036
G1 X167.577 Y151.197 E16.66031
G1 X168.172 Y151.197 E16.69233
G1 X166.594 Y149.619 E16.81228
G1 X167.190 Y149.619 E16.84429
G1 X168.706 Y151.135 E16.95956
G1 X168.707 Y150.540 E16.99156
G1 X167.785 Y149.619 E17.06158
G1 X168.381 Y149.619 E17.09359
G1 X168.707 Y149.945 E17.11837
M106 S237.15
G1 Z26.750 F7800.000
G1 E9.11837 F2400.00000
G92 E0
G1 X174.542 Y179.312 F7800.000
G1 E10.00000 F2400.00000
G1 F1800.000
G1 X191.192 Y179.312 E10.79819
G1 X191.192 Y181.872 E10.92091
G1 X174.542 Y181.872 E11.71910
G1 X174.542 Y179.372 E11.83895
G1 X174.941 Y179.332 F7800.000
G1 X174.939 Y179.709 F7800.000
G1 F1800.000
G1 X190.795 Y179.709 E12.68659
G1 X190.795 Y181.475 E12.78098
G1 X174.939 Y181.475 E13.62862
G1 X174.939 Y179.769 E13.71979
G1 X175.358 Y180.128 F7800.000
G1 F1800.000
G1 X190.376 Y180.128 E14.52265
G1 X190.376 Y181.056 E14.57225
G1 X175.358 Y181.056 E15.37510
G1 X175.358 Y180.188 E15.42149
G1 X175.568 Y180.592 F7800.000
G1 F2400.000
G1 X190.167 Y180.592 E16.24967
G1 E8.24967 F2400.00000
G92 E0
G1 X157.458 Y179.312 F7800.000
G1 E10.00000 F2400.00000
G1 F1800.000
G1 X157.458 Y181.872 E10.12272
G1 X140.536 Y181.872 E10.93395
G1 X140.536 Y179.312 E11.05668
G1 X157.398 Y179.312 E11.86503
G1 X157.276 Y179.668 F7800.000
G1 X157.061 Y179.709 F7800.000
G1 F1800.000
G1 X157.061 Y181.475 E11.95941
G1 X140.933 Y181.475 E12.82160
G1 X140.933 Y179.709 E12.91598
G1 X157.001 Y179.709 E13.77495
G1 X156.642 Y180.128 F7800.000
G1 F1800.000
G1 X156.642 Y181.056 E13.82455
G1 X141.352 Y181.056 E14.64195
G1 X141.352 Y180.128 E14.69155
G1 X156.582 Y180.128 E15.50573
G1 X156.432 Y180.592 F7800.000
G1 F2400.000
G1 X141.561 Y180.592 E16.34935
G1 E8.34935 F2400.00000
G92 E0
G1 X161.540 Y152.688 F7800.000
G1 E10.00000 F2400.00000
G1 F1800.000
G1 X161.539 Y148.128 E10.21860
G1 X168.461 Y148.128 E10.55044
G1 X168.460 Y152.688 E10.76904
G1 X161.600 Y152.688 E11.09792
G1 X161.685 Y152.315 F7800.000
G1 X161.937 Y152.291 F7800.000
G1 F1800.000
G1 X161.936 Y148.525 E11.29923
G1 X168.064 Y148.525 E11.62682
G1 X168.063 Y152.291 E11.82813
G1 X161.997 Y152.291 E12.15243
G1 X162.356 Y151.872 F7800.000
G1 F1800.000
G1 X162.355 Y148.944 E12.30894
G1 X167.646 Y148.944 E12.59177
G1 X167.645 Y151.872 E12.74828
G1 X162.416 Y151.872 E13.02781
G1 X162.775 Y151.453 F7800.000
G1 F1800.000
G1 X162.774 Y149.363 E13.13955
G1 X167.227 Y149.363 E13.37759
G1 X167.226 Y151.453 E13.48932
G1 X162.835 Y151.453 E13.72408
G1 X163.356 Y149.619 F7800.000
G1 F3600.000
G1 X163.030 Y149.945 E13.74939
G1 X163.030 Y150.553 E13.78277
G1 X163.965 Y149.619 E13.85529
G1 X164.573 Y149.619 E13.88868
G1 X163.030 Y151.161 E14.00841
G1 X163.030 Y151.197 E14.01037
G1 X163.603 Y151.197 E14.04180
G1 X165.181 Y149.619 E14.16430
G1 X165.789 Y149.619 E14.19769
G1 X164.211 Y151.197 E14.32020
G1 X164.819 Y151.197 E14.35359
G1 X166.398 Y149.619 E14.47610
G1 X166.971 Y149.619 E14.50757
G1 X166.971 Y149.654 E14.50949
G1 X165.428 Y151.197 E14.62928
G1 X166.036 Y151.197 E14.66267
G1 X166.971 Y150.262 E14.73522
G1 X166.970 Y150.871 E14.76863
G1 X166.644 Y151.197 E14.79393
M106 S244.8
G1 Z27.050 F7800.000
G1 E6.79393 F2400.00000
G92 E0
G1 X174.657 Y179.312 F7800.000
G1 E10.00000 F2400.00000
G1 F1800.000
G1 X191.192 Y179.312 E10.79268
G1 X191.192 Y181.872 E10.91540
G1 X174.657 Y181.872 E11.70809
G1 X174.657 Y179.372 E11.82793
G1 X175.057 Y179.332 F7800.000
G1 X175.054 Y179.709 F7800.000
G1 F1800.000
G1 X190.795 Y179.709 E12.66943
G1 X190.795 Y181.475 E12.76382
G1 X175.054 Y181.475 E13.60532
G1 X175.054 Y179.769 E13.69649
G1 X175.473 Y180.128 F7800.000
G1 F1800.000
G1 X190.376 Y180.128 E14.49320
G1 X190.376 Y181.056 E14.54280
G1 X175.473 Y181.056 E15.33952
G1 X175.473 Y180.188 E15.38590
G1 X175.683 Y180.592 F7800.000
G1 F2400.000
G1 X190.167 Y180.592 E16.20757
G1 E8.20757 F2400.00000
G92 E0
G1 X157.343 Y179.312 F7800.000
G1 E10.00000 F2400.00000
G1 F1800.000
G1 X157.343 Y181.872 E10.12272
G1 X140.560 Y181.872 E10.92729
G1 X140.560 Y179.312 E11.05002
G1 X157.283 Y179.312 E11.85171
G1 X157.161 Y179.668 F7800.000
G1 X156.946 Y179.709 F7800.000
G1 F1800.000
G1 X156.946 Y181.475 E11.94609
G1 X140.957 Y181.475 E12.80085
G1 X140.957 Y179.709 E12.89524
G1 X156.886 Y179.709 E13.74679
G1 X156.527 Y180.128 F7800.000
G1 F1800.000
G1 X156.527 Y181.056 E13.79638
G1 X141.376 Y181.056 E14.60635
G1 X141.376 Y180.128 E14.65595
G1 X156.467 Y180.128 E15.46271
G1 X156.317 Y180.592 F7800.000
G1 F2400.000
G1 X141.585 Y180.592 E16.29844
G1 Z27.350 F7800.000
G1 E8.29844 F2400.00000
G92 E0
G1 X174.772 Y179.312 F7800.000
G1 E10.00000 F2400.00000
G1 F1800.000
G1 X191.193 Y179.312 E10.78717
G1 X191.193 Y181.872 E10.90990
G1 X174.772 Y181.872 E11.69707
G1 X174.772 Y179.372 E11.81692
G1 X175.172 Y179.333 F7800.000
G1 X175.170 Y179.709 F7800.000
G1 F1800.000
G1 X190.795 Y179.709 E12.65227
G1 X190.795 Y181.475 E12.74666
G1 X175.170 Y181.475 E13.58201
G1 X175.170 Y179.769 E13.67319
G1 X175.588 Y180.128 F7800.000
G1 F1800.000
G1 X190.377 Y180.128 E14.46376
G1 X190.377 Y181.056 E14.51336
G1 X175.588 Y181.056 E15.30393
G1 X175.588 Y180.188 E15.35032
G1 X175.798 Y180.592 F7800.000
G1 F2400.000
G1 X190.167 Y180.592 E16.16546
G1 E8.16546 F2400.00000
G92 E0
G1 X157.228 Y179.312 F7800.000
G1 E10.00000 F2400.00000
G1 F1800.000
G1 X157.228 Y181.872 E10.12272
G1 X140.583 Y181.872 E10.92063
G1 X140.583 Y179.312 E11.04336
G1 X157.168 Y179.312 E11.83839
G1 X157.046 Y179.668 F7800.000
G1 X156.830 Y179.709 F7800.000
G1 F1800.000
G1 X156.830 Y181.475 E11.93278
G1 X140.981 Y181.475 E12.78011
G1 X140.981 Y179.709 E12.87449
G1 X156.770 Y179.709 E13.71862
G1 X156.412 Y180.128 F7800.000
G1 F1800.000
G1 X156.412 Y181.056 E13.76821
G1 X141.399 Y181.056 E14.57076
G1 X141.399 Y180.128 E14.62035
G1 X156.352 Y180.128 E15.41969
G1 X156.202 Y180.592 F7800.000
G1 F2400.000
G1 X141.609 Y180.592 E16.24754
G1 Z27.650 F7800.000
G1 E8.24754 F2400.00000
G92 E0
G1 X174.855 Y179.312 F7800.000
G1 E10.00000 F2400.00000
G1 F1800.000
G1 X191.193 Y179.312 E10.78323
G1 X191.193 Y181.872 E10.90595
G1 X174.855 Y181.872 E11.68918
G1 X174.855 Y179.372 E11.80902
G1 X175.254 Y179.333 F7800.000
G1 X175.252 Y179.709 F7800.000
G1 F1800.000
G1 X190.796 Y179.709 E12.63998
G1 X190.796 Y181.475 E12.73436
G1 X175.252 Y181.475 E13.56532
G1 X175.252 Y179.769 E13.65649
G1 X175.671 Y180.128 F7800.000
G1 F1800.000
G1 X190.377 Y180.128 E14.44266
G1 X190.377 Y181.056 E14.49226
G1 X175.671 Y181.056 E15.27843
G1 X175.671 Y180.188 E15.32482
G1 X175.880 Y180.592 F7800.000
G1 F2400.000
G1 X190.167 Y180.592 E16.13529
G1 E8.13529 F2400.00000
G92 E0
G1 X157.145 Y179.312 F7800.000
G1 E10.00000 F2400.00000
G1 F1800.000
G1 X157.145 Y181.872 E10.12272
G1 X140.607 Y181.872 E10.91554
G1 X140.607 Y179.312 E11.03826
G1 X157.085 Y179.312 E11.82820
G1 X156.963 Y179.668 F7800.000
G1 X156.748 Y179.709 F7800.000
G1 F1800.000
G1 X156.748 Y181.475 E11.92258
G1 X141.004 Y181.475 E12.76423
G1 X141.004 Y179.709 E12.85861
G1 X156.688 Y179.709 E13.69705
G1 X156.329 Y180.128 F7800.000
G1 F1800.000
G1 X156.329 Y181.056 E13.74665
G1 X141.423 Y181.056 E14.54351
G1 X141.423 Y180.128 E14.59311
G1 X156.269 Y180.128 E15.38676
G1 X156.120 Y180.592 F7800.000
G1 F2400.000
G1 X141.633 Y180.592 E16.20858
G1 Z27.950 F7800.000
G1 E8.20858 F2400.00000
G92 E0
G1 X174.935 Y179.312 F7800.000
G1 E10.00000 F2400.00000
G1 F1800.000
G1 X191.193 Y179.312 E10.77939
G1 X191.193 Y181.872 E10.90211
G1 X174.935 Y181.872 E11.68149
G1 X174.935 Y179.372 E11.80134
G1 X175.335 Y179.333 F7800.000
G1 X175.332 Y179.709 F7800.000
G1 F1800.000
G1 X190.796 Y179.709 E12.62801
G1 X190.796 Y181.475 E12.72240
G1 X175.332 Y181.475 E13.54907
G1 X175.332 Y179.769 E13.64024
G1 X175.751 Y180.128 F7800.000
G1 F1800.000
G1 X190.377 Y180.128 E14.42213
G1 X190.377 Y181.056 E14.47173
G1 X175.751 Y181.056 E15.25361
G1 X175.751 Y180.188 E15.30000
G1 X175.961 Y180.592 F7800.000
G1 F2400.000
G1 X190.168 Y180.592 E16.10593
G1 E8.10593 F2400.00000
G92 E0
G1 X157.065 Y179.312 F7800.000
G1 E10.00000 F2400.00000
G1 F1800.000
G1 X157.065 Y181.872 E10.12272
G1 X140.631 Y181.872 E10.91055
G1 X140.631 Y179.312 E11.03327
G1 X157.005 Y179.312 E11.81822
G1 X156.883 Y179.668 F7800.000
G1 X156.668 Y179.709 F7800.000
G1 F1800.000
G1 X156.668 Y181.475 E11.91260
G1 X141.028 Y181.475 E12.74868
G1 X141.028 Y179.709 E12.84306
G1 X156.608 Y179.709 E13.67594
G1 X156.249 Y180.128 F7800.000
G1 F1800.000
G1 X156.249 Y181.056 E13.72553
G1 X141.447 Y181.056 E14.51683
G1 X141.447 Y180.128 E14.56643
G1 X156.189 Y180.128 E15.35451
G1 X156.039 Y180.592 F7800.000
G1 F2400.000
G1 X141.656 Y180.592 E16.17043
G1 Z28.250 F7800.000
G1 E8.17043 F2400.00000
G92 E0
G1 X175.016 Y179.312 F7800.000
G1 E10.00000 F2400.00000
G1 F1800.000
G1 X191.193 Y179.312 E10.77554
G1 X191.193 Y181.872 E10.89827
G1 X175.016 Y181.872 E11.67381
G1 X175.016 Y179.372 E11.79366
G1 X175.415 Y179.333 F7800.000
G1 X175.413 Y179.709 F7800.000
G1 F1800.000
G1 X190.796 Y179.709 E12.61605
G1 X190.796 Y181.475 E12.71043
G1 X175.413 Y181.475 E13.53282
G1 X175.413 Y179.769 E13.62399
G1 X175.832 Y180.128 F7800.000
G1 F1800.000
G1 X190.377 Y180.128 E14.40160
G1 X190.377 Y181.056 E14.45119
G1 X175.832 Y181.056 E15.22879
G1 X175.832 Y180.188 E15.27518
G1 X176.041 Y180.592 F7800.000
G1 F2400.000
G1 X190.168 Y180.592 E16.07657
G1 E8.07657 F2400.00000
G92 E0
G1 X156.984 Y179.312 F7800.000
G1 E10.00000 F2400.00000
G1 F1800.000
G1 X156.984 Y181.872 E10.12272
G1 X140.655 Y181.872 E10.90555
G1 X140.655 Y179.312 E11.02828
G1 X156.924 Y179.312 E11.80823
G1 X156.803 Y179.668 F7800.000
G1 X156.587 Y179.709 F7800.000
G1 F1800.000
G1 X156.587 Y181.475 E11.90262
G1 X141.052 Y181.475 E12.73313
G1 X141.052 Y179.709 E12.82751
G1 X156.527 Y179.709 E13.65482
G1 X156.168 Y180.128 F7800.000
G1 F1800.000
G1 X156.168 Y181.056 E13.70442
G1 X141.471 Y181.056 E14.49014
G1 X141.471 Y180.128 E14.53974
G1 X156.108 Y180.128 E15.32226
G1 X155.959 Y180.592 F7800.000
G1 F2400.000
G1 X141.680 Y180.592 E16.13227
G1 Z28.550 F7800.000
G1 E8.13227 F2400.00000
G92 E0
G1 X175.066 Y179.312 F7800.000
G1 E10.00000 F2400.00000
G1 F1800.000
G1 X191.194 Y179.312 E10.77313
G1 X191.194 Y181.872 E10.89585
G1 X175.066 Y181.872 E11.66898
G1 X175.066 Y179.372 E11.78882
G1 X175.466 Y179.333 F7800.000
G1 X175.464 Y179.709 F7800.000
G1 F1800.000
G1 X190.796 Y179.709 E12.60852
G1 X190.796 Y181.475 E12.70290
G1 X175.464 Y181.475 E13.52259
G1 X175.464 Y179.769 E13.61377
G1 X175.882 Y180.128 F7800.000
G1 F1800.000
G1 X190.378 Y180.128 E14.38868
G1 X190.378 Y181.056 E14.43827
G1 X175.882 Y181.056 E15.21318
G1 X175.882 Y180.188 E15.25957
G1 X176.092 Y180.592 F7800.000
G1 F2400.000
G1 X190.168 Y180.592 E16.05809
G1 E8.05809 F2400.00000
G92 E0
G1 X156.934 Y179.312 F7800.000
G1 E10.00000 F2400.00000
G1 F1800.000
G1 X156.934 Y181.872 E10.12272
G1 X140.678 Y181.872 E10.90199
G1 X140.678 Y179.312 E11.02471
G1 X156.874 Y179.312 E11.80110
G1 X156.752 Y179.668 F7800.000
G1 X156.536 Y179.709 F7800.000
G1 F1800.000
G1 X156.536 Y181.475 E11.89548
G1 X141.076 Y181.475 E12.72202
G1 X141.076 Y179.709 E12.81640
G1 X156.476 Y179.709 E13.63973
G1 X156.118 Y180.128 F7800.000
G1 F1800.000
G1 X156.118 Y181.056 E13.68933
G1 X141.494 Y181.056 E14.47107
G1 X141.494 Y180.128 E14.52067
G1 X156.058 Y180.128 E15.29921
G1 X155.908 Y180.592 F7800.000
G1 F2400.000
G1 X141.704 Y180.592 E16.10500
M106 S247.35
G1 Z28.850 F7800.000
G1 E8.10500 F2400.00000
G92 E0
G1 X188.878 Y179.312 F7800.000
G1 E10.00000 F2400.00000
G1 F1800.000
G1 X191.194 Y179.312 E10.11104
G1 X191.194 Y181.872 E10.23377
G1 X188.878 Y181.872 E10.34481
G1 X188.878 Y179.372 E10.46466
G1 X189.262 Y179.422 F7800.000
G1 X189.275 Y179.709 F7800.000
G1 F1800.000
G1 X190.797 Y179.709 E10.54602
G1 X190.797 Y181.475 E10.64040
G1 X189.275 Y181.475 E10.72176
G1 X189.275 Y179.769 E10.81294
G1 X189.694 Y180.128 F7800.000
G1 F1800.000
G1 X190.378 Y180.128 E10.84951
G1 X190.378 Y181.056 E10.89911
G1 X189.694 Y181.056 E10.93568
G1 X189.694 Y180.188 E10.98207
G1 X186.952 Y179.312 F7800.000
G1 F1800.000
G1 X186.952 Y181.872 E11.10479
G1 X175.114 Y181.872 E11.67232
G1 X175.114 Y179.312 E11.79505
G1 X186.892 Y179.312 E12.35970
G1 X186.778 Y179.672 F7800.000
G1 X186.555 Y179.709 F7800.000
G1 F1800.000
G1 X186.555 Y181.475 E12.45409
G1 X175.511 Y181.475 E13.04451
G1 X175.511 Y179.709 E13.13889
G1 X186.495 Y179.709 E13.72610
G1 X186.136 Y180.128 F7800.000
G1 F1800.000
G1 X186.136 Y181.056 E13.77570
G1 X175.930 Y181.056 E14.32133
G1 X175.930 Y180.128 E14.37093
G1 X186.076 Y180.128 E14.91336
G1 X185.927 Y180.592 F7800.000
G1 F2400.000
G1 X176.139 Y180.592 E15.46859
G1 E7.46859 F2400.00000
G92 E0
G1 X156.886 Y179.312 F7800.000
G1 E10.00000 F2400.00000
G1 F1800.000
G1 X156.886 Y181.872 E10.12272
G1 X145.048 Y181.872 E10.69026
G1 X145.048 Y179.312 E10.81298
G1 X156.826 Y179.312 E11.37763
G1 X156.711 Y179.672 F7800.000
G1 X156.489 Y179.709 F7800.000
G1 F1800.000
G1 X156.489 Y181.475 E11.47202
G1 X145.445 Y181.475 E12.06244
G1 X145.445 Y179.709 E12.15682
G1 X156.429 Y179.709 E12.74403
G1 X156.070 Y180.128 F7800.000
G1 F1800.000
G1 X156.070 Y181.056 E12.79363
G1 X145.864 Y181.056 E13.33926
G1 X145.864 Y180.128 E13.38886
G1 X156.010 Y180.128 E13.93129
G1 X155.861 Y180.592 F7800.000
G1 F2400.000
G1 X146.073 Y180.592 E14.48652
G1 X143.122 Y179.312 F7800.000
G1 F1800.000
G1 X143.122 Y181.872 E14.60924
G1 X140.702 Y181.872 E14.72527
G1 X140.702 Y179.312 E14.84799
G1 X143.062 Y179.312 E14.96115
G1 X143.023 Y179.699 F7800.000
G1 X142.725 Y179.709 F7800.000
G1 F1800.000
G1 X142.725 Y181.475 E15.05553
G1 X141.099 Y181.475 E15.14245
G1 X141.099 Y179.709 E15.23683
G1 X142.665 Y179.709 E15.32054
G1 X142.306 Y180.128 F7800.000
G1 F1800.000
G1 X142.306 Y181.056 E15.37014
G1 X141.518 Y181.056 E15.41227
G1 X141.518 Y180.128 E15.46187
G1 X142.246 Y180.128 E15.50080
M106 S249.9
G1 Z29.150 F7800.000
G1 E7.50080 F2400.00000
G92 E0
G1 X189.239 Y179.312 F7800.000
G1 E10.00000 F2400.00000
G1 F1800.000
G1 X191.194 Y179.312 E10.09372
G1 X191.194 Y181.872 E10.21645
G1 X189.239 Y181.872 E10.31017
G1 X189.239 Y179.372 E10.43001
G1 X189.621 Y179.433 F7800.000
G1 X189.636 Y179.709 F7800.000
G1 F1800.000
G1 X190.797 Y179.709 E10.49206
G1 X190.797 Y181.475 E10.58644
G1 X189.636 Y181.475 E10.64848
G1 X189.636 Y179.769 E10.73966
G1 X190.055 Y180.128 F7800.000
G1 F1800.000
G1 X190.378 Y180.128 E10.75691
G1 X190.378 Y181.056 E10.80651
G1 X190.055 Y181.056 E10.82377
G1 X190.055 Y180.188 E10.87016
G1 X186.591 Y179.312 F7800.000
G1 F1800.000
G1 X186.591 Y181.872 E10.99288
G1 X175.161 Y181.872 E11.54080
G1 X175.161 Y179.312 E11.66352
G1 X186.531 Y179.312 E12.20856
G1 X186.417 Y179.672 F7800.000
G1 X186.194 Y179.709 F7800.000
G1 F1800.000
G1 X186.194 Y181.475 E12.30295
G1 X175.559 Y181.475 E12.87150
G1 X175.559 Y179.709 E12.96588
G1 X186.134 Y179.709 E13.53122
G1 X185.775 Y180.128 F7800.000
G1 F1800.000
G1 X185.775 Y181.056 E13.58082
G1 X175.977 Y181.056 E14.10458
G1 X175.977 Y180.128 E14.15418
G1 X185.715 Y180.128 E14.67473
G1 X185.565 Y180.592 F7800.000
G1 F2400.000
G1 X176.187 Y180.592 E15.20676
G1 E7.20676 F2400.00000
G92 E0
G1 X156.839 Y179.312 F7800.000
G1 E10.00000 F2400.00000
G1 F1800.000
G1 X156.839 Y181.872 E10.12272
G1 X145.409 Y181.872 E10.67064
G1 X145.409 Y179.312 E10.79337
G1 X156.779 Y179.312 E11.33841
G1 X156.665 Y179.672 F7800.000
G1 X156.441 Y179.709 F7800.000
G1 F1800.000
G1 X156.441 Y181.475 E11.43279
G1 X145.806 Y181.475 E12.00134
G1 X145.806 Y179.709 E12.09572
G1 X156.381 Y179.709 E12.66107
G1 X156.023 Y180.128 F7800.000
G1 F1800.000
G1 X156.023 Y181.056 E12.71066
G1 X146.225 Y181.056 E13.23442
G1 X146.225 Y180.128 E13.28402
G1 X155.963 Y180.128 E13.80458
G1 X155.813 Y180.592 F7800.000
G1 F2400.000
G1 X146.435 Y180.592 E14.33660
G1 X142.761 Y179.312 F7800.000
G1 F1800.000
G1 X142.761 Y181.872 E14.45932
G1 X140.726 Y181.872 E14.55688
G1 X140.726 Y179.312 E14.67960
G1 X142.701 Y179.312 E14.77428
G1 X142.672 Y179.702 F7800.000
G1 X142.364 Y179.709 F7800.000
G1 F1800.000
G1 X142.364 Y181.475 E14.86867
G1 X141.123 Y181.475 E14.93499
G1 X141.123 Y179.709 E15.02937
G1 X142.304 Y179.709 E15.09248
G1 X141.945 Y180.128 F7800.000
G1 F1800.000
G1 X141.945 Y181.056 E15.14208
G1 X141.542 Y181.056 E15.16361
G1 X141.542 Y180.128 E15.21321
G1 X141.885 Y180.128 E15.23153
G1 Z29.450 F7800.000
G1 E7.23153 F2400.00000
G92 E0
G1 X189.450 Y179.312 F7800.000
G1 E10.00000 F2400.00000
G1 F1800.000
G1 X191.194 Y179.312 E10.08361
G1 X191.194 Y181.872 E10.20633
G1 X189.450 Y181.872 E10.28994
G1 X189.450 Y179.372 E10.40979
G1 X189.829 Y179.439 F7800.000
G1 X189.848 Y179.709 F7800.000
G1 F1800.000
G1 X190.797 Y179.709 E10.46056
G1 X190.797 Y181.475 E10.55494
G1 X189.848 Y181.475 E10.60571
G1 X189.848 Y179.769 E10.69688
G1 X190.322 Y179.919 F7800.000
G1 F2400.000
G1 X190.322 Y181.265 E10.77703
G1 X186.380 Y179.312 F7800.000
G1 F1800.000
G1 X186.380 Y181.872 E10.89976
G1 X175.183 Y181.872 E11.43650
G1 X175.183 Y179.312 E11.55922
G1 X186.320 Y179.312 E12.09308
G1 X186.206 Y179.672 F7800.000
G1 X185.982 Y179.709 F7800.000
G1 F1800.000
G1 X185.982 Y181.475 E12.18747
G1 X175.581 Y181.475 E12.74355
G1 X175.581 Y179.709 E12.83794
G1 X185.922 Y179.709 E13.39081
G1 X185.564 Y180.128 F7800.000
G1 F1800.000
G1 X185.564 Y181.056 E13.44041
G1 X175.999 Y181.056 E13.95170
G1 X175.999 Y180.128 E14.00130
G1 X185.504 Y180.128 E14.50939
G1 X185.354 Y180.592 F7800.000
G1 F2400.000
G1 X176.209 Y180.592 E15.02819
G1 E7.02819 F2400.00000
G92 E0
G1 X156.817 Y179.312 F7800.000
G1 E10.00000 F2400.00000
G1 F1800.000
G1 X156.817 Y181.872 E10.12272
G1 X145.620 Y181.872 E10.65946
G1 X145.620 Y179.312 E10.78219
G1 X156.757 Y179.312 E11.31605
G1 X156.643 Y179.672 F7800.000
G1 X156.419 Y179.709 F7800.000
G1 F1800.000
G1 X156.419 Y181.475 E11.41044
G1 X146.018 Y181.475 E11.96652
G1 X146.018 Y179.709 E12.06090
G1 X156.359 Y179.709 E12.61378
G1 X156.001 Y180.128 F7800.000
G1 F1800.000
G1 X156.001 Y181.056 E12.66338
G1 X146.436 Y181.056 E13.17467
G1 X146.436 Y180.128 E13.22427
G1 X155.941 Y180.128 E13.73236
G1 X155.791 Y180.592 F7800.000
G1 F2400.000
G1 X146.646 Y180.592 E14.25115
G1 X142.550 Y179.312 F7800.000
G1 F1800.000
G1 X142.550 Y181.872 E14.37388
G1 X140.750 Y181.872 E14.46017
G1 X140.750 Y179.312 E14.58290
G1 X142.490 Y179.312 E14.66631
G1 X142.469 Y179.704 F7800.000
G1 X142.152 Y179.709 F7800.000
G1 F1800.000
G1 X142.152 Y181.475 E14.76070
G1 X141.147 Y181.475 E14.81446
G1 X141.147 Y179.709 E14.90884
G1 X142.092 Y179.709 E14.95939
G1 X141.650 Y179.919 F7800.000
G1 F2400.000
G1 X141.650 Y181.265 E15.04917
G1 Z29.750 F7800.000
G1 E7.04917 F2400.00000
G92 E0
G1 X189.574 Y179.312 F7800.000
G1 E10.00000 F2400.00000
G1 F1800.000
G1 X191.195 Y179.312 E10.07771
G1 X191.195 Y181.872 E10.20043
G1 X189.574 Y181.872 E10.27814
G1 X189.574 Y179.372 E10.39798
G1 X189.951 Y179.444 F7800.000
G1 X189.971 Y179.709 F7800.000
G1 F1800.000
G1 X190.797 Y179.709 E10.44217
G1 X190.797 Y181.475 E10.53655
G1 X189.971 Y181.475 E10.58073
G1 X189.971 Y179.769 E10.67191
G1 X190.384 Y179.919 F7800.000
G1 F2400.000
G1 X190.384 Y181.265 E10.73089
G1 X186.256 Y179.312 F7800.000
G1 F1800.000
G1 X186.256 Y181.872 E10.85362
G1 X175.199 Y181.872 E11.38369
G1 X175.199 Y179.312 E11.50641
G1 X186.196 Y179.312 E12.03361
G1 X186.083 Y179.673 F7800.000
G1 X185.859 Y179.709 F7800.000
G1 F1800.000
G1 X185.859 Y181.475 E12.12799
G1 X175.596 Y181.475 E12.67664
G1 X175.596 Y179.709 E12.77102
G1 X185.799 Y179.709 E13.31646
G1 X185.440 Y180.128 F7800.000
G1 F1800.000
G1 X185.440 Y181.056 E13.36606
G1 X176.015 Y181.056 E13.86992
G1 X176.015 Y180.128 E13.91951
G1 X185.380 Y180.128 E14.42017
G1 X185.231 Y180.592 F7800.000
G1 F2400.000
G1 X176.225 Y180.592 E14.93107
G1 E6.93107 F2400.00000
G92 E0
G1 X156.801 Y179.312 F7800.000
G1 E10.00000 F2400.00000
G1 F1800.000
G1 X156.801 Y181.872 E10.12272
G1 X145.744 Y181.872 E10.65280
G1 X145.744 Y179.312 E10.77552
G1 X156.741 Y179.312 E11.30271
G1 X156.628 Y179.673 F7800.000
G1 X156.404 Y179.709 F7800.000
G1 F1800.000
G1 X156.404 Y181.475 E11.39710
G1 X146.141 Y181.475 E11.94574
G1 X146.141 Y179.709 E12.04013
G1 X156.344 Y179.709 E12.58557
G1 X155.985 Y180.128 F7800.000
G1 F1800.000
G1 X155.985 Y181.056 E12.63516
G1 X146.560 Y181.056 E13.13902
G1 X146.560 Y180.128 E13.18862
G1 X155.925 Y180.128 E13.68927
G1 X155.775 Y180.592 F7800.000
G1 F2400.000
G1 X146.769 Y180.592 E14.20018
G1 X142.426 Y179.312 F7800.000
G1 F1800.000
G1 X142.426 Y181.872 E14.32290
G1 X140.773 Y181.872 E14.40214
G1 X140.773 Y179.312 E14.52486
G1 X142.366 Y179.312 E14.60123
G1 X142.350 Y179.705 F7800.000
G1 X142.029 Y179.709 F7800.000
G1 F1800.000
G1 X142.029 Y181.475 E14.69561
G1 X141.171 Y181.475 E14.74151
G1 X141.171 Y179.709 E14.83589
G1 X141.969 Y179.709 E14.87858
G1 X141.600 Y179.919 F7800.000
G1 F2400.000
G1 X141.600 Y181.265 E14.94306
G1 Z30.050 F7800.000
G1 E6.94306 F2400.00000
G92 E0
G1 X189.631 Y179.312 F7800.000
G1 E10.00000 F2400.00000
G1 F1800.000
G1 X191.195 Y179.312 E10.07498
G1 X191.195 Y181.872 E10.19770
G1 X189.631 Y181.872 E10.27268
G1 X189.631 Y179.372 E10.39252
G1 X190.008 Y179.446 F7800.000
G1 X190.028 Y179.709 F7800.000
G1 F1800.000
G1 X190.798 Y179.709 E10.43366
G1 X190.798 Y181.475 E10.52804
G1 X190.028 Y181.475 E10.56918
G1 X190.028 Y179.769 E10.66036
G1 X190.413 Y179.919 F7800.000
G1 F2400.000
G1 X190.413 Y181.265 E10.70955
G1 X186.199 Y179.312 F7800.000
G1 F1800.000
G1 X186.199 Y181.872 E10.83227
G1 X175.215 Y181.872 E11.35885
G1 X175.215 Y179.312 E11.48157
G1 X186.139 Y179.312 E12.00527
G1 X186.026 Y179.673 F7800.000
G1 X185.802 Y179.709 F7800.000
G1 F1800.000
G1 X185.802 Y181.475 E12.09965
G1 X175.612 Y181.475 E12.64440
G1 X175.612 Y179.709 E12.73878
G1 X185.742 Y179.709 E13.28032
G1 X185.383 Y180.128 F7800.000
G1 F1800.000
G1 X185.383 Y181.056 E13.32992
G1 X176.031 Y181.056 E13.82988
G1 X176.031 Y180.128 E13.87948
G1 X185.323 Y180.128 E14.37623
G1 X185.173 Y180.592 F7800.000
G1 F2400.000
G1 X176.240 Y180.592 E14.88299
G1 E6.88299 F2400.00000
G92 E0
G1 X156.785 Y179.312 F7800.000
G1 E10.00000 F2400.00000
G1 F1800.000
G1 X156.785 Y181.872 E10.12272
G1 X145.801 Y181.872 E10.64930
G1 X145.801 Y179.312 E10.77202
G1 X156.725 Y179.312 E11.29572
G1 X156.612 Y179.673 F7800.000
G1 X156.388 Y179.709 F7800.000
G1 F1800.000
G1 X156.388 Y181.475 E11.39010
G1 X146.198 Y181.475 E11.93485
G1 X146.198 Y179.709 E12.02923
G1 X156.328 Y179.709 E12.57077
G1 X155.969 Y180.128 F7800.000
G1 F1800.000
G1 X155.969 Y181.056 E12.62037
G1 X146.617 Y181.056 E13.12033
G1 X146.617 Y180.128 E13.16993
G1 X155.909 Y180.128 E13.66668
G1 X155.760 Y180.592 F7800.000
G1 F2400.000
G1 X146.826 Y180.592 E14.17344
G1 X142.369 Y179.312 F7800.000
G1 F1800.000
G1 X142.369 Y181.872 E14.29617
G1 X140.797 Y181.872 E14.37153
G1 X140.797 Y179.312 E14.49425
G1 X142.309 Y179.312 E14.56673
G1 X142.296 Y179.705 F7800.000
G1 X141.972 Y179.709 F7800.000
G1 F1800.000
G1 X141.972 Y181.475 E14.66112
G1 X141.194 Y181.475 E14.70268
G1 X141.194 Y179.709 E14.79707
G1 X141.912 Y179.709 E14.83542
G1 X141.583 Y179.919 F7800.000
G1 F2400.000
G1 X141.583 Y181.265 E14.88599
G1 Z30.350 F7800.000
G1 E6.88599 F2400.00000
G92 E0
G1 X189.614 Y179.312 F7800.000
G1 E10.00000 F2400.00000
G1 F1800.000
G1 X191.179 Y179.312 E10.07503
G1 X191.179 Y181.872 E10.19775
G1 X189.614 Y181.872 E10.27277
G1 X189.614 Y179.372 E10.39262
G1 X189.991 Y179.446 F7800.000
G1 X190.011 Y179.709 F7800.000
G1 F1800.000
G1 X190.781 Y179.709 E10.43381
G1 X190.781 Y181.475 E10.52820
G1 X190.011 Y181.475 E10.56939
G1 X190.011 Y179.769 E10.66057
G1 X190.396 Y179.919 F7800.000
G1 F2400.000
G1 X190.396 Y181.265 E10.70994
G1 X186.216 Y179.312 F7800.000
G1 F1800.000
G1 X186.216 Y181.872 E10.83266
G1 X175.210 Y181.872 E11.36032
G1 X175.210 Y179.312 E11.48305
G1 X186.156 Y179.312 E12.00783
G1 X186.043 Y179.673 F7800.000
G1 X185.819 Y179.709 F7800.000
G1 F1800.000
G1 X185.819 Y181.475 E12.10221
G1 X175.607 Y181.475 E12.64817
G1 X175.607 Y179.709 E12.74255
G1 X185.759 Y179.709 E13.28530
G1 X185.400 Y180.128 F7800.000
G1 F1800.000
G1 X185.400 Y181.056 E13.33490
G1 X176.026 Y181.056 E13.83607
G1 X176.026 Y180.128 E13.88567
G1 X185.340 Y180.128 E14.38363
G1 X185.191 Y180.592 F7800.000
G1 F2400.000
G1 X176.235 Y180.592 E14.89168
G1 E6.89168 F2400.00000
G92 E0
G1 X156.790 Y179.312 F7800.000
G1 E10.00000 F2400.00000
G1 F1800.000
G1 X156.790 Y181.872 E10.12272
G1 X145.784 Y181.872 E10.65038
G1 X145.784 Y179.312 E10.77311
G1 X156.730 Y179.312 E11.29789
G1 X156.617 Y179.673 F7800.000
G1 X156.393 Y179.709 F7800.000
G1 F1800.000
G1 X156.393 Y181.475 E11.39227
G1 X146.181 Y181.475 E11.93823
G1 X146.181 Y179.709 E12.03261
G1 X156.333 Y179.709 E12.57536
G1 X155.974 Y180.128 F7800.000
G1 F1800.000
G1 X155.974 Y181.056 E12.62496
G1 X146.600 Y181.056 E13.12613
G1 X146.600 Y180.128 E13.17573
G1 X155.914 Y180.128 E13.67369
G1 X155.765 Y180.592 F7800.000
G1 F2400.000
G1 X146.809 Y180.592 E14.18174
G1 X142.386 Y179.312 F7800.000
G1 F1800.000
G1 X142.386 Y181.872 E14.30446
G1 X140.821 Y181.872 E14.37949
G1 X140.821 Y179.312 E14.50221
G1 X142.326 Y179.312 E14.57436
G1 X142.314 Y179.705 F7800.000
G1 X141.989 Y179.709 F7800.000
G1 F1800.000
G1 X141.989 Y181.475 E14.66874
G1 X141.219 Y181.475 E14.70994
G1 X141.219 Y179.709 E14.80432
G1 X141.929 Y179.709 E14.84231
G1 X141.604 Y179.919 F7800.000
G1 F2400.000
G1 X141.604 Y181.265 E14.89168
G1 Z30.650 F7800.000
G1 E6.89168 F2400.00000
G92 E0
G1 X189.537 Y179.312 F7800.000
G1 E10.00000 F2400.00000
G1 F1800.000
G1 X191.154 Y179.312 E10.07750
G1 X191.154 Y181.872 E10.20022
G1 X189.537 Y181.872 E10.27772
G1 X189.537 Y179.372 E10.39757
G1 X189.915 Y179.444 F7800.000
G1 X189.935 Y179.709 F7800.000
G1 F1800.000
G1 X190.757 Y179.709 E10.44152
G1 X190.757 Y181.475 E10.53590
G1 X189.935 Y181.475 E10.57985
G1 X189.935 Y179.769 E10.67102
G1 X190.346 Y179.919 F7800.000
G1 F2400.000
G1 X190.346 Y181.265 E10.72926
G1 X186.293 Y179.312 F7800.000
G1 F1800.000
G1 X186.293 Y181.872 E10.85198
G1 X175.194 Y181.872 E11.38405
G1 X175.194 Y179.312 E11.50678
G1 X186.233 Y179.312 E12.03597
G1 X186.119 Y179.673 F7800.000
G1 X185.895 Y179.709 F7800.000
G1 F1800.000
G1 X185.895 Y181.475 E12.13035
G1 X175.591 Y181.475 E12.68122
G1 X175.591 Y179.709 E12.77561
G1 X185.835 Y179.709 E13.32327
G1 X185.477 Y180.128 F7800.000
G1 F1800.000
G1 X185.477 Y181.056 E13.37287
G1 X176.010 Y181.056 E13.87896
G1 X176.010 Y180.128 E13.92855
G1 X185.417 Y180.128 E14.43143
G1 X185.267 Y180.592 F7800.000
G1 F2400.000
G1 X176.219 Y180.592 E14.94470
G1 E6.94470 F2400.00000
G92 E0
G1 X156.806 Y179.312 F7800.000
G1 E10.00000 F2400.00000
G1 F1800.000
G1 X156.806 Y181.872 E10.12272
G1 X145.707 Y181.872 E10.65479
G1 X145.707 Y179.312 E10.77752
G1 X156.746 Y179.312 E11.30671
G1 X156.633 Y179.673 F7800.000
G1 X156.409 Y179.709 F7800.000
G1 F1800.000
G1 X156.409 Y181.475 E11.40109
G1 X146.105 Y181.475 E11.95196
G1 X146.105 Y179.709 E12.04635
G1 X156.349 Y179.709 E12.59401
G1 X155.990 Y180.128 F7800.000
G1 F1800.000
G1 X155.990 Y181.056 E12.64361
G1 X146.523 Y181.056 E13.14970
G1 X146.523 Y180.128 E13.19929
G1 X155.930 Y180.128 E13.70217
G1 X155.781 Y180.592 F7800.000
G1 F2400.000
G1 X146.733 Y180.592 E14.21544
G1 X142.463 Y179.312 F7800.000
G1 F1800.000
G1 X142.463 Y181.872 E14.33816
G1 X140.846 Y181.872 E14.41566
G1 X140.846 Y179.312 E14.53838
G1 X142.403 Y179.312 E14.61300
G1 X142.388 Y179.705 F7800.000
G1 X142.065 Y179.709 F7800.000
G1 F1800.000
G1 X142.065 Y181.475 E14.70739
G1 X141.243 Y181.475 E14.75134
G1 X141.243 Y179.709 E14.84572
G1 X142.005 Y179.709 E14.88646
G1 X141.654 Y179.919 F7800.000
G1 F2400.000
G1 X141.654 Y181.265 E14.94470
G1 Z30.950 F7800.000
G1 E6.94470 F2400.00000
G92 E0
G1 X189.390 Y179.312 F7800.000
G1 E10.00000 F2400.00000
G1 F1800.000
G1 X191.091 Y179.312 E10.08153
G1 X191.091 Y181.872 E10.20426
G1 X189.390 Y181.872 E10.28579
G1 X189.390 Y179.372 E10.40564
G1 X189.769 Y179.441 F7800.000
G1 X189.787 Y179.709 F7800.000
G1 F1800.000
G1 X190.693 Y179.709 E10.45409
G1 X190.693 Y181.475 E10.54847
G1 X189.787 Y181.475 E10.59692
G1 X189.787 Y179.769 E10.68810
G1 X190.240 Y179.919 F7800.000
G1 F2400.000
G1 X190.240 Y181.265 E10.76080
G1 X186.440 Y179.312 F7800.000
G1 F1800.000
G1 X186.440 Y181.872 E10.88353
G1 X175.178 Y181.872 E11.42342
G1 X175.178 Y179.312 E11.54614
G1 X186.380 Y179.312 E12.08315
G1 X186.266 Y179.672 F7800.000
G1 X186.043 Y179.709 F7800.000
G1 F1800.000
G1 X186.043 Y181.475 E12.17754
G1 X175.575 Y181.475 E12.73713
G1 X175.575 Y179.709 E12.83152
G1 X185.983 Y179.709 E13.38790
G1 X185.624 Y180.128 F7800.000
G1 F1800.000
G1 X185.624 Y181.056 E13.43750
G1 X175.994 Y181.056 E13.95231
G1 X175.994 Y180.128 E14.00191
G1 X185.564 Y180.128 E14.51351
G1 X185.415 Y180.592 F7800.000
G1 F2400.000
G1 X176.204 Y180.592 E15.03603
G1 E7.03603 F2400.00000
G92 E0
G1 X156.822 Y179.312 F7800.000
G1 E10.00000 F2400.00000
G1 F1800.000
G1 X156.822 Y181.872 E10.12272
G1 X145.560 Y181.872 E10.66261
G1 X145.560 Y179.312 E10.78534
G1 X156.762 Y179.312 E11.32235
G1 X156.648 Y179.672 F7800.000
G1 X156.425 Y179.709 F7800.000
G1 F1800.000
G1 X156.425 Y181.475 E11.41674
G1 X145.957 Y181.475 E11.97633
G1 X145.957 Y179.709 E12.07071
G1 X156.365 Y179.709 E12.62710
G1 X156.006 Y180.128 F7800.000
G1 F1800.000
G1 X156.006 Y181.056 E12.67670
G1 X146.376 Y181.056 E13.19151
G1 X146.376 Y180.128 E13.24110
G1 X155.946 Y180.128 E13.75271
G1 X155.796 Y180.592 F7800.000
G1 F2400.000
G1 X146.585 Y180.592 E14.27523
G1 X142.610 Y179.312 F7800.000
G1 F1800.000
G1 X142.610 Y181.872 E14.39795
G1 X140.909 Y181.872 E14.47948
G1 X140.909 Y179.312 E14.60221
G1 X142.550 Y179.312 E14.68087
G1 X142.532 Y179.704 F7800.000
G1 X142.213 Y179.709 F7800.000
G1 F1800.000
G1 X142.213 Y181.475 E14.77525
G1 X141.307 Y181.475 E14.82370
G1 X141.307 Y179.709 E14.91808
G1 X142.153 Y179.709 E14.96333
G1 X141.760 Y179.919 F7800.000
G1 F2400.000
G1 X141.760 Y181.265 E15.03603
G1 Z31.250 F7800.000
G1 E7.03603 F2400.00000
G92 E0
G1 X189.138 Y179.312 F7800.000
G1 E10.00000 F2400.00000
G1 F1800.000
G1 X191.015 Y179.312 E10.09002
G1 X191.015 Y181.872 E10.21274
G1 X189.138 Y181.872 E10.30275
G1 X189.138 Y179.372 E10.42260
G1 X189.518 Y179.435 F7800.000
G1 X189.535 Y179.709 F7800.000
G1 F1800.000
G1 X190.618 Y179.709 E10.48051
G1 X190.618 Y181.475 E10.57489
G1 X189.535 Y181.475 E10.63280
G1 X189.535 Y179.769 E10.72398
G1 X190.076 Y179.919 F7800.000
G1 F2400.000
G1 X190.076 Y181.265 E10.82709
G1 X186.692 Y179.312 F7800.000
G1 F1800.000
G1 X186.692 Y181.872 E10.94981
G1 X175.145 Y181.872 E11.50336
G1 X175.145 Y179.312 E11.62609
G1 X186.632 Y179.312 E12.17676
G1 X186.518 Y179.672 F7800.000
G1 X186.295 Y179.709 F7800.000
G1 F1800.000
G1 X186.295 Y181.475 E12.27114
G1 X175.543 Y181.475 E12.84597
G1 X175.543 Y179.709 E12.94035
G1 X186.235 Y179.709 E13.51197
G1 X185.876 Y180.128 F7800.000
G1 F1800.000
G1 X185.876 Y181.056 E13.56156
G1 X175.962 Y181.056 E14.09160
G1 X175.962 Y180.128 E14.14120
G1 X185.816 Y180.128 E14.66803
G1 X185.667 Y180.592 F7800.000
G1 F2400.000
G1 X176.171 Y180.592 E15.20671
G1 E7.20671 F2400.00000
G92 E0
G1 X156.855 Y179.312 F7800.000
G1 E10.00000 F2400.00000
G1 F1800.000
G1 X156.855 Y181.872 E10.12272
G1 X145.308 Y181.872 E10.67627
G1 X145.308 Y179.312 E10.79899
G1 X156.795 Y179.312 E11.34967
G1 X156.680 Y179.672 F7800.000
G1 X156.457 Y179.709 F7800.000
G1 F1800.000
G1 X156.457 Y181.475 E11.44405
G1 X145.705 Y181.475 E12.01887
G1 X145.705 Y179.709 E12.11326
G1 X156.397 Y179.709 E12.68488
G1 X156.038 Y180.128 F7800.000
G1 F1800.000
G1 X156.038 Y181.056 E12.73447
G1 X146.124 Y181.056 E13.26451
G1 X146.124 Y180.128 E13.31411
G1 X155.978 Y180.128 E13.84094
G1 X155.829 Y180.592 F7800.000
G1 F2400.000
G1 X146.333 Y180.592 E14.37962
G1 X142.862 Y179.312 F7800.000
G1 F1800.000
G1 X142.862 Y181.872 E14.50235
G1 X140.985 Y181.872 E14.59236
G1 X140.985 Y179.312 E14.71509
G1 X142.802 Y179.312 E14.80223
G1 X142.779 Y179.703 F7800.000
G1 X142.465 Y179.709 F7800.000
G1 F1800.000
G1 X142.465 Y181.475 E14.89661
G1 X141.382 Y181.475 E14.95452
G1 X141.382 Y179.709 E15.04890
G1 X142.405 Y179.709 E15.10360
G1 X141.924 Y179.919 F7800.000
G1 F2400.000
G1 X141.924 Y181.265 E15.20672
G1 Z31.550 F7800.000
G1 E7.20672 F2400.00000
G92 E0
G1 X188.718 Y179.312 F7800.000
G1 E10.00000 F2400.00000
G1 F2400.000
G1 X190.890 Y179.312 E10.10414
G1 X190.890 Y181.872 E10.22687
G1 X188.718 Y181.872 E10.33101
M106 S255

G1 F3600.000
G1 X188.666 Y181.872 E10.33374
G1 X188.666 Y179.321 E10.47013
M106 S249.9

G1 X189.064 Y179.709 F7800.000
G1 F1800.000
G1 X190.493 Y179.709 E10.54653
G1 X190.493 Y181.475 E10.64091
G1 X189.064 Y181.475 E10.71731
G1 X189.064 Y179.769 E10.80849
G1 X189.483 Y180.128 F7800.000
G1 F1800.000
G1 X190.074 Y180.128 E10.84010
G1 X190.074 Y181.056 E10.88970
G1 X189.483 Y181.056 E10.92131
G1 X189.483 Y180.188 E10.96770
G1 X189.778 Y180.338 F7800.000
G1 F2400.000
G1 X189.778 Y180.846 E10.97472
G1 X187.112 Y181.872 F7800.000
G1 F2400.000
G1 X175.098 Y181.872 E11.55067
G1 X175.098 Y179.312 E11.67340
G1 X187.112 Y179.312 E12.24936
M106 S255

G1 F3600.000
G1 X187.164 Y179.312 E12.25209
G1 X187.164 Y181.863 E12.38848
M106 S249.9

G1 X186.766 Y181.475 F7800.000
G1 F1800.000
G1 X175.495 Y181.475 E12.99103
G1 X175.495 Y179.709 E13.08542
G1 X186.766 Y179.709 E13.68797
G1 X186.766 Y181.415 E13.77915
G1 X186.347 Y181.056 F7800.000
G1 F1800.000
G1 X175.914 Y181.056 E14.33691
G1 X175.914 Y180.128 E14.38651
G1 X186.347 Y180.128 E14.94428
G1 X186.347 Y180.996 E14.99067
G1 X186.138 Y180.592 F7800.000
G1 F2400.000
G1 X176.124 Y180.592 E15.55878
G1 E7.55878 F2400.00000
G92 E0
G1 X156.902 Y181.872 F7800.000
G1 E10.00000 F2400.00000
G1 F2400.000
G1 X144.888 Y181.872 E10.57596
M106 S255

G1 F3600.000
G1 X144.836 Y181.872 E10.57870
G1 X144.836 Y179.312 E10.71555
G1 X144.888 Y179.312 E10.71829
M106 S249.9

G1 F2400.000
G1 X156.902 Y179.312 E11.29425
G1 X156.902 Y181.812 E11.41410
G1 X156.503 Y181.844 F7800.000
G1 X156.505 Y181.475 F7800.000
G1 F1800.000
G1 X145.234 Y181.475 E12.01665
G1 X145.234 Y179.709 E12.11103
G1 X156.505 Y179.709 E12.71359
G1 X156.505 Y181.415 E12.80476
G1 X156.086 Y181.056 F7800.000
G1 F1800.000
G1 X145.653 Y181.056 E13.36253
G1 X145.653 Y180.128 E13.41213
G1 X156.086 Y180.128 E13.96990
G1 X156.086 Y180.996 E14.01628
G1 X155.876 Y180.592 F7800.000
G1 F2400.000
G1 X145.862 Y180.592 E14.58439
G1 X143.282 Y181.872 F7800.000
G1 F2400.000
G1 X141.110 Y181.872 E14.68853
G1 X141.110 Y179.312 E14.81126
G1 X143.282 Y179.312 E14.91540
M106 S255

G1 F3600.000
G1 X143.334 Y179.312 E14.91814
G1 X143.334 Y181.863 E15.05452
M106 S249.9

G1 X142.936 Y181.475 F7800.000
G1 F1800.000
G1 X141.507 Y181.475 E15.13092
G1 X141.507 Y179.709 E15.22530
G1 X142.936 Y179.709 E15.30170
G1 X142.936 Y181.415 E15.39288
G1 X142.517 Y181.056 F7800.000
G1 F1800.000
G1 X141.926 Y181.056 E15.42449
G1 X141.926 Y180.128 E15.47409
G1 X142.517 Y180.128 E15.50570
G1 X142.517 Y180.996 E15.55209
G1 X142.222 Y180.846 F7800.000
G1 F2400.000
G1 X142.222 Y180.338 E15.55911
M106 S255
G1 Z31.850 F7800.000
G1 E7.55911 F2400.00000
G92 E0
G1 X175.050 Y181.872 F7800.000
G1 E10.00000 F2400.00000
G1 F2400.000
G1 X175.050 Y179.312 E10.12272
G1 X187.584 Y179.312 E10.72355
M106 S255

G1 F3600.000
G1 X188.246 Y179.312 E10.75898
M106 S255

G1 F2400.000
G1 X190.750 Y179.312 E10.87899
G1 X190.750 Y181.872 E11.00171
G1 X188.246 Y181.872 E11.12172
M106 S255

G1 F3600.000
G1 X187.584 Y181.872 E11.15715
M106 S255

G1 F2400.000
G1 X175.110 Y181.872 E11.75510
G1 X175.050 Y181.472 F7800.000
G1 X175.448 Y181.475 F7800.000
G1 F3389.060
G1 X175.448 Y179.709 E11.84949
G1 X187.584 Y179.709 E12.49827
M106 S255

G1 F3600.000
G1 X188.246 Y179.709 E12.53370
M106 S255

G1 F3389.060
G1 X190.353 Y179.709 E12.64630
G1 X190.353 Y181.475 E12.74068
G1 X188.246 Y181.475 E12.85327
M106 S255

G1 F3600.000
G1 X187.584 Y181.475 E12.88870
M106 S255

G1 F3389.060
G1 X175.508 Y181.475 E13.53428
G1 X175.867 Y181.056 F7800.000
G1 F3389.060
G1 X175.867 Y180.128 E13.58388
G1 X187.584 Y180.128 E14.21027
M106 S255

G1 F3600.000
G1 X188.246 Y180.128 E14.24570
M106 S255

G1 F3389.060
G1 X189.934 Y180.128 E14.33590
G1 X189.934 Y181.056 E14.38550
G1 X188.246 Y181.056 E14.47570
M106 S255

G1 F3600.000
G1 X187.584 Y181.056 E14.51113
M106 S255

G1 F3389.060
G1 X175.927 Y181.056 E15.13431
G1 X176.076 Y180.592 F7800.000
G1 F1694.530
G1 X189.724 Y180.592 E15.90855
G1 E7.90855 F2400.00000
G92 E0
G1 X156.950 Y181.872 F7800.000
G1 E10.00000 F2400.00000
G1 F2400.000
G1 X144.416 Y181.872 E10.60082
M106 S255

G1 F3600.000
G1 X143.754 Y181.872 E10.63626
M106 S255

G1 F2400.000
G1 X141.250 Y181.872 E10.75627
G1 X141.250 Y179.312 E10.87899
G1 X143.754 Y179.312 E10.99900
M106 S255

G1 F3600.000
G1 X144.416 Y179.312 E11.03443
M106 S255

G1 F2400.000
G1 X156.950 Y179.312 E11.63526
G1 X156.950 Y181.812 E11.75510
G1 X156.550 Y181.845 F7800.000
G1 X156.552 Y181.475 F7800.000
G1 F3389.060
G1 X144.416 Y181.475 E12.40389
M106 S255

G1 F3600.000
G1 X143.754 Y181.475 E12.43932
M106 S255

G1 F3389.060
G1 X141.647 Y181.475 E12.55191
G1 X141.647 Y179.709 E12.64630
G1 X143.754 Y179.709 E12.75889
M106 S255

G1 F3600.000
G1 X144.416 Y179.709 E12.79432
M106 S255

G1 F3389.060
G1 X156.552 Y179.709 E13.44311
G1 X156.552 Y181.415 E13.53428
G1 X156.133 Y181.056 F7800.000
G1 F3389.060
G1 X144.416 Y181.056 E14.16067
M106 S255

G1 F3600.000
G1 X143.754 Y181.056 E14.19610
M106 S255

G1 F3389.060
G1 X142.066 Y181.056 E14.28630
G1 X142.066 Y180.128 E14.33590
G1 X143.754 Y180.128 E14.42610
M106 S255

G1 F3600.000
G1 X144.416 Y180.128 E14.46153
M106 S255

G1 F3389.060
G1 X156.133 Y180.128 E15.08792
G1 X156.133 Y180.996 E15.13431
G1 X155.924 Y180.592 F7800.000
G1 F1694.530
G1 X142.276 Y180.592 E15.90855
M106 S247.35
G1 Z32.150 F7800.000
G1 E7.90855 F2400.00000
G92 E0
G1 X174.989 Y181.872 F7800.000
G1 E10.00000 F2400.00000
G1 F1800.000
G1 X174.989 Y179.312 E10.12272
G1 X190.556 Y179.312 E10.86898
G1 X190.556 Y181.872 E10.99170
G1 X175.049 Y181.872 E11.73508
G1 X175.170 Y181.515 F7800.000
G1 X175.386 Y181.475 F7800.000
G1 F1800.000
G1 X175.386 Y179.709 E11.82947
G1 X190.158 Y179.709 E12.61920
G1 X190.158 Y181.475 E12.71358
G1 X175.446 Y181.475 E13.50010
G1 X175.805 Y181.056 F7800.000
G1 F1800.000
G1 X175.805 Y180.128 E13.54970
G1 X189.740 Y180.128 E14.29464
G1 X189.740 Y181.056 E14.34424
G1 X175.865 Y181.056 E15.08597
G1 X176.014 Y180.592 F7800.000
G1 F2400.000
G1 X189.530 Y180.592 E15.85270
G1 E7.85270 F2400.00000
G92 E0
G1 X157.011 Y181.872 F7800.000
G1 E10.00000 F2400.00000
G1 F1800.000
G1 X141.444 Y181.872 E10.74626
G1 X141.444 Y179.312 E10.86898
G1 X157.011 Y179.312 E11.61524
G1 X157.011 Y181.812 E11.73508
G1 X156.612 Y181.850 F7800.000
G1 X156.614 Y181.475 F7800.000
G1 F1800.000
G1 X141.842 Y181.475 E12.52481
G1 X141.842 Y179.709 E12.61920
G1 X156.614 Y179.709 E13.40892
G1 X156.614 Y181.415 E13.50010
G1 X156.195 Y181.056 F7800.000
G1 F1800.000
G1 X142.260 Y181.056 E14.24504
G1 X142.260 Y180.128 E14.29464
G1 X156.195 Y180.128 E15.03958
G1 X156.195 Y180.996 E15.08597
G1 X155.986 Y180.592 F7800.000
G1 F2400.000
G1 X142.470 Y180.592 E15.85270
G1 Z32.450 F7800.000
G1 E7.85270 F2400.00000
G92 E0
G1 X174.908 Y181.872 F7800.000
G1 E10.00000 F2400.00000
G1 F1800.000
G1 X174.908 Y179.312 E10.12272
G1 X190.318 Y179.312 E10.86146
G1 X190.318 Y181.872 E10.98418
G1 X174.968 Y181.872 E11.72004
G1 X175.089 Y181.515 F7800.000
G1 X175.306 Y181.475 F7800.000
G1 F1800.000
G1 X175.306 Y179.709 E11.81442
G1 X189.921 Y179.709 E12.59576
G1 X189.921 Y181.475 E12.69014
G1 X175.366 Y181.475 E13.46827
G1 X175.725 Y181.056 F7800.000
G1 F1800.000
G1 X175.725 Y180.128 E13.51787
G1 X189.502 Y180.128 E14.25442
G1 X189.502 Y181.056 E14.30402
G1 X175.785 Y181.056 E15.03736
G1 X175.934 Y180.592 F7800.000
G1 F2400.000
G1 X189.293 Y180.592 E15.79518
G1 E7.79518 F2400.00000
G92 E0
G1 X157.092 Y181.872 F7800.000
G1 E10.00000 F2400.00000
G1 F1800.000
G1 X141.682 Y181.872 E10.73873
G1 X141.682 Y179.312 E10.86146
G1 X157.092 Y179.312 E11.60019
G1 X157.092 Y181.812 E11.72004
G1 X156.692 Y181.850 F7800.000
G1 X156.694 Y181.475 F7800.000
G1 F1800.000
G1 X142.079 Y181.475 E12.50137
G1 X142.079 Y179.709 E12.59576
G1 X156.694 Y179.709 E13.37709
G1 X156.694 Y181.415 E13.46827
G1 X156.275 Y181.056 F7800.000
G1 F1800.000
G1 X142.498 Y181.056 E14.20482
G1 X142.498 Y180.128 E14.25442
G1 X156.275 Y180.128 E14.99097
G1 X156.275 Y180.996 E15.03736
G1 X156.066 Y180.592 F7800.000
G1 F2400.000
G1 X142.707 Y180.592 E15.79518
G1 Z32.750 F7800.000
G1 E7.79518 F2400.00000
G92 E0
G1 X174.828 Y181.872 F7800.000
G1 E10.00000 F2400.00000
G1 F1800.000
G1 X174.828 Y179.312 E10.12272
G1 X190.031 Y179.312 E10.85154
G1 X190.031 Y181.872 E10.97426
G1 X174.888 Y181.872 E11.70020
G1 X175.008 Y181.515 F7800.000
G1 X175.225 Y181.475 F7800.000
G1 F1800.000
G1 X175.225 Y179.709 E11.79458
G1 X189.634 Y179.709 E12.56485
G1 X189.634 Y181.475 E12.65924
G1 X175.285 Y181.475 E13.42631
G1 X175.644 Y181.056 F7800.000
G1 F1800.000
G1 X175.644 Y180.128 E13.47590
G1 X189.215 Y180.128 E14.20139
G1 X189.215 Y181.056 E14.25099
G1 X175.704 Y181.056 E14.97327
G1 X175.854 Y180.592 F7800.000
G1 F2400.000
G1 X189.005 Y180.592 E15.71935
G1 E7.71935 F2400.00000
G92 E0
G1 X157.172 Y181.872 F7800.000
G1 E10.00000 F2400.00000
G1 F1800.000
G1 X141.969 Y181.872 E10.72881
G1 X141.969 Y179.312 E10.85154
G1 X157.172 Y179.312 E11.58035
G1 X157.172 Y181.812 E11.70020
G1 X156.773 Y181.850 F7800.000
G1 X156.775 Y181.475 F7800.000
G1 F1800.000
G1 X142.366 Y181.475 E12.47047
G1 X142.366 Y179.709 E12.56485
G1 X156.775 Y179.709 E13.33513
G1 X156.775 Y181.415 E13.42631
G1 X156.356 Y181.056 F7800.000
G1 F1800.000
G1 X142.785 Y181.056 E14.15179
G1 X142.785 Y180.128 E14.20139
G1 X156.356 Y180.128 E14.92688
G1 X156.356 Y180.996 E14.97327
G1 X156.146 Y180.592 F7800.000
G1 F2400.000
G1 X142.995 Y180.592 E15.71935
G1 Z33.050 F7800.000
G1 E7.71935 F2400.00000
G92 E0
G1 X174.734 Y181.872 F7800.000
G1 E10.00000 F2400.00000
G1 F1800.000
G1 X174.734 Y179.312 E10.12272
G1 X189.651 Y179.312 E10.83784
G1 X189.651 Y181.872 E10.96056
G1 X174.794 Y181.872 E11.67280
G1 X174.914 Y181.515 F7800.000
G1 X175.131 Y181.475 F7800.000
G1 F1800.000
G1 X175.131 Y179.709 E11.76718
G1 X189.254 Y179.709 E12.52218
G1 X189.254 Y181.475 E12.61657
G1 X175.191 Y181.475 E13.36836
G1 X175.550 Y181.056 F7800.000
G1 F1800.000
G1 X175.550 Y180.128 E13.41796
G1 X188.835 Y180.128 E14.12817
G1 X188.835 Y181.056 E14.17777
G1 X175.610 Y181.056 E14.88477
G1 X175.759 Y180.592 F7800.000
G1 F2400.000
G1 X188.626 Y180.592 E15.61465
G1 E7.61465 F2400.00000
G92 E0
G1 X157.266 Y181.872 F7800.000
G1 E10.00000 F2400.00000
G1 F1800.000
G1 X142.349 Y181.872 E10.71511
G1 X142.349 Y179.312 E10.83784
G1 X157.266 Y179.312 E11.55295
G1 X157.266 Y181.812 E11.67280
G1 X156.867 Y181.849 F7800.000
G1 X156.869 Y181.475 F7800.000
G1 F1800.000
G1 X142.746 Y181.475 E12.42780
G1 X142.746 Y179.709 E12.52218
G1 X156.869 Y179.709 E13.27718
G1 X156.869 Y181.415 E13.36836
G1 X156.450 Y181.056 F7800.000
G1 F1800.000
G1 X143.165 Y181.056 E14.07857
G1 X143.165 Y180.128 E14.12817
G1 X156.450 Y180.128 E14.83839
G1 X156.450 Y180.996 E14.88477
G1 X156.241 Y180.592 F7800.000
G1 F2400.000
G1 X143.374 Y180.592 E15.61465
G1 Z33.350 F7800.000
G1 E7.61465 F2400.00000
G92 E0
G1 X174.619 Y181.872 F7800.000
G1 E10.00000 F2400.00000
G1 F1800.000
G1 X174.619 Y179.312 E10.12272
G1 X189.113 Y179.312 E10.81756
G1 X189.113 Y181.872 E10.94028
G1 X174.679 Y181.872 E11.63223
G1 X174.798 Y181.515 F7800.000
G1 X175.016 Y181.475 F7800.000
G1 F1800.000
G1 X175.016 Y179.709 E11.72662
G1 X188.716 Y179.709 E12.45900
G1 X188.716 Y181.475 E12.55338
G1 X175.076 Y181.475 E13.28256
G1 X175.435 Y181.056 F7800.000
G1 F1800.000
G1 X175.435 Y180.128 E13.33215
G1 X188.297 Y180.128 E14.01975
G1 X188.297 Y181.056 E14.06934
G1 X175.495 Y181.056 E14.75373
G1 X175.644 Y180.592 F7800.000
G1 F2400.000
G1 X188.087 Y180.592 E15.45960
G1 E7.45960 F2400.00000
G92 E0
G1 X157.381 Y181.872 F7800.000
G1 E10.00000 F2400.00000
G1 F1800.000
G1 X142.887 Y181.872 E10.69483
G1 X142.887 Y179.312 E10.81756
G1 X157.381 Y179.312 E11.51239
G1 X157.381 Y181.812 E11.63223
G1 X156.982 Y181.849 F7800.000
G1 X156.984 Y181.475 F7800.000
G1 F1800.000
G1 X143.284 Y181.475 E12.36461
G1 X143.284 Y179.709 E12.45900
G1 X156.984 Y179.709 E13.19138
G1 X156.984 Y181.415 E13.28256
G1 X156.565 Y181.056 F7800.000
G1 F1800.000
G1 X143.703 Y181.056 E13.97015
G1 X143.703 Y180.128 E14.01975
G1 X156.565 Y180.128 E14.70734
G1 X156.565 Y180.996 E14.75373
G1 X156.356 Y180.592 F7800.000
G1 F2400.000
G1 X143.913 Y180.592 E15.45960
M106 S249.9
G1 Z33.650 F7800.000
G1 E7.45960 F2400.00000
G92 E0
G1 X174.504 Y181.872 F7800.000
G1 E10.00000 F2400.00000
G1 F1800.000
G1 X174.504 Y179.312 E10.12272
G1 X188.445 Y179.312 E10.79107
G1 X188.445 Y181.872 E10.91380
G1 X174.564 Y181.872 E11.57927
G1 X174.682 Y181.514 F7800.000
G1 X174.901 Y181.475 F7800.000
G1 F1800.000
G1 X174.901 Y179.709 E11.67365
G1 X188.048 Y179.709 E12.37650
G1 X188.048 Y181.475 E12.47088
G1 X174.961 Y181.475 E13.17052
G1 X175.320 Y181.056 F7800.000
G1 F1800.000
G1 X175.320 Y180.128 E13.22012
G1 X187.629 Y180.128 E13.87818
G1 X187.629 Y181.056 E13.92778
G1 X175.380 Y181.056 E14.58263
G1 X175.529 Y180.592 F7800.000
G1 F2400.000
G1 X187.420 Y180.592 E15.25716
G1 E7.25716 F2400.00000
G92 E0
G1 X157.496 Y181.872 F7800.000
G1 E10.00000 F2400.00000
G1 F1800.000
G1 X143.555 Y181.872 E10.66835
G1 X143.555 Y179.312 E10.79107
G1 X157.496 Y179.312 E11.45942
G1 X157.496 Y181.812 E11.57927
G1 X157.097 Y181.848 F7800.000
G1 X157.099 Y181.475 F7800.000
G1 F1800.000
G1 X143.952 Y181.475 E12.28211
G1 X143.952 Y179.709 E12.37650
G1 X157.099 Y179.709 E13.07935
G1 X157.099 Y181.415 E13.17052
G1 X156.680 Y181.056 F7800.000
G1 F1800.000
G1 X144.371 Y181.056 E13.82858
G1 X144.371 Y180.128 E13.87818
G1 X156.680 Y180.128 E14.53624
G1 X156.680 Y180.996 E14.58263
G1 X156.471 Y180.592 F7800.000
G1 F2400.000
G1 X144.580 Y180.592 E15.25716
G1 Z33.950 F7800.000
G1 E7.25716 F2400.00000
G92 E0
G1 X174.371 Y181.872 F7800.000
G1 E10.00000 F2400.00000
G1 F1800.000
G1 X174.371 Y179.312 E10.12272
G1 X187.778 Y179.312 E10.76543
G1 X187.778 Y181.872 E10.88815
G1 X174.431 Y181.872 E11.52798
G1 X174.549 Y181.514 F7800.000
G1 X174.768 Y181.475 F7800.000
G1 F1800.000
G1 X174.768 Y179.709 E11.62236
G1 X187.380 Y179.709 E12.29661
G1 X187.380 Y181.475 E12.39100
G1 X174.828 Y181.475 E13.06204
G1 X175.187 Y181.056 F7800.000
G1 F1800.000
G1 X175.187 Y180.128 E13.11164
G1 X186.962 Y180.128 E13.74110
G1 X186.962 Y181.056 E13.79070
G1 X175.247 Y181.056 E14.41696
G1 X175.396 Y180.592 F7800.000
G1 F2400.000
G1 X186.752 Y180.592 E15.06114
G1 E7.06114 F2400.00000
G92 E0
G1 X157.629 Y181.872 F7800.000
G1 E10.00000 F2400.00000
G1 F1800.000
G1 X144.222 Y181.872 E10.64270
G1 X144.222 Y179.312 E10.76543
G1 X157.629 Y179.312 E11.40813
G1 X157.629 Y181.812 E11.52798
G1 X157.230 Y181.847 F7800.000
G1 X157.232 Y181.475 F7800.000
G1 F1800.000
G1 X144.620 Y181.475 E12.20223
G1 X144.620 Y179.709 E12.29661
G1 X157.232 Y179.709 E12.97086
G1 X157.232 Y181.415 E13.06204
G1 X156.813 Y181.056 F7800.000
G1 F1800.000
G1 X145.038 Y181.056 E13.69150
G1 X145.038 Y180.128 E13.74110
G1 X156.813 Y180.128 E14.37057
G1 X156.813 Y180.996 E14.41696
G1 X156.604 Y180.592 F7800.000
G1 F2400.000
G1 X145.248 Y180.592 E15.06114
G1 Z34.250 F7800.000
G1 E7.06114 F2400.00000
G92 E0
G1 X174.218 Y181.872 F7800.000
G1 E10.00000 F2400.00000
G1 F1800.000
G1 X174.218 Y179.312 E10.12272
G1 X187.110 Y179.312 E10.74075
G1 X187.110 Y181.872 E10.86348
G1 X174.278 Y181.872 E11.47863
G1 X174.395 Y181.513 F7800.000
G1 X174.615 Y181.475 F7800.000
G1 F1800.000
G1 X174.615 Y179.709 E11.57301
G1 X186.713 Y179.709 E12.21974
G1 X186.713 Y181.475 E12.31413
G1 X174.675 Y181.475 E12.95765
G1 X175.034 Y181.056 F7800.000
G1 F1800.000
G1 X175.034 Y180.128 E13.00725
G1 X186.294 Y180.128 E13.60920
G1 X186.294 Y181.056 E13.65879
G1 X175.094 Y181.056 E14.25753
G1 X175.244 Y180.592 F7800.000
G1 F2400.000
G1 X186.084 Y180.592 E14.87252
G1 E6.87252 F2400.00000
G92 E0
G1 X157.782 Y181.872 F7800.000
G1 E10.00000 F2400.00000
G1 F1800.000
G1 X144.890 Y181.872 E10.61803
G1 X144.890 Y179.312 E10.74075
G1 X157.782 Y179.312 E11.35878
G1 X157.782 Y181.812 E11.47863
G1 X157.383 Y181.846 F7800.000
G1 X157.385 Y181.475 F7800.000
G1 F1800.000
G1 X145.287 Y181.475 E12.12536
G1 X145.287 Y179.709 E12.21974
G1 X157.385 Y179.709 E12.86648
G1 X157.385 Y181.415 E12.95765
G1 X156.966 Y181.056 F7800.000
G1 F1800.000
G1 X145.706 Y181.056 E13.55960
G1 X145.706 Y180.128 E13.60920
G1 X156.966 Y180.128 E14.21114
G1 X156.966 Y180.996 E14.25753
G1 X156.756 Y180.592 F7800.000
G1 F2400.000
G1 X145.915 Y180.592 E14.87252
M106 S252.45
G1 Z34.550 F7800.000
G1 E6.87252 F2400.00000
G92 E0
G1 X174.065 Y181.872 F7800.000
G1 E10.00000 F2400.00000
G1 F1800.000
G1 X174.065 Y179.312 E10.12272
G1 X186.442 Y179.312 E10.71608
G1 X186.442 Y181.872 E10.83880
G1 X174.125 Y181.872 E11.42928
G1 X174.241 Y181.513 F7800.000
G1 X174.462 Y181.475 F7800.000
G1 F1800.000
G1 X174.462 Y179.709 E11.52366
G1 X186.045 Y179.709 E12.14287
G1 X186.045 Y181.475 E12.23726
G1 X174.522 Y181.475 E12.85327
G1 X174.881 Y181.056 F7800.000
G1 F1800.000
G1 X174.881 Y180.128 E12.90286
G1 X185.626 Y180.128 E13.47729
G1 X185.626 Y181.056 E13.52689
G1 X174.941 Y181.056 E14.09811
G1 X175.091 Y180.592 F7800.000
G1 F2400.000
G1 X185.417 Y180.592 E14.68390
G1 E6.68390 F2400.00000
G92 E0
G1 X157.935 Y181.872 F7800.000
G1 E10.00000 F2400.00000
G1 F1800.000
G1 X145.558 Y181.872 E10.59335
G1 X145.558 Y179.312 E10.71608
G1 X157.935 Y179.312 E11.30943
G1 X157.935 Y181.812 E11.42928
G1 X157.536 Y181.845 F7800.000
G1 X157.538 Y181.475 F7800.000
G1 F1800.000
G1 X145.955 Y181.475 E12.04849
G1 X145.955 Y179.709 E12.14287
G1 X157.538 Y179.709 E12.76209
G1 X157.538 Y181.415 E12.85326
G1 X157.119 Y181.056 F7800.000
G1 F1800.000
G1 X146.374 Y181.056 E13.42769
G1 X146.374 Y180.128 E13.47729
G1 X157.119 Y180.128 E14.05172
G1 X157.119 Y180.996 E14.09811
G1 X156.909 Y180.592 F7800.000
G1 F2400.000
G1 X146.583 Y180.592 E14.68389
G1 Z34.850 F7800.000
G1 E6.68389 F2400.00000
G92 E0
G1 X173.884 Y181.872 F7800.000
G1 E10.00000 F2400.00000
G1 F1800.000
G1 X173.884 Y179.312 E10.12272
G1 X185.775 Y179.312 E10.69274
G1 X185.775 Y181.872 E10.81546
G1 X173.944 Y181.872 E11.38261
G1 X174.059 Y181.512 F7800.000
G1 X174.282 Y181.475 F7800.000
G1 F1800.000
G1 X174.282 Y179.709 E11.47699
G1 X185.378 Y179.709 E12.07018
G1 X185.378 Y181.475 E12.16457
G1 X174.342 Y181.475 E12.75455
G1 X174.700 Y181.056 F7800.000
G1 F1800.000
G1 X174.700 Y180.128 E12.80415
G1 X184.959 Y180.128 E13.35255
G1 X184.959 Y181.056 E13.40215
G1 X174.760 Y181.056 E13.94735
G1 X174.910 Y180.592 F7800.000
G1 F2400.000
G1 X184.749 Y180.592 E14.50552
G1 E6.50552 F2400.00000
G92 E0
G1 X158.116 Y181.872 F7800.000
G1 E10.00000 F2400.00000
G1 F1800.000
G1 X146.225 Y181.872 E10.57002
G1 X146.225 Y179.312 E10.69274
G1 X158.116 Y179.312 E11.26276
G1 X158.116 Y181.812 E11.38261
G1 X157.717 Y181.844 F7800.000
G1 X157.718 Y181.475 F7800.000
G1 F1800.000
G1 X146.622 Y181.475 E11.97580
G1 X146.622 Y179.709 E12.07018
G1 X157.718 Y179.709 E12.66337
G1 X157.718 Y181.415 E12.75455
G1 X157.300 Y181.056 F7800.000
G1 F1800.000
G1 X147.041 Y181.056 E13.30296
G1 X147.041 Y180.128 E13.35255
G1 X157.300 Y180.128 E13.90096
G1 X157.300 Y180.996 E13.94735
G1 X157.090 Y180.592 F7800.000
G1 F2400.000
G1 X147.251 Y180.592 E14.50552
G1 Z35.150 F7800.000
G1 E6.50552 F2400.00000
G92 E0
G1 X173.690 Y181.872 F7800.000
G1 E10.00000 F2400.00000
G1 F1800.000
G1 X173.690 Y179.312 E10.12272
G1 X185.107 Y179.312 E10.67008
G1 X185.107 Y181.872 E10.79280
G1 X173.750 Y181.872 E11.33728
G1 X173.864 Y181.512 F7800.000
G1 X174.087 Y181.475 F7800.000
G1 F1800.000
G1 X174.087 Y179.709 E11.43166
G1 X184.710 Y179.709 E11.99958
G1 X184.710 Y181.475 E12.09396
G1 X174.147 Y181.475 E12.65867
G1 X174.506 Y181.056 F7800.000
G1 F1800.000
G1 X174.506 Y180.128 E12.70827
G1 X184.291 Y180.128 E13.23140
G1 X184.291 Y181.056 E13.28100
G1 X174.566 Y181.056 E13.80092
G1 X174.715 Y180.592 F7800.000
G1 F2400.000
G1 X184.082 Y180.592 E14.33228
G1 E6.33228 F2400.00000
G92 E0
G1 X158.310 Y181.872 F7800.000
G1 E10.00000 F2400.00000
G1 F1800.000
G1 X146.893 Y181.872 E10.54735
G1 X146.893 Y179.312 E10.67008
G1 X158.310 Y179.312 E11.21743
G1 X158.310 Y181.812 E11.33728
G1 X157.912 Y181.843 F7800.000
G1 X157.913 Y181.475 F7800.000
G1 F1800.000
G1 X147.290 Y181.475 E11.90519
G1 X147.290 Y179.709 E11.99958
G1 X157.913 Y179.709 E12.56750
G1 X157.913 Y181.415 E12.65867
G1 X157.494 Y181.056 F7800.000
G1 F1800.000
G1 X147.709 Y181.056 E13.18180
G1 X147.709 Y180.128 E13.23140
G1 X157.494 Y180.128 E13.75453
G1 X157.494 Y180.996 E13.80092
G1 X157.285 Y180.592 F7800.000
G1 F2400.000
G1 X147.918 Y180.592 E14.33227
G1 Z35.450 F7800.000
G1 E6.33227 F2400.00000
G92 E0
G1 X173.493 Y181.872 F7800.000
G1 E10.00000 F2400.00000
G1 F1800.000
G1 X173.493 Y179.312 E10.12272
G1 X184.440 Y179.312 E10.64749
G1 X184.440 Y181.872 E10.77021
G1 X173.553 Y181.872 E11.29210
G1 X173.666 Y181.511 F7800.000
G1 X173.890 Y181.475 F7800.000
G1 F1800.000
G1 X173.890 Y179.709 E11.38649
G1 X184.042 Y179.709 E11.92921
G1 X184.042 Y181.475 E12.02360
G1 X173.950 Y181.475 E12.56312
G1 X174.309 Y181.056 F7800.000
G1 F1800.000
G1 X174.309 Y180.128 E12.61271
G1 X183.624 Y180.128 E13.11066
G1 X183.624 Y181.056 E13.16025
G1 X174.369 Y181.056 E13.65499
G1 X174.519 Y180.592 F7800.000
G1 F2400.000
G1 X183.414 Y180.592 E14.15961
G1 E6.15961 F2400.00000
G92 E0
G1 X158.507 Y181.872 F7800.000
G1 E10.00000 F2400.00000
G1 F1800.000
G1 X147.560 Y181.872 E10.52477
G1 X147.560 Y179.312 E10.64749
G1 X158.507 Y179.312 E11.17225
G1 X158.507 Y181.812 E11.29210
G1 X158.108 Y181.841 F7800.000
G1 X158.110 Y181.475 F7800.000
G1 F1800.000
G1 X147.958 Y181.475 E11.83483
G1 X147.958 Y179.709 E11.92921
G1 X158.110 Y179.709 E12.47194
G1 X158.110 Y181.415 E12.56312
G1 X157.691 Y181.056 F7800.000
G1 F1800.000
G1 X148.376 Y181.056 E13.06106
G1 X148.376 Y180.128 E13.11066
G1 X157.691 Y180.128 E13.60860
G1 X157.691 Y180.996 E13.65499
G1 X157.481 Y180.592 F7800.000
G1 F2400.000
G1 X148.586 Y180.592 E14.15961
M106 S255
G1 Z35.750 F7800.000
G1 E6.15961 F2400.00000
G92 E0
G1 X173.250 Y181.872 F7800.000
G1 E10.00000 F2400.00000
G1 F1800.000
G1 X173.250 Y179.312 E10.12272
G1 X183.772 Y179.312 E10.62713
G1 X183.772 Y181.872 E10.74985
G1 X173.310 Y181.872 E11.25139
G1 X173.422 Y181.511 F7800.000
G1 X173.647 Y181.475 F7800.000
G1 F1798.436
G1 X173.647 Y179.709 E11.34577
G1 X183.375 Y179.709 E11.86580
G1 X183.375 Y181.475 E11.96018
G1 X173.707 Y181.475 E12.47700
G1 X174.066 Y181.056 F7800.000
G1 F1798.436
G1 X174.066 Y180.128 E12.52659
G1 X182.956 Y180.128 E13.00183
G1 X182.956 Y181.056 E13.05143
G1 X174.126 Y181.056 E13.52346
G1 X174.276 Y180.592 F7800.000
G1 F2397.915
G1 X182.747 Y180.592 E14.00400
G1 E6.00400 F2400.00000
G92 E0
G1 X158.750 Y181.872 F7800.000
G1 E10.00000 F2400.00000
G1 F1800.000
G1 X148.228 Y181.872 E10.50441
G1 X148.228 Y179.312 E10.62713
G1 X158.750 Y179.312 E11.13154
G1 X158.750 Y181.812 E11.25139
G1 X158.351 Y181.840 F7800.000
G1 X158.353 Y181.475 F7800.000
G1 F1798.436
G1 X148.625 Y181.475 E11.77141
G1 X148.625 Y179.709 E11.86580
G1 X158.353 Y179.709 E12.38582
G1 X158.353 Y181.415 E12.47700
G1 X157.934 Y181.056 F7800.000
G1 F1798.436
G1 X149.044 Y181.056 E12.95224
G1 X149.044 Y180.128 E13.00183
G1 X157.934 Y180.128 E13.47707
G1 X157.934 Y180.996 E13.52346
G1 X157.724 Y180.592 F7800.000
G1 F2397.915
G1 X149.253 Y180.592 E14.00400
G1 Z36.050 F7800.000
G1 E6.00400 F2400.00000
G92 E0
G1 X173.007 Y181.872 F7800.000
G1 E10.00000 F2400.00000
G1 F1800.000
G1 X173.007 Y179.312 E10.12272
G1 X183.104 Y179.312 E10.60677
G1 X183.104 Y181.872 E10.72950
G1 X173.067 Y181.872 E11.21067
G1 X173.178 Y181.510 F7800.000
G1 X173.404 Y181.475 F7800.000
G1 F1694.741
G1 X173.404 Y179.709 E11.30505
G1 X182.707 Y179.709 E11.80238
G1 X182.707 Y181.475 E11.89676
G1 X173.464 Y181.475 E12.39088
G1 X173.823 Y181.056 F7800.000
G1 F1694.741
G1 X173.823 Y180.128 E12.44047
G1 X182.288 Y180.128 E12.89301
G1 X182.288 Y181.056 E12.94261
G1 X173.883 Y181.056 E13.39194
G1 X174.033 Y180.592 F7800.000
G1 F2259.654
G1 X182.079 Y180.592 E13.84838
G1 E5.84838 F2400.00000
G92 E0
G1 X158.993 Y181.872 F7800.000
G1 E10.00000 F2400.00000
G1 F1800.000
G1 X148.896 Y181.872 E10.48405
G1 X148.896 Y179.312 E10.60677
G1 X158.993 Y179.312 E11.09082
G1 X158.993 Y181.812 E11.21067
G1 X158.594 Y181.839 F7800.000
G1 X158.596 Y181.475 F7800.000
G1 F1694.741
G1 X149.293 Y181.475 E11.70799
G1 X149.293 Y179.709 E11.80238
G1 X158.596 Y179.709 E12.29970
G1 X158.596 Y181.415 E12.39088
G1 X158.177 Y181.056 F7800.000
G1 F1694.741
G1 X149.712 Y181.056 E12.84341
G1 X149.712 Y180.128 E12.89301
G1 X158.177 Y180.128 E13.34555
G1 X158.177 Y180.996 E13.39194
G1 X157.967 Y180.592 F7800.000
G1 F2259.654
G1 X149.921 Y180.592 E13.84838
G1 Z36.350 F7800.000
G1 E5.84838 F2400.00000
G92 E0
G1 X172.730 Y181.872 F7800.000
G1 E10.00000 F2400.00000
G1 F1800.000
G1 X172.730 Y179.312 E10.12272
G1 X182.674 Y179.312 E10.59938
G1 X182.674 Y181.872 E10.72211
G1 X172.790 Y181.872 E11.19589
G1 X172.901 Y181.510 F7800.000
G1 X173.128 Y181.475 F7800.000
G1 F1657.970
G1 X173.128 Y179.709 E11.29027
G1 X182.276 Y179.709 E11.77936
G1 X182.276 Y181.475 E11.87374
G1 X173.188 Y181.475 E12.35961
G1 X173.547 Y181.056 F7800.000
G1 F1657.970
G1 X173.547 Y180.128 E12.40921
G1 X181.857 Y180.128 E12.85351
G1 X181.857 Y181.056 E12.90310
G1 X173.607 Y181.056 E13.34419
G1 X173.756 Y180.592 F7800.000
G1 F2210.627
G1 X181.648 Y180.592 E13.79189
G1 E5.79189 F2400.00000
G92 E0
G1 X159.270 Y181.872 F7800.000
G1 E10.00000 F2400.00000
G1 F1800.000
G1 X149.326 Y181.872 E10.47666
G1 X149.326 Y179.312 E10.59938
G1 X159.270 Y179.312 E11.07604
G1 X159.270 Y181.812 E11.19589
G1 X158.871 Y181.838 F7800.000
G1 X158.872 Y181.475 F7800.000
G1 F1657.970
G1 X149.724 Y181.475 E11.68497
G1 X149.724 Y179.709 E11.77936
G1 X158.872 Y179.709 E12.26844
G1 X158.872 Y181.415 E12.35961
G1 X158.453 Y181.056 F7800.000
G1 F1657.970
G1 X150.143 Y181.056 E12.80391
G1 X150.143 Y180.128 E12.85351
G1 X158.453 Y180.128 E13.29780
G1 X158.453 Y180.996 E13.34419
G1 X158.244 Y180.592 F7800.000
G1 F2210.627
G1 X150.352 Y180.592 E13.79189
G1 Z36.650 F7800.000
G1 E5.79189 F2400.00000
G92 E0
G1 X172.430 Y181.872 F7800.000
G1 E10.00000 F2400.00000
G1 F1800.000
G1 X172.430 Y179.312 E10.12272
G1 X182.553 Y179.312 E10.60800
G1 X182.553 Y181.872 E10.73073
G1 X172.490 Y181.872 E11.21313
G1 X172.601 Y181.510 F7800.000
G1 X172.828 Y181.475 F7800.000
G1 F1700.897
G1 X172.828 Y179.709 E11.30751
G1 X182.156 Y179.709 E11.80620
G1 X182.156 Y181.475 E11.90059
G1 X172.888 Y181.475 E12.39607
G1 X173.247 Y181.056 F7800.000
G1 F1700.897
G1 X173.247 Y180.128 E12.44567
G1 X181.737 Y180.128 E12.89958
G1 X181.737 Y181.056 E12.94917
G1 X173.307 Y181.056 E13.39987
G1 X173.456 Y180.592 F7800.000
G1 F2267.863
G1 X181.528 Y180.592 E13.85777
G1 E5.85777 F2400.00000
G92 E0
G1 X159.570 Y181.872 F7800.000
G1 E10.00000 F2400.00000
G1 F1800.000
G1 X149.447 Y181.872 E10.48528
G1 X149.447 Y179.312 E10.60800
G1 X159.570 Y179.312 E11.09328
G1 X159.570 Y181.812 E11.21313
G1 X159.171 Y181.839 F7800.000
G1 X159.172 Y181.475 F7800.000
G1 F1700.897
G1 X149.844 Y181.475 E11.71182
G1 X149.844 Y179.709 E11.80620
G1 X159.172 Y179.709 E12.30490
G1 X159.172 Y181.415 E12.39607
G1 X158.753 Y181.056 F7800.000
G1 F1700.897
G1 X150.263 Y181.056 E12.84998
G1 X150.263 Y180.128 E12.89958
G1 X158.753 Y180.128 E13.35348
G1 X158.753 Y180.996 E13.39987
G1 X158.544 Y180.592 F7800.000
G1 F2267.863
G1 X150.472 Y180.592 E13.85777
G1 Z36.950 F7800.000
G1 E5.85777 F2400.00000
G92 E0
G1 X172.104 Y181.872 F7800.000
G1 E10.00000 F2400.00000
G1 F1800.000
G1 X172.104 Y179.312 E10.12272
G1 X182.433 Y179.312 E10.61788
G1 X182.433 Y181.872 E10.74060
G1 X172.164 Y181.872 E11.23288
G1 X172.276 Y181.511 F7800.000
G1 X172.501 Y181.475 F7800.000
G1 F1750.859
G1 X172.501 Y179.709 E11.32726
G1 X182.036 Y179.709 E11.83697
G1 X182.036 Y181.475 E11.93135
G1 X172.561 Y181.475 E12.43785
G1 X172.920 Y181.056 F7800.000
G1 F1750.859
G1 X172.920 Y180.128 E12.48745
G1 X181.617 Y180.128 E12.95237
G1 X181.617 Y181.056 E13.00197
G1 X172.980 Y181.056 E13.46368
G1 X173.130 Y180.592 F7800.000
G1 F2334.479
G1 X181.408 Y180.592 E13.93326
G1 E5.93326 F2400.00000
G92 E0
G1 X159.896 Y181.872 F7800.000
G1 E10.00000 F2400.00000
G1 F1800.000
G1 X149.567 Y181.872 E10.49515
G1 X149.567 Y179.312 E10.61788
G1 X159.896 Y179.312 E11.11303
G1 X159.896 Y181.812 E11.23288
G1 X159.497 Y181.840 F7800.000
G1 X159.499 Y181.475 F7800.000
G1 F1750.859
G1 X149.964 Y181.475 E11.74259
G1 X149.964 Y179.709 E11.83697
G1 X159.499 Y179.709 E12.34668
G1 X159.499 Y181.415 E12.43785
G1 X159.080 Y181.056 F7800.000
G1 F1750.859
G1 X150.383 Y181.056 E12.90277
G1 X150.383 Y180.128 E12.95237
G1 X159.080 Y180.128 E13.41729
G1 X159.080 Y180.996 E13.46368
G1 X158.870 Y180.592 F7800.000
G1 F2334.479
G1 X150.592 Y180.592 E13.93326
M106 S252.45
G1 Z37.250 F7800.000
G1 E5.93326 F2400.00000
G92 E0
G1 X171.734 Y181.872 F7800.000
G1 E10.00000 F2400.00000
G1 F1800.000
G1 X171.734 Y179.312 E10.12272
G1 X182.313 Y179.312 E10.62987
G1 X182.313 Y181.872 E10.75260
G1 X171.794 Y181.872 E11.25687
G1 X171.906 Y181.511 F7800.000
G1 X172.131 Y181.475 F7800.000
G1 F1800.000
G1 X172.131 Y179.709 E11.35125
G1 X181.916 Y179.709 E11.87434
G1 X181.916 Y181.475 E11.96872
G1 X172.191 Y181.475 E12.48860
G1 X172.550 Y181.056 F7800.000
G1 F1800.000
G1 X172.550 Y180.128 E12.53820
G1 X181.497 Y180.128 E13.01649
G1 X181.497 Y181.056 E13.06609
G1 X172.610 Y181.056 E13.54118
G1 X172.759 Y180.592 F7800.000
G1 F2400.000
G1 X181.287 Y180.592 E14.02496
G1 E6.02496 F2400.00000
G92 E0
G1 X160.266 Y181.872 F7800.000
G1 E10.00000 F2400.00000
G1 F1800.000
G1 X149.687 Y181.872 E10.50715
G1 X149.687 Y179.312 E10.62987
G1 X160.266 Y179.312 E11.13702
G1 X160.266 Y181.812 E11.25687
G1 X159.867 Y181.840 F7800.000
G1 X159.869 Y181.475 F7800.000
G1 F1800.000
G1 X150.084 Y181.475 E11.77996
G1 X150.084 Y179.709 E11.87434
G1 X159.869 Y179.709 E12.39742
G1 X159.869 Y181.415 E12.48860
G1 X159.450 Y181.056 F7800.000
G1 F1800.000
G1 X150.503 Y181.056 E12.96690
G1 X150.503 Y180.128 E13.01650
G1 X159.450 Y180.128 E13.49479
G1 X159.450 Y180.996 E13.54118
G1 X159.241 Y180.592 F7800.000
G1 F2400.000
G1 X150.713 Y180.592 E14.02496
G1 Z37.550 F7800.000
G1 E6.02496 F2400.00000
G92 E0
G1 X171.327 Y181.872 F7800.000
G1 E10.00000 F2400.00000
G1 F1800.000
G1 X171.327 Y179.312 E10.12272
G1 X182.185 Y179.312 E10.64323
G1 X182.185 Y181.872 E10.76596
G1 X171.387 Y181.872 E11.28359
G1 X171.500 Y181.511 F7800.000
G1 X171.724 Y181.475 F7800.000
G1 F1800.000
G1 X171.724 Y179.709 E11.37797
G1 X181.788 Y179.709 E11.91595
G1 X181.788 Y181.475 E12.01034
G1 X171.784 Y181.475 E12.54511
G1 X172.143 Y181.056 F7800.000
G1 F1800.000
G1 X172.143 Y180.128 E12.59471
G1 X181.369 Y180.128 E13.08791
G1 X181.369 Y181.056 E13.13750
G1 X172.203 Y181.056 E13.62749
G1 X172.353 Y180.592 F7800.000
G1 F2400.000
G1 X181.159 Y180.592 E14.12708
G1 E6.12708 F2400.00000
G92 E0
G1 X160.673 Y181.872 F7800.000
G1 E10.00000 F2400.00000
G1 F1800.000
G1 X149.815 Y181.872 E10.52051
G1 X149.815 Y179.312 E10.64323
G1 X160.673 Y179.312 E11.16374
G1 X160.673 Y181.812 E11.28359
G1 X160.274 Y181.841 F7800.000
G1 X160.276 Y181.475 F7800.000
G1 F1800.000
G1 X150.212 Y181.475 E11.82157
G1 X150.212 Y179.709 E11.91596
G1 X160.276 Y179.709 E12.45394
G1 X160.276 Y181.415 E12.54511
G1 X159.857 Y181.056 F7800.000
G1 F1800.000
G1 X150.631 Y181.056 E13.03831
G1 X150.631 Y180.128 E13.08791
G1 X159.857 Y180.128 E13.58110
G1 X159.857 Y180.996 E13.62749
G1 X159.647 Y180.592 F7800.000
G1 F2400.000
G1 X150.841 Y180.592 E14.12708
M106 S255
G1 Z37.850 F7800.000
G1 E6.12708 F2400.00000
G92 E0
G1 X170.907 Y179.312 F7800.000
G1 E10.00000 F2400.00000
G1 F2400.000
G1 X182.038 Y179.312 E10.53360
G1 X182.038 Y181.872 E10.65632
G1 X170.907 Y181.872 E11.18992
M106 S255

G1 F3600.000
G1 X170.865 Y181.872 E11.19216
G1 X170.865 Y179.330 E11.32806
M106 S255

G1 X171.262 Y179.709 F7800.000
G1 F1697.198
G1 X181.641 Y179.709 E11.88288
G1 X181.641 Y181.475 E11.97726
G1 X171.262 Y181.475 E12.53208
G1 X171.262 Y179.769 E12.62326
G1 X171.681 Y180.128 F7800.000
G1 F1697.198
G1 X181.222 Y180.128 E13.13329
G1 X181.222 Y181.056 E13.18289
G1 X171.681 Y181.056 E13.69293
G1 X171.681 Y180.188 E13.73932
G1 X171.891 Y180.592 F7800.000
G1 F2262.930
G1 X181.012 Y180.592 E14.25677
G1 E6.25677 F2400.00000
G92 E0
G1 X161.093 Y181.872 F7800.000
G1 E10.00000 F2400.00000
G1 F2400.000
G1 X149.962 Y181.872 E10.53360
G1 X149.962 Y179.312 E10.65632
G1 X161.093 Y179.312 E11.18992
M106 S255

G1 F3600.000
G1 X161.135 Y179.312 E11.19216
G1 X161.135 Y181.854 E11.32806
M106 S255

G1 X160.738 Y181.475 F7800.000
G1 F1697.198
G1 X150.359 Y181.475 E11.88288
G1 X150.359 Y179.709 E11.97726
G1 X160.738 Y179.709 E12.53208
G1 X160.738 Y181.415 E12.62326
G1 X160.319 Y181.056 F7800.000
G1 F1697.198
G1 X150.778 Y181.056 E13.13330
G1 X150.778 Y180.128 E13.18289
G1 X160.319 Y180.128 E13.69293
G1 X160.319 Y180.996 E13.73932
G1 X160.109 Y180.592 F7800.000
G1 F2262.930
G1 X150.988 Y180.592 E14.25678
G1 Z38.150 F7800.000
G1 E6.25678 F2400.00000
G92 E0
G1 X170.445 Y179.312 F7800.000
G1 E10.00000 F2400.00000
G1 F2400.000
G1 X181.891 Y179.312 E10.54870
G1 X181.891 Y181.872 E10.67142
G1 X170.445 Y181.872 E11.22012
M106 S255

G1 F3600.000
G1 X170.316 Y181.872 E11.22702
G1 X170.316 Y179.312 E11.36387
G1 X170.385 Y179.312 E11.36756
M106 S255

G1 X170.713 Y179.709 F7800.000
G1 F1777.637
G1 X181.494 Y179.709 E11.94387
G1 X181.494 Y181.475 E12.03825
G1 X170.713 Y181.475 E12.61457
G1 X170.713 Y179.769 E12.70574
G1 X171.132 Y180.128 F7800.000
G1 F1777.637
G1 X181.075 Y180.128 E13.23727
G1 X181.075 Y181.056 E13.28687
G1 X171.132 Y181.056 E13.81839
G1 X171.132 Y180.188 E13.86478
G1 X171.342 Y180.592 F7800.000
G1 F2370.183
G1 X180.865 Y180.592 E14.40504
G1 E6.40504 F2400.00000
G92 E0
G1 X161.555 Y181.872 F7800.000
G1 E10.00000 F2400.00000
G1 F2400.000
G1 X150.109 Y181.872 E10.54870
G1 X150.109 Y179.312 E10.67142
G1 X161.555 Y179.312 E11.22012
M106 S255

G1 F3600.000
G1 X161.684 Y179.312 E11.22702
G1 X161.684 Y181.872 E11.36387
G1 X161.615 Y181.872 E11.36756
M106 S255

G1 X161.287 Y181.475 F7800.000
G1 F1777.637
G1 X150.506 Y181.475 E11.94387
G1 X150.506 Y179.709 E12.03825
G1 X161.287 Y179.709 E12.61457
G1 X161.287 Y181.415 E12.70574
G1 X160.868 Y181.056 F7800.000
G1 F1777.637
G1 X150.925 Y181.056 E13.23727
G1 X150.925 Y180.128 E13.28687
G1 X160.868 Y180.128 E13.81839
G1 X160.868 Y180.996 E13.86478
G1 X160.658 Y180.592 F7800.000
G1 F2370.183
G1 X151.135 Y180.592 E14.40504
M106 S252.45
G1 Z38.450 F7800.000
G1 E6.40504 F2400.00000
G92 E0
G1 X181.744 Y181.872 F7800.000
G1 E10.00000 F2400.00000
G1 F2400.000
G1 X169.896 Y181.872 E10.56797
M106 S255

G1 F3600.000
G1 X169.677 Y181.872 E10.57968
G1 X169.677 Y179.312 E10.71653
G1 X169.896 Y179.312 E10.72824
M106 S252.45

G1 F2400.000
G1 X181.744 Y179.312 E11.29621
G1 X181.744 Y181.812 E11.41606
G1 X181.345 Y181.844 F7800.000
G1 X181.347 Y181.475 F7800.000
G1 F1800.000
G1 X170.074 Y181.475 E12.01867
G1 X170.074 Y179.709 E12.11305
G1 X181.347 Y179.709 E12.71567
G1 X181.347 Y181.415 E12.80684
G1 X180.928 Y181.056 F7800.000
G1 F1800.000
G1 X170.493 Y181.056 E13.36467
G1 X170.493 Y180.128 E13.41427
G1 X180.928 Y180.128 E13.97210
G1 X180.928 Y180.996 E14.01849
G1 X180.718 Y180.592 F7800.000
G1 F2400.000
G1 X170.703 Y180.592 E14.58666
G1 E6.58666 F2400.00000
G92 E0
G1 X150.256 Y181.872 F7800.000
G1 E10.00000 F2400.00000
G1 F2400.000
G1 X150.256 Y179.312 E10.12272
G1 X162.104 Y179.312 E10.69069
M106 S255

G1 F3600.000
G1 X162.323 Y179.312 E10.70240
G1 X162.323 Y181.872 E10.83926
G1 X162.104 Y181.872 E10.85096
M106 S252.45

G1 F2400.000
G1 X150.316 Y181.872 E11.41606
G1 X150.256 Y181.472 F7800.000
G1 X150.653 Y181.475 F7800.000
G1 F1800.000
G1 X150.653 Y179.709 E11.51044
G1 X161.926 Y179.709 E12.11305
G1 X161.926 Y181.475 E12.20744
G1 X150.713 Y181.475 E12.80684
G1 X151.072 Y181.056 F7800.000
G1 F1800.000
G1 X151.072 Y180.128 E12.85644
G1 X161.507 Y180.128 E13.41427
G1 X161.507 Y181.056 E13.46387
G1 X151.132 Y181.056 E14.01849
G1 X151.282 Y180.592 F7800.000
G1 F2400.000
G1 X161.297 Y180.592 E14.58666
M106 S255
G1 Z38.750 F7800.000
G1 E6.58666 F2400.00000
G92 E0
G1 X181.589 Y181.872 F7800.000
G1 E10.00000 F2400.00000
G1 F2400.000
G1 X169.257 Y181.872 E10.59116
M106 S255

G1 F3600.000
G1 X168.850 Y181.872 E10.61293
G1 X168.850 Y179.312 E10.74978
G1 X169.257 Y179.312 E10.77155
M106 S255

G1 F2400.000
G1 X181.589 Y179.312 E11.36271
G1 X181.589 Y181.812 E11.48256
G1 X181.190 Y181.845 F7800.000
G1 X181.191 Y181.475 F7800.000
G1 F3837.065
G1 X169.257 Y181.475 E12.12056
M106 S255

G1 F3600.000
G1 X169.257 Y179.709 E12.21495
M106 S255

G1 F3837.065
G1 X181.191 Y179.709 E12.85295
G1 X181.191 Y181.415 E12.94413
G1 X180.773 Y181.056 F7800.000
G1 F1438.899
G1 X169.666 Y181.056 E13.53788
G1 X169.666 Y180.128 E13.58748
G1 X180.773 Y180.128 E14.18123
G1 X180.773 Y180.996 E14.22762
G1 X180.563 Y180.592 F7800.000
G1 F1918.532
G1 X169.876 Y180.592 E14.83390
G1 E6.83390 F2400.00000
G92 E0
G1 X150.411 Y181.872 F7800.000
G1 E10.00000 F2400.00000
G1 F2400.000
G1 X150.411 Y179.312 E10.12272
G1 X162.743 Y179.312 E10.71388
M106 S255

G1 F3600.000
G1 X163.150 Y179.312 E10.73565
G1 X163.150 Y181.872 E10.87251
G1 X162.743 Y181.872 E10.89427
M106 S255

G1 F2400.000
G1 X150.471 Y181.872 E11.48256
G1 X150.412 Y181.472 F7800.000
G1 X150.809 Y181.475 F7800.000
G1 F3837.065
G1 X150.809 Y179.709 E11.57694
G1 X162.743 Y179.709 E12.21495
M106 S255

G1 F3600.000
G1 X162.743 Y181.475 E12.30933
M106 S255

G1 F3837.065
G1 X150.869 Y181.475 E12.94413
G1 X151.227 Y181.056 F7800.000
G1 F1438.899
G1 X151.227 Y180.128 E12.99373
G1 X162.334 Y180.128 E13.58748
G1 X162.334 Y181.056 E13.63707
G1 X151.287 Y181.056 E14.22762
G1 X151.437 Y180.592 F7800.000
G1 F1918.532
G1 X162.124 Y180.592 E14.83390
G1 Z39.050 F7800.000
G1 E6.83390 F2400.00000
G92 E0
G1 X181.413 Y181.872 F7800.000
G1 E10.00000 F2400.00000
G1 F2400.000
G1 X168.430 Y181.872 E10.62239
M106 S255

G1 F3600.000
G1 X167.481 Y181.872 E10.67313
G1 X167.481 Y179.312 E10.80999
G1 X168.430 Y179.312 E10.86073
M106 S255

G1 F2400.000
G1 X181.413 Y179.312 E11.48312
G1 X181.413 Y181.812 E11.60297
G1 X181.014 Y181.846 F7800.000
G1 X181.016 Y181.475 F7800.000
G1 F2763.999
G1 X168.430 Y181.475 E12.27580
M106 S255

G1 F3600.000
G1 X167.878 Y181.475 E12.30531
G1 X167.878 Y179.709 E12.39969
G1 X168.430 Y179.709 E12.42920
M106 S255

G1 F2763.999
G1 X181.016 Y179.709 E13.10203
G1 X181.016 Y181.415 E13.19321
G1 X180.597 Y181.056 F7800.000
G1 F2763.999
G1 X168.430 Y181.056 E13.84365
M106 S255

G1 F3600.000
G1 X168.297 Y181.056 E13.85076
G1 X168.297 Y180.128 E13.90036
G1 X168.430 Y180.128 E13.90747
M106 S255

G1 F2763.999
G1 X180.597 Y180.128 E14.55791
G1 X180.597 Y180.996 E14.60430
G1 X180.387 Y180.592 F7800.000
G1 F1382.000
G1 X168.506 Y180.592 E15.27829
G1 E7.27829 F2400.00000
G92 E0
G1 X150.587 Y181.872 F7800.000
G1 E10.00000 F2400.00000
G1 F2400.000
G1 X150.587 Y179.312 E10.12272
G1 X163.570 Y179.312 E10.74511
M106 S255

G1 F3600.000
G1 X164.519 Y179.312 E10.79586
G1 X164.519 Y181.872 E10.93271
G1 X163.570 Y181.872 E10.98346
M106 S255

G1 F2400.000
G1 X150.647 Y181.872 E11.60297
G1 X150.587 Y181.472 F7800.000
G1 X150.984 Y181.475 F7800.000
G1 F2763.999
G1 X150.984 Y179.709 E11.69735
G1 X163.570 Y179.709 E12.37019
M106 S255

G1 F3600.000
G1 X164.122 Y179.709 E12.39969
G1 X164.122 Y181.475 E12.49408
G1 X163.570 Y181.475 E12.52358
M106 S255

G1 F2763.999
G1 X151.044 Y181.475 E13.19321
G1 X151.403 Y181.056 F7800.000
G1 F2763.999
G1 X151.403 Y180.128 E13.24281
G1 X163.570 Y180.128 E13.89324
M106 S255

G1 F3600.000
G1 X163.703 Y180.128 E13.90036
G1 X163.703 Y181.056 E13.94996
G1 X163.570 Y181.056 E13.95707
M106 S255

G1 F2763.999
G1 X151.463 Y181.056 E14.60430
G1 X151.613 Y180.592 F7800.000
G1 F1382.000
G1 X163.494 Y180.592 E15.27829
G1 Z39.350 F7800.000
G1 E7.27829 F2400.00000
G92 E0
G1 X150.763 Y181.872 F7800.000
G1 E10.00000 F2400.00000
G1 F2400.000
G1 X150.763 Y179.312 E10.12272
G1 X164.939 Y179.312 E10.80233
M106 S255

G1 F3600.000
G1 X167.061 Y179.312 E10.91575
M106 S255

G1 F2400.000
G1 X181.237 Y179.312 E11.59535
G1 X181.237 Y181.872 E11.71808
G1 X167.061 Y181.872 E12.39768
M106 S255

G1 F3600.000
G1 X164.939 Y181.872 E12.51110
M106 S255

G1 F2400.000
G1 X150.823 Y181.872 E13.18783
G1 X151.109 Y182.072 F7800.000
G1 X151.160 Y181.475 F7800.000
G1 F3156.995
G1 X151.160 Y179.709 E13.28222
G1 X164.939 Y179.709 E14.01885
M106 S255

G1 F3600.000
G1 X167.061 Y179.709 E14.13227
M106 S255

G1 F3156.995
G1 X180.840 Y179.709 E14.86891
G1 X180.840 Y181.475 E14.96329
G1 X167.061 Y181.475 E15.69993
M106 S255

G1 F3600.000
G1 X164.939 Y181.475 E15.81335
M106 S255

G1 F3156.995
G1 X151.220 Y181.475 E16.54678
G1 X151.579 Y181.056 F7800.000
G1 F3156.995
G1 X151.579 Y180.128 E16.59638
G1 X164.939 Y180.128 E17.31062
M106 S255

G1 F3600.000
G1 X167.061 Y180.128 E17.42404
M106 S255

G1 F3156.995
G1 X180.421 Y180.128 E18.13829
G1 X180.421 Y181.056 E18.18788
G1 X167.061 Y181.056 E18.90212
M106 S255

G1 F3600.000
G1 X164.939 Y181.056 E19.01555
M106 S255

G1 F3156.995
G1 X151.639 Y181.056 E19.72658
G1 X151.788 Y180.592 F7800.000
G1 F1578.497
G1 X180.212 Y180.592 E21.33900
G1 Z39.650 F7800.000
G1 E13.33900 F2400.00000
G92 E0
G1 X150.938 Y181.872 F7800.000
G1 E10.00000 F2400.00000
G1 F2400.000
G1 X150.938 Y179.312 E10.12272
G1 X181.062 Y179.312 E11.56679
G1 X181.062 Y181.872 E11.68952
G1 X150.998 Y181.872 E13.13071
G1 X151.129 Y181.520 F7800.000
G1 X151.336 Y181.475 F7800.000
G1 F3154.710
G1 X151.336 Y179.709 E13.22509
G1 X180.664 Y179.709 E14.79300
G1 X180.664 Y181.475 E14.88738
G1 X151.396 Y181.475 E16.45208
G1 X151.755 Y181.056 F7800.000
G1 F3154.710
G1 X151.755 Y180.128 E16.50168
G1 X180.245 Y180.128 E18.02480
G1 X180.245 Y181.056 E18.07440
G1 X151.815 Y181.056 E19.59431
G1 X151.964 Y180.592 F7800.000
G1 F1577.355
G1 X180.036 Y180.592 E21.18679
G1 Z39.950 F7800.000
G1 E13.18679 F2400.00000
G92 E0
G1 X151.128 Y181.872 F7800.000
G1 E10.00000 F2400.00000
G1 F2400.000
G1 X151.128 Y179.312 E10.12272
G1 X180.872 Y179.312 E11.54863
G1 X180.872 Y181.872 E11.67135
G1 X151.188 Y181.872 E13.09437
G1 X151.318 Y181.520 F7800.000
G1 X151.525 Y181.475 F7800.000
G1 F3096.770
G1 X151.525 Y179.709 E13.18876
G1 X180.475 Y179.709 E14.73641
G1 X180.475 Y181.475 E14.83079
G1 X151.585 Y181.475 E16.37523
G1 X151.944 Y181.056 F7800.000
G1 F3096.770
G1 X151.944 Y180.128 E16.42483
G1 X180.056 Y180.128 E17.92769
G1 X180.056 Y181.056 E17.97728
G1 X152.004 Y181.056 E19.47694
G1 X152.153 Y180.592 F7800.000
G1 F1548.385
G1 X179.847 Y180.592 E21.04792
G1 Z40.250 F7800.000
G1 E13.04792 F2400.00000
G92 E0
G1 X151.335 Y181.872 F7800.000
G1 E10.00000 F2400.00000
G1 F2400.000
G1 X151.335 Y179.312 E10.12272
G1 X180.665 Y179.312 E11.52877
G1 X180.665 Y181.872 E11.65149
G1 X151.395 Y181.872 E13.05466
G1 X151.525 Y181.520 F7800.000
G1 X151.732 Y181.475 F7800.000
G1 F3034.179
G1 X151.732 Y179.709 E13.14905
G1 X180.268 Y179.709 E14.67455
G1 X180.268 Y181.475 E14.76893
G1 X151.792 Y181.475 E16.29123
G1 X152.151 Y181.056 F7800.000
G1 F3034.179
G1 X152.151 Y180.128 E16.34083
G1 X179.849 Y180.128 E17.82154
G1 X179.849 Y181.056 E17.87114
G1 X152.211 Y181.056 E19.34865
G1 X152.361 Y180.592 F7800.000
G1 F1517.089
G1 X179.639 Y180.592 E20.89614
G1 Z40.550 F7800.000
G1 E12.89614 F2400.00000
G92 E0
G1 X151.542 Y181.872 F7800.000
G1 E10.00000 F2400.00000
G1 F2400.000
G1 X151.542 Y179.312 E10.12272
G1 X180.458 Y179.312 E11.50891
G1 X180.458 Y181.872 E11.63164
G1 X151.602 Y181.872 E13.01495
G1 X151.732 Y181.520 F7800.000
G1 X151.939 Y181.475 F7800.000
G1 F2972.344
G1 X151.939 Y179.709 E13.10933
G1 X180.061 Y179.709 E14.61269
G1 X180.061 Y181.475 E14.70708
G1 X151.999 Y181.475 E16.20723
G1 X152.358 Y181.056 F7800.000
G1 F2972.344
G1 X152.358 Y180.128 E16.25683
G1 X179.642 Y180.128 E17.71540
G1 X179.642 Y181.056 E17.76500
G1 X152.418 Y181.056 E19.22037
G1 X152.568 Y180.592 F7800.000
G1 F1486.172
G1 X179.432 Y180.592 E20.74436
G1 Z40.850 F7800.000
G1 E12.74436 F2400.00000
G92 E0
G1 X151.749 Y181.872 F7800.000
G1 E10.00000 F2400.00000
G1 F2400.000
G1 X151.749 Y179.312 E10.12272
G1 X180.251 Y179.312 E11.48906
G1 X180.251 Y181.872 E11.61178
G1 X151.809 Y181.872 E12.97524
G1 X151.939 Y181.520 F7800.000
G1 X152.146 Y181.475 F7800.000
G1 F2911.252
G1 X152.146 Y179.709 E13.06962
G1 X179.854 Y179.709 E14.55084
G1 X179.854 Y181.475 E14.64522
G1 X152.206 Y181.475 E16.12323
G1 X152.565 Y181.056 F7800.000
G1 F2911.252
G1 X152.565 Y180.128 E16.17283
G1 X179.435 Y180.128 E17.60926
G1 X179.435 Y181.056 E17.65886
G1 X152.625 Y181.056 E19.09208
G1 X152.775 Y180.592 F7800.000
G1 F1455.626
G1 X179.225 Y180.592 E20.59257
G1 Z41.150 F7800.000
G1 E12.59257 F2400.00000
G92 E0
G1 X151.983 Y181.872 F7800.000
G1 E10.00000 F2400.00000
G1 F2400.000
G1 X151.983 Y179.312 E10.12272
G1 X180.017 Y179.312 E11.46664
G1 X180.017 Y181.872 E11.58936
G1 X152.043 Y181.872 E12.93040
G1 X152.172 Y181.520 F7800.000
G1 X152.380 Y181.475 F7800.000
G1 F2843.154
G1 X152.380 Y179.709 E13.02478
G1 X179.620 Y179.709 E14.48100
G1 X179.620 Y181.475 E14.57538
G1 X152.440 Y181.475 E16.02839
G1 X152.799 Y181.056 F7800.000
G1 F2843.154
G1 X152.799 Y180.128 E16.07799
G1 X179.201 Y180.128 E17.48942
G1 X179.201 Y181.056 E17.53902
G1 X152.859 Y181.056 E18.94724
G1 X153.009 Y180.592 F7800.000
G1 F1421.577
G1 X178.991 Y180.592 E20.42121
G1 Z41.450 F7800.000
G1 E12.42121 F2400.00000
G92 E0
G1 X152.225 Y181.872 F7800.000
G1 E10.00000 F2400.00000
G1 F2400.000
G1 X152.225 Y179.312 E10.12272
G1 X179.775 Y179.312 E11.44345
G1 X179.775 Y181.872 E11.56617
G1 X152.285 Y181.872 E12.88402
G1 X152.414 Y181.520 F7800.000
G1 X152.622 Y181.475 F7800.000
G1 F2773.666
G1 X152.622 Y179.709 E12.97840
G1 X179.378 Y179.709 E14.40876
G1 X179.378 Y181.475 E14.50314
G1 X152.682 Y181.475 E15.93029
G1 X153.041 Y181.056 F7800.000
G1 F2773.666
G1 X153.041 Y180.128 E15.97988
G1 X178.959 Y180.128 E17.36545
G1 X178.959 Y181.056 E17.41505
G1 X153.101 Y181.056 E18.79741
G1 X153.250 Y180.592 F7800.000
G1 F1386.833
G1 X178.750 Y180.592 E20.24393
G1 Z41.750 F7800.000
G1 E12.24393 F2400.00000
G92 E0
G1 X152.467 Y181.872 F7800.000
G1 E10.00000 F2400.00000
G1 F2400.000
G1 X152.467 Y179.312 E10.12272
G1 X179.533 Y179.312 E11.42025
G1 X179.533 Y181.872 E11.54298
G1 X152.527 Y181.872 E12.83763
G1 X152.656 Y181.519 F7800.000
G1 X152.864 Y181.475 F7800.000
G1 F2705.133
G1 X152.864 Y179.709 E12.93202
G1 X179.136 Y179.709 E14.33651
G1 X179.136 Y181.475 E14.43089
G1 X152.924 Y181.475 E15.83218
G1 X153.283 Y181.056 F7800.000
G1 F2705.133
G1 X153.283 Y180.128 E15.88178
G1 X178.717 Y180.128 E17.24148
G1 X178.717 Y181.056 E17.29108
G1 X153.343 Y181.056 E18.64758
G1 X153.492 Y180.592 F7800.000
G1 F1352.566
G1 X178.508 Y180.592 E20.06665
G1 Z42.050 F7800.000
G1 E12.06665 F2400.00000
G92 E0
G1 X152.720 Y181.872 F7800.000
G1 E10.00000 F2400.00000
G1 F2400.000
G1 X152.720 Y179.312 E10.12272
G1 X179.280 Y179.312 E11.39595
G1 X179.280 Y181.872 E11.51867
G1 X152.780 Y181.872 E12.78902
G1 X152.909 Y181.519 F7800.000
G1 X153.118 Y181.475 F7800.000
G1 F2634.312
G1 X153.118 Y179.709 E12.88341
G1 X178.882 Y179.709 E14.26080
G1 X178.882 Y181.475 E14.35518
G1 X153.178 Y181.475 E15.72936
G1 X153.536 Y181.056 F7800.000
G1 F2634.312
G1 X153.536 Y180.128 E15.77896
G1 X178.464 Y180.128 E17.11156
G1 X178.464 Y181.056 E17.16116
G1 X153.596 Y181.056 E18.49055
G1 X153.746 Y180.592 F7800.000
G1 F1317.156
G1 X178.254 Y180.592 E19.88087
G1 Z42.350 F7800.000
G1 E11.88087 F2400.00000
G92 E0
G1 X153.001 Y181.872 F7800.000
G1 E10.00000 F2400.00000
G1 F2400.000
G1 X153.001 Y179.312 E10.12272
G1 X178.999 Y179.312 E11.36900
G1 X178.999 Y181.872 E11.49172
G1 X153.061 Y181.872 E12.73512
G1 X153.190 Y181.519 F7800.000
G1 X153.399 Y181.475 F7800.000
G1 F2556.951
G1 X153.399 Y179.709 E12.82950
G1 X178.601 Y179.709 E14.17683
G1 X178.601 Y181.475 E14.27122
G1 X153.459 Y181.475 E15.61534
G1 X153.818 Y181.056 F7800.000
G1 F2556.951
G1 X153.818 Y180.128 E15.66494
G1 X178.182 Y180.128 E16.96748
G1 X178.182 Y181.056 E17.01708
G1 X153.878 Y181.056 E18.31642
G1 X154.027 Y180.592 F7800.000
G1 F1278.476
G1 X177.973 Y180.592 E19.67484
G1 Z42.650 F7800.000
G1 E11.67484 F2400.00000
G92 E0
G1 X153.283 Y181.872 F7800.000
G1 E10.00000 F2400.00000
G1 F2400.000
G1 X153.283 Y179.312 E10.12272
G1 X178.717 Y179.312 E11.34204
G1 X178.717 Y181.872 E11.46477
G1 X153.343 Y181.872 E12.68121
G1 X153.471 Y181.519 F7800.000
G1 X153.680 Y181.475 F7800.000
G1 F2480.797
G1 X153.680 Y179.709 E12.77560
G1 X178.320 Y179.709 E14.09287
G1 X178.320 Y181.475 E14.18725
G1 X153.740 Y181.475 E15.50132
G1 X154.099 Y181.056 F7800.000
G1 F2480.797
G1 X154.099 Y180.128 E15.55092
G1 X177.901 Y180.128 E16.82340
G1 X177.901 Y181.056 E16.87300
G1 X154.159 Y181.056 E18.14228
G1 X154.308 Y180.592 F7800.000
G1 F1240.399
G1 X177.692 Y180.592 E19.46881
G1 Z42.950 F7800.000
G1 E11.46881 F2400.00000
G92 E0
G1 X153.566 Y181.872 F7800.000
G1 E10.00000 F2400.00000
G1 F2400.000
G1 X153.566 Y179.312 E10.12272
G1 X178.434 Y179.312 E11.31491
G1 X178.434 Y181.872 E11.43764
G1 X153.626 Y181.872 E12.62695
G1 X153.754 Y181.519 F7800.000
G1 X153.963 Y181.475 F7800.000
G1 F2405.329
G1 X153.963 Y179.709 E12.72133
G1 X178.037 Y179.709 E14.00835
G1 X178.037 Y181.475 E14.10273
G1 X154.023 Y181.475 E15.38654
G1 X154.382 Y181.056 F7800.000
G1 F2405.329
G1 X154.382 Y180.128 E15.43614
G1 X177.618 Y180.128 E16.67837
G1 X177.618 Y181.056 E16.72797
G1 X154.442 Y181.056 E17.96699
G1 X154.591 Y180.592 F7800.000
G1 F1202.664
G1 X177.409 Y180.592 E19.26141
G1 Z43.250 F7800.000
G1 E11.26141 F2400.00000
G92 E0
G1 X153.892 Y181.872 F7800.000
G1 E10.00000 F2400.00000
G1 F2400.000
G1 X153.892 Y179.312 E10.12272
G1 X178.108 Y179.312 E11.28363
G1 X178.108 Y181.872 E11.40636
G1 X153.952 Y181.872 E12.56439
G1 X154.079 Y181.519 F7800.000
G1 X154.289 Y181.475 F7800.000
G1 F2319.773
G1 X154.289 Y179.709 E12.65877
G1 X177.711 Y179.709 E13.91091
G1 X177.711 Y181.475 E14.00529
G1 X154.349 Y181.475 E15.25422
G1 X154.708 Y181.056 F7800.000
G1 F2319.773
G1 X154.708 Y180.128 E15.30382
G1 X177.292 Y180.128 E16.51117
G1 X177.292 Y181.056 E16.56076
G1 X154.768 Y181.056 E17.76491
G1 X154.917 Y180.592 F7800.000
G1 F1159.886
G1 X177.083 Y180.592 E19.02231
G1 Z43.550 F7800.000
G1 E11.02231 F2400.00000
G92 E0
G1 X154.218 Y181.872 F7800.000
G1 E10.00000 F2400.00000
G1 F2400.000
G1 X154.218 Y179.312 E10.12272
G1 X177.782 Y179.312 E11.25235
G1 X177.782 Y181.872 E11.37508
G1 X154.278 Y181.872 E12.50183
G1 X154.405 Y181.519 F7800.000
G1 X154.615 Y181.475 F7800.000
G1 F2235.728
G1 X154.615 Y179.709 E12.59621
G1 X177.385 Y179.709 E13.81347
G1 X177.385 Y181.475 E13.90785
G1 X154.675 Y181.475 E15.12190
G1 X155.034 Y181.056 F7800.000
G1 F2235.728
G1 X155.034 Y180.128 E15.17150
G1 X176.966 Y180.128 E16.34396
G1 X176.966 Y181.056 E16.39356
G1 X155.094 Y181.056 E17.56282
G1 X155.244 Y180.592 F7800.000
G1 F1117.864
G1 X176.756 Y180.592 E18.78321
G1 Z43.850 F7800.000
G1 E10.78321 F2400.00000
G92 E0
G1 X154.545 Y181.872 F7800.000
G1 E10.00000 F2400.00000
G1 F2400.000
G1 X154.545 Y179.312 E10.12272
G1 X177.455 Y179.312 E11.22096
G1 X177.455 Y181.872 E11.34368
G1 X154.605 Y181.872 E12.43904
G1 X154.732 Y181.518 F7800.000
G1 X154.943 Y181.475 F7800.000
G1 F2152.854
G1 X154.943 Y179.709 E12.53343
G1 X177.057 Y179.709 E13.71567
G1 X177.057 Y181.475 E13.81006
G1 X155.003 Y181.475 E14.98909
G1 X155.362 Y181.056 F7800.000
G1 F2152.854
G1 X155.362 Y180.128 E15.03869
G1 X176.638 Y180.128 E16.17615
G1 X176.638 Y181.056 E16.22575
G1 X155.422 Y181.056 E17.36000
G1 X155.571 Y180.592 F7800.000
G1 F1076.427
G1 X176.429 Y180.592 E18.54324
G1 Z44.150 F7800.000
G1 E10.54324 F2400.00000
G92 E0
G1 X154.925 Y181.872 F7800.000
G1 E10.00000 F2400.00000
G1 F2400.000
G1 X154.925 Y179.312 E10.12272
G1 X177.075 Y179.312 E11.18459
G1 X177.075 Y181.872 E11.30732
G1 X154.985 Y181.872 E12.36631
G1 X155.111 Y181.518 F7800.000
G1 X155.322 Y181.475 F7800.000
G1 F2058.652
G1 X155.322 Y179.709 E12.46069
G1 X176.678 Y179.709 E13.60238
G1 X176.678 Y181.475 E13.69677
G1 X155.382 Y181.475 E14.83525
G1 X155.741 Y181.056 F7800.000
G1 F2058.652
G1 X155.741 Y180.128 E14.88485
G1 X176.259 Y180.128 E15.98175
G1 X176.259 Y181.056 E16.03135
G1 X155.801 Y181.056 E17.12504
G1 X155.950 Y180.592 F7800.000
G1 F1029.326
G1 X176.050 Y180.592 E18.26525
G1 Z44.450 F7800.000
G1 E10.26525 F2400.00000
G92 E0
G1 X155.304 Y181.872 F7800.000
G1 E10.00000 F2400.00000
G1 F2400.000
G1 X155.304 Y179.312 E10.12272
G1 X176.696 Y179.312 E11.14823
G1 X176.696 Y181.872 E11.27095
G1 X155.364 Y181.872 E12.29357
G1 X155.490 Y181.518 F7800.000
G1 X155.701 Y181.475 F7800.000
G1 F1966.328
G1 X155.701 Y179.709 E12.38796
G1 X176.299 Y179.709 E13.48909
G1 X176.299 Y181.475 E13.58348
G1 X155.761 Y181.475 E14.68140
G1 X156.120 Y181.056 F7800.000
G1 F1966.328
G1 X156.120 Y180.128 E14.73100
G1 X175.880 Y180.128 E15.78735
G1 X175.880 Y181.056 E15.83694
G1 X156.180 Y181.056 E16.89008
G1 X156.330 Y180.592 F7800.000
G1 F983.164
G1 X175.670 Y180.592 E17.98725
G1 Z44.750 F7800.000
G1 E9.98725 F2400.00000
G92 E0
G1 X155.700 Y181.872 F7800.000
G1 E10.00000 F2400.00000
G1 F2400.000
G1 X155.700 Y179.312 E10.12272
G1 X176.300 Y179.312 E11.11029
G1 X176.300 Y181.872 E11.23301
G1 X155.760 Y181.872 E12.21770
G1 X155.885 Y181.518 F7800.000
G1 X156.097 Y181.475 F7800.000
G1 F2905.708
G1 X156.097 Y179.709 E12.31208
G1 X175.903 Y179.709 E13.37091
G1 X175.903 Y181.475 E13.46529
G1 X156.157 Y181.475 E14.52091
G1 X156.516 Y181.056 F7800.000
G1 F1089.640
G1 X156.516 Y180.128 E14.57051
G1 X175.484 Y180.128 E15.58454
G1 X175.484 Y181.056 E15.63414
G1 X156.576 Y181.056 E16.64497
G1 X156.725 Y180.592 F7800.000
G1 F1452.854
G1 X175.275 Y180.592 E17.69725
G1 Z45.050 F7800.000
G1 E9.69725 F2400.00000
G92 E0
G1 X156.143 Y181.872 F7800.000
G1 E10.00000 F2400.00000
G1 F2400.000
G1 X156.143 Y179.312 E10.12272
G1 X175.857 Y179.312 E11.06777
G1 X175.857 Y181.872 E11.19050
G1 X156.203 Y181.872 E12.13267
G1 X156.328 Y181.517 F7800.000
G1 X156.540 Y181.475 F7800.000
G1 F2744.828
G1 X156.540 Y179.709 E12.22705
G1 X175.460 Y179.709 E13.23847
G1 X175.460 Y181.475 E13.33285
G1 X156.600 Y181.475 E14.34106
G1 X156.959 Y181.056 F7800.000
G1 F1029.310
G1 X156.959 Y180.128 E14.39066
G1 X175.041 Y180.128 E15.35729
G1 X175.041 Y181.056 E15.40688
G1 X157.019 Y181.056 E16.37030
G1 X157.169 Y180.592 F7800.000
G1 F1372.414
G1 X174.831 Y180.592 E17.37227
G1 Z45.350 F7800.000
G1 E9.37227 F2400.00000
G92 E0
G1 X156.587 Y181.872 F7800.000
G1 E10.00000 F2400.00000
G1 F2400.000
G1 X156.587 Y179.312 E10.12272
G1 X175.413 Y179.312 E11.02526
G1 X175.413 Y181.872 E11.14798
G1 X156.647 Y181.872 E12.04764
G1 X156.771 Y181.517 F7800.000
G1 X156.984 Y181.475 F7800.000
G1 F1347.382
G1 X156.984 Y179.709 E12.14202
G1 X175.016 Y179.709 E13.10603
G1 X175.016 Y181.475 E13.20041
G1 X157.044 Y181.475 E14.16121
G1 X157.403 Y181.056 F7800.000
G1 F1347.382
G1 X157.403 Y180.128 E14.21081
G1 X174.597 Y180.128 E15.13003
G1 X174.597 Y181.056 E15.17962
G1 X157.463 Y181.056 E16.09564
G1 X157.612 Y180.592 F7800.000
G1 F1796.510
G1 X174.388 Y180.592 E17.04729
G1 Z45.650 F7800.000
G1 E9.04729 F2400.00000
G92 E0
G1 X157.091 Y181.872 F7800.000
G1 E10.00000 F2400.00000
G1 F1800.000
G1 X157.091 Y179.312 E10.12272
G1 X174.909 Y179.312 E10.97694
G1 X174.909 Y181.872 E11.09967
G1 X157.151 Y181.872 E11.95101
G1 X157.274 Y181.516 F7800.000
G1 X157.488 Y181.475 F7800.000
G1 F1375.334
G1 X157.488 Y179.709 E12.04540
G1 X174.512 Y179.709 E12.95552
G1 X174.512 Y181.475 E13.04991
G1 X157.548 Y181.475 E13.95683
G1 X157.907 Y181.056 F7800.000
G1 F1375.334
G1 X157.907 Y180.128 E14.00642
G1 X174.093 Y180.128 E14.87177
G1 X174.093 Y181.056 E14.92136
G1 X157.967 Y181.056 E15.78350
G1 X158.116 Y180.592 F7800.000
G1 F1833.779
G1 X173.884 Y180.592 E16.67798
G1 Z45.950 F7800.000
G1 E8.67798 F2400.00000
G92 E0
G1 X157.614 Y181.872 F7800.000
G1 E10.00000 F2400.00000
G1 F1800.000
G1 X157.614 Y179.312 E10.12272
G1 X174.386 Y179.312 E10.92676
G1 X174.386 Y181.872 E11.04949
G1 X157.674 Y181.872 E11.85065
G1 X157.796 Y181.516 F7800.000
G1 X158.011 Y181.475 F7800.000
G1 F1269.140
G1 X158.011 Y179.709 E11.94503
G1 X173.989 Y179.709 E12.79920
G1 X173.989 Y181.475 E12.89358
G1 X158.071 Y181.475 E13.74454
G1 X158.430 Y181.056 F7800.000
G1 F1269.140
G1 X158.430 Y180.128 E13.79414
G1 X173.570 Y180.128 E14.60352
G1 X173.570 Y181.056 E14.65311
G1 X158.490 Y181.056 E15.45929
G1 X158.639 Y180.592 F7800.000
G1 F1692.187
G1 X173.361 Y180.592 E16.29439
G1 Z46.250 F7800.000
G1 E8.29439 F2400.00000
G92 E0
G1 X158.193 Y181.872 F7800.000
G1 E10.00000 F2400.00000
G1 F1800.000
G1 X158.193 Y179.312 E10.12272
G1 X173.807 Y179.312 E10.87122
G1 X173.807 Y181.872 E10.99394
G1 X158.253 Y181.872 E11.73956
G1 X158.374 Y181.515 F7800.000
G1 X158.590 Y181.475 F7800.000
G1 F1156.159
G1 X158.590 Y179.709 E11.83394
G1 X173.410 Y179.709 E12.62617
G1 X173.410 Y181.475 E12.72055
G1 X158.650 Y181.475 E13.50957
G1 X159.009 Y181.056 F7800.000
G1 F1156.159
G1 X159.009 Y180.128 E13.55917
G1 X172.991 Y180.128 E14.30661
G1 X172.991 Y181.056 E14.35620
G1 X159.069 Y181.056 E15.10043
G1 X159.219 Y180.592 F7800.000
G1 F1541.546
G1 X172.781 Y180.592 E15.86981
G1 Z46.550 F7800.000
G1 E7.86981 F2400.00000
G92 E0
G1 X158.820 Y181.872 F7800.000
G1 E10.00000 F2400.00000
G1 F1800.000
G1 X158.820 Y179.312 E10.12272
G1 X173.180 Y179.312 E10.81108
G1 X173.180 Y181.872 E10.93380
G1 X158.880 Y181.872 E11.61928
G1 X159.000 Y181.514 F7800.000
G1 X159.218 Y181.475 F7800.000
G1 F1038.910
G1 X159.218 Y179.709 E11.71366
G1 X172.782 Y179.709 E12.43882
G1 X172.782 Y181.475 E12.53321
G1 X159.278 Y181.475 E13.25516
G1 X159.637 Y181.056 F7800.000
G1 F1038.910
G1 X159.637 Y180.128 E13.30475
G1 X172.363 Y180.128 E13.98513
G1 X172.363 Y181.056 E14.03472
G1 X159.697 Y181.056 E14.71189
G1 X159.846 Y180.592 F7800.000
G1 F1385.214
G1 X172.154 Y180.592 E15.41009
G1 Z46.850 F7800.000
G1 E7.41009 F2400.00000
G92 E0
G1 X159.535 Y181.872 F7800.000
G1 E10.00000 F2400.00000
G1 F1800.000
G1 X159.535 Y179.312 E10.12272
G1 X172.465 Y179.312 E10.74257
G1 X172.465 Y181.872 E10.86529
G1 X159.595 Y181.872 E11.48226
G1 X159.712 Y181.513 F7800.000
G1 X159.932 Y181.475 F7800.000
G1 F911.361
G1 X159.932 Y179.709 E11.57664
G1 X172.068 Y179.709 E12.22540
G1 X172.068 Y181.475 E12.31978
G1 X159.992 Y181.475 E12.96533
G1 X160.351 Y181.056 F7800.000
G1 F911.361
G1 X160.351 Y180.128 E13.01493
G1 X171.649 Y180.128 E13.61890
G1 X171.649 Y181.056 E13.66850
G1 X160.411 Y181.056 E14.26926
G1 X160.561 Y180.592 F7800.000
G1 F1215.148
G1 X171.439 Y180.592 E14.88640
G1 Z47.150 F7800.000
G1 E6.88640 F2400.00000
G92 E0
G1 X160.304 Y181.872 F7800.000
G1 E10.00000 F2400.00000
G1 F1800.000
G1 X160.304 Y179.312 E10.12272
G1 X171.696 Y179.312 E10.66880
G1 X171.696 Y181.872 E10.79152
G1 X160.364 Y181.872 E11.33472
G1 X160.478 Y181.512 F7800.000
G1 X160.702 Y181.475 F7800.000
G1 F780.691
G1 X160.702 Y179.709 E11.42910
G1 X171.298 Y179.709 E11.99559
G1 X171.298 Y181.475 E12.08997
G1 X160.762 Y181.475 E12.65325
G1 X161.121 Y181.056 F7800.000
G1 F780.691
G1 X161.121 Y180.128 E12.70285
G1 X170.879 Y180.128 E13.22455
G1 X170.879 Y181.056 E13.27415
G1 X161.181 Y181.056 E13.79264
G1 X161.330 Y180.592 F7800.000
G1 F1040.922
G1 X170.670 Y180.592 E14.32248
G1 Z47.450 F7800.000
G1 E6.32248 F2400.00000
G92 E0
G1 X161.282 Y181.872 F7800.000
G1 E10.00000 F2400.00000
G1 F1800.000
G1 X161.282 Y179.312 E10.12272
G1 X170.718 Y179.312 E10.57507
G1 X170.718 Y181.872 E10.69780
G1 X161.342 Y181.872 E11.14727
G1 X161.451 Y181.509 F7800.000
G1 X161.679 Y181.475 F7800.000
G1 F623.886
G1 X161.679 Y179.709 E11.24165
G1 X170.321 Y179.709 E11.70363
G1 X170.321 Y181.475 E11.79801
G1 X161.739 Y181.475 E12.25678
G1 X162.098 Y181.056 F7800.000
G1 F623.886
G1 X162.098 Y180.128 E12.30637
G1 X169.902 Y180.128 E12.72356
G1 X169.902 Y181.056 E12.77316
G1 X162.158 Y181.056 E13.18714
G1 X162.308 Y180.592 F7800.000
G1 F831.848
G1 X169.692 Y180.592 E13.60607
G1 Z47.750 F7800.000
G1 E5.60607 F2400.00000
G92 E0
G1 X162.497 Y181.872 F7800.000
G1 E10.00000 F2400.00000
G1 F1800.000
G1 X162.497 Y179.312 E10.12272
G1 X169.503 Y179.312 E10.45859
G1 X169.503 Y181.872 E10.58131
G1 X162.557 Y181.872 E10.91430
G1 X162.655 Y181.505 F7800.000
G1 X162.894 Y181.475 F7800.000
G1 F600.000
G1 X162.894 Y179.709 E11.00869
G1 X169.106 Y179.709 E11.34076
G1 X169.106 Y181.475 E11.43515
G1 X162.954 Y181.475 E11.76401
G1 X163.313 Y181.056 F7800.000
G1 F600.000
G1 X163.313 Y180.128 E11.81361
G1 X168.687 Y180.128 E12.10090
G1 X168.687 Y181.056 E12.15049
G1 X163.373 Y181.056 E12.43457
G1 X163.522 Y180.592 F7800.000
G1 F600.000
G1 X168.478 Y180.592 E12.71566
G1 Z48.050 F7800.000
G1 X164.375 Y181.872 F7800.000
G1 F1800.000
G1 X164.375 Y179.312 E12.83839
G1 X167.625 Y179.312 E12.99414
G1 X167.625 Y181.872 E13.11687
G1 X164.435 Y181.872 E13.26974
G1 X164.494 Y181.490 F7800.000
G1 X164.773 Y181.475 F7800.000
G1 F600.000
G1 X164.773 Y179.709 E13.36413
G1 X167.227 Y179.709 E13.49535
G1 X167.227 Y181.475 E13.58973
G1 X164.833 Y181.475 E13.71774
G1 X165.192 Y181.056 F7800.000
G1 F600.000
G1 X165.192 Y180.128 E13.76734
G1 X166.808 Y180.128 E13.85377
G1 X166.808 Y181.056 E13.90337
G1 X165.252 Y181.056 E13.98659
G1 X165.401 Y180.592 F7800.000
G1 F600.000
G1 X166.599 Y180.592 E14.05455
G1 E6.05455 F2400.00000
G92 E0
M107
; Filament-specific end gcode 
;END gcode for filament

M104 S0 ; turn off temperature
G28 X0  ; home X axis
M84     ; disable motors

M140 S0 ; set bed temperature
; cog_x = 164.754406
; cog_y = 166.590765
; cog_z = 15.324421
; filament_length_m = 5.4054 
; filament_volume_cm3 = 12.7060
; total_filament_cost = 0.0

; avoid_crossing_perimeters = 0
; bed_shape = 0x0,330x0,330x330,0x330
; bed_temperature = 80
; before_layer_gcode = 
; between_objects_gcode = 
; bridge_acceleration = 0
; bridge_fan_speed = 100
; brim_connections_width = 0
; brim_ears = 0
; brim_ears_max_angle = 125
; brim_width = 0
; complete_objects = 0
; cooling = 1
; default_acceleration = 0
; disable_fan_first_layers = 3
; duplicate_distance = 6
; end_filament_gcode = "; Filament-specific end gcode \n;END gcode for filament\n"
; end_gcode = M104 S0 ; turn off temperature\nG28 X0  ; home X axis\nM84     ; disable motors\n
; extruder_clearance_height = 20
; extruder_clearance_radius = 20
; extruder_offset = 0x0
; extrusion_axis = E
; extrusion_multiplier = 1
; fan_always_on = 0
; fan_below_layer_time = 60
; fan_percentage = 0
; filament_colour = #FFFFFF
; filament_cost = 0
; filament_density = 0
; filament_diameter = 1.73
; filament_max_volumetric_speed = 0
; filament_notes = ""
; first_layer_acceleration = 0
; first_layer_bed_temperature = 90
; first_layer_extrusion_width = 200%
; first_layer_speed = 30
; first_layer_temperature = 225
; gcode_arcs = 0
; gcode_comments = 0
; gcode_flavor = reprap
; has_heatbed = 1
; infill_acceleration = 0
; infill_first = 0
; interior_brim_width = 0
; label_printed_objects = 0
; layer_gcode = 
; max_fan_speed = 100
; max_layer_height = 0.3
; max_print_speed = 80
; max_volumetric_speed = 0
; min_fan_speed = 35
; min_layer_height = 0.15
; min_print_speed = 10
; min_skirt_length = 30
; notes = 
; nozzle_diameter = 0.4
; only_retract_when_crossing_perimeters = 0
; ooze_prevention = 0
; output_filename_format = [input_filename_base].gcode
; perimeter_acceleration = 0
; post_process = 
; pressure_advance = 0
; printer_notes = 
; resolution = 0
; retract_before_travel = 5
; retract_layer_change = 0
; retract_length = 8
; retract_length_toolchange = 10
; retract_lift = 0
; retract_lift_above = 0
; retract_lift_below = 0
; retract_restart_extra = 2
; retract_restart_extra_toolchange = 0
; retract_speed = 40
; skirt_distance = 6
; skirt_height = 1
; skirts = 1
; slowdown_below_layer_time = 5
; spiral_vase = 0
; standby_temperature_delta = -5
; start_filament_gcode = "; Filament gcode\n"
; start_gcode = G28 ; home all axes\nG1 Z5 F5000 ; lift nozzle\n
; temperature = 225
; threads = 4
; toolchange_gcode = 
; travel_speed = 130
; use_firmware_retraction = 0
; use_relative_e_distances = 0
; use_set_and_wait_bed = 0
; use_set_and_wait_extruder = 0
; use_volumetric_e = 0
; vibration_limit = 0
; wipe = 0
; z_offset = 0
; z_steps_per_mm = 0
; adaptive_slicing = 0
; adaptive_slicing_quality = 75%
; dont_support_bridges = 1
; extrusion_width = 0
; first_layer_height = 0.35
; infill_only_where_needed = 0
; interface_shells = 0
; layer_height = 0.3
; match_horizontal_surfaces = 0
; raft_layers = 0
; regions_overlap = 0
; seam_position = aligned
; sequential_print_priority = 0
; support_material = 0
; support_material_angle = 0
; support_material_buildplate_only = 1
; support_material_contact_distance = 0.2
; support_material_enforce_layers = 0
; support_material_extruder = 1
; support_material_extrusion_width = 0
; support_material_interface_extruder = 1
; support_material_interface_extrusion_width = 0
; support_material_interface_layers = 3
; support_material_interface_spacing = 0
; support_material_interface_speed = 100%
; support_material_max_layers = 0
; support_material_pattern = pillars
; support_material_pillar_size = 2.5
; support_material_pillar_spacing = 10
; support_material_spacing = 2.5
; support_material_speed = 60
; support_material_threshold = 60%
; xy_size_compensation = 0
; bottom_infill_pattern = rectilinear
; bottom_solid_layers = 2
; bridge_flow_ratio = 1
; bridge_speed = 60
; external_perimeter_extrusion_width = 0
; external_perimeter_speed = 50%
; external_perimeters_first = 1
; extra_perimeters = 1
; fill_angle = 45
; fill_density = 30%
; fill_gaps = 1
; fill_pattern = rectilinear
; gap_fill_speed = 40
; infill_every_layers = 1
; infill_extruder = 1
; infill_extrusion_width = 0
; infill_overlap = 55%
; infill_speed = 80
; min_shell_thickness = 0
; min_top_bottom_shell_thickness = 0
; overhangs = 1
; perimeter_extruder = 1
; perimeter_extrusion_width = 0
; perimeter_speed = 80
; perimeters = 4
; small_perimeter_speed = 30
; solid_infill_below_area = 70
; solid_infill_every_layers = 0
; solid_infill_extruder = 1
; solid_infill_extrusion_width = 0
; solid_infill_speed = 60
; thin_walls = 1
; top_infill_extrusion_width = 0
; top_infill_pattern = rectilinear
; top_solid_infill_speed = 60
; top_solid_layers = 2

