0
SECTION
2
HEADER
9
$INSUNITS
70
4
9
$ACADVER
1
AC1014
9
$HANDSEED
5
FFFF
0
ENDSEC
0
SECTION
2
TABLES
0
TABLE
2
VPORT
5
8
100
AcDbSymbolTable
0
ENDTAB
0
TABLE
2
LTYPE
5
5
100
AcDbSymbolTable
0
LTYPE
5
14
100
AcDbSymbolTableRecord
100
AcDbLinetypeTableRecord
2
BYBLOCK
70
0
0
LTYPE
5
15
100
AcDbSymbolTableRecord
100
AcDbLinetypeTableRecord
2
BYLAYER
70
0
0
LTYPE
5
16
100
AcDbSymbolTableRecord
100
AcDbLinetypeTableRecord
2
DASHED
70
0
3
Dashed __ __ __ __ __ __ __ __ __ __ __ __ __ _
72
65
73
2
40
0.75
49
0.5
74
0
49
-0.25
74
0
0
ENDTAB
0
TABLE
2
LAYER
5
2
100
AcDbSymbolTable
70
2
0
LAYER
5
50
100
AcDbSymbolTableRecord
100
AcDbLayerTableRecord
2
0
70
0
62
7
6
CONTINUOUS
0
ENDTAB
0
TABLE
2
STYLE
5
3
100
AcDbSymbolTable
70
1
0
STYLE
5
11
100
AcDbSymbolTableRecord
100
AcDbTextStyleTableRecord
2
STANDARD
70
0
0
ENDTAB
0
TABLE
2
VIEW
5
6
100
AcDbSymbolTable
70
0
0
ENDTAB
0
TABLE
2
UCS
5
7
100
AcDbSymbolTable
70
0
0
ENDTAB
0
TABLE
2
APPID
5
9
100
AcDbSymbolTable
70
2
0
APPID
5
12
100
AcDbSymbolTableRecord
100
AcDbRegAppTableRecord
2
ACAD
70
0
0
ENDTAB
0
TABLE
2
DIMSTYLE
5
A
100
AcDbSymbolTable
70
1
0
ENDTAB
0
TABLE
2
BLOCK_RECORD
5
1
100
AcDbSymbolTable
70
1
0
BLOCK_RECORD
5
1F
100
AcDbSymbolTableRecord
100
AcDbBlockTableRecord
2
*MODEL_SPACE
0
BLOCK_RECORD
5
1B
100
AcDbSymbolTableRecord
100
AcDbBlockTableRecord
2
*PAPER_SPACE
0
ENDTAB
0
ENDSEC
0
SECTION
2
BLOCKS
0
BLOCK
5
20
100
AcDbEntity
100
AcDbBlockBegin
2
*MODEL_SPACE
0
ENDBLK
5
21
100
AcDbEntity
100
AcDbBlockEnd
0
BLOCK
5
1C
100
AcDbEntity
100
AcDbBlockBegin
2
*PAPER_SPACE
0
ENDBLK
5
1D
100
AcDbEntity
100
AcDbBlockEnd
0
ENDSEC
0
SECTION
2
ENTITIES
0
LWPOLYLINE
5
100
100
AcDbEntity
8
0
100
AcDbPolyline
90
3
70
1
43
0.0
10
69.890923404696679
20
239.82427571130302
10
69.890923404696679
20
266.37238758138881
10
54.938538558326535
20
253.09833164634591
0
LINE
5
101
100
AcDbEntity
8
0
100
AcDbLine
10
79.599024373475658
20
224.50797682183051
30
0
11
82.551405410651313
21
224.50797682183051
31
0
0
SPLINE
5
102
100
AcDbEntity
8
0
100
AcDbSpline
70
0
71
2
72
6
73
3
74
0
42
0.000000001
43
0.0000000001
44
0.0000000001
40
0
40
0
40
0
40
1
40
1
40
1
10
82.551405410651313
20
224.50797682183051
30
0
10
82.54407940376197
20
225.24790411370063
30
0
10
82.851771693114387
20
225.46036367790961
30
0
0
SPLINE
5
103
100
AcDbEntity
8
0
100
AcDbSpline
70
0
71
2
72
6
73
3
74
0
42
0.000000001
43
0.0000000001
44
0.0000000001
40
0
40
0
40
0
40
1
40
1
40
1
10
82.851771693114387
20
225.46036367790961
30
0
10
83.071551899794684
20
225.5995524443891
30
0
10
83.419537227038489
20
225.62519674675727
30
0
0
SPLINE
5
104
100
AcDbEntity
8
0
100
AcDbSpline
70
0
71
2
72
6
73
3
74
0
42
0.000000001
43
0.0000000001
44
0.0000000001
40
0
40
0
40
0
40
1
40
1
40
1
10
83.419537227038489
20
225.62519674675727
30
0
10
83.767522554282294
20
225.65083151238227
30
0
10
85.61367658842002
20
225.66548948662543
30
0
0
SPLINE
5
105
100
AcDbEntity
8
0
100
AcDbSpline
70
0
71
2
72
6
73
3
74
0
42
0.000000001
43
0.0000000001
44
0.0000000001
40
0
40
0
40
0
40
1
40
1
40
1
10
85.61367658842002
20
225.66548948662543
30
0
10
87.547742407206641
20
225.65816526787543
30
0
10
87.936020772341834
20
225.63984518425727
30
0
0
SPLINE
5
106
100
AcDbEntity
8
0
100
AcDbSpline
70
0
71
2
72
6
73
3
74
0
42
0.000000001
43
0.0000000001
44
0.0000000001
40
0
40
0
40
0
40
1
40
1
40
1
10
87.936020772341834
20
225.63984518425727
30
0
10
88.324299137477027
20
225.62153463738227
30
0
10
88.551405351046668
20
225.52629118340278
30
0
0
SPLINE
5
107
100
AcDbEntity
8
0
100
AcDbSpline
70
0
71
2
72
6
73
3
74
0
42
0.000000001
43
0.0000000001
44
0.0000000001
40
0
40
0
40
0
40
1
40
1
40
1
10
88.551405351046668
20
225.52629118340278
30
0
10
88.888401667956458
20
225.38710241692328
30
0
10
88.888401667956458
20
224.77171545403266
30
0
0
SPLINE
5
108
100
AcDbEntity
8
0
100
AcDbSpline
70
0
71
2
72
6
73
3
74
0
42
0.000000001
43
0.0000000001
44
0.0000000001
40
0
40
0
40
0
40
1
40
1
40
1
10
88.888401667956458
20
224.77171545403266
30
0
10
88.888401667956458
20
224.32483320610785
30
0
10
88.650306742076026
20
224.1746485747602
30
0
0
SPLINE
5
109
100
AcDbEntity
8
0
100
AcDbSpline
70
0
71
2
72
6
73
3
74
0
42
0.000000001
43
0.0000000001
44
0.0000000001
40
0
40
0
40
0
40
1
40
1
40
1
10
88.650306742076026
20
224.1746485747602
30
0
10
88.412211220149146
20
224.02446394341254
30
0
10
87.67961053121482
20
224.00980596916938
30
0
0
SPLINE
5
110
100
AcDbEntity
8
0
100
AcDbSpline
70
0
71
2
72
6
73
3
74
0
42
0.000000001
43
0.0000000001
44
0.0000000001
40
0
40
0
40
0
40
1
40
1
40
1
10
87.67961053121482
20
224.00980596916938
30
0
10
87.115508000735389
20
224.00980596916938
30
0
10
85.291332285288917
20
223.92189627068305
30
0
0
SPLINE
5
111
100
AcDbEntity
8
0
100
AcDbSpline
70
0
71
2
72
6
73
3
74
0
42
0.000000001
43
0.0000000001
44
0.0000000001
40
0
40
0
40
0
40
1
40
1
40
1
10
85.291332285288917
20
223.92189627068305
30
0
10
83.423200230483161
20
223.83398657219672
30
0
10
82.85909770000373
20
223.81933813469672
30
0
0
SPLINE
5
112
100
AcDbEntity
8
0
100
AcDbSpline
70
0
71
2
72
6
73
3
74
0
42
0.000000001
43
0.0000000001
44
0.0000000001
40
0
40
0
40
0
40
1
40
1
40
1
10
82.85909770000373
20
223.81933813469672
30
0
10
81.760196666602241
20
223.78270750420356
30
0
10
81.170452962998496
20
223.61054067986274
30
0
0
SPLINE
5
113
100
AcDbEntity
8
0
100
AcDbSpline
70
0
71
2
72
6
73
3
74
0
42
0.000000001
43
0.0000000001
44
0.0000000001
40
0
40
0
40
0
40
1
40
1
40
1
10
81.170452962998496
20
223.61054067986274
30
0
10
80.580709408406364
20
223.43838339226508
30
0
10
80.251039098385917
20
223.05010443108344
30
0
0
SPLINE
5
114
100
AcDbEntity
8
0
100
AcDbSpline
70
0
71
2
72
6
73
3
74
0
42
0.000000001
43
0.0000000001
44
0.0000000001
40
0
40
0
40
0
40
1
40
1
40
1
10
80.251039098385917
20
223.05010443108344
30
0
10
79.686936456147777
20
222.40541105644965
30
0
10
79.686936456147777
20
220.89625959770942
30
0
0
SPLINE
5
115
100
AcDbEntity
8
0
100
AcDbSpline
70
0
71
2
72
6
73
3
74
0
42
0.000000001
43
0.0000000001
44
0.0000000001
40
0
40
0
40
0
40
1
40
1
40
1
10
79.686936456147777
20
220.89625959770942
30
0
10
79.686936456147777
20
219.2039454497602
30
0
10
80.331625174168693
20
218.50798254387641
30
0
0
SPLINE
5
116
100
AcDbEntity
8
0
100
AcDbSpline
70
0
71
2
72
6
73
3
74
0
42
0.000000001
43
0.0000000001
44
0.0000000001
40
0
40
0
40
0
40
1
40
1
40
1
10
80.331625174168693
20
218.50798254387641
30
0
10
80.822467635754691
20
217.96585684197211
30
0
10
81.840782742385016
20
217.81567221062446
30
0
0
SPLINE
5
117
100
AcDbEntity
8
0
100
AcDbSpline
70
0
71
2
72
6
73
3
74
0
42
0.000000001
43
0.0000000001
44
0.0000000001
40
0
40
0
40
0
40
1
40
1
40
1
10
81.840782742385016
20
217.81567221062446
30
0
10
82.85909770000373
20
217.6654875792768
30
0
10
85.979976932887183
20
217.6654875792768
30
0
0
SPLINE
5
118
100
AcDbEntity
8
0
100
AcDbSpline
70
0
71
2
72
6
73
3
74
0
42
0.000000001
43
0.0000000001
44
0.0000000001
40
0
40
0
40
0
40
1
40
1
40
1
10
85.979976932887183
20
217.6654875792768
30
0
10
88.185105006579505
20
217.6654875792768
30
0
10
89.078877847079383
20
217.79002790825629
30
0
0
SPLINE
5
119
100
AcDbEntity
8
0
100
AcDbSpline
70
0
71
2
72
6
73
3
74
0
42
0.000000001
43
0.0000000001
44
0.0000000001
40
0
40
0
40
0
40
1
40
1
40
1
10
89.078877847079383
20
217.79002790825629
30
0
10
90.456167738322364
20
217.98050527947211
30
0
10
90.968988220576392
20
218.55559950249457
30
0
0
SPLINE
5
120
100
AcDbEntity
8
0
100
AcDbSpline
70
0
71
2
72
6
73
3
74
0
42
0.000000001
43
0.0000000001
44
0.0000000001
40
0
40
0
40
0
40
1
40
1
40
1
10
90.968988220576392
20
218.55559950249457
30
0
10
91.481808702830421
20
219.13069372551703
30
0
10
91.481808702830421
20
220.49332266228461
30
0
0
SPLINE
5
121
100
AcDbEntity
8
0
100
AcDbSpline
70
0
71
2
72
6
73
3
74
0
42
0.000000001
43
0.0000000001
44
0.0000000001
40
0
40
0
40
0
40
1
40
1
40
1
10
91.481808702830421
20
220.49332266228461
30
0
10
91.481808702830421
20
220.61787252800727
30
0
10
91.47448209989463
20
220.96218710320258
30
0
0
LINE
5
122
100
AcDbEntity
8
0
100
AcDbLine
10
91.47448209989463
20
220.96218710320258
30
0
11
88.522101323489295
21
220.96218710320258
31
0
0
SPLINE
5
123
100
AcDbEntity
8
0
100
AcDbSpline
70
0
71
2
72
6
73
3
74
0
42
0.000000001
43
0.0000000001
44
0.0000000001
40
0
40
0
40
0
40
1
40
1
40
1
10
88.522101323489295
20
220.96218710320258
30
0
10
88.507449309710609
20
220.54461126702094
30
0
10
88.452504556063758
20
220.39076452629828
30
0
0
SPLINE
5
124
100
AcDbEntity
8
0
100
AcDbSpline
70
0
71
2
72
6
73
3
74
0
42
0.000000001
43
0.0000000001
44
0.0000000001
40
0
40
0
40
0
40
1
40
1
40
1
10
88.452504556063758
20
220.39076452629828
30
0
10
88.39755920637046
20
220.23691778557563
30
0
10
88.236387054804908
20
220.14167433159614
30
0
0
SPLINE
5
125
100
AcDbEntity
8
0
100
AcDbSpline
70
0
71
2
72
6
73
3
74
0
42
0.000000001
43
0.0000000001
44
0.0000000001
40
0
40
0
40
0
40
1
40
1
40
1
10
88.236387054804908
20
220.14167433159614
30
0
10
88.03858486879264
20
220.02445822136664
30
0
10
87.540416400317298
20
219.99149923699164
30
0
0
SPLINE
5
126
100
AcDbEntity
8
0
100
AcDbSpline
70
0
71
2
72
6
73
3
74
0
42
0.000000001
43
0.0000000001
44
0.0000000001
40
0
40
0
40
0
40
1
40
1
40
1
10
87.540416400317298
20
219.99149923699164
30
0
10
87.042247931841956
20
219.95853071587348
30
0
10
85.430526416186439
20
219.95853071587348
30
0
0
SPLINE
5
127
100
AcDbEntity
8
0
100
AcDbSpline
70
0
71
2
72
6
73
3
74
0
42
0.000000001
43
0.0000000001
44
0.0000000001
40
0
40
0
40
0
40
1
40
1
40
1
10
85.430526416186439
20
219.95853071587348
30
0
10
83.48913429248725
20
219.95853071587348
30
0
10
83.064225892905341
20
220.07940893547797
30
0
0
SPLINE
5
128
100
AcDbEntity
8
0
100
AcDbSpline
70
0
71
2
72
6
73
3
74
0
42
0.000000001
43
0.0000000001
44
0.0000000001
40
0
40
0
40
0
40
1
40
1
40
1
10
83.064225892905341
20
220.07940893547797
30
0
10
82.639317493323432
20
220.20028715508246
30
0
10
82.639317493323432
20
220.74973707573676
30
0
0
SPLINE
5
129
100
AcDbEntity
8
0
100
AcDbSpline
70
0
71
2
72
6
73
3
74
0
42
0.000000001
43
0.0000000001
44
0.0000000001
40
0
40
0
40
0
40
1
40
1
40
1
10
82.639317493323432
20
220.74973707573676
30
0
10
82.639317493323432
20
221.27721434014106
30
0
10
83.064225892905341
20
221.39442091362739
30
0
0
SPLINE
5
130
100
AcDbEntity
8
0
100
AcDbSpline
70
0
71
2
72
6
73
3
74
0
42
0.000000001
43
0.0000000001
44
0.0000000001
40
0
40
0
40
0
40
1
40
1
40
1
10
83.064225892905341
20
221.39442091362739
30
0
10
83.415874223593818
20
221.48966436760688
30
0
10
86.294995229128943
20
221.57757406609321
30
0
0
SPLINE
5
131
100
AcDbEntity
8
0
100
AcDbSpline
70
0
71
2
72
6
73
3
74
0
42
0.000000001
43
0.0000000001
44
0.0000000001
40
0
40
0
40
0
40
1
40
1
40
1
10
86.294995229128943
20
221.57757406609321
30
0
10
88.719903509501563
20
221.65083532707953
30
0
10
89.536754171733008
20
221.74974089043403
30
0
0
SPLINE
5
132
100
AcDbEntity
8
0
100
AcDbSpline
70
0
71
2
72
6
73
3
74
0
42
0.000000001
43
0.0000000001
44
0.0000000001
40
0
40
0
40
0
40
1
40
1
40
1
10
89.536754171733008
20
221.74974089043403
30
0
10
90.353603641871558
20
221.84863691704535
30
0
10
90.837120096568214
20
222.1270239867475
30
0
0
SPLINE
5
133
100
AcDbEntity
8
0
100
AcDbSpline
70
0
71
2
72
6
73
3
74
0
42
0.000000001
43
0.0000000001
44
0.0000000001
40
0
40
0
40
0
40
1
40
1
40
1
10
90.837120096568214
20
222.1270239867475
30
0
10
91.38657001722251
20
222.45669966118598
30
0
10
91.613676826838599
20
223.03178434746528
30
0
0
SPLINE
5
134
100
AcDbEntity
8
0
100
AcDbSpline
70
0
71
2
72
6
73
3
74
0
42
0.000000001
43
0.0000000001
44
0.0000000001
40
0
40
0
40
0
40
1
40
1
40
1
10
91.613676826838599
20
223.03178434746528
30
0
10
91.840782444361793
20
223.60687857048774
30
0
10
91.840782444361793
20
224.68380575554633
30
0
0
SPLINE
5
135
100
AcDbEntity
8
0
100
AcDbSpline
70
0
71
2
72
6
73
3
74
0
42
0.000000001
43
0.0000000001
44
0.0000000001
40
0
40
0
40
0
40
1
40
1
40
1
10
91.840782444361793
20
224.68380575554633
30
0
10
91.840782444361793
20
226.09772329705024
30
0
10
91.459830086115943
20
226.78637152092719
30
0
0
SPLINE
5
136
100
AcDbEntity
8
0
100
AcDbSpline
70
0
71
2
72
6
73
3
74
0
42
0.000000001
43
0.0000000001
44
0.0000000001
40
0
40
0
40
0
40
1
40
1
40
1
10
91.459830086115943
20
226.78637152092719
30
0
10
91.174116413478004
20
227.29185705559516
30
0
10
90.664958040598975
20
227.54094725029731
30
0
0
SPLINE
5
137
100
AcDbEntity
8
0
100
AcDbSpline
70
0
71
2
72
6
73
3
74
0
42
0.000000001
43
0.0000000001
44
0.0000000001
40
0
40
0
40
0
40
1
40
1
40
1
10
90.664958040598975
20
227.54094725029731
30
0
10
90.155800859812842
20
227.79002790825629
30
0
10
89.232723991755591
20
227.87793760674262
30
0
0
SPLINE
5
138
100
AcDbEntity
8
0
100
AcDbSpline
70
0
71
2
72
6
73
3
74
0
42
0.000000001
43
0.0000000001
44
0.0000000001
40
0
40
0
40
0
40
1
40
1
40
1
10
89.232723991755591
20
227.87793760674262
30
0
10
88.243713061694251
20
227.96585684197211
30
0
10
85.547742526415931
20
227.96585684197211
30
0
0
SPLINE
5
139
100
AcDbEntity
8
0
100
AcDbSpline
70
0
71
2
72
6
73
3
74
0
42
0.000000001
43
0.0000000001
44
0.0000000001
40
0
40
0
40
0
40
1
40
1
40
1
10
85.547742526415931
20
227.96585684197211
30
0
10
83.291332106474982
20
227.96585684197211
30
0
10
82.214409093741523
20
227.84864073174262
30
0
0
SPLINE
5
140
100
AcDbEntity
8
0
100
AcDbSpline
70
0
71
2
72
6
73
3
74
0
42
0.000000001
43
0.0000000001
44
0.0000000001
40
0
40
0
40
0
40
1
40
1
40
1
10
82.214409093741523
20
227.84864073174262
30
0
10
81.137485931996451
20
227.73142462151313
30
0
10
80.59536142218505
20
227.43105535881782
30
0
0
SPLINE
5
141
100
AcDbEntity
8
0
100
AcDbSpline
70
0
71
2
72
6
73
3
74
0
42
0.000000001
43
0.0000000001
44
0.0000000001
40
0
40
0
40
0
40
1
40
1
40
1
10
80.59536142218505
20
227.43105535881782
30
0
10
80.031258817199813
20
227.1087134398725
30
0
10
79.815141613964187
20
226.58123617546821
30
0
0
SPLINE
5
142
100
AcDbEntity
8
0
100
AcDbSpline
70
0
71
2
72
6
73
3
74
0
42
0.000000001
43
0.0000000001
44
0.0000000001
40
0
40
0
40
0
40
1
40
1
40
1
10
79.815141613964187
20
226.58123617546821
30
0
10
79.599024373475658
20
226.05376844780707
30
0
10
79.599024373475658
20
224.97684126274848
30
0
0
LINE
5
143
100
AcDbEntity
8
0
100
AcDbLine
10
79.599024373475658
20
224.97684126274848
30
0
11
79.599024373475658
21
224.50797682183051
31
0
0
LWPOLYLINE
5
144
100
AcDbEntity
8
0
100
AcDbPolyline
90
4
70
1
43
0.0
10
92.793163339976417
20
220.7204306639936
10
95.445177833918677
20
220.7204306639936
10
95.445177833918677
20
227.81933431999946
10
92.793163339976417
20
227.81933431999946
0
LWPOLYLINE
5
145
100
AcDbEntity
8
0
100
AcDbPolyline
90
4
70
1
43
0.0
10
92.793163339976417
20
217.81933431999946
10
95.445177833918677
20
217.81933431999946
10
95.445177833918677
20
219.81200819390082
10
92.793163339976417
20
219.81200819390082
0
LINE
5
146
100
AcDbEntity
8
0
100
AcDbLine
10
101.19609264600669
20
219.08672933953071
30
0
11
103.84810833204185
21
219.08672933953071
31
0
0
LINE
5
147
100
AcDbEntity
8
0
100
AcDbLine
10
103.84810833204185
20
219.08672933953071
30
0
11
103.84810833204185
21
220.7204306639936
31
0
0
LINE
5
148
100
AcDbEntity
8
0
100
AcDbLine
10
103.84810833204185
20
220.7204306639936
30
0
11
108.04591087568198
21
220.7204306639936
31
0
0
LINE
5
149
100
AcDbEntity
8
0
100
AcDbLine
10
108.04591087568198
20
220.7204306639936
30
0
11
108.04591087568198
21
222.61787062065864
31
0
0
LINE
5
150
100
AcDbEntity
8
0
100
AcDbLine
10
108.04591087568198
20
222.61787062065864
30
0
11
103.84810833204185
21
222.61787062065864
31
0
0
LINE
5
151
100
AcDbEntity
8
0
100
AcDbLine
10
103.84810833204185
20
222.61787062065864
30
0
11
103.84810833204185
21
224.68380575554633
31
0
0
SPLINE
5
152
100
AcDbEntity
8
0
100
AcDbSpline
70
0
71
2
72
6
73
3
74
0
42
0.000000001
43
0.0000000001
44
0.0000000001
40
0
40
0
40
0
40
1
40
1
40
1
10
103.84810833204185
20
224.68380575554633
30
0
10
103.84810833204185
20
225.51896696465278
30
0
10
103.96532444227134
20
225.73142652886176
30
0
0
SPLINE
5
153
100
AcDbEntity
8
0
100
AcDbSpline
70
0
71
2
72
6
73
3
74
0
42
0.000000001
43
0.0000000001
44
0.0000000001
40
0
40
0
40
0
40
1
40
1
40
1
10
103.96532444227134
20
225.73142652886176
30
0
10
104.16312603223716
20
226.09772329705024
30
0
10
104.90305332410728
20
226.09772329705024
30
0
0
SPLINE
5
154
100
AcDbEntity
8
0
100
AcDbSpline
70
0
71
2
72
6
73
3
74
0
42
0.000000001
43
0.0000000001
44
0.0000000001
40
0
40
0
40
0
40
1
40
1
40
1
10
104.90305332410728
20
226.09772329705024
30
0
10
105.67228464353477
20
226.09772329705024
30
0
10
105.855433027629
20
225.74607496636176
30
0
0
SPLINE
5
155
100
AcDbEntity
8
0
100
AcDbSpline
70
0
71
2
72
6
73
3
74
0
42
0.000000001
43
0.0000000001
44
0.0000000001
40
0
40
0
40
0
40
1
40
1
40
1
10
105.855433027629
20
225.74607496636176
30
0
10
105.92869428861533
20
225.6068766631391
30
0
10
105.94334749448691
20
225.47135000603461
30
0
0
SPLINE
5
156
100
AcDbEntity
8
0
100
AcDbSpline
70
0
71
2
72
6
73
3
74
0
42
0.000000001
43
0.0000000001
44
0.0000000001
40
0
40
0
40
0
40
1
40
1
40
1
10
105.94334749448691
20
225.47135000603461
30
0
10
105.95799831617271
20
225.33581381218696
30
0
10
105.95799831617271
20
224.77903967278266
30
0
0
LINE
5
157
100
AcDbEntity
8
0
100
AcDbLine
10
105.95799831617271
20
224.77903967278266
30
0
11
108.38290600049888
21
224.77903967278266
31
0
0
SPLINE
5
158
100
AcDbEntity
8
0
100
AcDbSpline
70
0
71
2
72
6
73
3
74
0
42
0.000000001
43
0.0000000001
44
0.0000000001
40
0
40
0
40
0
40
1
40
1
40
1
10
108.38290600049888
20
224.77903967278266
30
0
10
108.36825517881309
20
225.79735403435492
30
0
10
108.26202778089439
20
226.25157003777289
30
0
0
SPLINE
5
159
100
AcDbEntity
8
0
100
AcDbSpline
70
0
71
2
72
6
73
3
74
0
42
0.000000001
43
0.0000000001
44
0.0000000001
40
0
40
0
40
0
40
1
40
1
40
1
10
108.26202778089439
20
226.25157003777289
30
0
10
108.15580038297568
20
226.7057765044477
30
0
10
107.84810690153037
20
227.09405546562934
30
0
0
SPLINE
5
160
100
AcDbEntity
8
0
100
AcDbSpline
70
0
71
2
72
6
73
3
74
0
42
0.000000001
43
0.0000000001
44
0.0000000001
40
0
40
0
40
0
40
1
40
1
40
1
10
107.84810690153037
20
227.09405546562934
30
0
10
107.45250372159873
20
227.59955053704047
30
0
10
106.75286916959678
20
227.80102377312446
30
0
0
SPLINE
5
161
100
AcDbEntity
8
0
100
AcDbSpline
70
0
71
2
72
6
73
3
74
0
42
0.000000001
43
0.0000000001
44
0.0000000001
40
0
40
0
40
0
40
1
40
1
40
1
10
106.75286916959678
20
227.80102377312446
30
0
10
106.05323700178062
20
228.00248747246528
30
0
10
104.67594770658408
20
228.00248747246528
30
0
0
SPLINE
5
162
100
AcDbEntity
8
0
100
AcDbSpline
70
0
71
2
72
6
73
3
74
0
42
0.000000001
43
0.0000000001
44
0.0000000001
40
0
40
0
40
0
40
1
40
1
40
1
10
104.67594770658408
20
228.00248747246528
30
0
10
103.40122131574546
20
228.00248747246528
30
0
10
102.78217462766563
20
227.86328916924262
30
0
0
SPLINE
5
163
100
AcDbEntity
8
0
100
AcDbSpline
70
0
71
2
72
6
73
3
74
0
42
0.000000001
43
0.0000000001
44
0.0000000001
40
0
40
0
40
0
40
1
40
1
40
1
10
102.78217462766563
20
227.86328916924262
30
0
10
102.1631255554
20
227.72410040276313
30
0
10
101.77484897840415
20
227.34314566033149
30
0
0
SPLINE
5
164
100
AcDbEntity
8
0
100
AcDbSpline
70
0
71
2
72
6
73
3
74
0
42
0.000000001
43
0.0000000001
44
0.0000000001
40
0
40
0
40
0
40
1
40
1
40
1
10
101.77484897840415
20
227.34314566033149
30
0
10
101.48913292158042
20
227.06475859062934
30
0
10
101.36459259260093
20
226.73508291619086
30
0
0
SPLINE
5
165
100
AcDbEntity
8
0
100
AcDbSpline
70
0
71
2
72
6
73
3
74
0
42
0.000000001
43
0.0000000001
44
0.0000000001
40
0
40
0
40
0
40
1
40
1
40
1
10
101.36459259260093
20
226.73508291619086
30
0
10
101.24004987943565
20
226.40541677849555
30
0
10
101.21074585187827
20
225.82666044609809
30
0
0
SPLINE
5
166
100
AcDbEntity
8
0
100
AcDbSpline
70
0
71
2
72
6
73
3
74
0
42
0.000000001
43
0.0000000001
44
0.0000000001
40
0
40
0
40
0
40
1
40
1
40
1
10
101.21074585187827
20
225.82666044609809
30
0
10
101.19609264600669
20
225.61421041863227
30
0
10
101.19609264600669
20
224.68380575554633
30
0
0
LINE
5
167
100
AcDbEntity
8
0
100
AcDbLine
10
101.19609264600669
20
224.68380575554633
30
0
11
101.19609264600669
21
222.61787062065864
31
0
0
LINE
5
168
100
AcDbEntity
8
0
100
AcDbLine
10
101.19609264600669
20
222.61787062065864
30
0
11
99.796825926188575
21
222.61787062065864
31
0
0
LINE
5
169
100
AcDbEntity
8
0
100
AcDbLine
10
99.796825926188575
20
222.61787062065864
30
0
11
99.796825926188575
21
220.7204306639936
31
0
0
LINE
5
170
100
AcDbEntity
8
0
100
AcDbLine
10
99.796825926188575
20
220.7204306639936
30
0
11
101.19609264600669
21
220.7204306639936
31
0
0
LINE
5
171
100
AcDbEntity
8
0
100
AcDbLine
10
101.19609264600669
20
220.7204306639936
30
0
11
101.19609264600669
21
219.08672933953071
31
0
0
LINE
5
172
100
AcDbEntity
8
0
100
AcDbLine
10
118.64664224851523
20
227.81933431999946
30
0
11
116.14847330320273
21
227.81933431999946
31
0
0
LINE
5
173
100
AcDbEntity
8
0
100
AcDbLine
10
116.14847330320273
20
227.81933431999946
30
0
11
116.14847330320273
21
226.75706510918403
31
0
0
LINE
5
174
100
AcDbEntity
8
0
100
AcDbLine
10
116.14847330320273
20
226.75706510918403
30
0
11
116.01660637128745
21
226.75706510918403
31
0
0
SPLINE
5
175
100
AcDbEntity
8
0
100
AcDbSpline
70
0
71
2
72
6
73
3
74
0
42
0.000000001
43
0.0000000001
44
0.0000000001
40
0
40
0
40
0
40
1
40
1
40
1
10
116.01660637128745
20
226.75706510918403
30
0
10
115.70158867109214
20
227.43837957756782
30
0
10
115.01294283140098
20
227.72042875664496
30
0
0
SPLINE
5
176
100
AcDbEntity
8
0
100
AcDbSpline
70
0
71
2
72
6
73
3
74
0
42
0.000000001
43
0.0000000001
44
0.0000000001
40
0
40
0
40
0
40
1
40
1
40
1
10
115.01294283140098
20
227.72042875664496
30
0
10
114.32429937589561
20
228.00248747246528
30
0
10
112.97631410825645
20
228.00248747246528
30
0
0
SPLINE
5
177
100
AcDbEntity
8
0
100
AcDbSpline
70
0
71
2
72
6
73
3
74
0
42
0.000000001
43
0.0000000001
44
0.0000000001
40
0
40
0
40
0
40
1
40
1
40
1
10
112.97631410825645
20
228.00248747246528
30
0
10
111.74554495084678
20
228.00248747246528
30
0
10
111.02026848066245
20
227.79735212700629
30
0
0
SPLINE
5
178
100
AcDbEntity
8
0
100
AcDbSpline
70
0
71
2
72
6
73
3
74
0
42
0.000000001
43
0.0000000001
44
0.0000000001
40
0
40
0
40
0
40
1
40
1
40
1
10
111.02026848066245
20
227.79735212700629
30
0
10
110.29499439466392
20
227.59222631829047
30
0
10
109.81880335081016
20
227.1087134398725
30
0
0
SPLINE
5
179
100
AcDbEntity
8
0
100
AcDbSpline
70
0
71
2
72
6
73
3
74
0
42
0.000000001
43
0.0000000001
44
0.0000000001
40
0
40
0
40
0
40
1
40
1
40
1
10
109.81880335081016
20
227.1087134398725
30
0
10
109.3352880882064
20
226.61054258721137
30
0
10
109.18510345685874
20
226.01347570793891
30
0
0
SPLINE
5
180
100
AcDbEntity
8
0
100
AcDbSpline
70
0
71
2
72
6
73
3
74
0
42
0.000000001
43
0.0000000001
44
0.0000000001
40
0
40
0
40
0
40
1
40
1
40
1
10
109.18510345685874
20
226.01347570793891
30
0
10
109.03492120969688
20
225.41639929192328
30
0
10
109.03492120969688
20
223.96585111992621
30
0
0
LINE
5
181
100
AcDbEntity
8
0
100
AcDbLine
10
109.03492120969688
20
223.96585111992621
30
0
11
109.03492120969688
21
220.7204306639936
31
0
0
LINE
5
182
100
AcDbEntity
8
0
100
AcDbLine
10
109.03492120969688
20
220.7204306639936
30
0
11
111.68693689573203
21
220.7204306639936
31
0
0
LINE
5
183
100
AcDbEntity
8
0
100
AcDbLine
10
111.68693689573203
20
220.7204306639936
30
0
11
111.68693689573203
21
223.96585111992621
31
0
0
SPLINE
5
184
100
AcDbEntity
8
0
100
AcDbSpline
70
0
71
2
72
6
73
3
74
0
42
0.000000001
43
0.0000000001
44
0.0000000001
40
0
40
0
40
0
40
1
40
1
40
1
10
111.68693689573203
20
223.96585111992621
30
0
10
111.68693689573203
20
224.74240904228949
30
0
10
111.76019577253257
20
225.07208471672797
30
0
0
SPLINE
5
185
100
AcDbEntity
8
0
100
AcDbSpline
70
0
71
2
72
6
73
3
74
0
42
0.000000001
43
0.0000000001
44
0.0000000001
40
0
40
0
40
0
40
1
40
1
40
1
10
111.76019577253257
20
225.07208471672797
30
0
10
111.8334570335189
20
225.40175085442328
30
0
10
112.0532360481063
20
225.61421041863227
30
0
0
SPLINE
5
186
100
AcDbEntity
8
0
100
AcDbSpline
70
0
71
2
72
6
73
3
74
0
42
0.000000001
43
0.0000000001
44
0.0000000001
40
0
40
0
40
0
40
1
40
1
40
1
10
112.0532360481063
20
225.61421041863227
30
0
10
112.28034166562949
20
225.83398466484809
30
0
10
112.64664320218955
20
225.91823225395942
30
0
0
SPLINE
5
187
100
AcDbEntity
8
0
100
AcDbSpline
70
0
71
2
72
6
73
3
74
0
42
0.000000001
43
0.0000000001
44
0.0000000001
40
0
40
0
40
0
40
1
40
1
40
1
10
112.64664320218955
20
225.91823225395942
30
0
10
113.01294235456382
20
226.00247984307074
30
0
10
113.77484707105552
20
226.00247984307074
30
0
0
SPLINE
5
188
100
AcDbEntity
8
0
100
AcDbSpline
70
0
71
2
72
6
73
3
74
0
42
0.000000001
43
0.0000000001
44
0.0000000001
40
0
40
0
40
0
40
1
40
1
40
1
10
113.77484707105552
20
226.00247984307074
30
0
10
115.06422666776572
20
226.00247984307074
30
0
10
115.5257645057479
20
225.6068766631391
30
0
0
SPLINE
5
189
100
AcDbEntity
8
0
100
AcDbSpline
70
0
71
2
72
6
73
3
74
0
42
0.000000001
43
0.0000000001
44
0.0000000001
40
0
40
0
40
0
40
1
40
1
40
1
10
115.5257645057479
20
225.6068766631391
30
0
10
115.81147817838584
20
225.35779600518012
30
0
10
115.90305237043296
20
224.96585493462348
30
0
0
SPLINE
5
190
100
AcDbEntity
8
0
100
AcDbSpline
70
0
71
2
72
6
73
3
74
0
42
0.000000001
43
0.0000000001
44
0.0000000001
40
0
40
0
40
0
40
1
40
1
40
1
10
115.90305237043296
20
224.96585493462348
30
0
10
115.99462894666587
20
224.57391386406684
30
0
10
115.99462894666587
20
223.57757215874457
30
0
0
LINE
5
191
100
AcDbEntity
8
0
100
AcDbLine
10
115.99462894666587
20
223.57757215874457
30
0
11
115.99462894666587
21
220.7204306639936
31
0
0
LINE
5
192
100
AcDbEntity
8
0
100
AcDbLine
10
115.99462894666587
20
220.7204306639936
30
0
11
118.64664224851523
21
220.7204306639936
31
0
0
LINE
5
193
100
AcDbEntity
8
0
100
AcDbLine
10
118.64664224851523
20
220.7204306639936
30
0
11
118.64664224851523
21
227.81933431999946
31
0
0
LINE
5
194
100
AcDbEntity
8
0
100
AcDbLine
10
123.59902528989707
20
220.7204306639936
30
0
11
126.09719423520957
21
220.7204306639936
31
0
0
LINE
5
195
100
AcDbEntity
8
0
100
AcDbLine
10
126.09719423520957
20
220.7204306639936
30
0
11
126.09719423520957
21
221.80468206780219
31
0
0
LINE
5
196
100
AcDbEntity
8
0
100
AcDbLine
10
126.09719423520957
20
221.80468206780219
30
0
11
126.23638777006065
21
221.80468206780219
31
0
0
SPLINE
5
197
100
AcDbEntity
8
0
100
AcDbSpline
70
0
71
2
72
6
73
3
74
0
42
0.000000001
43
0.0000000001
44
0.0000000001
40
0
40
0
40
0
40
1
40
1
40
1
10
126.23638777006065
20
221.80468206780219
30
0
10
126.59536031949912
20
221.10870962517524
30
0
10
127.28034643400107
20
220.82299833672309
30
0
0
SPLINE
5
198
100
AcDbEntity
8
0
100
AcDbSpline
70
0
71
2
72
6
73
3
74
0
42
0.000000001
43
0.0000000001
44
0.0000000001
40
0
40
0
40
0
40
1
40
1
40
1
10
127.28034643400107
20
220.82299833672309
30
0
10
127.96532778013145
20
220.53728704827094
30
0
10
129.24737600553428
20
220.53728704827094
30
0
0
SPLINE
5
199
100
AcDbEntity
8
0
100
AcDbSpline
70
0
71
2
72
6
73
3
74
0
42
0.000000001
43
0.0000000001
44
0.0000000001
40
0
40
0
40
0
40
1
40
1
40
1
10
129.24737600553428
20
220.53728704827094
30
0
10
130.52210478055869
20
220.53728704827094
30
0
10
131.25104097593223
20
220.73875074761176
30
0
0
SPLINE
5
200
100
AcDbEntity
8
0
100
AcDbSpline
70
0
71
2
72
6
73
3
74
0
42
0.000000001
43
0.0000000001
44
0.0000000001
40
0
40
0
40
0
40
1
40
1
40
1
10
131.25104097593223
20
220.73875074761176
30
0
10
131.97997717130576
20
220.94021444695258
30
0
10
132.44884161222373
20
221.43105154412055
30
0
0
SPLINE
5
201
100
AcDbEntity
8
0
100
AcDbSpline
70
0
71
2
72
6
73
3
74
0
42
0.000000001
43
0.0000000001
44
0.0000000001
40
0
40
0
40
0
40
1
40
1
40
1
10
132.44884161222373
20
221.43105154412055
30
0
10
132.93968347776328
20
221.92922239678168
30
0
10
133.08620599973594
20
222.52996092217231
30
0
0
SPLINE
5
202
100
AcDbEntity
8
0
100
AcDbSpline
70
0
71
2
72
6
73
3
74
0
42
0.000000001
43
0.0000000001
44
0.0000000001
40
0
40
0
40
0
40
1
40
1
40
1
10
133.08620599973594
20
222.52996092217231
30
0
10
133.23272375333701
20
223.13068991081977
30
0
10
133.23272375333701
20
224.59588652031684
30
0
0
LINE
5
203
100
AcDbEntity
8
0
100
AcDbLine
10
133.23272375333701
20
224.59588652031684
30
0
11
133.23272375333701
21
227.81933431999946
31
0
0
LINE
5
204
100
AcDbEntity
8
0
100
AcDbLine
10
133.23272375333701
20
227.81933431999946
30
0
11
130.58070806730186
21
227.81933431999946
31
0
0
LINE
5
205
100
AcDbEntity
8
0
100
AcDbLine
10
130.58070806730186
20
227.81933431999946
30
0
11
130.58070806730186
21
224.59588652031684
31
0
0
SPLINE
5
206
100
AcDbEntity
8
0
100
AcDbSpline
70
0
71
2
72
6
73
3
74
0
42
0.000000001
43
0.0000000001
44
0.0000000001
40
0
40
0
40
0
40
1
40
1
40
1
10
130.58070806730186
20
224.59588652031684
30
0
10
130.58070806730186
20
223.73875265496039
30
0
10
130.51843790281211
20
223.43472128289008
30
0
0
SPLINE
5
207
100
AcDbEntity
8
0
100
AcDbSpline
70
0
71
2
72
6
73
3
74
0
42
0.000000001
43
0.0000000001
44
0.0000000001
40
0
40
0
40
0
40
1
40
1
40
1
10
130.51843790281211
20
223.43472128289008
30
0
10
130.45616773832236
20
223.13068991081977
30
0
10
130.24371294248496
20
222.91823988335395
30
0
0
SPLINE
5
208
100
AcDbEntity
8
0
100
AcDbSpline
70
0
71
2
72
6
73
3
74
0
42
0.000000001
43
0.0000000001
44
0.0000000001
40
0
40
0
40
0
40
1
40
1
40
1
10
130.24371294248496
20
222.91823988335395
30
0
10
129.85543398130332
20
222.53728514092231
30
0
10
128.463493864421
20
222.53728514092231
30
0
0
SPLINE
5
209
100
AcDbEntity
8
0
100
AcDbSpline
70
0
71
2
72
6
73
3
74
0
42
0.000000001
43
0.0000000001
44
0.0000000001
40
0
40
0
40
0
40
1
40
1
40
1
10
128.463493864421
20
222.53728514092231
30
0
10
127.08620695341025
20
222.53728514092231
30
0
10
126.63931993711387
20
223.00614958184028
30
0
0
SPLINE
5
210
100
AcDbEntity
8
0
100
AcDbSpline
70
0
71
2
72
6
73
3
74
0
42
0.000000001
43
0.0000000001
44
0.0000000001
40
0
40
0
40
0
40
1
40
1
40
1
10
126.63931993711387
20
223.00614958184028
30
0
10
126.3975587295333
20
223.26255445854926
30
0
10
126.32430223691856
20
223.6361849822309
30
0
0
SPLINE
5
211
100
AcDbEntity
8
0
100
AcDbSpline
70
0
71
2
72
6
73
3
74
0
42
0.000000001
43
0.0000000001
44
0.0000000001
40
0
40
0
40
0
40
1
40
1
40
1
10
126.32430223691856
20
223.6361849822309
30
0
10
126.25104097593223
20
224.00980596916938
30
0
10
126.25104097593223
20
224.98416548149848
30
0
0
LINE
5
212
100
AcDbEntity
8
0
100
AcDbLine
10
126.25104097593223
20
224.98416548149848
30
0
11
126.25104097593223
21
227.81933431999946
31
0
0
LINE
5
213
100
AcDbEntity
8
0
100
AcDbLine
10
126.25104097593223
20
227.81933431999946
30
0
11
123.59902528989707
21
227.81933431999946
31
0
0
LINE
5
214
100
AcDbEntity
8
0
100
AcDbLine
10
123.59902528989707
20
227.81933431999946
30
0
11
123.59902528989707
21
220.7204306639936
31
0
0
LINE
5
215
100
AcDbEntity
8
0
100
AcDbLine
10
141.08620313871299
20
225.54827337639594
30
0
11
143.73089460599815
21
225.54827337639594
31
0
0
SPLINE
5
216
100
AcDbEntity
8
0
100
AcDbSpline
70
0
71
2
72
6
73
3
74
0
42
0.000000001
43
0.0000000001
44
0.0000000001
40
0
40
0
40
0
40
1
40
1
40
1
10
143.73089460599815
20
225.54827337639594
30
0
10
143.62100271451865
20
226.7057765044477
30
0
10
143.02759794462119
20
227.21127157585883
30
0
0
SPLINE
5
217
100
AcDbEntity
8
0
100
AcDbSpline
70
0
71
2
72
6
73
3
74
0
42
0.000000001
43
0.0000000001
44
0.0000000001
40
0
40
0
40
0
40
1
40
1
40
1
10
143.02759794462119
20
227.21127157585883
30
0
10
142.51477865446006
20
227.6581633605268
30
0
10
141.57704977262412
20
227.83032064812446
30
0
0
SPLINE
5
218
100
AcDbEntity
8
0
100
AcDbSpline
70
0
71
2
72
6
73
3
74
0
42
0.000000001
43
0.0000000001
44
0.0000000001
40
0
40
0
40
0
40
1
40
1
40
1
10
141.57704977262412
20
227.83032064812446
30
0
10
140.63932089078818
20
228.00248747246528
30
0
10
138.76385835874473
20
228.00248747246528
30
0
0
SPLINE
5
219
100
AcDbEntity
8
0
100
AcDbSpline
70
0
71
2
72
6
73
3
74
0
42
0.000000001
43
0.0000000001
44
0.0000000001
40
0
40
0
40
0
40
1
40
1
40
1
10
138.76385835874473
20
228.00248747246528
30
0
10
137.21807150113975
20
228.00248747246528
30
0
10
136.3902345107833
20
227.85230284111762
30
0
0
SPLINE
5
220
100
AcDbEntity
8
0
100
AcDbSpline
70
0
71
2
72
6
73
3
74
0
42
0.000000001
43
0.0000000001
44
0.0000000001
40
0
40
0
40
0
40
1
40
1
40
1
10
136.3902345107833
20
227.85230284111762
30
0
10
135.56239752042686
20
227.70211820976996
30
0
10
135.07887987363731
20
227.33582144158149
30
0
0
SPLINE
5
221
100
AcDbEntity
8
0
100
AcDbSpline
70
0
71
2
72
6
73
3
74
0
42
0.000000001
43
0.0000000001
44
0.0000000001
40
0
40
0
40
0
40
1
40
1
40
1
10
135.07887987363731
20
227.33582144158149
30
0
10
134.56606058347617
20
226.94754248039985
30
0
10
134.37558321226035
20
226.29918699639106
30
0
0
SPLINE
5
222
100
AcDbEntity
8
0
100
AcDbSpline
70
0
71
2
72
6
73
3
74
0
42
0.000000001
43
0.0000000001
44
0.0000000001
40
0
40
0
40
0
40
1
40
1
40
1
10
134.37558321226035
20
226.29918699639106
30
0
10
134.18510584104453
20
225.65083151238227
30
0
10
134.18510584104453
20
224.30285101311469
30
0
0
SPLINE
5
223
100
AcDbEntity
8
0
100
AcDbSpline
70
0
71
2
72
6
73
3
74
0
42
0.000000001
43
0.0000000001
44
0.0000000001
40
0
40
0
40
0
40
1
40
1
40
1
10
134.18510584104453
20
224.30285101311469
30
0
10
134.18510584104453
20
223.29186087029242
30
0
10
134.25836710203086
20
222.78270368950629
30
0
0
SPLINE
5
224
100
AcDbEntity
8
0
100
AcDbSpline
70
0
71
2
72
6
73
3
74
0
42
0.000000001
43
0.0000000001
44
0.0000000001
40
0
40
0
40
0
40
1
40
1
40
1
10
134.25836710203086
20
222.78270368950629
30
0
10
134.33162836301719
20
222.27354650872016
30
0
10
134.53675417173301
20
221.86328535454535
30
0
0
SPLINE
5
225
100
AcDbEntity
8
0
100
AcDbSpline
70
0
71
2
72
6
73
3
74
0
42
0.000000001
43
0.0000000001
44
0.0000000001
40
0
40
0
40
0
40
1
40
1
40
1
10
134.53675417173301
20
221.86328535454535
30
0
10
134.96166376340781
20
221.01347570793891
30
0
10
136.07521681058799
20
220.75706129448676
30
0
0
SPLINE
5
226
100
AcDbEntity
8
0
100
AcDbSpline
70
0
71
2
72
6
73
3
74
0
42
0.000000001
43
0.0000000001
44
0.0000000001
40
0
40
0
40
0
40
1
40
1
40
1
10
136.07521681058799
20
220.75706129448676
30
0
10
137.02759889829551
20
220.53728704827094
30
0
10
139.03492120969688
20
220.53728704827094
30
0
0
SPLINE
5
227
100
AcDbEntity
8
0
100
AcDbSpline
70
0
71
2
72
6
73
3
74
0
42
0.000000001
43
0.0000000001
44
0.0000000001
40
0
40
0
40
0
40
1
40
1
40
1
10
139.03492120969688
20
220.53728704827094
30
0
10
140.80781606901084
20
220.53728704827094
30
0
10
141.53309015500938
20
220.66182737725043
30
0
0
SPLINE
5
228
100
AcDbEntity
8
0
100
AcDbSpline
70
0
71
2
72
6
73
3
74
0
42
0.000000001
43
0.0000000001
44
0.0000000001
40
0
40
0
40
0
40
1
40
1
40
1
10
141.53309015500938
20
220.66182737725043
30
0
10
142.82246736753379
20
220.88160162346625
30
0
10
143.30598501432334
20
221.62519102471137
30
0
0
SPLINE
5
229
100
AcDbEntity
8
0
100
AcDbSpline
70
0
71
2
72
6
73
3
74
0
42
0.000000001
43
0.0000000001
44
0.0000000001
40
0
40
0
40
0
40
1
40
1
40
1
10
143.30598501432334
20
221.62519102471137
30
0
10
143.78950266111289
20
222.36878042595649
30
0
10
143.78950266111289
20
224.12702207939887
30
0
0
SPLINE
5
230
100
AcDbEntity
8
0
100
AcDbSpline
70
0
71
2
72
6
73
3
74
0
42
0.000000001
43
0.0000000001
44
0.0000000001
40
0
40
0
40
0
40
1
40
1
40
1
10
143.78950266111289
20
224.12702207939887
30
0
10
143.78950266111289
20
224.29552679436469
30
0
10
143.77484945524131
20
224.84497671501899
30
0
0
LINE
5
231
100
AcDbEntity
8
0
100
AcDbLine
10
143.77484945524131
20
224.84497671501899
30
0
11
136.83712152707969
21
224.84497671501899
31
0
0
SPLINE
5
232
100
AcDbEntity
8
0
100
AcDbSpline
70
0
71
2
72
6
73
3
74
0
42
0.000000001
43
0.0000000001
44
0.0000000001
40
0
40
0
40
0
40
1
40
1
40
1
10
136.83712152707969
20
224.84497671501899
30
0
10
136.83712152707969
20
225.38710241692328
30
0
10
136.90671591031943
20
225.62153463738227
30
0
0
SPLINE
5
233
100
AcDbEntity
8
0
100
AcDbSpline
70
0
71
2
72
6
73
3
74
0
42
0.000000001
43
0.0000000001
44
0.0000000001
40
0
40
0
40
0
40
1
40
1
40
1
10
136.90671591031943
20
225.62153463738227
30
0
10
136.97631506193076
20
225.85596685784125
30
0
10
137.18144087064658
20
226.00981359856391
30
0
0
SPLINE
5
234
100
AcDbEntity
8
0
100
AcDbSpline
70
0
71
2
72
6
73
3
74
0
42
0.000000001
43
0.0000000001
44
0.0000000001
40
0
40
0
40
0
40
1
40
1
40
1
10
137.18144087064658
20
226.00981359856391
30
0
10
137.57704881894981
20
226.30284910576606
30
0
10
138.96898893583213
20
226.30284910576606
30
0
0
SPLINE
5
235
100
AcDbEntity
8
0
100
AcDbSpline
70
0
71
2
72
6
73
3
74
0
42
0.000000001
43
0.0000000001
44
0.0000000001
40
0
40
0
40
0
40
1
40
1
40
1
10
138.96898893583213
20
226.30284910576606
30
0
10
139.85543398130332
20
226.30284910576606
30
0
10
140.29865888822471
20
226.23324995415473
30
0
0
SPLINE
5
236
100
AcDbEntity
8
0
100
AcDbSpline
70
0
71
2
72
6
73
3
74
0
42
0.000000001
43
0.0000000001
44
0.0000000001
40
0
40
0
40
0
40
1
40
1
40
1
10
140.29865888822471
20
226.23324995415473
30
0
10
140.74188379514609
20
226.16366033928657
30
0
10
140.90305475461875
20
226.00247984307074
30
0
0
SPLINE
5
237
100
AcDbEntity
8
0
100
AcDbSpline
70
0
71
2
72
6
73
3
74
0
42
0.000000001
43
0.0000000001
44
0.0000000001
40
0
40
0
40
0
40
1
40
1
40
1
10
140.90305475461875
20
226.00247984307074
30
0
10
141.03492407071982
20
225.87061529534125
30
0
10
141.08620313871299
20
225.54827337639594
30
0
0
SPLINE
5
238
100
AcDbEntity
8
0
100
AcDbSpline
70
0
71
2
72
6
73
3
74
0
42
0.000000001
43
0.0000000001
44
0.0000000001
40
0
40
0
40
0
40
1
40
1
40
1
10
141.12283376920615
20
223.39442854302192
30
0
10
141.10818533170615
20
222.97684317009711
30
0
10
141.06788782346641
20
222.81933431999946
30
0
0
SPLINE
5
239
100
AcDbEntity
8
0
100
AcDbSpline
70
0
71
2
72
6
73
3
74
0
42
0.000000001
43
0.0000000001
44
0.0000000001
40
0
40
0
40
0
40
1
40
1
40
1
10
141.06788782346641
20
222.81933431999946
30
0
10
141.02759508359824
20
222.6618254699018
30
0
10
140.91037897336875
20
222.53728514092231
30
0
0
SPLINE
5
240
100
AcDbEntity
8
0
100
AcDbSpline
70
0
71
2
72
6
73
3
74
0
42
0.000000001
43
0.0000000001
44
0.0000000001
40
0
40
0
40
0
40
1
40
1
40
1
10
140.91037897336875
20
222.53728514092231
30
0
10
140.56605962980186
20
222.18563681023383
30
0
10
139.07155184019004
20
222.18563681023383
30
0
0
SPLINE
5
241
100
AcDbEntity
8
0
100
AcDbSpline
70
0
71
2
72
6
73
3
74
0
42
0.000000001
43
0.0000000001
44
0.0000000001
40
0
40
0
40
0
40
1
40
1
40
1
10
139.07155184019004
20
222.18563681023383
30
0
10
137.73089555967246
20
222.18563681023383
30
0
10
137.29865698087607
20
222.42006903069282
30
0
0
SPLINE
5
242
100
AcDbEntity
8
0
100
AcDbSpline
70
0
71
2
72
6
73
3
74
0
42
0.000000001
43
0.0000000001
44
0.0000000001
40
0
40
0
40
0
40
1
40
1
40
1
10
137.29865698087607
20
222.42006903069282
30
0
10
136.86642317045127
20
222.6545012511518
30
0
10
136.83712152707969
20
223.39442854302192
30
0
0
LINE
5
243
100
AcDbEntity
8
0
100
AcDbLine
10
136.83712152707969
20
223.39442854302192
30
0
11
141.12283376920615
21
223.39442854302192
31
0
0
LINE
5
244
100
AcDbEntity
8
0
100
AcDbLine
10
149.33529047239219
20
219.08672933953071
30
0
11
151.98730139005576
21
219.08672933953071
31
0
0
LINE
5
245
100
AcDbEntity
8
0
100
AcDbLine
10
151.98730139005576
20
219.08672933953071
30
0
11
151.98730139005576
21
220.7204306639936
31
0
0
LINE
5
246
100
AcDbEntity
8
0
100
AcDbLine
10
151.98730139005576
20
220.7204306639936
30
0
11
156.1851039336959
21
220.7204306639936
31
0
0
LINE
5
247
100
AcDbEntity
8
0
100
AcDbLine
10
156.1851039336959
20
220.7204306639936
30
0
11
156.1851039336959
21
222.61787062065864
31
0
0
LINE
5
248
100
AcDbEntity
8
0
100
AcDbLine
10
156.1851039336959
20
222.61787062065864
30
0
11
151.98730139005576
21
222.61787062065864
31
0
0
LINE
5
249
100
AcDbEntity
8
0
100
AcDbLine
10
151.98730139005576
20
222.61787062065864
30
0
11
151.98730139005576
21
224.68380575554633
31
0
0
SPLINE
5
250
100
AcDbEntity
8
0
100
AcDbSpline
70
0
71
2
72
6
73
3
74
0
42
0.000000001
43
0.0000000001
44
0.0000000001
40
0
40
0
40
0
40
1
40
1
40
1
10
151.98730139005576
20
224.68380575554633
30
0
10
151.98730139005576
20
225.51896696465278
30
0
10
152.10451750028525
20
225.73142652886176
30
0
0
SPLINE
5
251
100
AcDbEntity
8
0
100
AcDbSpline
70
0
71
2
72
6
73
3
74
0
42
0.000000001
43
0.0000000001
44
0.0000000001
40
0
40
0
40
0
40
1
40
1
40
1
10
152.10451750028525
20
225.73142652886176
30
0
10
152.30232385862266
20
226.09772329705024
30
0
10
153.04224638212119
20
226.09772329705024
30
0
0
SPLINE
5
252
100
AcDbEntity
8
0
100
AcDbSpline
70
0
71
2
72
6
73
3
74
0
42
0.000000001
43
0.0000000001
44
0.0000000001
40
0
40
0
40
0
40
1
40
1
40
1
10
153.04224638212119
20
226.09772329705024
30
0
10
153.81148008573447
20
226.09772329705024
30
0
10
153.99462846982871
20
225.74607496636176
30
0
0
SPLINE
5
253
100
AcDbEntity
8
0
100
AcDbSpline
70
0
71
2
72
6
73
3
74
0
42
0.000000001
43
0.0000000001
44
0.0000000001
40
0
40
0
40
0
40
1
40
1
40
1
10
153.99462846982871
20
225.74607496636176
30
0
10
154.06788973081504
20
225.6068766631391
30
0
10
154.08254293668662
20
225.47135000603461
30
0
0
SPLINE
5
254
100
AcDbEntity
8
0
100
AcDbSpline
70
0
71
2
72
6
73
3
74
0
42
0.000000001
43
0.0000000001
44
0.0000000001
40
0
40
0
40
0
40
1
40
1
40
1
10
154.08254293668662
20
225.47135000603461
30
0
10
154.09719137418662
20
225.33581381218696
30
0
10
154.09719137418662
20
224.77903967278266
30
0
0
LINE
5
255
100
AcDbEntity
8
0
100
AcDbLine
10
154.09719137418662
20
224.77903967278266
30
0
11
156.52210382688438
21
224.77903967278266
31
0
0
SPLINE
5
256
100
AcDbEntity
8
0
100
AcDbSpline
70
0
71
2
72
6
73
3
74
0
42
0.000000001
43
0.0000000001
44
0.0000000001
40
0
40
0
40
0
40
1
40
1
40
1
10
156.52210382688438
20
224.77903967278266
30
0
10
156.50745062101279
20
225.79735403435492
30
0
10
156.4012208389083
20
226.25157003777289
30
0
0
SPLINE
5
257
100
AcDbEntity
8
0
100
AcDbSpline
70
0
71
2
72
6
73
3
74
0
42
0.000000001
43
0.0000000001
44
0.0000000001
40
0
40
0
40
0
40
1
40
1
40
1
10
156.4012208389083
20
226.25157003777289
30
0
10
156.29499582517539
20
226.7057765044477
30
0
10
155.98730234373008
20
227.09405546562934
30
0
0
SPLINE
5
258
100
AcDbEntity
8
0
100
AcDbSpline
70
0
71
2
72
6
73
3
74
0
42
0.000000001
43
0.0000000001
44
0.0000000001
40
0
40
0
40
0
40
1
40
1
40
1
10
155.98730234373008
20
227.09405546562934
30
0
10
155.59169916379844
20
227.59955053704047
30
0
10
154.89206461179648
20
227.80102377312446
30
0
0
SPLINE
5
259
100
AcDbEntity
8
0
100
AcDbSpline
70
0
71
2
72
6
73
3
74
0
42
0.000000001
43
0.0000000001
44
0.0000000001
40
0
40
0
40
0
40
1
40
1
40
1
10
154.89206461179648
20
227.80102377312446
30
0
10
154.19243005979453
20
228.00248747246528
30
0
10
152.81514314878379
20
228.00248747246528
30
0
0
SPLINE
5
260
100
AcDbEntity
8
0
100
AcDbSpline
70
0
71
2
72
6
73
3
74
0
42
0.000000001
43
0.0000000001
44
0.0000000001
40
0
40
0
40
0
40
1
40
1
40
1
10
152.81514314878379
20
228.00248747246528
30
0
10
151.54041914213096
20
228.00248747246528
30
0
10
150.92137006986533
20
227.86328916924262
30
0
0
SPLINE
5
261
100
AcDbEntity
8
0
100
AcDbSpline
70
0
71
2
72
6
73
3
74
0
42
0.000000001
43
0.0000000001
44
0.0000000001
40
0
40
0
40
0
40
1
40
1
40
1
10
150.92137006986533
20
227.86328916924262
30
0
10
150.30232099759971
20
227.72410040276313
30
0
10
149.91404203641807
20
227.34314566033149
30
0
0
SPLINE
5
262
100
AcDbEntity
8
0
100
AcDbSpline
70
0
71
2
72
6
73
3
74
0
42
0.000000001
43
0.0000000001
44
0.0000000001
40
0
40
0
40
0
40
1
40
1
40
1
10
149.91404203641807
20
227.34314566033149
30
0
10
149.62833074796592
20
227.06475859062934
30
0
10
149.50378565061484
20
226.73508291619086
30
0
0
SPLINE
5
263
100
AcDbEntity
8
0
100
AcDbSpline
70
0
71
2
72
6
73
3
74
0
42
0.000000001
43
0.0000000001
44
0.0000000001
40
0
40
0
40
0
40
1
40
1
40
1
10
149.50378565061484
20
226.73508291619086
30
0
10
149.37924532163535
20
226.40541677849555
30
0
10
149.34993890989219
20
225.82666044609809
30
0
0
SPLINE
5
264
100
AcDbEntity
8
0
100
AcDbSpline
70
0
71
2
72
6
73
3
74
0
42
0.000000001
43
0.0000000001
44
0.0000000001
40
0
40
0
40
0
40
1
40
1
40
1
10
149.34993890989219
20
225.82666044609809
30
0
10
149.33529047239219
20
225.61421041863227
30
0
10
149.33529047239219
20
224.68380575554633
30
0
0
LINE
5
265
100
AcDbEntity
8
0
100
AcDbLine
10
149.33529047239219
20
224.68380575554633
30
0
11
149.33529047239219
21
222.61787062065864
31
0
0
LINE
5
266
100
AcDbEntity
8
0
100
AcDbLine
10
149.33529047239219
20
222.61787062065864
30
0
11
147.93602136838828
21
222.61787062065864
31
0
0
LINE
5
267
100
AcDbEntity
8
0
100
AcDbLine
10
147.93602136838828
20
222.61787062065864
30
0
11
147.93602136838828
21
220.7204306639936
31
0
0
LINE
5
268
100
AcDbEntity
8
0
100
AcDbLine
10
147.93602136838828
20
220.7204306639936
30
0
11
149.33529047239219
21
220.7204306639936
31
0
0
LINE
5
269
100
AcDbEntity
8
0
100
AcDbLine
10
149.33529047239219
20
220.7204306639936
30
0
11
149.33529047239219
21
219.08672933953071
31
0
0
LINE
5
270
100
AcDbEntity
8
0
100
AcDbLine
10
164.05323652494346
20
225.54827337639594
30
0
11
166.69792799222861
21
225.54827337639594
31
0
0
SPLINE
5
271
100
AcDbEntity
8
0
100
AcDbSpline
70
0
71
2
72
6
73
3
74
0
42
0.000000001
43
0.0000000001
44
0.0000000001
40
0
40
0
40
0
40
1
40
1
40
1
10
166.69792799222861
20
225.54827337639594
30
0
10
166.58803610074912
20
226.7057765044477
30
0
10
165.99463133085166
20
227.21127157585883
30
0
0
SPLINE
5
272
100
AcDbEntity
8
0
100
AcDbSpline
70
0
71
2
72
6
73
3
74
0
42
0.000000001
43
0.0000000001
44
0.0000000001
40
0
40
0
40
0
40
1
40
1
40
1
10
165.99463133085166
20
227.21127157585883
30
0
10
165.48181204069053
20
227.6581633605268
30
0
10
164.54408315885459
20
227.83032064812446
30
0
0
SPLINE
5
273
100
AcDbEntity
8
0
100
AcDbSpline
70
0
71
2
72
6
73
3
74
0
42
0.000000001
43
0.0000000001
44
0.0000000001
40
0
40
0
40
0
40
1
40
1
40
1
10
164.54408315885459
20
227.83032064812446
30
0
10
163.60635427701865
20
228.00248747246528
30
0
10
161.73089651334678
20
228.00248747246528
30
0
0
SPLINE
5
274
100
AcDbEntity
8
0
100
AcDbSpline
70
0
71
2
72
6
73
3
74
0
42
0.000000001
43
0.0000000001
44
0.0000000001
40
0
40
0
40
0
40
1
40
1
40
1
10
161.73089651334678
20
228.00248747246528
30
0
10
160.18510488737022
20
228.00248747246528
30
0
10
159.35726789701377
20
227.85230284111762
30
0
0
SPLINE
5
275
100
AcDbEntity
8
0
100
AcDbSpline
70
0
71
2
72
6
73
3
74
0
42
0.000000001
43
0.0000000001
44
0.0000000001
40
0
40
0
40
0
40
1
40
1
40
1
10
159.35726789701377
20
227.85230284111762
30
0
10
158.52943090665732
20
227.70211820976996
30
0
10
158.04591325986777
20
227.33582144158149
30
0
0
SPLINE
5
276
100
AcDbEntity
8
0
100
AcDbSpline
70
0
71
2
72
6
73
3
74
0
42
0.000000001
43
0.0000000001
44
0.0000000001
40
0
40
0
40
0
40
1
40
1
40
1
10
158.04591325986777
20
227.33582144158149
30
0
10
157.53309396970664
20
226.94754248039985
30
0
10
157.34261659849082
20
226.29918699639106
30
0
0
SPLINE
5
277
100
AcDbEntity
8
0
100
AcDbSpline
70
0
71
2
72
6
73
3
74
0
42
0.000000001
43
0.0000000001
44
0.0000000001
40
0
40
0
40
0
40
1
40
1
40
1
10
157.34261659849082
20
226.29918699639106
30
0
10
157.152139227275
20
225.65083151238227
30
0
10
157.152139227275
20
224.30285101311469
30
0
0
SPLINE
5
278
100
AcDbEntity
8
0
100
AcDbSpline
70
0
71
2
72
6
73
3
74
0
42
0.000000001
43
0.0000000001
44
0.0000000001
40
0
40
0
40
0
40
1
40
1
40
1
10
157.152139227275
20
224.30285101311469
30
0
10
157.152139227275
20
223.29186087029242
30
0
10
157.22540048826133
20
222.78270368950629
30
0
0
SPLINE
5
279
100
AcDbEntity
8
0
100
AcDbSpline
70
0
71
2
72
6
73
3
74
0
42
0.000000001
43
0.0000000001
44
0.0000000001
40
0
40
0
40
0
40
1
40
1
40
1
10
157.22540048826133
20
222.78270368950629
30
0
10
157.29866174924766
20
222.27354650872016
30
0
10
157.50378755796348
20
221.86328535454535
30
0
0
SPLINE
5
280
100
AcDbEntity
8
0
100
AcDbSpline
70
0
71
2
72
6
73
3
74
0
42
0.000000001
43
0.0000000001
44
0.0000000001
40
0
40
0
40
0
40
1
40
1
40
1
10
157.50378755796348
20
221.86328535454535
30
0
10
157.92869714963828
20
221.01347570793891
30
0
10
159.04225019681846
20
220.75706129448676
30
0
0
SPLINE
5
281
100
AcDbEntity
8
0
100
AcDbSpline
70
0
71
2
72
6
73
3
74
0
42
0.000000001
43
0.0000000001
44
0.0000000001
40
0
40
0
40
0
40
1
40
1
40
1
10
159.04225019681846
20
220.75706129448676
30
0
10
159.9946275161544
20
220.53728704827094
30
0
10
162.00195936429893
20
220.53728704827094
30
0
0
SPLINE
5
282
100
AcDbEntity
8
0
100
AcDbSpline
70
0
71
2
72
6
73
3
74
0
42
0.000000001
43
0.0000000001
44
0.0000000001
40
0
40
0
40
0
40
1
40
1
40
1
10
162.00195936429893
20
220.53728704827094
30
0
10
163.77484945524131
20
220.53728704827094
30
0
10
164.50012830961143
20
220.66182737725043
30
0
0
SPLINE
5
283
100
AcDbEntity
8
0
100
AcDbSpline
70
0
71
2
72
6
73
3
74
0
42
0.000000001
43
0.0000000001
44
0.0000000001
40
0
40
0
40
0
40
1
40
1
40
1
10
164.50012830961143
20
220.66182737725043
30
0
10
165.78950552213584
20
220.88160162346625
30
0
10
166.27301840055381
20
221.62519102471137
30
0
0
SPLINE
5
284
100
AcDbEntity
8
0
100
AcDbSpline
70
0
71
2
72
6
73
3
74
0
42
0.000000001
43
0.0000000001
44
0.0000000001
40
0
40
0
40
0
40
1
40
1
40
1
10
166.27301840055381
20
221.62519102471137
30
0
10
166.75653127897178
20
222.36878042595649
30
0
10
166.75653127897178
20
224.12702207939887
30
0
0
SPLINE
5
285
100
AcDbEntity
8
0
100
AcDbSpline
70
0
71
2
72
6
73
3
74
0
42
0.000000001
43
0.0000000001
44
0.0000000001
40
0
40
0
40
0
40
1
40
1
40
1
10
166.75653127897178
20
224.12702207939887
30
0
10
166.75653127897178
20
224.29552679436469
30
0
10
166.74188284147178
20
224.84497671501899
30
0
0
LINE
5
286
100
AcDbEntity
8
0
100
AcDbLine
10
166.74188284147178
20
224.84497671501899
30
0
11
159.80415014493857
21
224.84497671501899
31
0
0
SPLINE
5
287
100
AcDbEntity
8
0
100
AcDbSpline
70
0
71
2
72
6
73
3
74
0
42
0.000000001
43
0.0000000001
44
0.0000000001
40
0
40
0
40
0
40
1
40
1
40
1
10
159.80415014493857
20
224.84497671501899
30
0
10
159.80415014493857
20
225.38710241692328
30
0
10
159.8737492965499
20
225.62153463738227
30
0
0
SPLINE
5
288
100
AcDbEntity
8
0
100
AcDbSpline
70
0
71
2
72
6
73
3
74
0
42
0.000000001
43
0.0000000001
44
0.0000000001
40
0
40
0
40
0
40
1
40
1
40
1
10
159.8737492965499
20
225.62153463738227
30
0
10
159.94334844816123
20
225.85596685784125
30
0
10
160.14847425687705
20
226.00981359856391
30
0
0
SPLINE
5
289
100
AcDbEntity
8
0
100
AcDbSpline
70
0
71
2
72
6
73
3
74
0
42
0.000000001
43
0.0000000001
44
0.0000000001
40
0
40
0
40
0
40
1
40
1
40
1
10
160.14847425687705
20
226.00981359856391
30
0
10
160.54407743680869
20
226.30284910576606
30
0
10
161.9360223220626
20
226.30284910576606
30
0
0
SPLINE
5
290
100
AcDbEntity
8
0
100
AcDbSpline
70
0
71
2
72
6
73
3
74
0
42
0.000000001
43
0.0000000001
44
0.0000000001
40
0
40
0
40
0
40
1
40
1
40
1
10
161.9360223220626
20
226.30284910576606
30
0
10
162.82247213590537
20
226.30284910576606
30
0
10
163.26569227445518
20
226.23324995415473
30
0
0
SPLINE
5
291
100
AcDbEntity
8
0
100
AcDbSpline
70
0
71
2
72
6
73
3
74
0
42
0.000000001
43
0.0000000001
44
0.0000000001
40
0
40
0
40
0
40
1
40
1
40
1
10
163.26569227445518
20
226.23324995415473
30
0
10
163.70891241300498
20
226.16366033928657
30
0
10
163.87008337247764
20
226.00247984307074
30
0
0
SPLINE
5
292
100
AcDbEntity
8
0
100
AcDbSpline
70
0
71
2
72
6
73
3
74
0
42
0.000000001
43
0.0000000001
44
0.0000000001
40
0
40
0
40
0
40
1
40
1
40
1
10
163.87008337247764
20
226.00247984307074
30
0
10
164.00195745695029
20
225.87061529534125
30
0
10
164.05323652494346
20
225.54827337639594
30
0
0
SPLINE
5
293
100
AcDbEntity
8
0
100
AcDbSpline
70
0
71
2
72
6
73
3
74
0
42
0.000000001
43
0.0000000001
44
0.0000000001
40
0
40
0
40
0
40
1
40
1
40
1
10
164.08986715543662
20
223.39442854302192
30
0
10
164.07521871793662
20
222.97684317009711
30
0
10
164.03492597806846
20
222.81933431999946
30
0
0
SPLINE
5
294
100
AcDbEntity
8
0
100
AcDbSpline
70
0
71
2
72
6
73
3
74
0
42
0.000000001
43
0.0000000001
44
0.0000000001
40
0
40
0
40
0
40
1
40
1
40
1
10
164.03492597806846
20
222.81933431999946
30
0
10
163.99463323820029
20
222.6618254699018
30
0
10
163.8774171279708
20
222.53728514092231
30
0
0
SPLINE
5
295
100
AcDbEntity
8
0
100
AcDbSpline
70
0
71
2
72
6
73
3
74
0
42
0.000000001
43
0.0000000001
44
0.0000000001
40
0
40
0
40
0
40
1
40
1
40
1
10
163.8774171279708
20
222.53728514092231
30
0
10
163.53309301603232
20
222.18563681023383
30
0
10
162.03858999479209
20
222.18563681023383
30
0
0
SPLINE
5
296
100
AcDbEntity
8
0
100
AcDbSpline
70
0
71
2
72
6
73
3
74
0
42
0.000000001
43
0.0000000001
44
0.0000000001
40
0
40
0
40
0
40
1
40
1
40
1
10
162.03858999479209
20
222.18563681023383
30
0
10
160.69792417753135
20
222.18563681023383
30
0
10
160.26569036710654
20
222.42006903069282
30
0
0
SPLINE
5
297
100
AcDbEntity
8
0
100
AcDbSpline
70
0
71
2
72
6
73
3
74
0
42
0.000000001
43
0.0000000001
44
0.0000000001
40
0
40
0
40
0
40
1
40
1
40
1
10
160.26569036710654
20
222.42006903069282
30
0
10
159.83345655668174
20
222.6545012511518
30
0
10
159.80415014493857
20
223.39442854302192
30
0
0
LINE
5
298
100
AcDbEntity
8
0
100
AcDbLine
10
159.80415014493857
20
223.39442854302192
30
0
11
164.08986715543662
21
223.39442854302192
31
0
0
LWPOLYLINE
5
299
100
AcDbEntity
8
0
100
AcDbPolyline
90
7
70
1
43
0.0
10
170.70525793302451
20
220.7204306639936
10
173.72357038724815
20
220.7204306639936
10
175.9287038253585
20
225.76072340386176
10
178.11917928922568
20
220.7204306639936
10
181.13016752469932
20
220.7204306639936
10
177.63565687406455
20
227.81933431999946
10
174.20709280240928
20
227.81933431999946
0
SPLINE
5
300
100
AcDbEntity
8
0
100
AcDbSpline
70
0
71
2
72
6
73
3
74
0
42
0.000000001
43
0.0000000001
44
0.0000000001
40
0
40
0
40
0
40
1
40
1
40
1
10
186.20708135831748
20
220.53728704827094
30
0
10
188.01660207975303
20
220.53728704827094
30
0
10
188.9140382217208
20
220.68013792412543
30
0
0
SPLINE
5
301
100
AcDbEntity
8
0
100
AcDbSpline
70
0
71
2
72
6
73
3
74
0
42
0.000000001
43
0.0000000001
44
0.0000000001
40
0
40
0
40
0
40
1
40
1
40
1
10
188.9140382217208
20
220.68013792412543
30
0
10
189.81147436368857
20
220.82299833672309
30
0
10
190.31696943509971
20
221.18929510491157
30
0
0
SPLINE
5
302
100
AcDbEntity
8
0
100
AcDbSpline
70
0
71
2
72
6
73
3
74
0
42
0.000000001
43
0.0000000001
44
0.0000000001
40
0
40
0
40
0
40
1
40
1
40
1
10
190.31696943509971
20
221.18929510491157
30
0
10
190.84443716276084
20
221.57024984734321
30
0
10
191.03491453397666
20
222.18563681023383
30
0
0
SPLINE
5
303
100
AcDbEntity
8
0
100
AcDbSpline
70
0
71
2
72
6
73
3
74
0
42
0.000000001
43
0.0000000001
44
0.0000000001
40
0
40
0
40
0
40
1
40
1
40
1
10
191.03491453397666
20
222.18563681023383
30
0
10
191.22539190519248
20
222.80101423638129
30
0
10
191.22539190519248
20
224.13435583489203
30
0
0
SPLINE
5
304
100
AcDbEntity
8
0
100
AcDbSpline
70
0
71
2
72
6
73
3
74
0
42
0.000000001
43
0.0000000001
44
0.0000000001
40
0
40
0
40
0
40
1
40
1
40
1
10
191.22539190519248
20
224.13435583489203
30
0
10
191.22539190519248
20
225.12336378472114
30
0
10
191.17045072782432
20
225.61787252800727
30
0
0
SPLINE
5
305
100
AcDbEntity
8
0
100
AcDbSpline
70
0
71
2
72
6
73
3
74
0
42
0.000000001
43
0.0000000001
44
0.0000000001
40
0
40
0
40
0
40
1
40
1
40
1
10
191.17045072782432
20
225.61787252800727
30
0
10
191.11550001371299
20
226.11237173455024
30
0
10
190.9689870284835
20
226.50797491448188
30
0
0
SPLINE
5
306
100
AcDbEntity
8
0
100
AcDbSpline
70
0
71
2
72
6
73
3
74
0
42
0.000000001
43
0.0000000001
44
0.0000000001
40
0
40
0
40
0
40
1
40
1
40
1
10
190.9689870284835
20
226.50797491448188
30
0
10
190.58803228605186
20
227.50431661980414
30
0
10
189.42319540250693
20
227.77537947075629
30
0
0
SPLINE
5
307
100
AcDbEntity
8
0
100
AcDbSpline
70
0
71
2
72
6
73
3
74
0
42
0.000000001
43
0.0000000001
44
0.0000000001
40
0
40
0
40
0
40
1
40
1
40
1
10
189.42319540250693
20
227.77537947075629
30
0
10
188.45616010892783
20
228.00248747246528
30
0
10
186.21440557706748
20
228.00248747246528
30
0
0
SPLINE
5
308
100
AcDbEntity
8
0
100
AcDbSpline
70
0
71
2
72
6
73
3
74
0
42
0.000000001
43
0.0000000001
44
0.0000000001
40
0
40
0
40
0
40
1
40
1
40
1
10
186.21440557706748
20
228.00248747246528
30
0
10
184.22905592191611
20
228.00248747246528
30
0
10
183.3719125198165
20
227.85962705986762
30
0
0
SPLINE
5
309
100
AcDbEntity
8
0
100
AcDbSpline
70
0
71
2
72
6
73
3
74
0
42
0.000000001
43
0.0000000001
44
0.0000000001
40
0
40
0
40
0
40
1
40
1
40
1
10
183.3719125198165
20
227.85962705986762
30
0
10
182.5147691177169
20
227.71676664726996
30
0
10
182.00194982755576
20
227.29185705559516
30
0
0
SPLINE
5
310
100
AcDbEntity
8
0
100
AcDbSpline
70
0
71
2
72
6
73
3
74
0
42
0.000000001
43
0.0000000001
44
0.0000000001
40
0
40
0
40
0
40
1
40
1
40
1
10
182.00194982755576
20
227.29185705559516
30
0
10
181.51110319364463
20
226.88892965691352
30
0
10
181.34627012479697
20
226.23691206352973
30
0
0
SPLINE
5
311
100
AcDbEntity
8
0
100
AcDbSpline
70
0
71
2
72
6
73
3
74
0
42
0.000000001
43
0.0000000001
44
0.0000000001
40
0
40
0
40
0
40
1
40
1
40
1
10
181.34627012479697
20
226.23691206352973
30
0
10
181.18143705594932
20
225.5849040068891
30
0
10
181.18143705594932
20
224.03911238091254
30
0
0
SPLINE
5
312
100
AcDbEntity
8
0
100
AcDbSpline
70
0
71
2
72
6
73
3
74
0
42
0.000000001
43
0.0000000001
44
0.0000000001
40
0
40
0
40
0
40
1
40
1
40
1
10
181.18143705594932
20
224.03911238091254
30
0
10
181.18143705594932
20
223.15999632256293
30
0
10
181.25103620756065
20
222.70211820976996
30
0
0
SPLINE
5
313
100
AcDbEntity
8
0
100
AcDbSpline
70
0
71
2
72
6
73
3
74
0
42
0.000000001
43
0.0000000001
44
0.0000000001
40
0
40
0
40
0
40
1
40
1
40
1
10
181.25103620756065
20
222.70211820976996
30
0
10
181.32063535917197
20
222.24424009697699
30
0
10
181.51843694913779
20
221.86328535454535
30
0
0
SPLINE
5
314
100
AcDbEntity
8
0
100
AcDbSpline
70
0
71
2
72
6
73
3
74
0
42
0.000000001
43
0.0000000001
44
0.0000000001
40
0
40
0
40
0
40
1
40
1
40
1
10
181.51843694913779
20
221.86328535454535
30
0
10
181.92136434781943
20
221.08673696892524
30
0
10
182.88107542264854
20
220.81567411797309
30
0
0
SPLINE
5
315
100
AcDbEntity
8
0
100
AcDbSpline
70
0
71
2
72
6
73
3
74
0
42
0.000000001
43
0.0000000001
44
0.0000000001
40
0
40
0
40
0
40
1
40
1
40
1
10
182.88107542264854
20
220.81567411797309
30
0
10
183.84077696073447
20
220.54461126702094
30
0
10
186.20708135831748
20
220.53728704827094
30
0
0
SPLINE
5
316
100
AcDbEntity
8
0
100
AcDbSpline
70
0
71
2
72
6
73
3
74
0
42
0.000000001
43
0.0000000001
44
0.0000000001
40
0
40
0
40
0
40
1
40
1
40
1
10
186.22905401456748
20
222.53728514092231
30
0
10
184.9103703902999
20
222.53728514092231
30
0
10
184.4488397048751
20
222.74241094963813
30
0
0
SPLINE
5
317
100
AcDbEntity
8
0
100
AcDbSpline
70
0
71
2
72
6
73
3
74
0
42
0.000000001
43
0.0000000001
44
0.0000000001
40
0
40
0
40
0
40
1
40
1
40
1
10
184.4488397048751
20
222.74241094963813
30
0
10
184.11183981168662
20
222.89625769036078
30
0
10
183.97264150846397
20
223.25523023979926
30
0
0
SPLINE
5
318
100
AcDbEntity
8
0
100
AcDbSpline
70
0
71
2
72
6
73
3
74
0
42
0.000000001
43
0.0000000001
44
0.0000000001
40
0
40
0
40
0
40
1
40
1
40
1
10
183.97264150846397
20
223.25523023979926
30
0
10
183.83345274198447
20
223.61420278923774
30
0
10
183.83345274198447
20
224.31749945061469
30
0
0
SPLINE
5
319
100
AcDbEntity
8
0
100
AcDbSpline
70
0
71
2
72
6
73
3
74
0
42
0.000000001
43
0.0000000001
44
0.0000000001
40
0
40
0
40
0
40
1
40
1
40
1
10
183.83345274198447
20
224.31749945061469
30
0
10
183.83345274198447
20
225.01347189324164
30
0
10
183.95066885221397
20
225.31384115593696
30
0
0
SPLINE
5
320
100
AcDbEntity
8
0
100
AcDbSpline
70
0
71
2
72
6
73
3
74
0
42
0.000000001
43
0.0000000001
44
0.0000000001
40
0
40
0
40
0
40
1
40
1
40
1
10
183.95066885221397
20
225.31384115593696
30
0
10
184.06788496244346
20
225.61421041863227
30
0
10
184.39755110013877
20
225.76804762261176
30
0
0
SPLINE
5
321
100
AcDbEntity
8
0
100
AcDbSpline
70
0
71
2
72
6
73
3
74
0
42
0.000000001
43
0.0000000001
44
0.0000000001
40
0
40
0
40
0
40
1
40
1
40
1
10
184.39755110013877
20
225.76804762261176
30
0
10
184.9030461715499
20
226.00247984307074
30
0
10
186.22172979581748
20
226.00247984307074
30
0
0
SPLINE
5
322
100
AcDbEntity
8
0
100
AcDbSpline
70
0
71
2
72
6
73
3
74
0
42
0.000000001
43
0.0000000001
44
0.0000000001
40
0
40
0
40
0
40
1
40
1
40
1
10
186.22172979581748
20
226.00247984307074
30
0
10
187.73089079130088
20
226.00247984307074
30
0
10
188.15212873685752
20
225.68746214287543
30
0
0
SPLINE
5
323
100
AcDbEntity
8
0
100
AcDbSpline
70
0
71
2
72
6
73
3
74
0
42
0.000000001
43
0.0000000001
44
0.0000000001
40
0
40
0
40
0
40
1
40
1
40
1
10
188.15212873685752
20
225.68746214287543
30
0
10
188.57337621915732
20
225.37244444268012
30
0
10
188.57337621915732
20
224.25157194512153
30
0
0
SPLINE
5
324
100
AcDbEntity
8
0
100
AcDbSpline
70
0
71
2
72
6
73
3
74
0
42
0.000000001
43
0.0000000001
44
0.0000000001
40
0
40
0
40
0
40
1
40
1
40
1
10
188.57337621915732
20
224.25157194512153
30
0
10
188.57337621915732
20
223.54827528374457
30
0
10
188.44151167142783
20
223.2259238280561
30
0
0
SPLINE
5
325
100
AcDbEntity
8
0
100
AcDbSpline
70
0
71
2
72
6
73
3
74
0
42
0.000000001
43
0.0000000001
44
0.0000000001
40
0
40
0
40
0
40
1
40
1
40
1
10
188.44151167142783
20
223.2259238280561
30
0
10
188.30964712369834
20
222.90358190911078
30
0
10
187.96532301175986
20
222.75705938713813
30
0
0
SPLINE
5
326
100
AcDbEntity
8
0
100
AcDbSpline
70
0
71
2
72
6
73
3
74
0
42
0.000000001
43
0.0000000001
44
0.0000000001
40
0
40
0
40
0
40
1
40
1
40
1
10
187.96532301175986
20
222.75705938713813
30
0
10
187.45982794034873
20
222.53728514092231
30
0
10
186.22905401456748
20
222.53728514092231
30
0
0
LWPOLYLINE
5
327
100
AcDbEntity
8
0
100
AcDbPolyline
90
4
70
1
43
0.0
10
192.22905782926475
20
220.7204306639936
10
194.8810735152999
20
220.7204306639936
10
194.8810735152999
20
227.81933431999946
10
192.22905782926475
20
227.81933431999946
0
LWPOLYLINE
5
328
100
AcDbEntity
8
0
100
AcDbPolyline
90
4
70
1
43
0.0
10
192.22905782926475
20
217.81933431999946
10
194.8810735152999
20
217.81933431999946
10
194.8810735152999
20
219.81200819390082
10
192.22905782926475
20
219.81200819390082
0
LINE
5
329
100
AcDbEntity
8
0
100
AcDbLine
10
195.85544256437217
20
225.56292181389594
30
0
11
198.55873731840049
21
225.56292181389594
31
0
0
SPLINE
5
330
100
AcDbEntity
8
0
100
AcDbSpline
70
0
71
2
72
6
73
3
74
0
42
0.000000001
43
0.0000000001
44
0.0000000001
40
0
40
0
40
0
40
1
40
1
40
1
10
198.55873731840049
20
225.56292181389594
30
0
10
198.59536794889365
20
226.01713781731391
30
0
10
199.06423238981162
20
226.18563299553657
30
0
0
SPLINE
5
331
100
AcDbEntity
8
0
100
AcDbSpline
70
0
71
2
72
6
73
3
74
0
42
0.000000001
43
0.0000000001
44
0.0000000001
40
0
40
0
40
0
40
1
40
1
40
1
10
199.06423238981162
20
226.18563299553657
30
0
10
199.53309683072959
20
226.35412817375922
30
0
10
200.77851919401084
20
226.35412817375922
30
0
0
SPLINE
5
332
100
AcDbEntity
8
0
100
AcDbSpline
70
0
71
2
72
6
73
3
74
0
42
0.000000001
43
0.0000000001
44
0.0000000001
40
0
40
0
40
0
40
1
40
1
40
1
10
200.77851919401084
20
226.35412817375922
30
0
10
202.06789640653525
20
226.35412817375922
30
0
10
202.53309873807822
20
226.21493940727973
30
0
0
SPLINE
5
333
100
AcDbEntity
8
0
100
AcDbSpline
70
0
71
2
72
6
73
3
74
0
42
0.000000001
43
0.0000000001
44
0.0000000001
40
0
40
0
40
0
40
1
40
1
40
1
10
202.53309873807822
20
226.21493940727973
30
0
10
202.99830106962119
20
226.07574110405707
30
0
10
202.99830106962119
20
225.6947958983686
30
0
0
SPLINE
5
334
100
AcDbEntity
8
0
100
AcDbSpline
70
0
71
2
72
6
73
3
74
0
42
0.000000001
43
0.0000000001
44
0.0000000001
40
0
40
0
40
0
40
1
40
1
40
1
10
202.99830106962119
20
225.6947958983686
30
0
10
202.99830106962119
20
225.32848959343696
30
0
10
202.55140928495322
20
225.20394926445746
30
0
0
SPLINE
5
335
100
AcDbEntity
8
0
100
AcDbSpline
70
0
71
2
72
6
73
3
74
0
42
0.000000001
43
0.0000000001
44
0.0000000001
40
0
40
0
40
0
40
1
40
1
40
1
10
202.55140928495322
20
225.20394926445746
30
0
10
202.3462834762374
20
225.1453459777143
30
0
10
200.28767256009971
20
225.12336378472114
30
0
0
SPLINE
5
336
100
AcDbEntity
8
0
100
AcDbSpline
70
0
71
2
72
6
73
3
74
0
42
0.000000001
43
0.0000000001
44
0.0000000001
40
0
40
0
40
0
40
1
40
1
40
1
10
200.28767256009971
20
225.12336378472114
30
0
10
198.36825994718467
20
225.12336378472114
30
0
10
197.92137769925986
20
225.05742674248481
30
0
0
SPLINE
5
337
100
AcDbEntity
8
0
100
AcDbSpline
70
0
71
2
72
6
73
3
74
0
42
0.000000001
43
0.0000000001
44
0.0000000001
40
0
40
0
40
0
40
1
40
1
40
1
10
197.92137769925986
20
225.05742674248481
30
0
10
196.67595533597861
20
224.88893156426215
30
0
10
196.23639730680381
20
224.24423818962836
30
0
0
SPLINE
5
338
100
AcDbEntity
8
0
100
AcDbSpline
70
0
71
2
72
6
73
3
74
0
42
0.000000001
43
0.0000000001
44
0.0000000001
40
0
40
0
40
0
40
1
40
1
40
1
10
196.23639730680381
20
224.24423818962836
30
0
10
195.90672163236533
20
223.76072531121039
30
0
10
195.90672163236533
20
222.94021253960395
30
0
0
SPLINE
5
339
100
AcDbEntity
8
0
100
AcDbSpline
70
0
71
2
72
6
73
3
74
0
42
0.000000001
43
0.0000000001
44
0.0000000001
40
0
40
0
40
0
40
1
40
1
40
1
10
195.90672163236533
20
222.94021253960395
30
0
10
195.90672163236533
20
221.37244825737739
30
0
10
197.06423429716025
20
220.89625959770942
30
0
0
SPLINE
5
340
100
AcDbEntity
8
0
100
AcDbSpline
70
0
71
2
72
6
73
3
74
0
42
0.000000001
43
0.0000000001
44
0.0000000001
40
0
40
0
40
0
40
1
40
1
40
1
10
197.06423429716025
20
220.89625959770942
30
0
10
197.93602613675986
20
220.53728704827094
30
0
10
200.807825605754
20
220.53728704827094
30
0
0
SPLINE
5
341
100
AcDbEntity
8
0
100
AcDbSpline
70
0
71
2
72
6
73
3
74
0
42
0.000000001
43
0.0000000001
44
0.0000000001
40
0
40
0
40
0
40
1
40
1
40
1
10
200.807825605754
20
220.53728704827094
30
0
10
202.61734632718955
20
220.53728704827094
30
0
10
203.437859098796
20
220.67281370537543
30
0
0
SPLINE
5
342
100
AcDbEntity
8
0
100
AcDbSpline
70
0
71
2
72
6
73
3
74
0
42
0.000000001
43
0.0000000001
44
0.0000000001
40
0
40
0
40
0
40
1
40
1
40
1
10
203.437859098796
20
220.67281370537543
30
0
10
204.25837187040244
20
220.80834989922309
30
0
10
204.71258787382041
20
221.18929510491157
30
0
0
SPLINE
5
343
100
AcDbEntity
8
0
100
AcDbSpline
70
0
71
2
72
6
73
3
74
0
42
0.000000001
43
0.0000000001
44
0.0000000001
40
0
40
0
40
0
40
1
40
1
40
1
10
204.71258787382041
20
221.18929510491157
30
0
10
204.99097494352256
20
221.42372732537055
30
0
10
205.11185316312705
20
221.75340299980903
30
0
0
SPLINE
5
344
100
AcDbEntity
8
0
100
AcDbSpline
70
0
71
2
72
6
73
3
74
0
42
0.000000001
43
0.0000000001
44
0.0000000001
40
0
40
0
40
0
40
1
40
1
40
1
10
205.11185316312705
20
221.75340299980903
30
0
10
205.23273138273154
20
222.08306913750434
30
0
10
205.28401045072471
20
222.72776251213813
30
0
0
LINE
5
345
100
AcDbEntity
8
0
100
AcDbLine
10
205.28401045072474
20
222.72776251213813
30
0
11
202.58071569669639
21
222.72776251213813
31
0
0
SPLINE
5
346
100
AcDbEntity
8
0
100
AcDbSpline
70
0
71
2
72
6
73
3
74
0
42
0.000000001
43
0.0000000001
44
0.0000000001
40
0
40
0
40
0
40
1
40
1
40
1
10
202.58071569669639
20
222.72776251213813
30
0
10
202.50745443571006
20
222.46402387993598
30
0
10
202.39757208097373
20
222.39076261894965
30
0
0
SPLINE
5
347
100
AcDbEntity
8
0
100
AcDbSpline
70
0
71
2
72
6
73
3
74
0
42
0.000000001
43
0.0000000001
44
0.0000000001
40
0
40
0
40
0
40
1
40
1
40
1
10
202.39757208097373
20
222.39076261894965
30
0
10
202.06789640653525
20
222.18563681023383
30
0
10
200.72724012601768
20
222.18563681023383
30
0
0
SPLINE
5
348
100
AcDbEntity
8
0
100
AcDbSpline
70
0
71
2
72
6
73
3
74
0
42
0.000000001
43
0.0000000001
44
0.0000000001
40
0
40
0
40
0
40
1
40
1
40
1
10
200.72724012601768
20
222.18563681023383
30
0
10
199.48181776273643
20
222.18563681023383
30
0
10
199.02027754056846
20
222.31017713921332
30
0
0
SPLINE
5
349
100
AcDbEntity
8
0
100
AcDbSpline
70
0
71
2
72
6
73
3
74
0
42
0.000000001
43
0.0000000001
44
0.0000000001
40
0
40
0
40
0
40
1
40
1
40
1
10
199.02027754056846
20
222.31017713921332
30
0
10
198.55873731840049
20
222.43471746819282
30
0
10
198.55873731840049
20
222.76439314263129
30
0
0
SPLINE
5
350
100
AcDbEntity
8
0
100
AcDbSpline
70
0
71
2
72
6
73
3
74
0
42
0.000000001
43
0.0000000001
44
0.0000000001
40
0
40
0
40
0
40
1
40
1
40
1
10
198.55873731840049
20
222.76439314263129
30
0
10
198.55873731840049
20
223.1966269530561
30
0
10
199.19610647428428
20
223.24058180229926
30
0
0
SPLINE
5
351
100
AcDbEntity
8
0
100
AcDbSpline
70
0
71
2
72
6
73
3
74
0
42
0.000000001
43
0.0000000001
44
0.0000000001
40
0
40
0
40
0
40
1
40
1
40
1
10
199.19610647428428
20
223.24058180229926
30
0
10
199.69426779020225
20
223.27721243279242
30
0
10
202.81514791715537
20
223.29918508904242
30
0
0
SPLINE
5
352
100
AcDbEntity
8
0
100
AcDbSpline
70
0
71
2
72
6
73
3
74
0
42
0.000000001
43
0.0000000001
44
0.0000000001
40
0
40
0
40
0
40
1
40
1
40
1
10
202.81514791715537
20
223.29918508904242
30
0
10
204.30965093839561
20
223.30650930779242
30
0
10
204.97632650602256
20
223.80468016045356
30
0
0
SPLINE
5
353
100
AcDbEntity
8
0
100
AcDbSpline
70
0
71
2
72
6
73
3
74
0
42
0.000000001
43
0.0000000001
44
0.0000000001
40
0
40
0
40
0
40
1
40
1
40
1
10
204.97632650602256
20
223.80468016045356
30
0
10
205.65031675565635
20
224.29552679436469
30
0
10
205.65031675565635
20
225.51164274590278
30
0
0
SPLINE
5
354
100
AcDbEntity
8
0
100
AcDbSpline
70
0
71
2
72
6
73
3
74
0
42
0.000000001
43
0.0000000001
44
0.0000000001
40
0
40
0
40
0
40
1
40
1
40
1
10
205.65031675565635
20
225.51164274590278
30
0
10
205.65031675565635
20
226.31750708000922
30
0
10
205.3865781234542
20
226.81933050530219
30
0
0
SPLINE
5
355
100
AcDbEntity
8
0
100
AcDbSpline
70
0
71
2
72
6
73
3
74
0
42
0.000000001
43
0.0000000001
44
0.0000000001
40
0
40
0
40
0
40
1
40
1
40
1
10
205.3865781234542
20
226.81933050530219
30
0
10
205.12283949125205
20
227.32116346733832
30
0
10
204.55874113309775
20
227.57025366204047
30
0
0
SPLINE
5
356
100
AcDbEntity
8
0
100
AcDbSpline
70
0
71
2
72
6
73
3
74
0
42
0.000000001
43
0.0000000001
44
0.0000000001
40
0
40
0
40
0
40
1
40
1
40
1
10
204.55874113309775
20
227.57025366204047
30
0
10
203.62101225126182
20
228.00248747246528
30
0
10
200.58804182279502
20
228.00248747246528
30
0
0
SPLINE
5
357
100
AcDbEntity
8
0
100
AcDbSpline
70
0
71
2
72
6
73
3
74
0
42
0.000000001
43
0.0000000001
44
0.0000000001
40
0
40
0
40
0
40
1
40
1
40
1
10
200.58804182279502
20
228.00248747246528
30
0
10
198.64664701688682
20
228.00248747246528
30
0
10
197.80416158903037
20
227.85230284111762
30
0
0
SPLINE
5
358
100
AcDbEntity
8
0
100
AcDbSpline
70
0
71
2
72
6
73
3
74
0
42
0.000000001
43
0.0000000001
44
0.0000000001
40
0
40
0
40
0
40
1
40
1
40
1
10
197.80416158903037
20
227.85230284111762
30
0
10
196.96166662443076
20
227.70211820976996
30
0
10
196.47815374601279
20
227.26256018059516
30
0
0
SPLINE
5
359
100
AcDbEntity
8
0
100
AcDbSpline
70
0
71
2
72
6
73
3
74
0
42
0.000000001
43
0.0000000001
44
0.0000000001
40
0
40
0
40
0
40
1
40
1
40
1
10
196.47815374601279
20
227.26256018059516
30
0
10
195.87742475736533
20
226.72043447869086
30
0
10
195.85544256437217
20
225.56292181389594
30
0
0
LINE
5
360
100
AcDbEntity
8
0
100
AcDbLine
10
79.848108607713328
20
250.21494512932563
30
0
11
79.848108607713328
21
240.1636565245893
31
0
0
LINE
5
361
100
AcDbEntity
8
0
100
AcDbLine
10
79.848108607713328
20
240.1636565245893
30
0
11
82.346277217749702
21
240.1636565245893
31
0
0
LINE
5
362
100
AcDbEntity
8
0
100
AcDbLine
10
82.346277217749702
20
240.1636565245893
30
0
11
82.346277217749702
21
241.1233675994184
31
0
0
LINE
5
363
100
AcDbEntity
8
0
100
AcDbLine
10
82.346277217749702
20
241.1233675994184
30
0
11
82.492797355536567
21
241.1233675994184
31
0
0
SPLINE
5
364
100
AcDbEntity
8
0
100
AcDbSpline
70
0
71
2
72
6
73
3
74
0
42
0.000000001
43
0.0000000001
44
0.0000000001
40
0
40
0
40
0
40
1
40
1
40
1
10
82.492797355536567
20
241.1233675994184
30
0
10
82.829793672446357
20
240.46402578728461
30
0
10
83.522101323489295
20
240.22226934807563
30
0
0
SPLINE
5
365
100
AcDbEntity
8
0
100
AcDbSpline
70
0
71
2
72
6
73
3
74
0
42
0.000000001
43
0.0000000001
44
0.0000000001
40
0
40
0
40
0
40
1
40
1
40
1
10
83.522101323489295
20
240.22226934807563
30
0
10
84.214408974532233
20
239.98051290886664
30
0
10
85.745544712428199
20
239.98051290886664
30
0
0
SPLINE
5
366
100
AcDbEntity
8
0
100
AcDbSpline
70
0
71
2
72
6
73
3
74
0
42
0.000000001
43
0.0000000001
44
0.0000000001
40
0
40
0
40
0
40
1
40
1
40
1
10
85.745544712428199
20
239.98051290886664
30
0
10
87.115508000735389
20
239.98051290886664
30
0
10
87.892064731005775
20
240.1599944152143
30
0
0
SPLINE
5
367
100
AcDbEntity
8
0
100
AcDbSpline
70
0
71
2
72
6
73
3
74
0
42
0.000000001
43
0.0000000001
44
0.0000000001
40
0
40
0
40
0
40
1
40
1
40
1
10
87.892064731005775
20
240.1599944152143
30
0
10
88.66862146127616
20
240.33948545830512
30
0
10
89.122833888415443
20
240.75706129448676
30
0
0
SPLINE
5
368
100
AcDbEntity
8
0
100
AcDbSpline
70
0
71
2
72
6
73
3
74
0
42
0.000000001
43
0.0000000001
44
0.0000000001
40
0
40
0
40
0
40
1
40
1
40
1
10
89.122833888415443
20
240.75706129448676
30
0
10
89.547742884043799
20
241.1453402556684
30
0
10
89.70158843267356
20
241.77171354668403
30
0
0
SPLINE
5
369
100
AcDbEntity
8
0
100
AcDbSpline
70
0
71
2
72
6
73
3
74
0
42
0.000000001
43
0.0000000001
44
0.0000000001
40
0
40
0
40
0
40
1
40
1
40
1
10
89.70158843267356
20
241.77171354668403
30
0
10
89.855435173396216
20
242.39808683769965
30
0
10
89.855435173396216
20
243.74607687371039
30
0
0
SPLINE
5
370
100
AcDbEntity
8
0
100
AcDbSpline
70
0
71
2
72
6
73
3
74
0
42
0.000000001
43
0.0000000001
44
0.0000000001
40
0
40
0
40
0
40
1
40
1
40
1
10
89.855435173396216
20
243.74607687371039
30
0
10
89.855435173396216
20
244.64717512505317
30
0
10
89.785838405970679
20
245.1526701964643
30
0
0
SPLINE
5
371
100
AcDbEntity
8
0
100
AcDbSpline
70
0
71
2
72
6
73
3
74
0
42
0.000000001
43
0.0000000001
44
0.0000000001
40
0
40
0
40
0
40
1
40
1
40
1
10
89.785838405970679
20
245.1526701964643
30
0
10
89.716240446452247
20
245.65816526787543
30
0
10
89.540416281108008
20
246.07575064080024
30
0
0
SPLINE
5
372
100
AcDbEntity
8
0
100
AcDbSpline
70
0
71
2
72
6
73
3
74
0
42
0.000000001
43
0.0000000001
44
0.0000000001
40
0
40
0
40
0
40
1
40
1
40
1
10
89.540416281108008
20
246.07575064080024
30
0
10
89.210745971087562
20
246.85229902642035
30
0
10
88.360929171923743
20
247.14900617974067
30
0
0
SPLINE
5
373
100
AcDbEntity
8
0
100
AcDbSpline
70
0
71
2
72
6
73
3
74
0
42
0.000000001
43
0.0000000001
44
0.0000000001
40
0
40
0
40
0
40
1
40
1
40
1
10
88.360929171923743
20
247.14900617974067
30
0
10
87.511112372759925
20
247.44571333306098
30
0
10
85.628328602198707
20
247.44571333306098
30
0
0
SPLINE
5
374
100
AcDbEntity
8
0
100
AcDbSpline
70
0
71
2
72
6
73
3
74
0
42
0.000000001
43
0.0000000001
44
0.0000000001
40
0
40
0
40
0
40
1
40
1
40
1
10
85.628328602198707
20
247.44571333306098
30
0
10
84.273017327670203
20
247.44571333306098
30
0
10
83.642980437163459
20
247.21494322197699
30
0
0
SPLINE
5
375
100
AcDbEntity
8
0
100
AcDbSpline
70
0
71
2
72
6
73
3
74
0
42
0.000000001
43
0.0000000001
44
0.0000000001
40
0
40
0
40
0
40
1
40
1
40
1
10
83.642980437163459
20
247.21494322197699
30
0
10
83.012943844679938
20
246.98417311089301
30
0
10
82.624665479544745
20
246.34681349175239
30
0
0
LINE
5
376
100
AcDbEntity
8
0
100
AcDbLine
10
82.624665479544745
20
246.34681349175239
30
0
11
82.50012336242591
21
246.34681349175239
31
0
0
LINE
5
377
100
AcDbEntity
8
0
100
AcDbLine
10
82.50012336242591
20
246.34681349175239
30
0
11
82.50012336242591
21
250.21494512932563
31
0
0
LINE
5
378
100
AcDbEntity
8
0
100
AcDbLine
10
82.50012336242591
20
250.21494512932563
30
0
11
79.848108607713328
21
250.21494512932563
31
0
0
SPLINE
5
379
100
AcDbEntity
8
0
100
AcDbSpline
70
0
71
2
72
6
73
3
74
0
42
0.000000001
43
0.0000000001
44
0.0000000001
40
0
40
0
40
0
40
1
40
1
40
1
10
84.947009961489783
20
241.98051100151801
30
0
10
83.276680092696296
20
241.98051100151801
30
0
10
82.888401727561103
20
242.31750135796332
30
0
0
SPLINE
5
380
100
AcDbEntity
8
0
100
AcDbSpline
70
0
71
2
72
6
73
3
74
0
42
0.000000001
43
0.0000000001
44
0.0000000001
40
0
40
0
40
0
40
1
40
1
40
1
10
82.888401727561103
20
242.31750135796332
30
0
10
82.50012336242591
20
242.6545012511518
30
0
10
82.50012336242591
20
243.79003172295356
30
0
0
SPLINE
5
381
100
AcDbEntity
8
0
100
AcDbSpline
70
0
71
2
72
6
73
3
74
0
42
0.000000001
43
0.0000000001
44
0.0000000001
40
0
40
0
40
0
40
1
40
1
40
1
10
82.50012336242591
20
243.79003172295356
30
0
10
82.50012336242591
20
244.39809446709418
30
0
10
82.610013465766059
20
244.70945005791449
30
0
0
SPLINE
5
382
100
AcDbEntity
8
0
100
AcDbSpline
70
0
71
2
72
6
73
3
74
0
42
0.000000001
43
0.0000000001
44
0.0000000001
40
0
40
0
40
0
40
1
40
1
40
1
10
82.610013465766059
20
244.70945005791449
30
0
10
82.719903569106208
20
245.02080564873481
30
0
10
82.990965824011909
20
245.17465238945746
30
0
0
SPLINE
5
383
100
AcDbEntity
8
0
100
AcDbSpline
70
0
71
2
72
6
73
3
74
0
42
0.000000001
43
0.0000000001
44
0.0000000001
40
0
40
0
40
0
40
1
40
1
40
1
10
82.990965824011909
20
245.17465238945746
30
0
10
83.452504258040534
20
245.44570570366645
30
0
10
84.866423885707007
20
245.44570570366645
30
0
0
SPLINE
5
384
100
AcDbEntity
8
0
100
AcDbSpline
70
0
71
2
72
6
73
3
74
0
42
0.000000001
43
0.0000000001
44
0.0000000001
40
0
40
0
40
0
40
1
40
1
40
1
10
84.866423885707007
20
245.44570570366645
30
0
10
86.33162526357566
20
245.44570570366645
30
0
10
86.771185676936256
20
245.1526701964643
30
0
0
SPLINE
5
385
100
AcDbEntity
8
0
100
AcDbSpline
70
0
71
2
72
6
73
3
74
0
42
0.000000001
43
0.0000000001
44
0.0000000001
40
0
40
0
40
0
40
1
40
1
40
1
10
86.771185676936256
20
245.1526701964643
30
0
10
87.020269911173926
20
244.98417501824164
30
0
10
87.111844699267493
20
244.65083723442817
30
0
0
SPLINE
5
386
100
AcDbEntity
8
0
100
AcDbSpline
70
0
71
2
72
6
73
3
74
0
42
0.000000001
43
0.0000000001
44
0.0000000001
40
0
40
0
40
0
40
1
40
1
40
1
10
87.111844699267493
20
244.65083723442817
30
0
10
87.203420083407508
20
244.31750898735785
30
0
10
87.203420083407508
20
243.60687857048774
30
0
0
SPLINE
5
387
100
AcDbEntity
8
0
100
AcDbSpline
70
0
71
2
72
6
73
3
74
0
42
0.000000001
43
0.0000000001
44
0.0000000001
40
0
40
0
40
0
40
1
40
1
40
1
10
87.203420083407508
20
243.60687857048774
30
0
10
87.203420083407508
20
242.95487051384711
30
0
10
87.093529980067359
20
242.6691496886518
30
0
0
SPLINE
5
388
100
AcDbEntity
8
0
100
AcDbSpline
70
0
71
2
72
6
73
3
74
0
42
0.000000001
43
0.0000000001
44
0.0000000001
40
0
40
0
40
0
40
1
40
1
40
1
10
87.093529980067359
20
242.6691496886518
30
0
10
86.98363987672721
20
242.38343840019965
30
0
10
86.675947587374793
20
242.22226744072699
30
0
0
SPLINE
5
389
100
AcDbEntity
8
0
100
AcDbSpline
70
0
71
2
72
6
73
3
74
0
42
0.000000001
43
0.0000000001
44
0.0000000001
40
0
40
0
40
0
40
1
40
1
40
1
10
86.675947587374793
20
242.22226744072699
30
0
10
86.221735160235511
20
241.98783522026801
30
0
10
84.947009961489783
20
241.98051100151801
30
0
0
LINE
5
390
100
AcDbEntity
8
0
100
AcDbLine
10
93.562394659403907
20
242.39076261894965
30
0
11
90.917706768397437
21
242.39076261894965
31
0
0
SPLINE
5
391
100
AcDbEntity
8
0
100
AcDbSpline
70
0
71
2
72
6
73
3
74
0
42
0.000000001
43
0.0000000001
44
0.0000000001
40
0
40
0
40
0
40
1
40
1
40
1
10
90.917706768397437
20
242.39076261894965
30
0
10
90.968988220576392
20
241.56292562859321
30
0
10
91.269355099085914
20
241.1380160369184
30
0
0
SPLINE
5
392
100
AcDbEntity
8
0
100
AcDbSpline
70
0
71
2
72
6
73
3
74
0
42
0.000000001
43
0.0000000001
44
0.0000000001
40
0
40
0
40
0
40
1
40
1
40
1
10
91.269355099085914
20
241.1380160369184
30
0
10
91.745544950846778
20
240.45670156853461
30
0
10
92.745545189265357
20
240.21494512932563
30
0
0
SPLINE
5
393
100
AcDbEntity
8
0
100
AcDbSpline
70
0
71
2
72
6
73
3
74
0
42
0.000000001
43
0.0000000001
44
0.0000000001
40
0
40
0
40
0
40
1
40
1
40
1
10
92.745545189265357
20
240.21494512932563
30
0
10
93.745545427683936
20
239.97317915337348
30
0
10
96.126498262766944
20
239.97317915337348
30
0
0
SPLINE
5
394
100
AcDbEntity
8
0
100
AcDbSpline
70
0
71
2
72
6
73
3
74
0
42
0.000000001
43
0.0000000001
44
0.0000000001
40
0
40
0
40
0
40
1
40
1
40
1
10
96.126498262766944
20
239.97317915337348
30
0
10
97.877413313273536
20
239.97317915337348
30
0
10
98.514775316599952
20
240.10505323784614
30
0
0
SPLINE
5
395
100
AcDbEntity
8
0
100
AcDbSpline
70
0
71
2
72
6
73
3
74
0
42
0.000000001
43
0.0000000001
44
0.0000000001
40
0
40
0
40
0
40
1
40
1
40
1
10
98.514775316599952
20
240.10505323784614
30
0
10
99.152138512019263
20
240.23691778557563
30
0
10
99.599024336222755
20
240.6838095702436
30
0
0
SPLINE
5
396
100
AcDbEntity
8
0
100
AcDbSpline
70
0
71
2
72
6
73
3
74
0
42
0.000000001
43
0.0000000001
44
0.0000000001
40
0
40
0
40
0
40
1
40
1
40
1
10
99.599024336222755
20
240.6838095702436
30
0
10
99.950672666911231
20
241.03545790093207
30
0
10
100.07887987363731
20
241.52995710747504
30
0
0
SPLINE
5
397
100
AcDbEntity
8
0
100
AcDbSpline
70
0
71
2
72
6
73
3
74
0
42
0.000000001
43
0.0000000001
44
0.0000000001
40
0
40
0
40
0
40
1
40
1
40
1
10
100.07887987363731
20
241.52995710747504
30
0
10
100.2070823119918
20
242.02446585076117
30
0
10
100.2070823119918
20
242.99150114434028
30
0
0
LINE
5
398
100
AcDbEntity
8
0
100
AcDbLine
10
100.2070823119918
20
242.99150114434025
30
0
11
100.2070823119918
21
247.26256018059516
31
0
0
LINE
5
399
100
AcDbEntity
8
0
100
AcDbLine
10
100.2070823119918
20
247.26256018059516
30
0
11
97.657633106593238
21
247.26256018059516
31
0
0
LINE
5
400
100
AcDbEntity
8
0
100
AcDbLine
10
97.657633106593238
20
247.26256018059516
30
0
11
97.657633106593238
21
246.29552488701606
31
0
0
LINE
5
401
100
AcDbEntity
8
0
100
AcDbLine
10
97.657633106593238
20
246.29552488701606
30
0
11
97.53309158552085
21
246.29552488701606
31
0
0
SPLINE
5
402
100
AcDbEntity
8
0
100
AcDbSpline
70
0
71
2
72
6
73
3
74
0
42
0.000000001
43
0.0000000001
44
0.0000000001
40
0
40
0
40
0
40
1
40
1
40
1
10
97.53309158552085
20
246.29552488701606
30
0
10
97.24005130994712
20
246.91091184990668
30
0
10
96.602688114527808
20
247.18929891960883
30
0
0
SPLINE
5
403
100
AcDbEntity
8
0
100
AcDbSpline
70
0
71
2
72
6
73
3
74
0
42
0.000000001
43
0.0000000001
44
0.0000000001
40
0
40
0
40
0
40
1
40
1
40
1
10
96.602688114527808
20
247.18929891960883
30
0
10
96.265691797618018
20
247.33582144158149
30
0
10
95.657633821848975
20
247.39076261894965
30
0
0
SPLINE
5
404
100
AcDbEntity
8
0
100
AcDbSpline
70
0
71
2
72
6
73
3
74
0
42
0.000000001
43
0.0000000001
44
0.0000000001
40
0
40
0
40
0
40
1
40
1
40
1
10
95.657633821848975
20
247.39076261894965
30
0
10
95.049574653987037
20
247.44571333306098
30
0
10
93.723566810969459
20
247.44571333306098
30
0
0
SPLINE
5
405
100
AcDbEntity
8
0
100
AcDbSpline
70
0
71
2
72
6
73
3
74
0
42
0.000000001
43
0.0000000001
44
0.0000000001
40
0
40
0
40
0
40
1
40
1
40
1
10
93.723566810969459
20
247.44571333306098
30
0
10
92.653969805125342
20
247.44571333306098
30
0
10
92.075215856913672
20
247.31017713921332
30
0
0
SPLINE
5
406
100
AcDbEntity
8
0
100
AcDbSpline
70
0
71
2
72
6
73
3
74
0
42
0.000000001
43
0.0000000001
44
0.0000000001
40
0
40
0
40
0
40
1
40
1
40
1
10
92.075215856913672
20
247.31017713921332
30
0
10
91.496460716609107
20
247.17465048210883
30
0
10
91.144812385920631
20
246.84497480767035
30
0
0
SPLINE
5
407
100
AcDbEntity
8
0
100
AcDbSpline
70
0
71
2
72
6
73
3
74
0
42
0.000000001
43
0.0000000001
44
0.0000000001
40
0
40
0
40
0
40
1
40
1
40
1
10
91.144812385920631
20
246.84497480767035
30
0
10
90.631991903666602
20
246.35413771050239
30
0
10
90.631991903666602
20
245.24057989495063
30
0
0
SPLINE
5
408
100
AcDbEntity
8
0
100
AcDbSpline
70
0
71
2
72
6
73
3
74
0
42
0.000000001
43
0.0000000001
44
0.0000000001
40
0
40
0
40
0
40
1
40
1
40
1
10
90.631991903666602
20
245.24057989495063
30
0
10
90.631991903666602
20
244.00249128716254
30
0
10
91.240051071528541
20
243.45303182976508
30
0
0
SPLINE
5
409
100
AcDbEntity
8
0
100
AcDbSpline
70
0
71
2
72
6
73
3
74
0
42
0.000000001
43
0.0000000001
44
0.0000000001
40
0
40
0
40
0
40
1
40
1
40
1
10
91.240051071528541
20
243.45303182976508
30
0
10
91.723567526225196
20
243.02079801934028
30
0
10
92.514776270274268
20
242.88893347161078
30
0
0
SPLINE
5
410
100
AcDbEntity
8
0
100
AcDbSpline
70
0
71
2
72
6
73
3
74
0
42
0.000000001
43
0.0000000001
44
0.0000000001
40
0
40
0
40
0
40
1
40
1
40
1
10
92.514776270274268
20
242.88893347161078
30
0
10
93.30598501432334
20
242.75706892388129
30
0
10
95.430527012232886
20
242.75706892388129
30
0
0
SPLINE
5
411
100
AcDbEntity
8
0
100
AcDbSpline
70
0
71
2
72
6
73
3
74
0
42
0.000000001
43
0.0000000001
44
0.0000000001
40
0
40
0
40
0
40
1
40
1
40
1
10
95.430527012232886
20
242.75706892388129
30
0
10
96.346277277354346
20
242.75706892388129
30
0
10
96.738218347910987
20
242.86328916924262
30
0
0
SPLINE
5
412
100
AcDbEntity
8
0
100
AcDbSpline
70
0
71
2
72
6
73
3
74
0
42
0.000000001
43
0.0000000001
44
0.0000000001
40
0
40
0
40
0
40
1
40
1
40
1
10
96.738218347910987
20
242.86328916924262
30
0
10
97.130160610560523
20
242.96951895134711
30
0
10
97.43785289991294
20
243.31384306328559
30
0
0
LINE
5
413
100
AcDbEntity
8
0
100
AcDbLine
10
97.43785289991294
20
243.31384306328559
30
0
11
97.555069010142432
21
243.31384306328559
31
0
0
LINE
5
414
100
AcDbEntity
8
0
100
AcDbLine
10
97.555069010142432
20
243.31384306328559
30
0
11
97.555069010142432
21
242.94021253960395
31
0
0
SPLINE
5
415
100
AcDbEntity
8
0
100
AcDbSpline
70
0
71
2
72
6
73
3
74
0
42
0.000000001
43
0.0000000001
44
0.0000000001
40
0
40
0
40
0
40
1
40
1
40
1
10
97.555069010142432
20
242.94021253960395
30
0
10
97.555069010142432
20
242.1050513304975
30
0
10
97.247376720790015
20
241.89260130303168
30
0
0
SPLINE
5
416
100
AcDbEntity
8
0
100
AcDbSpline
70
0
71
2
72
6
73
3
74
0
42
0.000000001
43
0.0000000001
44
0.0000000001
40
0
40
0
40
0
40
1
40
1
40
1
10
97.247376720790015
20
241.89260130303168
30
0
10
96.939684431437598
20
241.6801417388227
30
0
10
95.730892698649512
20
241.6801417388227
30
0
0
SPLINE
5
417
100
AcDbEntity
8
0
100
AcDbSpline
70
0
71
2
72
6
73
3
74
0
42
0.000000001
43
0.0000000001
44
0.0000000001
40
0
40
0
40
0
40
1
40
1
40
1
10
95.730892698649512
20
241.6801417388227
30
0
10
94.302321951274024
20
241.6801417388227
30
0
10
93.965325634364234
20
241.79003363030219
30
0
0
SPLINE
5
418
100
AcDbEntity
8
0
100
AcDbSpline
70
0
71
2
72
6
73
3
74
0
42
0.000000001
43
0.0000000001
44
0.0000000001
40
0
40
0
40
0
40
1
40
1
40
1
10
93.965325634364234
20
241.79003363030219
30
0
10
93.628329317454444
20
241.89992552178168
30
0
10
93.562394659403907
20
242.39076261894965
30
0
0
SPLINE
5
419
100
AcDbEntity
8
0
100
AcDbSpline
70
0
71
2
72
6
73
3
74
0
42
0.000000001
43
0.0000000001
44
0.0000000001
40
0
40
0
40
0
40
1
40
1
40
1
10
95.335288326624976
20
244.26622038262153
30
0
10
93.994629661921607
20
244.26622038262153
30
0
10
93.672285358790504
20
244.42739134209418
30
0
0
SPLINE
5
420
100
AcDbEntity
8
0
100
AcDbSpline
70
0
71
2
72
6
73
3
74
0
42
0.000000001
43
0.0000000001
44
0.0000000001
40
0
40
0
40
0
40
1
40
1
40
1
10
93.672285358790504
20
244.42739134209418
30
0
10
93.284006397608863
20
244.61786871331
30
0
10
93.284006397608863
20
245.00614767449164
30
0
0
SPLINE
5
421
100
AcDbEntity
8
0
100
AcDbSpline
70
0
71
2
72
6
73
3
74
0
42
0.000000001
43
0.0000000001
44
0.0000000001
40
0
40
0
40
0
40
1
40
1
40
1
10
93.284006397608863
20
245.00614767449164
30
0
10
93.284006397608863
20
245.43838148491645
30
0
10
93.664958755854713
20
245.5922282256391
30
0
0
SPLINE
5
422
100
AcDbEntity
8
0
100
AcDbSpline
70
0
71
2
72
6
73
3
74
0
42
0.000000001
43
0.0000000001
44
0.0000000001
40
0
40
0
40
0
40
1
40
1
40
1
10
93.664958755854713
20
245.5922282256391
30
0
10
94.045911114100562
20
245.74607496636176
30
0
10
95.115508119944678
20
245.74607496636176
30
0
0
SPLINE
5
423
100
AcDbEntity
8
0
100
AcDbSpline
70
0
71
2
72
6
73
3
74
0
42
0.000000001
43
0.0000000001
44
0.0000000001
40
0
40
0
40
0
40
1
40
1
40
1
10
95.115508119944678
20
245.74607496636176
30
0
10
96.507450621012794
20
245.74607496636176
30
0
10
97.005619089488135
20
245.5775797881391
30
0
0
SPLINE
5
424
100
AcDbEntity
8
0
100
AcDbSpline
70
0
71
2
72
6
73
3
74
0
42
0.000000001
43
0.0000000001
44
0.0000000001
40
0
40
0
40
0
40
1
40
1
40
1
10
97.005619089488135
20
245.5775797881391
30
0
10
97.503787557963477
20
245.40908460991645
30
0
10
97.503787557963477
20
244.94022016899848
30
0
0
SPLINE
5
425
100
AcDbEntity
8
0
100
AcDbSpline
70
0
71
2
72
6
73
3
74
0
42
0.000000001
43
0.0000000001
44
0.0000000001
40
0
40
0
40
0
40
1
40
1
40
1
10
97.503787557963477
20
244.94022016899848
30
0
10
97.503787557963477
20
244.51531057732367
30
0
10
97.071552555445777
20
244.35413961785102
30
0
0
SPLINE
5
426
100
AcDbEntity
8
0
100
AcDbSpline
70
0
71
2
72
6
73
3
74
0
42
0.000000001
43
0.0000000001
44
0.0000000001
40
0
40
0
40
0
40
1
40
1
40
1
10
97.071552555445777
20
244.35413961785102
30
0
10
96.873749773387061
20
244.28087835686469
30
0
10
95.335288326624976
20
244.26622038262153
30
0
0
LINE
5
427
100
AcDbEntity
8
0
100
AcDbLine
10
101.13016037214194
20
245.00614767449164
30
0
11
103.83345751035606
21
245.00614767449164
31
0
0
SPLINE
5
428
100
AcDbEntity
8
0
100
AcDbSpline
70
0
71
2
72
6
73
3
74
0
42
0.000000001
43
0.0000000001
44
0.0000000001
40
0
40
0
40
0
40
1
40
1
40
1
10
103.83345751035606
20
245.00614767449164
30
0
10
103.87008814084922
20
245.46036367790961
30
0
10
104.33895258176719
20
245.62885885613227
30
0
0
SPLINE
5
429
100
AcDbEntity
8
0
100
AcDbSpline
70
0
71
2
72
6
73
3
74
0
42
0.000000001
43
0.0000000001
44
0.0000000001
40
0
40
0
40
0
40
1
40
1
40
1
10
104.33895258176719
20
245.62885885613227
30
0
10
104.80781702268516
20
245.79735403435492
30
0
10
106.05323700178062
20
245.79735403435492
30
0
0
SPLINE
5
430
100
AcDbEntity
8
0
100
AcDbSpline
70
0
71
2
72
6
73
3
74
0
42
0.000000001
43
0.0000000001
44
0.0000000001
40
0
40
0
40
0
40
1
40
1
40
1
10
106.05323700178062
20
245.79735403435492
30
0
10
107.34261421430503
20
245.79735403435492
30
0
10
107.807816545848
20
245.65816526787543
30
0
0
SPLINE
5
431
100
AcDbEntity
8
0
100
AcDbSpline
70
0
71
2
72
6
73
3
74
0
42
0.000000001
43
0.0000000001
44
0.0000000001
40
0
40
0
40
0
40
1
40
1
40
1
10
107.807816545848
20
245.65816526787543
30
0
10
108.27301649320518
20
245.51896696465278
30
0
10
108.27301649320518
20
245.1380217589643
30
0
0
SPLINE
5
432
100
AcDbEntity
8
0
100
AcDbSpline
70
0
71
2
72
6
73
3
74
0
42
0.000000001
43
0.0000000001
44
0.0000000001
40
0
40
0
40
0
40
1
40
1
40
1
10
108.27301649320518
20
245.1380217589643
30
0
10
108.27301649320518
20
244.77171545403266
30
0
10
107.82613186109458
20
244.64717512505317
30
0
0
SPLINE
5
433
100
AcDbEntity
8
0
100
AcDbSpline
70
0
71
2
72
6
73
3
74
0
42
0.000000001
43
0.0000000001
44
0.0000000001
40
0
40
0
40
0
40
1
40
1
40
1
10
107.82613186109458
20
244.64717512505317
30
0
10
107.62100366819297
20
244.58857183831
30
0
10
105.56239513624107
20
244.56658964531684
30
0
0
SPLINE
5
434
100
AcDbEntity
8
0
100
AcDbSpline
70
0
71
2
72
6
73
3
74
0
42
0.000000001
43
0.0000000001
44
0.0000000001
40
0
40
0
40
0
40
1
40
1
40
1
10
105.56239513624107
20
244.56658964531684
30
0
10
103.64298013914023
20
244.56658964531684
30
0
10
103.19609550702964
20
244.50065260308051
30
0
0
SPLINE
5
435
100
AcDbEntity
8
0
100
AcDbSpline
70
0
71
2
72
6
73
3
74
0
42
0.000000001
43
0.0000000001
44
0.0000000001
40
0
40
0
40
0
40
1
40
1
40
1
10
103.19609550702964
20
244.50065260308051
30
0
10
101.95067314374839
20
244.33215742485785
30
0
10
101.51111273038779
20
243.68746405022407
30
0
0
SPLINE
5
436
100
AcDbEntity
8
0
100
AcDbSpline
70
0
71
2
72
6
73
3
74
0
42
0.000000001
43
0.0000000001
44
0.0000000001
40
0
40
0
40
0
40
1
40
1
40
1
10
101.51111273038779
20
243.68746405022407
30
0
10
101.1814418243209
20
243.2039511718061
30
0
10
101.1814418243209
20
242.38343840019965
30
0
0
SPLINE
5
437
100
AcDbEntity
8
0
100
AcDbSpline
70
0
71
2
72
6
73
3
74
0
42
0.000000001
43
0.0000000001
44
0.0000000001
40
0
40
0
40
0
40
1
40
1
40
1
10
101.1814418243209
20
242.38343840019965
30
0
10
101.1814418243209
20
240.81567411797309
30
0
10
102.33895210493003
20
240.33948545830512
30
0
0
SPLINE
5
438
100
AcDbEntity
8
0
100
AcDbSpline
70
0
71
2
72
6
73
3
74
0
42
0.000000001
43
0.0000000001
44
0.0000000001
40
0
40
0
40
0
40
1
40
1
40
1
10
102.33895210493003
20
240.33948545830512
30
0
10
103.21074632871543
20
239.98051290886664
30
0
10
106.08254102933799
20
239.98051290886664
30
0
0
SPLINE
5
439
100
AcDbEntity
8
0
100
AcDbSpline
70
0
71
2
72
6
73
3
74
0
42
0.000000001
43
0.0000000001
44
0.0000000001
40
0
40
0
40
0
40
1
40
1
40
1
10
106.08254102933799
20
239.98051290886664
30
0
10
107.89206651914512
20
239.98051290886664
30
0
10
108.71257929075156
20
240.11603956597114
30
0
0
SPLINE
5
440
100
AcDbEntity
8
0
100
AcDbSpline
70
0
71
2
72
6
73
3
74
0
42
0.000000001
43
0.0000000001
44
0.0000000001
40
0
40
0
40
0
40
1
40
1
40
1
10
108.71257929075156
20
240.11603956597114
30
0
10
109.53309206235801
20
240.25157575981879
30
0
10
109.9873032974044
20
240.63252096550727
30
0
0
SPLINE
5
441
100
AcDbEntity
8
0
100
AcDbSpline
70
0
71
2
72
6
73
3
74
0
42
0.000000001
43
0.0000000001
44
0.0000000001
40
0
40
0
40
0
40
1
40
1
40
1
10
109.9873032974044
20
240.63252096550727
30
0
10
110.26569036710654
20
240.86695318596625
30
0
10
110.38657097089683
20
241.19662886040473
30
0
0
SPLINE
5
442
100
AcDbEntity
8
0
100
AcDbSpline
70
0
71
2
72
6
73
3
74
0
42
0.000000001
43
0.0000000001
44
0.0000000001
40
0
40
0
40
0
40
1
40
1
40
1
10
110.38657097089683
20
241.19662886040473
30
0
10
110.50744919050132
20
241.52629499810004
30
0
10
110.55873064268027
20
242.17098837273383
30
0
0
LINE
5
443
100
AcDbEntity
8
0
100
AcDbLine
10
110.55873064268029
20
242.17098837273383
30
0
11
107.85543588865195
21
242.17098837273383
31
0
0
SPLINE
5
444
100
AcDbEntity
8
0
100
AcDbSpline
70
0
71
2
72
6
73
3
74
0
42
0.000000001
43
0.0000000001
44
0.0000000001
40
0
40
0
40
0
40
1
40
1
40
1
10
107.85543588865195
20
242.17098837273383
30
0
10
107.78217462766563
20
241.90724974053168
30
0
10
107.67228512037192
20
241.83398847954535
30
0
0
SPLINE
5
445
100
AcDbEntity
8
0
100
AcDbSpline
70
0
71
2
72
6
73
3
74
0
42
0.000000001
43
0.0000000001
44
0.0000000001
40
0
40
0
40
0
40
1
40
1
40
1
10
107.67228512037192
20
241.83398847954535
30
0
10
107.34261421430503
20
241.62886267082953
30
0
10
106.00195554960166
20
241.62886267082953
30
0
0
SPLINE
5
446
100
AcDbEntity
8
0
100
AcDbSpline
70
0
71
2
72
6
73
3
74
0
42
0.000000001
43
0.0000000001
44
0.0000000001
40
0
40
0
40
0
40
1
40
1
40
1
10
106.00195554960166
20
241.62886267082953
30
0
10
104.75653318632041
20
241.62886267082953
30
0
10
104.29499534833823
20
241.75340299980903
30
0
0
SPLINE
5
447
100
AcDbEntity
8
0
100
AcDbSpline
70
0
71
2
72
6
73
3
74
0
42
0.000000001
43
0.0000000001
44
0.0000000001
40
0
40
0
40
0
40
1
40
1
40
1
10
104.29499534833823
20
241.75340299980903
30
0
10
103.83345751035606
20
241.87794332878852
30
0
10
103.83345751035606
20
242.20761900322699
30
0
0
SPLINE
5
448
100
AcDbEntity
8
0
100
AcDbSpline
70
0
71
2
72
6
73
3
74
0
42
0.000000001
43
0.0000000001
44
0.0000000001
40
0
40
0
40
0
40
1
40
1
40
1
10
103.83345751035606
20
242.20761900322699
30
0
10
103.83345751035606
20
242.6398528136518
30
0
10
104.47081951368247
20
242.68380766289496
30
0
0
SPLINE
5
449
100
AcDbEntity
8
0
100
AcDbSpline
70
0
71
2
72
6
73
3
74
0
42
0.000000001
43
0.0000000001
44
0.0000000001
40
0
40
0
40
0
40
1
40
1
40
1
10
104.47081951368247
20
242.68380766289496
30
0
10
104.96898798215781
20
242.72043829338813
30
0
10
108.08986810911094
20
242.74241094963813
30
0
0
SPLINE
5
450
100
AcDbEntity
8
0
100
AcDbSpline
70
0
71
2
72
6
73
3
74
0
42
0.000000001
43
0.0000000001
44
0.0000000001
40
0
40
0
40
0
40
1
40
1
40
1
10
108.08986810911094
20
242.74241094963813
30
0
10
109.58437351453696
20
242.74973516838813
30
0
10
110.25103954542075
20
243.24790602104926
30
0
0
SPLINE
5
451
100
AcDbEntity
8
0
100
AcDbSpline
70
0
71
2
72
6
73
3
74
0
42
0.000000001
43
0.0000000001
44
0.0000000001
40
0
40
0
40
0
40
1
40
1
40
1
10
110.25103954542075
20
243.24790602104926
30
0
10
110.92503217924033
20
243.73875265496039
30
0
10
110.92503217924033
20
244.95486860649848
30
0
0
SPLINE
5
452
100
AcDbEntity
8
0
100
AcDbSpline
70
0
71
2
72
6
73
3
74
0
42
0.000000001
43
0.0000000001
44
0.0000000001
40
0
40
0
40
0
40
1
40
1
40
1
10
110.92503217924033
20
244.95486860649848
30
0
10
110.92503217924033
20
245.76073294060492
30
0
10
110.66129593122398
20
246.26255636589789
30
0
0
SPLINE
5
453
100
AcDbEntity
8
0
100
AcDbSpline
70
0
71
2
72
6
73
3
74
0
42
0.000000001
43
0.0000000001
44
0.0000000001
40
0
40
0
40
0
40
1
40
1
40
1
10
110.66129593122398
20
246.26255636589789
30
0
10
110.39755968320762
20
246.76438932793403
30
0
10
109.83345655668174
20
247.01347952263617
30
0
0
SPLINE
5
454
100
AcDbEntity
8
0
100
AcDbSpline
70
0
71
2
72
6
73
3
74
0
42
0.000000001
43
0.0000000001
44
0.0000000001
40
0
40
0
40
0
40
1
40
1
40
1
10
109.83345655668174
20
247.01347952263617
30
0
10
108.8957276748458
20
247.44571333306098
30
0
10
105.86276201475059
20
247.44571333306098
30
0
0
SPLINE
5
455
100
AcDbEntity
8
0
100
AcDbSpline
70
0
71
2
72
6
73
3
74
0
42
0.000000001
43
0.0000000001
44
0.0000000001
40
0
40
0
40
0
40
1
40
1
40
1
10
105.86276201475059
20
247.44571333306098
30
0
10
103.92136959302817
20
247.44571333306098
30
0
10
103.07887939680015
20
247.29552870171332
30
0
0
SPLINE
5
456
100
AcDbEntity
8
0
100
AcDbSpline
70
0
71
2
72
6
73
3
74
0
42
0.000000001
43
0.0000000001
44
0.0000000001
40
0
40
0
40
0
40
1
40
1
40
1
10
103.07887939680015
20
247.29552870171332
30
0
10
102.23638681638633
20
247.14534407036567
30
0
10
101.75287155378257
20
246.70578604119086
30
0
0
SPLINE
5
457
100
AcDbEntity
8
0
100
AcDbSpline
70
0
71
2
72
6
73
3
74
0
42
0.000000001
43
0.0000000001
44
0.0000000001
40
0
40
0
40
0
40
1
40
1
40
1
10
101.75287155378257
20
246.70578604119086
30
0
10
101.15213779676353
20
246.16366033928657
30
0
10
101.13016037214194
20
245.00614767449164
30
0
0
LINE
5
458
100
AcDbEntity
8
0
100
AcDbLine
10
125.45250562894736
20
237.26256018059516
30
0
11
125.45250562894736
21
247.26256018059516
31
0
0
LINE
5
459
100
AcDbEntity
8
0
100
AcDbLine
10
125.45250562894736
20
247.26256018059516
30
0
11
122.95433668363486
21
247.26256018059516
31
0
0
LINE
5
460
100
AcDbEntity
8
0
100
AcDbLine
10
122.95433668363486
20
247.26256018059516
30
0
11
122.95433668363486
21
246.33215551750922
31
0
0
LINE
5
461
100
AcDbEntity
8
0
100
AcDbLine
10
122.95433668363486
20
246.33215551750922
30
0
11
122.80781416166221
21
246.33215551750922
31
0
0
SPLINE
5
462
100
AcDbEntity
8
0
100
AcDbSpline
70
0
71
2
72
6
73
3
74
0
42
0.000000001
43
0.0000000001
44
0.0000000001
40
0
40
0
40
0
40
1
40
1
40
1
10
122.80781416166221
20
246.33215551750922
30
0
10
122.52942709196006
20
246.81567793267035
30
0
10
122.19243196714316
20
247.01347952263617
30
0
0
SPLINE
5
463
100
AcDbEntity
8
0
100
AcDbSpline
70
0
71
2
72
6
73
3
74
0
42
0.000000001
43
0.0000000001
44
0.0000000001
40
0
40
0
40
0
40
1
40
1
40
1
10
122.19243196714316
20
247.01347952263617
30
0
10
121.45982889402305
20
247.44571333306098
30
0
10
119.67228559720908
20
247.44571333306098
30
0
0
SPLINE
5
464
100
AcDbEntity
8
0
100
AcDbSpline
70
0
71
2
72
6
73
3
74
0
42
0.000000001
43
0.0000000001
44
0.0000000001
40
0
40
0
40
0
40
1
40
1
40
1
10
119.67228559720908
20
247.44571333306098
30
0
10
118.23638586271201
20
247.44571333306098
30
0
10
117.45983032453452
20
247.27720861809516
30
0
0
SPLINE
5
465
100
AcDbEntity
8
0
100
AcDbSpline
70
0
71
2
72
6
73
3
74
0
42
0.000000001
43
0.0000000001
44
0.0000000001
40
0
40
0
40
0
40
1
40
1
40
1
10
117.45983032453452
20
247.27720861809516
30
0
10
116.68327240217124
20
247.1087134398725
30
0
10
116.22906116712485
20
246.6911280669477
30
0
0
SPLINE
5
466
100
AcDbEntity
8
0
100
AcDbSpline
70
0
71
2
72
6
73
3
74
0
42
0.000000001
43
0.0000000001
44
0.0000000001
40
0
40
0
40
0
40
1
40
1
40
1
10
116.22906116712485
20
246.6911280669477
30
0
10
115.78950075376426
20
246.29552488701606
30
0
10
115.62466530073081
20
245.64351683037543
30
0
0
SPLINE
5
467
100
AcDbEntity
8
0
100
AcDbSpline
70
0
71
2
72
6
73
3
74
0
42
0.000000001
43
0.0000000001
44
0.0000000001
40
0
40
0
40
0
40
1
40
1
40
1
10
115.62466530073081
20
245.64351683037543
30
0
10
115.45982984769736
20
244.99149923699164
30
0
10
115.45982984769736
20
243.67281561272407
30
0
0
SPLINE
5
468
100
AcDbEntity
8
0
100
AcDbSpline
70
0
71
2
72
6
73
3
74
0
42
0.000000001
43
0.0000000001
44
0.0000000001
40
0
40
0
40
0
40
1
40
1
40
1
10
115.45982984769736
20
243.67281561272407
30
0
10
115.45982984769736
20
242.75706892388129
30
0
10
115.55140403974448
20
242.20028524773383
30
0
0
SPLINE
5
469
100
AcDbEntity
8
0
100
AcDbSpline
70
0
71
2
72
6
73
3
74
0
42
0.000000001
43
0.0000000001
44
0.0000000001
40
0
40
0
40
0
40
1
40
1
40
1
10
115.55140403974448
20
242.20028524773383
30
0
10
115.64298061597739
20
241.64351110832953
30
0
10
115.8627596305648
20
241.21860151665473
30
0
0
SPLINE
5
470
100
AcDbEntity
8
0
100
AcDbSpline
70
0
71
2
72
6
73
3
74
0
42
0.000000001
43
0.0000000001
44
0.0000000001
40
0
40
0
40
0
40
1
40
1
40
1
10
115.8627596305648
20
241.21860151665473
30
0
10
116.28034261930381
20
240.42739515679145
30
0
10
117.32796100843345
20
240.1709807433393
30
0
0
SPLINE
5
471
100
AcDbEntity
8
0
100
AcDbSpline
70
0
71
2
72
6
73
3
74
0
42
0.000000001
43
0.0000000001
44
0.0000000001
40
0
40
0
40
0
40
1
40
1
40
1
10
117.32796100843345
20
240.1709807433393
30
0
10
118.09719232786094
20
239.98051290886664
30
0
10
119.70158724058066
20
239.98051290886664
30
0
0
SPLINE
5
472
100
AcDbEntity
8
0
100
AcDbSpline
70
0
71
2
72
6
73
3
74
0
42
0.000000001
43
0.0000000001
44
0.0000000001
40
0
40
0
40
0
40
1
40
1
40
1
10
119.70158724058066
20
239.98051290886664
30
0
10
121.10085634458457
20
239.98051290886664
30
0
10
121.70525221097861
20
240.21127348320746
30
0
0
SPLINE
5
473
100
AcDbEntity
8
0
100
AcDbSpline
70
0
71
2
72
6
73
3
74
0
42
0.000000001
43
0.0000000001
44
0.0000000001
40
0
40
0
40
0
40
1
40
1
40
1
10
121.70525221097861
20
240.21127348320746
30
0
10
122.30964807737266
20
240.44204359429145
30
0
10
122.69059805143272
20
241.1160433806684
30
0
0
LINE
5
474
100
AcDbEntity
8
0
100
AcDbLine
10
122.69059805143272
20
241.1160433806684
30
0
11
122.80048994291221
21
241.1160433806684
31
0
0
LINE
5
475
100
AcDbEntity
8
0
100
AcDbLine
10
122.80048994291221
20
241.1160433806684
30
0
11
122.80048994291221
21
237.26256018059516
31
0
0
LINE
5
476
100
AcDbEntity
8
0
100
AcDbLine
10
122.80048994291221
20
237.26256018059516
30
0
11
125.45250562894736
21
237.26256018059516
31
0
0
SPLINE
5
477
100
AcDbEntity
8
0
100
AcDbSpline
70
0
71
2
72
6
73
3
74
0
42
0.000000001
43
0.0000000001
44
0.0000000001
40
0
40
0
40
0
40
1
40
1
40
1
10
120.56605962980186
20
241.98051100151801
30
0
10
118.99829057920371
20
241.98051100151801
30
0
10
118.55506805646812
20
242.28087072747016
30
0
0
SPLINE
5
478
100
AcDbEntity
8
0
100
AcDbSpline
70
0
71
2
72
6
73
3
74
0
42
0.000000001
43
0.0000000001
44
0.0000000001
40
0
40
0
40
0
40
1
40
1
40
1
10
118.55506805646812
20
242.28087072747016
30
0
10
118.11184553373252
20
242.58123999016547
30
0
10
118.11184553373252
20
243.6361849822309
30
0
0
SPLINE
5
479
100
AcDbEntity
8
0
100
AcDbSpline
70
0
71
2
72
6
73
3
74
0
42
0.000000001
43
0.0000000001
44
0.0000000001
40
0
40
0
40
0
40
1
40
1
40
1
10
118.11184553373252
20
243.6361849822309
30
0
10
118.11184553373252
20
244.43472509758735
30
0
10
118.2437124656478
20
244.77537756340766
30
0
0
SPLINE
5
480
100
AcDbEntity
8
0
100
AcDbSpline
70
0
71
2
72
6
73
3
74
0
42
0.000000001
43
0.0000000001
44
0.0000000001
40
0
40
0
40
0
40
1
40
1
40
1
10
118.2437124656478
20
244.77537756340766
30
0
10
118.37558178174888
20
245.11603956597114
30
0
10
118.73455433118735
20
245.25523786919379
30
0
0
SPLINE
5
481
100
AcDbEntity
8
0
100
AcDbSpline
70
0
71
2
72
6
73
3
74
0
42
0.000000001
43
0.0000000001
44
0.0000000001
40
0
40
0
40
0
40
1
40
1
40
1
10
118.73455433118735
20
245.25523786919379
30
0
10
119.21074537504111
20
245.44570570366645
30
0
10
120.40488390195762
20
245.44570570366645
30
0
0
SPLINE
5
482
100
AcDbEntity
8
0
100
AcDbSpline
70
0
71
2
72
6
73
3
74
0
42
0.000000001
43
0.0000000001
44
0.0000000001
40
0
40
0
40
0
40
1
40
1
40
1
10
120.40488390195762
20
245.44570570366645
30
0
10
121.88473848569785
20
245.44570570366645
30
0
10
122.3755803512374
20
245.1380217589643
30
0
0
SPLINE
5
483
100
AcDbEntity
8
0
100
AcDbSpline
70
0
71
2
72
6
73
3
74
0
42
0.000000001
43
0.0000000001
44
0.0000000001
40
0
40
0
40
0
40
1
40
1
40
1
10
122.3755803512374
20
245.1380217589643
30
0
10
122.61733679044639
20
244.99149923699164
30
0
10
122.71624235380088
20
244.66915731804633
30
0
0
SPLINE
5
484
100
AcDbEntity
8
0
100
AcDbSpline
70
0
71
2
72
6
73
3
74
0
42
0.000000001
43
0.0000000001
44
0.0000000001
40
0
40
0
40
0
40
1
40
1
40
1
10
122.71624235380088
20
244.66915731804633
30
0
10
122.81514314878379
20
244.34680586235785
30
0
10
122.81514314878379
20
243.72409468071723
30
0
0
SPLINE
5
485
100
AcDbEntity
8
0
100
AcDbSpline
70
0
71
2
72
6
73
3
74
0
42
0.000000001
43
0.0000000001
44
0.0000000001
40
0
40
0
40
0
40
1
40
1
40
1
10
122.81514314878379
20
243.72409468071723
30
0
10
122.81514314878379
20
242.99882536309028
30
0
10
122.68327383268272
20
242.6618254699018
30
0
0
SPLINE
5
486
100
AcDbEntity
8
0
100
AcDbSpline
70
0
71
2
72
6
73
3
74
0
42
0.000000001
43
0.0000000001
44
0.0000000001
40
0
40
0
40
0
40
1
40
1
40
1
10
122.68327383268272
20
242.6618254699018
30
0
10
122.55140451658164
20
242.32483511345649
30
0
10
122.21440939176475
20
242.18563681023383
30
0
0
SPLINE
5
487
100
AcDbEntity
8
0
100
AcDbSpline
70
0
71
2
72
6
73
3
74
0
42
0.000000001
43
0.0000000001
44
0.0000000001
40
0
40
0
40
0
40
1
40
1
40
1
10
122.21440939176475
20
242.18563681023383
30
0
10
121.7308917449752
20
241.98051100151801
30
0
10
120.56605962980186
20
241.98051100151801
30
0
0
LINE
5
488
100
AcDbEntity
8
0
100
AcDbLine
10
129.35726789701377
20
242.39076261894965
30
0
11
126.7125811981002
21
242.39076261894965
31
0
0
SPLINE
5
489
100
AcDbEntity
8
0
100
AcDbSpline
70
0
71
2
72
6
73
3
74
0
42
0.000000001
43
0.0000000001
44
0.0000000001
40
0
40
0
40
0
40
1
40
1
40
1
10
126.7125811981002
20
242.39076261894965
30
0
10
126.76386026609336
20
241.56292562859321
30
0
10
127.06422952878867
20
241.1380160369184
30
0
0
SPLINE
5
490
100
AcDbEntity
8
0
100
AcDbSpline
70
0
71
2
72
6
73
3
74
0
42
0.000000001
43
0.0000000001
44
0.0000000001
40
0
40
0
40
0
40
1
40
1
40
1
10
127.06422952878867
20
241.1380160369184
30
0
10
127.54041818845664
20
240.45670156853461
30
0
10
128.54041723478232
20
240.21494512932563
30
0
0
SPLINE
5
491
100
AcDbEntity
8
0
100
AcDbSpline
70
0
71
2
72
6
73
3
74
0
42
0.000000001
43
0.0000000001
44
0.0000000001
40
0
40
0
40
0
40
1
40
1
40
1
10
128.54041723478232
20
240.21494512932563
30
0
10
129.54041628110801
20
239.97317915337348
30
0
10
131.92136911619102
20
239.97317915337348
30
0
0
SPLINE
5
492
100
AcDbEntity
8
0
100
AcDbSpline
70
0
71
2
72
6
73
3
74
0
42
0.000000001
43
0.0000000001
44
0.0000000001
40
0
40
0
40
0
40
1
40
1
40
1
10
131.92136911619102
20
239.97317915337348
30
0
10
133.6722865508834
20
239.97317915337348
30
0
10
134.30965093839561
20
240.10505323784614
30
0
0
SPLINE
5
493
100
AcDbEntity
8
0
100
AcDbSpline
70
0
71
2
72
6
73
3
74
0
42
0.000000001
43
0.0000000001
44
0.0000000001
40
0
40
0
40
0
40
1
40
1
40
1
10
134.30965093839561
20
240.10505323784614
30
0
10
134.94701055753623
20
240.23691778557563
30
0
10
135.39389757383262
20
240.6838095702436
30
0
0
SPLINE
5
494
100
AcDbEntity
8
0
100
AcDbSpline
70
0
71
2
72
6
73
3
74
0
42
0.000000001
43
0.0000000001
44
0.0000000001
40
0
40
0
40
0
40
1
40
1
40
1
10
135.39389757383262
20
240.6838095702436
30
0
10
135.74554590452109
20
241.03545790093207
30
0
10
135.87375311124717
20
241.52995710747504
30
0
0
SPLINE
5
495
100
AcDbEntity
8
0
100
AcDbSpline
70
0
71
2
72
6
73
3
74
0
42
0.000000001
43
0.0000000001
44
0.0000000001
40
0
40
0
40
0
40
1
40
1
40
1
10
135.87375311124717
20
241.52995710747504
30
0
10
136.00195554960166
20
242.02446585076117
30
0
10
136.00195554960166
20
242.99150114434028
30
0
0
LINE
5
496
100
AcDbEntity
8
0
100
AcDbLine
10
136.00195554960166
20
242.99150114434025
30
0
11
136.00195554960166
21
247.26256018059516
31
0
0
LINE
5
497
100
AcDbEntity
8
0
100
AcDbLine
10
136.00195554960166
20
247.26256018059516
30
0
11
133.452507536296
21
247.26256018059516
31
0
0
LINE
5
498
100
AcDbEntity
8
0
100
AcDbLine
10
133.452507536296
20
247.26256018059516
30
0
11
133.452507536296
21
246.29552488701606
31
0
0
LINE
5
499
100
AcDbEntity
8
0
100
AcDbLine
10
133.452507536296
20
246.29552488701606
30
0
11
133.32796243894492
21
246.29552488701606
31
0
0
SPLINE
5
500
100
AcDbEntity
8
0
100
AcDbSpline
70
0
71
2
72
6
73
3
74
0
42
0.000000001
43
0.0000000001
44
0.0000000001
40
0
40
0
40
0
40
1
40
1
40
1
10
133.32796243894492
20
246.29552488701606
30
0
10
133.03492216337119
20
246.91091184990668
30
0
10
132.39756254423057
20
247.18929891960883
30
0
0
SPLINE
5
501
100
AcDbEntity
8
0
100
AcDbSpline
70
0
71
2
72
6
73
3
74
0
42
0.000000001
43
0.0000000001
44
0.0000000001
40
0
40
0
40
0
40
1
40
1
40
1
10
132.39756254423057
20
247.18929891960883
30
0
10
132.06056265104209
20
247.33582144158149
30
0
10
131.45250467527305
20
247.39076261894965
30
0
0
SPLINE
5
502
100
AcDbEntity
8
0
100
AcDbSpline
70
0
71
2
72
6
73
3
74
0
42
0.000000001
43
0.0000000001
44
0.0000000001
40
0
40
0
40
0
40
1
40
1
40
1
10
131.45250467527305
20
247.39076261894965
30
0
10
130.844446699504
20
247.44571333306098
30
0
10
129.51843885648643
20
247.44571333306098
30
0
0
SPLINE
5
503
100
AcDbEntity
8
0
100
AcDbSpline
70
0
71
2
72
6
73
3
74
0
42
0.000000001
43
0.0000000001
44
0.0000000001
40
0
40
0
40
0
40
1
40
1
40
1
10
129.51843885648643
20
247.44571333306098
30
0
10
128.448845426921
20
247.44571333306098
30
0
10
127.87008909452354
20
247.31017713921332
30
0
0
SPLINE
5
504
100
AcDbEntity
8
0
100
AcDbSpline
70
0
71
2
72
6
73
3
74
0
42
0.000000001
43
0.0000000001
44
0.0000000001
40
0
40
0
40
0
40
1
40
1
40
1
10
127.87008909452354
20
247.31017713921332
30
0
10
127.29133276212607
20
247.17465048210883
30
0
10
126.9396844314376
20
246.84497480767035
30
0
0
SPLINE
5
505
100
AcDbEntity
8
0
100
AcDbSpline
70
0
71
2
72
6
73
3
74
0
42
0.000000001
43
0.0000000001
44
0.0000000001
40
0
40
0
40
0
40
1
40
1
40
1
10
126.9396844314376
20
246.84497480767035
30
0
10
126.42686514127647
20
246.35413771050239
30
0
10
126.42686514127647
20
245.24057989495063
30
0
0
SPLINE
5
506
100
AcDbEntity
8
0
100
AcDbSpline
70
0
71
2
72
6
73
3
74
0
42
0.000000001
43
0.0000000001
44
0.0000000001
40
0
40
0
40
0
40
1
40
1
40
1
10
126.42686514127647
20
245.24057989495063
30
0
10
126.42686514127647
20
244.00249128716254
30
0
10
127.03492311704551
20
243.45303182976508
30
0
0
SPLINE
5
507
100
AcDbEntity
8
0
100
AcDbSpline
70
0
71
2
72
6
73
3
74
0
42
0.000000001
43
0.0000000001
44
0.0000000001
40
0
40
0
40
0
40
1
40
1
40
1
10
127.03492311704551
20
243.45303182976508
30
0
10
127.51844076383506
20
243.02079801934028
30
0
10
128.30964712369834
20
242.88893347161078
30
0
0
SPLINE
5
508
100
AcDbEntity
8
0
100
AcDbSpline
70
0
71
2
72
6
73
3
74
0
42
0.000000001
43
0.0000000001
44
0.0000000001
40
0
40
0
40
0
40
1
40
1
40
1
10
128.30964712369834
20
242.88893347161078
30
0
10
129.1008582519332
20
242.75706892388129
30
0
10
131.22540144193565
20
242.75706892388129
30
0
0
SPLINE
5
509
100
AcDbEntity
8
0
100
AcDbSpline
70
0
71
2
72
6
73
3
74
0
42
0.000000001
43
0.0000000001
44
0.0000000001
40
0
40
0
40
0
40
1
40
1
40
1
10
131.22540144193565
20
242.75706892388129
30
0
10
132.14115289915
20
242.75706892388129
30
0
10
132.53309396970664
20
242.86328916924262
30
0
0
SPLINE
5
510
100
AcDbEntity
8
0
100
AcDbSpline
70
0
71
2
72
6
73
3
74
0
42
0.000000001
43
0.0000000001
44
0.0000000001
40
0
40
0
40
0
40
1
40
1
40
1
10
132.53309396970664
20
242.86328916924262
30
0
10
132.92503504026328
20
242.96951895134711
30
0
10
133.23272375333701
20
243.31384306328559
30
0
0
LINE
5
511
100
AcDbEntity
8
0
100
AcDbLine
10
133.23272375333704
20
243.31384306328559
30
0
11
133.3499398635665
21
243.31384306328559
31
0
0
LINE
5
512
100
AcDbEntity
8
0
100
AcDbLine
10
133.3499398635665
20
243.31384306328559
30
0
11
133.3499398635665
21
242.94021253960395
31
0
0
SPLINE
5
513
100
AcDbEntity
8
0
100
AcDbSpline
70
0
71
2
72
6
73
3
74
0
42
0.000000001
43
0.0000000001
44
0.0000000001
40
0
40
0
40
0
40
1
40
1
40
1
10
133.3499398635665
20
242.94021253960395
30
0
10
133.3499398635665
20
242.1050513304975
30
0
10
133.04225115049277
20
241.89260130303168
30
0
0
SPLINE
5
514
100
AcDbEntity
8
0
100
AcDbSpline
70
0
71
2
72
6
73
3
74
0
42
0.000000001
43
0.0000000001
44
0.0000000001
40
0
40
0
40
0
40
1
40
1
40
1
10
133.04225115049277
20
241.89260130303168
30
0
10
132.73455766904746
20
241.6801417388227
30
0
10
131.52576593625938
20
241.6801417388227
30
0
0
SPLINE
5
515
100
AcDbEntity
8
0
100
AcDbSpline
70
0
71
2
72
6
73
3
74
0
42
0.000000001
43
0.0000000001
44
0.0000000001
40
0
40
0
40
0
40
1
40
1
40
1
10
131.52576593625938
20
241.6801417388227
30
0
10
130.09719518888389
20
241.6801417388227
30
0
10
129.76020006406699
20
241.79003363030219
30
0
0
SPLINE
5
516
100
AcDbEntity
8
0
100
AcDbSpline
70
0
71
2
72
6
73
3
74
0
42
0.000000001
43
0.0000000001
44
0.0000000001
40
0
40
0
40
0
40
1
40
1
40
1
10
129.76020006406699
20
241.79003363030219
30
0
10
129.42320017087852
20
241.89992552178168
30
0
10
129.35726789701377
20
242.39076261894965
30
0
0
SPLINE
5
517
100
AcDbEntity
8
0
100
AcDbSpline
70
0
71
2
72
6
73
3
74
0
42
0.000000001
43
0.0000000001
44
0.0000000001
40
0
40
0
40
0
40
1
40
1
40
1
10
131.13016275632773
20
244.26622038262153
30
0
10
129.78950170743857
20
244.26622038262153
30
0
10
129.46715978849326
20
244.42739134209418
30
0
0
SPLINE
5
518
100
AcDbEntity
8
0
100
AcDbSpline
70
0
71
2
72
6
73
3
74
0
42
0.000000001
43
0.0000000001
44
0.0000000001
40
0
40
0
40
0
40
1
40
1
40
1
10
129.46715978849326
20
244.42739134209418
30
0
10
129.07888082731162
20
244.61786871331
30
0
10
129.07888082731162
20
245.00614767449164
30
0
0
SPLINE
5
519
100
AcDbEntity
8
0
100
AcDbSpline
70
0
71
2
72
6
73
3
74
0
42
0.000000001
43
0.0000000001
44
0.0000000001
40
0
40
0
40
0
40
1
40
1
40
1
10
129.07888082731162
20
245.00614767449164
30
0
10
129.07888082731162
20
245.43838148491645
30
0
10
129.45983080137168
20
245.5922282256391
30
0
0
SPLINE
5
520
100
AcDbEntity
8
0
100
AcDbSpline
70
0
71
2
72
6
73
3
74
0
42
0.000000001
43
0.0000000001
44
0.0000000001
40
0
40
0
40
0
40
1
40
1
40
1
10
129.45983080137168
20
245.5922282256391
30
0
10
129.84078554380332
20
245.74607496636176
30
0
10
130.91038374174033
20
245.74607496636176
30
0
0
SPLINE
5
521
100
AcDbEntity
8
0
100
AcDbSpline
70
0
71
2
72
6
73
3
74
0
42
0.000000001
43
0.0000000001
44
0.0000000001
40
0
40
0
40
0
40
1
40
1
40
1
10
130.91038374174033
20
245.74607496636176
30
0
10
132.30232385862266
20
245.74607496636176
30
0
10
132.80048994291221
20
245.5775797881391
30
0
0
SPLINE
5
522
100
AcDbEntity
8
0
100
AcDbSpline
70
0
71
2
72
6
73
3
74
0
42
0.000000001
43
0.0000000001
44
0.0000000001
40
0
40
0
40
0
40
1
40
1
40
1
10
132.80048994291221
20
245.5775797881391
30
0
10
133.29866079557334
20
245.40908460991645
30
0
10
133.29866079557334
20
244.94022016899848
30
0
0
SPLINE
5
523
100
AcDbEntity
8
0
100
AcDbSpline
70
0
71
2
72
6
73
3
74
0
42
0.000000001
43
0.0000000001
44
0.0000000001
40
0
40
0
40
0
40
1
40
1
40
1
10
133.29866079557334
20
244.94022016899848
30
0
10
133.29866079557334
20
244.51531057732367
30
0
10
132.86642698514854
20
244.35413961785102
30
0
0
SPLINE
5
524
100
AcDbEntity
8
0
100
AcDbSpline
70
0
71
2
72
6
73
3
74
0
42
0.000000001
43
0.0000000001
44
0.0000000001
40
0
40
0
40
0
40
1
40
1
40
1
10
132.86642698514854
20
244.35413961785102
30
0
10
132.66862539518272
20
244.28087835686469
30
0
10
131.13016275632773
20
244.26622038262153
30
0
0
LINE
5
525
100
AcDbEntity
8
0
100
AcDbLine
10
137.152139227275
20
240.1636565245893
30
0
11
139.6503081725875
21
240.1636565245893
31
0
0
LINE
5
526
100
AcDbEntity
8
0
100
AcDbLine
10
139.6503081725875
20
240.1636565245893
30
0
11
139.6503081725875
21
241.24790792839789
31
0
0
LINE
5
527
100
AcDbEntity
8
0
100
AcDbLine
10
139.6503081725875
20
241.24790792839789
30
0
11
139.78950170743857
21
241.24790792839789
31
0
0
SPLINE
5
528
100
AcDbEntity
8
0
100
AcDbSpline
70
0
71
2
72
6
73
3
74
0
42
0.000000001
43
0.0000000001
44
0.0000000001
40
0
40
0
40
0
40
1
40
1
40
1
10
139.78950170743857
20
241.24790792839789
30
0
10
140.14847425687705
20
240.55193548577094
30
0
10
140.833460371379
20
240.26622419731879
30
0
0
SPLINE
5
529
100
AcDbEntity
8
0
100
AcDbSpline
70
0
71
2
72
6
73
3
74
0
42
0.000000001
43
0.0000000001
44
0.0000000001
40
0
40
0
40
0
40
1
40
1
40
1
10
140.833460371379
20
240.26622419731879
30
0
10
141.51844171750938
20
239.98051290886664
30
0
10
142.80048994291221
20
239.98051290886664
30
0
0
SPLINE
5
530
100
AcDbEntity
8
0
100
AcDbSpline
70
0
71
2
72
6
73
3
74
0
42
0.000000001
43
0.0000000001
44
0.0000000001
40
0
40
0
40
0
40
1
40
1
40
1
10
142.80048994291221
20
239.98051290886664
30
0
10
144.07521871793662
20
239.98051290886664
30
0
10
144.80415491331016
20
240.18197660820746
30
0
0
SPLINE
5
531
100
AcDbEntity
8
0
100
AcDbSpline
70
0
71
2
72
6
73
3
74
0
42
0.000000001
43
0.0000000001
44
0.0000000001
40
0
40
0
40
0
40
1
40
1
40
1
10
144.80415491331016
20
240.18197660820746
30
0
10
145.53309110868369
20
240.38344030754828
30
0
10
146.00195554960166
20
240.87427740471625
30
0
0
SPLINE
5
532
100
AcDbEntity
8
0
100
AcDbSpline
70
0
71
2
72
6
73
3
74
0
42
0.000000001
43
0.0000000001
44
0.0000000001
40
0
40
0
40
0
40
1
40
1
40
1
10
146.00195554960166
20
240.87427740471625
30
0
10
146.49279741514121
20
241.37244825737739
30
0
10
146.63931993711387
20
241.97318678276801
30
0
0
SPLINE
5
533
100
AcDbEntity
8
0
100
AcDbSpline
70
0
71
2
72
6
73
3
74
0
42
0.000000001
43
0.0000000001
44
0.0000000001
40
0
40
0
40
0
40
1
40
1
40
1
10
146.63931993711387
20
241.97318678276801
30
0
10
146.78583769071494
20
242.57391577141547
30
0
10
146.78583769071494
20
244.03911238091254
30
0
0
LINE
5
534
100
AcDbEntity
8
0
100
AcDbLine
10
146.78583769071494
20
244.03911238091254
30
0
11
146.78583769071494
21
247.26256018059516
31
0
0
LINE
5
535
100
AcDbEntity
8
0
100
AcDbLine
10
146.78583769071494
20
247.26256018059516
30
0
11
144.13382200467979
21
247.26256018059516
31
0
0
LINE
5
536
100
AcDbEntity
8
0
100
AcDbLine
10
144.13382200467979
20
247.26256018059516
30
0
11
144.13382200467979
21
244.03911238091254
31
0
0
SPLINE
5
537
100
AcDbEntity
8
0
100
AcDbSpline
70
0
71
2
72
6
73
3
74
0
42
0.000000001
43
0.0000000001
44
0.0000000001
40
0
40
0
40
0
40
1
40
1
40
1
10
144.13382200467979
20
244.03911238091254
30
0
10
144.13382200467979
20
243.1819785155561
30
0
10
144.07155184019004
20
242.87794714348578
30
0
0
SPLINE
5
538
100
AcDbEntity
8
0
100
AcDbSpline
70
0
71
2
72
6
73
3
74
0
42
0.000000001
43
0.0000000001
44
0.0000000001
40
0
40
0
40
0
40
1
40
1
40
1
10
144.07155184019004
20
242.87794714348578
30
0
10
144.00928167570029
20
242.57391577141547
30
0
10
143.79682687986289
20
242.36146574394965
30
0
0
SPLINE
5
539
100
AcDbEntity
8
0
100
AcDbSpline
70
0
71
2
72
6
73
3
74
0
42
0.000000001
43
0.0000000001
44
0.0000000001
40
0
40
0
40
0
40
1
40
1
40
1
10
143.79682687986289
20
242.36146574394965
30
0
10
143.40854791868125
20
241.98051100151801
30
0
10
142.01660780179893
20
241.98051100151801
30
0
0
SPLINE
5
540
100
AcDbEntity
8
0
100
AcDbSpline
70
0
71
2
72
6
73
3
74
0
42
0.000000001
43
0.0000000001
44
0.0000000001
40
0
40
0
40
0
40
1
40
1
40
1
10
142.01660780179893
20
241.98051100151801
30
0
10
140.63932089078818
20
241.98051100151801
30
0
10
140.1924338744918
20
242.44937544243598
30
0
0
SPLINE
5
541
100
AcDbEntity
8
0
100
AcDbSpline
70
0
71
2
72
6
73
3
74
0
42
0.000000001
43
0.0000000001
44
0.0000000001
40
0
40
0
40
0
40
1
40
1
40
1
10
140.1924338744918
20
242.44937544243598
30
0
10
139.95067266691123
20
242.70578031914496
30
0
10
139.87741617429648
20
243.0794108428266
30
0
0
SPLINE
5
542
100
AcDbEntity
8
0
100
AcDbSpline
70
0
71
2
72
6
73
3
74
0
42
0.000000001
43
0.0000000001
44
0.0000000001
40
0
40
0
40
0
40
1
40
1
40
1
10
139.87741617429648
20
243.0794108428266
30
0
10
139.80415491331016
20
243.45303182976508
30
0
10
139.80415491331016
20
244.42739134209418
30
0
0
LINE
5
543
100
AcDbEntity
8
0
100
AcDbLine
10
139.80415491331016
20
244.42739134209418
30
0
11
139.80415491331016
21
247.26256018059516
31
0
0
LINE
5
544
100
AcDbEntity
8
0
100
AcDbLine
10
139.80415491331016
20
247.26256018059516
30
0
11
137.152139227275
21
247.26256018059516
31
0
0
LINE
5
545
100
AcDbEntity
8
0
100
AcDbLine
10
137.152139227275
20
247.26256018059516
30
0
11
137.152139227275
21
240.1636565245893
31
0
0
LINE
5
546
100
AcDbEntity
8
0
100
AcDbLine
10
147.7089133666793
20
245.00614767449164
30
0
11
150.41220812070762
21
245.00614767449164
31
0
0
SPLINE
5
547
100
AcDbEntity
8
0
100
AcDbSpline
70
0
71
2
72
6
73
3
74
0
42
0.000000001
43
0.0000000001
44
0.0000000001
40
0
40
0
40
0
40
1
40
1
40
1
10
150.41220812070762
20
245.00614767449164
30
0
10
150.44883875120078
20
245.46036367790961
30
0
10
150.91770319211875
20
245.62885885613227
30
0
0
SPLINE
5
548
100
AcDbEntity
8
0
100
AcDbSpline
70
0
71
2
72
6
73
3
74
0
42
0.000000001
43
0.0000000001
44
0.0000000001
40
0
40
0
40
0
40
1
40
1
40
1
10
150.91770319211875
20
245.62885885613227
30
0
10
151.38656763303672
20
245.79735403435492
30
0
10
152.63198999631797
20
245.79735403435492
30
0
0
SPLINE
5
549
100
AcDbEntity
8
0
100
AcDbSpline
70
0
71
2
72
6
73
3
74
0
42
0.000000001
43
0.0000000001
44
0.0000000001
40
0
40
0
40
0
40
1
40
1
40
1
10
152.63198999631797
20
245.79735403435492
30
0
10
153.92136720884238
20
245.79735403435492
30
0
10
154.38656954038535
20
245.65816526787543
30
0
0
SPLINE
5
550
100
AcDbEntity
8
0
100
AcDbSpline
70
0
71
2
72
6
73
3
74
0
42
0.000000001
43
0.0000000001
44
0.0000000001
40
0
40
0
40
0
40
1
40
1
40
1
10
154.38656954038535
20
245.65816526787543
30
0
10
154.85177187192832
20
245.51896696465278
30
0
10
154.85177187192832
20
245.1380217589643
30
0
0
SPLINE
5
551
100
AcDbEntity
8
0
100
AcDbSpline
70
0
71
2
72
6
73
3
74
0
42
0.000000001
43
0.0000000001
44
0.0000000001
40
0
40
0
40
0
40
1
40
1
40
1
10
154.85177187192832
20
245.1380217589643
30
0
10
154.85177187192832
20
244.77171545403266
30
0
10
154.40488485563193
20
244.64717512505317
30
0
0
SPLINE
5
552
100
AcDbEntity
8
0
100
AcDbSpline
70
0
71
2
72
6
73
3
74
0
42
0.000000001
43
0.0000000001
44
0.0000000001
40
0
40
0
40
0
40
1
40
1
40
1
10
154.40488485563193
20
244.64717512505317
30
0
10
154.19975427854453
20
244.58857183831
30
0
10
152.14114813077842
20
244.56658964531684
30
0
0
SPLINE
5
553
100
AcDbEntity
8
0
100
AcDbSpline
70
0
71
2
72
6
73
3
74
0
42
0.000000001
43
0.0000000001
44
0.0000000001
40
0
40
0
40
0
40
1
40
1
40
1
10
152.14114813077842
20
244.56658964531684
30
0
10
150.22173551786338
20
244.56658964531684
30
0
10
149.77484850156699
20
244.50065260308051
30
0
0
SPLINE
5
554
100
AcDbEntity
8
0
100
AcDbSpline
70
0
71
2
72
6
73
3
74
0
42
0.000000001
43
0.0000000001
44
0.0000000001
40
0
40
0
40
0
40
1
40
1
40
1
10
149.77484850156699
20
244.50065260308051
30
0
10
148.52942613828574
20
244.33215742485785
30
0
10
148.08986810911094
20
243.68746405022407
30
0
0
SPLINE
5
555
100
AcDbEntity
8
0
100
AcDbSpline
70
0
71
2
72
6
73
3
74
0
42
0.000000001
43
0.0000000001
44
0.0000000001
40
0
40
0
40
0
40
1
40
1
40
1
10
148.08986810911094
20
243.68746405022407
30
0
10
147.76019720304404
20
243.2039511718061
30
0
10
147.76019720304404
20
242.38343840019965
30
0
0
SPLINE
5
556
100
AcDbEntity
8
0
100
AcDbSpline
70
0
71
2
72
6
73
3
74
0
42
0.000000001
43
0.0000000001
44
0.0000000001
40
0
40
0
40
0
40
1
40
1
40
1
10
147.76019720304404
20
242.38343840019965
30
0
10
147.76019720304404
20
240.81567411797309
30
0
10
148.91770509946738
20
240.33948545830512
30
0
0
SPLINE
5
557
100
AcDbEntity
8
0
100
AcDbSpline
70
0
71
2
72
6
73
3
74
0
42
0.000000001
43
0.0000000001
44
0.0000000001
40
0
40
0
40
0
40
1
40
1
40
1
10
148.91770509946738
20
240.33948545830512
30
0
10
149.78950170743857
20
239.98051290886664
30
0
10
152.66129640806113
20
239.98051290886664
30
0
0
SPLINE
5
558
100
AcDbEntity
8
0
100
AcDbSpline
70
0
71
2
72
6
73
3
74
0
42
0.000000001
43
0.0000000001
44
0.0000000001
40
0
40
0
40
0
40
1
40
1
40
1
10
152.66129640806113
20
239.98051290886664
30
0
10
154.47081712949668
20
239.98051290886664
30
0
10
155.29132990110313
20
240.11603956597114
30
0
0
SPLINE
5
559
100
AcDbEntity
8
0
100
AcDbSpline
70
0
71
2
72
6
73
3
74
0
42
0.000000001
43
0.0000000001
44
0.0000000001
40
0
40
0
40
0
40
1
40
1
40
1
10
155.29132990110313
20
240.11603956597114
30
0
10
156.11184267270957
20
240.25157575981879
30
0
10
156.56605390775596
20
240.63252096550727
30
0
0
SPLINE
5
560
100
AcDbEntity
8
0
100
AcDbSpline
70
0
71
2
72
6
73
3
74
0
42
0.000000001
43
0.0000000001
44
0.0000000001
40
0
40
0
40
0
40
1
40
1
40
1
10
156.56605390775596
20
240.63252096550727
30
0
10
156.84444574582969
20
240.86695318596625
30
0
10
156.96532396543418
20
241.19662886040473
30
0
0
SPLINE
5
561
100
AcDbEntity
8
0
100
AcDbSpline
70
0
71
2
72
6
73
3
74
0
42
0.000000001
43
0.0000000001
44
0.0000000001
40
0
40
0
40
0
40
1
40
1
40
1
10
156.96532396543418
20
241.19662886040473
30
0
10
157.08620218503867
20
241.52629499810004
30
0
10
157.13748602140342
20
242.17098837273383
30
0
0
LINE
5
562
100
AcDbEntity
8
0
100
AcDbLine
10
157.13748602140342
20
242.17098837273383
30
0
11
154.43418649900352
21
242.17098837273383
31
0
0
SPLINE
5
563
100
AcDbEntity
8
0
100
AcDbSpline
70
0
71
2
72
6
73
3
74
0
42
0.000000001
43
0.0000000001
44
0.0000000001
40
0
40
0
40
0
40
1
40
1
40
1
10
154.43418649900352
20
242.17098837273383
30
0
10
154.36093000638877
20
241.90724974053168
30
0
10
154.25103811490928
20
241.83398847954535
30
0
0
SPLINE
5
564
100
AcDbEntity
8
0
100
AcDbSpline
70
0
71
2
72
6
73
3
74
0
42
0.000000001
43
0.0000000001
44
0.0000000001
40
0
40
0
40
0
40
1
40
1
40
1
10
154.25103811490928
20
241.83398847954535
30
0
10
153.92136720884238
20
241.62886267082953
30
0
10
152.58070615995322
20
241.62886267082953
30
0
0
SPLINE
5
565
100
AcDbEntity
8
0
100
AcDbSpline
70
0
71
2
72
6
73
3
74
0
42
0.000000001
43
0.0000000001
44
0.0000000001
40
0
40
0
40
0
40
1
40
1
40
1
10
152.58070615995322
20
241.62886267082953
30
0
10
151.33528856504356
20
241.62886267082953
30
0
10
150.87374834287559
20
241.75340299980903
30
0
0
SPLINE
5
566
100
AcDbEntity
8
0
100
AcDbSpline
70
0
71
2
72
6
73
3
74
0
42
0.000000001
43
0.0000000001
44
0.0000000001
40
0
40
0
40
0
40
1
40
1
40
1
10
150.87374834287559
20
241.75340299980903
30
0
10
150.41220812070762
20
241.87794332878852
30
0
10
150.41220812070762
20
242.20761900322699
30
0
0
SPLINE
5
567
100
AcDbEntity
8
0
100
AcDbSpline
70
0
71
2
72
6
73
3
74
0
42
0.000000001
43
0.0000000001
44
0.0000000001
40
0
40
0
40
0
40
1
40
1
40
1
10
150.41220812070762
20
242.20761900322699
30
0
10
150.41220812070762
20
242.6398528136518
30
0
10
151.04957250821982
20
242.68380766289496
30
0
0
SPLINE
5
568
100
AcDbEntity
8
0
100
AcDbSpline
70
0
71
2
72
6
73
3
74
0
42
0.000000001
43
0.0000000001
44
0.0000000001
40
0
40
0
40
0
40
1
40
1
40
1
10
151.04957250821982
20
242.68380766289496
30
0
10
151.54774336088096
20
242.72043829338813
30
0
10
154.6686187194625
20
242.74241094963813
30
0
0
SPLINE
5
569
100
AcDbEntity
8
0
100
AcDbSpline
70
0
71
2
72
6
73
3
74
0
42
0.000000001
43
0.0000000001
44
0.0000000001
40
0
40
0
40
0
40
1
40
1
40
1
10
154.6686187194625
20
242.74241094963813
30
0
10
156.16312650907432
20
242.74973516838813
30
0
10
156.82979253995811
20
243.24790602104926
30
0
0
SPLINE
5
570
100
AcDbEntity
8
0
100
AcDbSpline
70
0
71
2
72
6
73
3
74
0
42
0.000000001
43
0.0000000001
44
0.0000000001
40
0
40
0
40
0
40
1
40
1
40
1
10
156.82979253995811
20
243.24790602104926
30
0
10
157.5037827895919
20
243.73875265496039
30
0
10
157.5037827895919
20
244.95486860649848
30
0
0
SPLINE
5
571
100
AcDbEntity
8
0
100
AcDbSpline
70
0
71
2
72
6
73
3
74
0
42
0.000000001
43
0.0000000001
44
0.0000000001
40
0
40
0
40
0
40
1
40
1
40
1
10
157.5037827895919
20
244.95486860649848
30
0
10
157.5037827895919
20
245.76073294060492
30
0
10
157.24004892576133
20
246.26255636589789
30
0
0
SPLINE
5
572
100
AcDbEntity
8
0
100
AcDbSpline
70
0
71
2
72
6
73
3
74
0
42
0.000000001
43
0.0000000001
44
0.0000000001
40
0
40
0
40
0
40
1
40
1
40
1
10
157.24004892576133
20
246.26255636589789
30
0
10
156.97631506193076
20
246.76438932793403
30
0
10
156.41221193540488
20
247.01347952263617
30
0
0
SPLINE
5
573
100
AcDbEntity
8
0
100
AcDbSpline
70
0
71
2
72
6
73
3
74
0
42
0.000000001
43
0.0000000001
44
0.0000000001
40
0
40
0
40
0
40
1
40
1
40
1
10
156.41221193540488
20
247.01347952263617
30
0
10
155.47448305356895
20
247.44571333306098
30
0
10
152.44151262510215
20
247.44571333306098
30
0
0
SPLINE
5
574
100
AcDbEntity
8
0
100
AcDbSpline
70
0
71
2
72
6
73
3
74
0
42
0.000000001
43
0.0000000001
44
0.0000000001
40
0
40
0
40
0
40
1
40
1
40
1
10
152.44151262510215
20
247.44571333306098
30
0
10
150.50012258756553
20
247.44571333306098
30
0
10
149.6576323913375
20
247.29552870171332
30
0
0
SPLINE
5
575
100
AcDbEntity
8
0
100
AcDbSpline
70
0
71
2
72
6
73
3
74
0
42
0.000000001
43
0.0000000001
44
0.0000000001
40
0
40
0
40
0
40
1
40
1
40
1
10
149.6576323913375
20
247.29552870171332
30
0
10
148.81514219510947
20
247.14534407036567
30
0
10
148.33162454831992
20
246.70578604119086
30
0
0
SPLINE
5
576
100
AcDbEntity
8
0
100
AcDbSpline
70
0
71
2
72
6
73
3
74
0
42
0.000000001
43
0.0000000001
44
0.0000000001
40
0
40
0
40
0
40
1
40
1
40
1
10
148.33162454831992
20
246.70578604119086
30
0
10
147.73089079130088
20
246.16366033928657
30
0
10
147.7089133666793
20
245.00614767449164
30
0
0
LWPOLYLINE
5
577
100
AcDbEntity
8
0
100
AcDbPolyline
90
4
70
1
43
0.0
10
162.23638204801475
20
237.26256018059516
10
164.8883977340499
20
237.26256018059516
10
164.8883977340499
20
247.26256018059516
10
162.23638204801475
20
247.26256018059516
0
LINE
5
578
100
AcDbEntity
8
0
100
AcDbLine
10
172.79316572416221
20
244.99149923699164
30
0
11
175.4378476547042
21
244.99149923699164
31
0
0
SPLINE
5
579
100
AcDbEntity
8
0
100
AcDbSpline
70
0
71
2
72
6
73
3
74
0
42
0.000000001
43
0.0000000001
44
0.0000000001
40
0
40
0
40
0
40
1
40
1
40
1
10
175.4378476547042
20
244.99149923699164
30
0
10
175.32796529996787
20
246.1490023650434
30
0
10
174.73455099332725
20
246.65449743645453
30
0
0
SPLINE
5
580
100
AcDbEntity
8
0
100
AcDbSpline
70
0
71
2
72
6
73
3
74
0
42
0.000000001
43
0.0000000001
44
0.0000000001
40
0
40
0
40
0
40
1
40
1
40
1
10
174.73455099332725
20
246.65449743645453
30
0
10
174.22173170316611
20
247.1013892211225
30
0
10
173.28400282133018
20
247.27354650872016
30
0
0
SPLINE
5
581
100
AcDbEntity
8
0
100
AcDbSpline
70
0
71
2
72
6
73
3
74
0
42
0.000000001
43
0.0000000001
44
0.0000000001
40
0
40
0
40
0
40
1
40
1
40
1
10
173.28400282133018
20
247.27354650872016
30
0
10
172.34627393949424
20
247.44571333306098
30
0
10
170.47081617582236
20
247.44571333306098
30
0
0
SPLINE
5
582
100
AcDbEntity
8
0
100
AcDbSpline
70
0
71
2
72
6
73
3
74
0
42
0.000000001
43
0.0000000001
44
0.0000000001
40
0
40
0
40
0
40
1
40
1
40
1
10
170.47081617582236
20
247.44571333306098
30
0
10
168.92503408658897
20
247.44571333306098
30
0
10
168.09718755948936
20
247.29552870171332
30
0
0
SPLINE
5
583
100
AcDbEntity
8
0
100
AcDbSpline
70
0
71
2
72
6
73
3
74
0
42
0.000000001
43
0.0000000001
44
0.0000000001
40
0
40
0
40
0
40
1
40
1
40
1
10
168.09718755948936
20
247.29552870171332
30
0
10
167.26935056913291
20
247.14534407036567
30
0
10
166.78583769071494
20
246.77904730217719
30
0
0
SPLINE
5
584
100
AcDbEntity
8
0
100
AcDbSpline
70
0
71
2
72
6
73
3
74
0
42
0.000000001
43
0.0000000001
44
0.0000000001
40
0
40
0
40
0
40
1
40
1
40
1
10
166.78583769071494
20
246.77904730217719
30
0
10
166.27301840055381
20
246.39076834099555
30
0
10
166.08254102933799
20
245.74241285698676
30
0
0
SPLINE
5
585
100
AcDbEntity
8
0
100
AcDbSpline
70
0
71
2
72
6
73
3
74
0
42
0.000000001
43
0.0000000001
44
0.0000000001
40
0
40
0
40
0
40
1
40
1
40
1
10
166.08254102933799
20
245.74241285698676
30
0
10
165.89206365812217
20
245.09405737297797
30
0
10
165.89206365812217
20
243.74607687371039
30
0
0
SPLINE
5
586
100
AcDbEntity
8
0
100
AcDbSpline
70
0
71
2
72
6
73
3
74
0
42
0.000000001
43
0.0000000001
44
0.0000000001
40
0
40
0
40
0
40
1
40
1
40
1
10
165.89206365812217
20
243.74607687371039
30
0
10
165.89206365812217
20
242.73508673088813
30
0
10
165.9653249191085
20
242.22592955010199
30
0
0
SPLINE
5
587
100
AcDbEntity
8
0
100
AcDbSpline
70
0
71
2
72
6
73
3
74
0
42
0.000000001
43
0.0000000001
44
0.0000000001
40
0
40
0
40
0
40
1
40
1
40
1
10
165.9653249191085
20
242.22592955010199
30
0
10
166.03858618009482
20
241.71677236931586
30
0
10
166.24371198881065
20
241.30651121514106
30
0
0
SPLINE
5
588
100
AcDbEntity
8
0
100
AcDbSpline
70
0
71
2
72
6
73
3
74
0
42
0.000000001
43
0.0000000001
44
0.0000000001
40
0
40
0
40
0
40
1
40
1
40
1
10
166.24371198881065
20
241.30651121514106
30
0
10
166.66862158048545
20
240.45670156853461
30
0
10
167.78216985929404
20
240.20028715508246
30
0
0
SPLINE
5
589
100
AcDbEntity
8
0
100
AcDbSpline
70
0
71
2
72
6
73
3
74
0
42
0.000000001
43
0.0000000001
44
0.0000000001
40
0
40
0
40
0
40
1
40
1
40
1
10
167.78216985929404
20
240.20028715508246
30
0
10
168.73455671537315
20
239.98051290886664
30
0
10
170.74187902677451
20
239.98051290886664
30
0
0
SPLINE
5
590
100
AcDbEntity
8
0
100
AcDbSpline
70
0
71
2
72
6
73
3
74
0
42
0.000000001
43
0.0000000001
44
0.0000000001
40
0
40
0
40
0
40
1
40
1
40
1
10
170.74187902677451
20
239.98051290886664
30
0
10
172.51477865446006
20
239.98051290886664
30
0
10
173.24004797208701
20
240.10505323784614
30
0
0
SPLINE
5
591
100
AcDbEntity
8
0
100
AcDbSpline
70
0
71
2
72
6
73
3
74
0
42
0.000000001
43
0.0000000001
44
0.0000000001
40
0
40
0
40
0
40
1
40
1
40
1
10
173.24004797208701
20
240.10505323784614
30
0
10
174.52942518461143
20
240.32482748406196
30
0
10
175.01294759977256
20
241.06841688530707
30
0
0
SPLINE
5
592
100
AcDbEntity
8
0
100
AcDbSpline
70
0
71
2
72
6
73
3
74
0
42
0.000000001
43
0.0000000001
44
0.0000000001
40
0
40
0
40
0
40
1
40
1
40
1
10
175.01294759977256
20
241.06841688530707
30
0
10
175.49646047819053
20
241.81200628655219
30
0
10
175.49646047819053
20
243.57024793999457
30
0
0
SPLINE
5
593
100
AcDbEntity
8
0
100
AcDbSpline
70
0
71
2
72
6
73
3
74
0
42
0.000000001
43
0.0000000001
44
0.0000000001
40
0
40
0
40
0
40
1
40
1
40
1
10
175.49646047819053
20
243.57024793999457
30
0
10
175.49646047819053
20
243.73875265496039
30
0
10
175.48181204069053
20
244.28820257561469
30
0
0
LINE
5
594
100
AcDbEntity
8
0
100
AcDbLine
10
175.48181204069053
20
244.28820257561469
30
0
11
168.54407934415732
21
244.28820257561469
31
0
0
SPLINE
5
595
100
AcDbEntity
8
0
100
AcDbSpline
70
0
71
2
72
6
73
3
74
0
42
0.000000001
43
0.0000000001
44
0.0000000001
40
0
40
0
40
0
40
1
40
1
40
1
10
168.54407934415732
20
244.28820257561469
30
0
10
168.54407934415732
20
244.83032827751899
30
0
10
168.61367849576865
20
245.06476049797797
30
0
0
SPLINE
5
596
100
AcDbEntity
8
0
100
AcDbSpline
70
0
71
2
72
6
73
3
74
0
42
0.000000001
43
0.0000000001
44
0.0000000001
40
0
40
0
40
0
40
1
40
1
40
1
10
168.61367849576865
20
245.06476049797797
30
0
10
168.68326811063682
20
245.29919271843696
30
0
10
168.8884034560958
20
245.45303945915961
30
0
0
SPLINE
5
597
100
AcDbEntity
8
0
100
AcDbSpline
70
0
71
2
72
6
73
3
74
0
42
0.000000001
43
0.0000000001
44
0.0000000001
40
0
40
0
40
0
40
1
40
1
40
1
10
168.8884034560958
20
245.45303945915961
30
0
10
169.28400663602744
20
245.74607496636176
30
0
10
170.67594198453818
20
245.74607496636176
30
0
0
SPLINE
5
598
100
AcDbEntity
8
0
100
AcDbSpline
70
0
71
2
72
6
73
3
74
0
42
0.000000001
43
0.0000000001
44
0.0000000001
40
0
40
0
40
0
40
1
40
1
40
1
10
170.67594198453818
20
245.74607496636176
30
0
10
171.56239179838096
20
245.74607496636176
30
0
10
172.00561193693076
20
245.67647581475043
30
0
0
SPLINE
5
599
100
AcDbEntity
8
0
100
AcDbSpline
70
0
71
2
72
6
73
3
74
0
42
0.000000001
43
0.0000000001
44
0.0000000001
40
0
40
0
40
0
40
1
40
1
40
1
10
172.00561193693076
20
245.67647581475043
30
0
10
172.44884161222373
20
245.60688619988227
30
0
10
172.61001257169639
20
245.44570570366645
30
0
0
SPLINE
5
600
100
AcDbEntity
8
0
100
AcDbSpline
70
0
71
2
72
6
73
3
74
0
42
0.000000001
43
0.0000000001
44
0.0000000001
40
0
40
0
40
0
40
1
40
1
40
1
10
172.61001257169639
20
245.44570570366645
30
0
10
172.74187711942588
20
245.31384115593696
30
0
10
172.79316572416221
20
244.99149923699164
30
0
0
SPLINE
5
601
100
AcDbEntity
8
0
100
AcDbSpline
70
0
71
2
72
6
73
3
74
0
42
0.000000001
43
0.0000000001
44
0.0000000001
40
0
40
0
40
0
40
1
40
1
40
1
10
172.82979635465537
20
242.83765440361762
30
0
10
172.81513838041221
20
242.42006903069282
30
0
10
172.77484564054404
20
242.26256018059516
30
0
0
SPLINE
5
602
100
AcDbEntity
8
0
100
AcDbSpline
70
0
71
2
72
6
73
3
74
0
42
0.000000001
43
0.0000000001
44
0.0000000001
40
0
40
0
40
0
40
1
40
1
40
1
10
172.77484564054404
20
242.26256018059516
30
0
10
172.73455290067588
20
242.1050513304975
30
0
10
172.61733679044639
20
241.98051100151801
30
0
0
SPLINE
5
603
100
AcDbEntity
8
0
100
AcDbSpline
70
0
71
2
72
6
73
3
74
0
42
0.000000001
43
0.0000000001
44
0.0000000001
40
0
40
0
40
0
40
1
40
1
40
1
10
172.61733679044639
20
241.98051100151801
30
0
10
172.27301267850791
20
241.62886267082953
30
0
10
170.77850965726768
20
241.62886267082953
30
0
0
SPLINE
5
604
100
AcDbEntity
8
0
100
AcDbSpline
70
0
71
2
72
6
73
3
74
0
42
0.000000001
43
0.0000000001
44
0.0000000001
40
0
40
0
40
0
40
1
40
1
40
1
10
170.77850965726768
20
241.62886267082953
30
0
10
169.4378533767501
20
241.62886267082953
30
0
10
169.00561956632529
20
241.86329489128852
30
0
0
SPLINE
5
605
100
AcDbEntity
8
0
100
AcDbSpline
70
0
71
2
72
6
73
3
74
0
42
0.000000001
43
0.0000000001
44
0.0000000001
40
0
40
0
40
0
40
1
40
1
40
1
10
169.00561956632529
20
241.86329489128852
30
0
10
168.57338575590049
20
242.0977271117475
30
0
10
168.54407934415732
20
242.83765440361762
30
0
0
LINE
5
606
100
AcDbEntity
8
0
100
AcDbLine
10
168.54407934415732
20
242.83765440361762
30
0
11
172.82979635465537
21
242.83765440361762
31
0
0
LINE
5
607
100
AcDbEntity
8
0
100
AcDbLine
10
180.24370817411338
20
240.1636565245893
30
0
11
182.74187711942588
21
240.1636565245893
31
0
0
LINE
5
608
100
AcDbEntity
8
0
100
AcDbLine
10
182.74187711942588
20
240.1636565245893
30
0
11
182.74187711942588
21
241.23325949089789
31
0
0
LINE
5
609
100
AcDbEntity
8
0
100
AcDbLine
10
182.74187711942588
20
241.23325949089789
30
0
11
182.87374166715537
21
241.23325949089789
31
0
0
SPLINE
5
610
100
AcDbEntity
8
0
100
AcDbSpline
70
0
71
2
72
6
73
3
74
0
42
0.000000001
43
0.0000000001
44
0.0000000001
40
0
40
0
40
0
40
1
40
1
40
1
10
182.87374166715537
20
241.23325949089789
30
0
10
183.24737219083701
20
240.55193548577094
30
0
10
183.87374548185264
20
240.26622419731879
30
0
0
SPLINE
5
611
100
AcDbEntity
8
0
100
AcDbSpline
70
0
71
2
72
6
73
3
74
0
42
0.000000001
43
0.0000000001
44
0.0000000001
40
0
40
0
40
0
40
1
40
1
40
1
10
183.87374548185264
20
240.26622419731879
30
0
10
184.50011877286826
20
239.98051290886664
30
0
10
185.62100080717002
20
239.98051290886664
30
0
0
SPLINE
5
612
100
AcDbEntity
8
0
100
AcDbSpline
70
0
71
2
72
6
73
3
74
0
42
0.000000001
43
0.0000000001
44
0.0000000001
40
0
40
0
40
0
40
1
40
1
40
1
10
185.62100080717002
20
239.98051290886664
30
0
10
187.22539571988975
20
239.98051290886664
30
0
10
187.85543112028037
20
240.61054830925727
30
0
0
SPLINE
5
613
100
AcDbEntity
8
0
100
AcDbSpline
70
0
71
2
72
6
73
3
74
0
42
0.000000001
43
0.0000000001
44
0.0000000001
40
0
40
0
40
0
40
1
40
1
40
1
10
187.85543112028037
20
240.61054830925727
30
0
10
188.485466520671
20
241.24058370964789
30
0
10
188.485466520671
20
242.84497862236762
30
0
0
SPLINE
5
614
100
AcDbEntity
8
0
100
AcDbSpline
70
0
71
2
72
6
73
3
74
0
42
0.000000001
43
0.0000000001
44
0.0000000001
40
0
40
0
40
0
40
1
40
1
40
1
10
188.485466520671
20
242.84497862236762
30
0
10
188.485466520671
20
242.94021253960395
30
0
10
188.470818083171
20
243.32116728203559
30
0
0
LINE
5
615
100
AcDbEntity
8
0
100
AcDbLine
10
188.470818083171
20
243.32116728203559
30
0
11
185.9726491378585
21
243.32116728203559
31
0
0
SPLINE
5
616
100
AcDbEntity
8
0
100
AcDbSpline
70
0
71
2
72
6
73
3
74
0
42
0.000000001
43
0.0000000001
44
0.0000000001
40
0
40
0
40
0
40
1
40
1
40
1
10
185.9726491378585
20
243.32116728203559
30
0
10
185.9726491378585
20
242.69845610039496
30
0
10
185.84077505338584
20
242.44937544243598
30
0
0
SPLINE
5
617
100
AcDbEntity
8
0
100
AcDbSpline
70
0
71
2
72
6
73
3
74
0
42
0.000000001
43
0.0000000001
44
0.0000000001
40
0
40
0
40
0
40
1
40
1
40
1
10
185.84077505338584
20
242.44937544243598
30
0
10
185.58437017667686
20
241.98051100151801
30
0
10
184.57338003385459
20
241.98051100151801
30
0
0
SPLINE
5
618
100
AcDbEntity
8
0
100
AcDbSpline
70
0
71
2
72
6
73
3
74
0
42
0.000000001
43
0.0000000001
44
0.0000000001
40
0
40
0
40
0
40
1
40
1
40
1
10
184.57338003385459
20
241.98051100151801
30
0
10
183.62832693326865
20
241.98051100151801
30
0
10
183.23272375333701
20
242.49333029167914
30
0
0
SPLINE
5
619
100
AcDbEntity
8
0
100
AcDbSpline
70
0
71
2
72
6
73
3
74
0
42
0.000000001
43
0.0000000001
44
0.0000000001
40
0
40
0
40
0
40
1
40
1
40
1
10
183.23272375333701
20
242.49333029167914
30
0
10
183.03491262662803
20
242.74973516838813
30
0
10
182.96532301175986
20
243.12702780144477
30
0
0
SPLINE
5
620
100
AcDbEntity
8
0
100
AcDbSpline
70
0
71
2
72
6
73
3
74
0
42
0.000000001
43
0.0000000001
44
0.0000000001
40
0
40
0
40
0
40
1
40
1
40
1
10
182.96532301175986
20
243.12702780144477
30
0
10
182.89572386014854
20
243.50432043450141
30
0
10
182.89572386014854
20
244.31750898735785
30
0
0
LINE
5
621
100
AcDbEntity
8
0
100
AcDbLine
10
182.89572386014854
20
244.31750898735785
30
0
11
182.89572386014854
21
247.26256018059516
31
0
0
LINE
5
622
100
AcDbEntity
8
0
100
AcDbLine
10
182.89572386014854
20
247.26256018059516
30
0
11
180.24370817411338
21
247.26256018059516
31
0
0
LINE
5
623
100
AcDbEntity
8
0
100
AcDbLine
10
180.24370817411338
20
247.26256018059516
30
0
11
180.24370817411338
21
240.1636565245893
31
0
0
LINE
5
624
100
AcDbEntity
8
0
100
AcDbLine
10
196.01661352384482
20
244.99149923699164
30
0
11
198.66129545438682
21
244.99149923699164
31
0
0
SPLINE
5
625
100
AcDbEntity
8
0
100
AcDbSpline
70
0
71
2
72
6
73
3
74
0
42
0.000000001
43
0.0000000001
44
0.0000000001
40
0
40
0
40
0
40
1
40
1
40
1
10
198.66129545438682
20
244.99149923699164
30
0
10
198.55141309965049
20
246.1490023650434
30
0
10
197.95799879300986
20
246.65449743645453
30
0
0
SPLINE
5
626
100
AcDbEntity
8
0
100
AcDbSpline
70
0
71
2
72
6
73
3
74
0
42
0.000000001
43
0.0000000001
44
0.0000000001
40
0
40
0
40
0
40
1
40
1
40
1
10
197.95799879300986
20
246.65449743645453
30
0
10
197.44517950284873
20
247.1013892211225
30
0
10
196.50745062101279
20
247.27354650872016
30
0
0
SPLINE
5
627
100
AcDbEntity
8
0
100
AcDbSpline
70
0
71
2
72
6
73
3
74
0
42
0.000000001
43
0.0000000001
44
0.0000000001
40
0
40
0
40
0
40
1
40
1
40
1
10
196.50745062101279
20
247.27354650872016
30
0
10
195.56972173917686
20
247.44571333306098
30
0
10
193.69426397550498
20
247.44571333306098
30
0
0
SPLINE
5
628
100
AcDbEntity
8
0
100
AcDbSpline
70
0
71
2
72
6
73
3
74
0
42
0.000000001
43
0.0000000001
44
0.0000000001
40
0
40
0
40
0
40
1
40
1
40
1
10
193.69426397550498
20
247.44571333306098
30
0
10
192.14848188627158
20
247.44571333306098
30
0
10
191.32063535917197
20
247.29552870171332
30
0
0
SPLINE
5
629
100
AcDbEntity
8
0
100
AcDbSpline
70
0
71
2
72
6
73
3
74
0
42
0.000000001
43
0.0000000001
44
0.0000000001
40
0
40
0
40
0
40
1
40
1
40
1
10
191.32063535917197
20
247.29552870171332
30
0
10
190.49279836881553
20
247.14534407036567
30
0
10
190.00928549039756
20
246.77904730217719
30
0
0
SPLINE
5
630
100
AcDbEntity
8
0
100
AcDbSpline
70
0
71
2
72
6
73
3
74
0
42
0.000000001
43
0.0000000001
44
0.0000000001
40
0
40
0
40
0
40
1
40
1
40
1
10
190.00928549039756
20
246.77904730217719
30
0
10
189.49646620023643
20
246.39076834099555
30
0
10
189.30598882902061
20
245.74241285698676
30
0
0
SPLINE
5
631
100
AcDbEntity
8
0
100
AcDbSpline
70
0
71
2
72
6
73
3
74
0
42
0.000000001
43
0.0000000001
44
0.0000000001
40
0
40
0
40
0
40
1
40
1
40
1
10
189.30598882902061
20
245.74241285698676
30
0
10
189.11551145780479
20
245.09405737297797
30
0
10
189.11551145780479
20
243.74607687371039
30
0
0
SPLINE
5
632
100
AcDbEntity
8
0
100
AcDbSpline
70
0
71
2
72
6
73
3
74
0
42
0.000000001
43
0.0000000001
44
0.0000000001
40
0
40
0
40
0
40
1
40
1
40
1
10
189.11551145780479
20
243.74607687371039
30
0
10
189.11551145780479
20
242.73508673088813
30
0
10
189.18877271879111
20
242.22592955010199
30
0
0
SPLINE
5
633
100
AcDbEntity
8
0
100
AcDbSpline
70
0
71
2
72
6
73
3
74
0
42
0.000000001
43
0.0000000001
44
0.0000000001
40
0
40
0
40
0
40
1
40
1
40
1
10
189.18877271879111
20
242.22592955010199
30
0
10
189.26203397977744
20
241.71677236931586
30
0
10
189.46715978849326
20
241.30651121514106
30
0
0
SPLINE
5
634
100
AcDbEntity
8
0
100
AcDbSpline
70
0
71
2
72
6
73
3
74
0
42
0.000000001
43
0.0000000001
44
0.0000000001
40
0
40
0
40
0
40
1
40
1
40
1
10
189.46715978849326
20
241.30651121514106
30
0
10
189.89206938016807
20
240.45670156853461
30
0
10
191.00561765897666
20
240.20028715508246
30
0
0
SPLINE
5
635
100
AcDbEntity
8
0
100
AcDbSpline
70
0
71
2
72
6
73
3
74
0
42
0.000000001
43
0.0000000001
44
0.0000000001
40
0
40
0
40
0
40
1
40
1
40
1
10
191.00561765897666
20
240.20028715508246
30
0
10
191.95800451505576
20
239.98051290886664
30
0
10
193.96532682645713
20
239.98051290886664
30
0
0
SPLINE
5
636
100
AcDbEntity
8
0
100
AcDbSpline
70
0
71
2
72
6
73
3
74
0
42
0.000000001
43
0.0000000001
44
0.0000000001
40
0
40
0
40
0
40
1
40
1
40
1
10
193.96532682645713
20
239.98051290886664
30
0
10
195.73822645414268
20
239.98051290886664
30
0
10
196.46349577176963
20
240.10505323784614
30
0
0
SPLINE
5
637
100
AcDbEntity
8
0
100
AcDbSpline
70
0
71
2
72
6
73
3
74
0
42
0.000000001
43
0.0000000001
44
0.0000000001
40
0
40
0
40
0
40
1
40
1
40
1
10
196.46349577176963
20
240.10505323784614
30
0
10
197.75287298429404
20
240.32482748406196
30
0
10
198.23638586271201
20
241.06841688530707
30
0
0
SPLINE
5
638
100
AcDbEntity
8
0
100
AcDbSpline
70
0
71
2
72
6
73
3
74
0
42
0.000000001
43
0.0000000001
44
0.0000000001
40
0
40
0
40
0
40
1
40
1
40
1
10
198.23638586271201
20
241.06841688530707
30
0
10
198.71990827787315
20
241.81200628655219
30
0
10
198.71990827787315
20
243.57024793999457
30
0
0
SPLINE
5
639
100
AcDbEntity
8
0
100
AcDbSpline
70
0
71
2
72
6
73
3
74
0
42
0.000000001
43
0.0000000001
44
0.0000000001
40
0
40
0
40
0
40
1
40
1
40
1
10
198.71990827787315
20
243.57024793999457
30
0
10
198.71990827787315
20
243.73875265496039
30
0
10
198.70525030362998
20
244.28820257561469
30
0
0
LINE
5
640
100
AcDbEntity
8
0
100
AcDbLine
10
198.70525030362998
20
244.28820257561469
30
0
11
191.76752714383994
21
244.28820257561469
31
0
0
SPLINE
5
641
100
AcDbEntity
8
0
100
AcDbSpline
70
0
71
2
72
6
73
3
74
0
42
0.000000001
43
0.0000000001
44
0.0000000001
40
0
40
0
40
0
40
1
40
1
40
1
10
191.76752714383994
20
244.28820257561469
30
0
10
191.76752714383994
20
244.83032827751899
30
0
10
191.83712629545127
20
245.06476049797797
30
0
0
SPLINE
5
642
100
AcDbEntity
8
0
100
AcDbSpline
70
0
71
2
72
6
73
3
74
0
42
0.000000001
43
0.0000000001
44
0.0000000001
40
0
40
0
40
0
40
1
40
1
40
1
10
191.83712629545127
20
245.06476049797797
30
0
10
191.90671591031943
20
245.29919271843696
30
0
10
192.11185125577842
20
245.45303945915961
30
0
0
SPLINE
5
643
100
AcDbEntity
8
0
100
AcDbSpline
70
0
71
2
72
6
73
3
74
0
42
0.000000001
43
0.0000000001
44
0.0000000001
40
0
40
0
40
0
40
1
40
1
40
1
10
192.11185125577842
20
245.45303945915961
30
0
10
192.50745443571006
20
245.74607496636176
30
0
10
193.8993897842208
20
245.74607496636176
30
0
0
SPLINE
5
644
100
AcDbEntity
8
0
100
AcDbSpline
70
0
71
2
72
6
73
3
74
0
42
0.000000001
43
0.0000000001
44
0.0000000001
40
0
40
0
40
0
40
1
40
1
40
1
10
193.8993897842208
20
245.74607496636176
30
0
10
194.78583959806357
20
245.74607496636176
30
0
10
195.22906927335654
20
245.67647581475043
30
0
0
SPLINE
5
645
100
AcDbEntity
8
0
100
AcDbSpline
70
0
71
2
72
6
73
3
74
0
42
0.000000001
43
0.0000000001
44
0.0000000001
40
0
40
0
40
0
40
1
40
1
40
1
10
195.22906927335654
20
245.67647581475043
30
0
10
195.67228941190635
20
245.60688619988227
30
0
10
195.833460371379
20
245.44570570366645
30
0
0
SPLINE
5
646
100
AcDbEntity
8
0
100
AcDbSpline
70
0
71
2
72
6
73
3
74
0
42
0.000000001
43
0.0000000001
44
0.0000000001
40
0
40
0
40
0
40
1
40
1
40
1
10
195.833460371379
20
245.44570570366645
30
0
10
195.9653249191085
20
245.31384115593696
30
0
10
196.01661352384482
20
244.99149923699164
30
0
0
SPLINE
5
647
100
AcDbEntity
8
0
100
AcDbSpline
70
0
71
2
72
6
73
3
74
0
42
0.000000001
43
0.0000000001
44
0.0000000001
40
0
40
0
40
0
40
1
40
1
40
1
10
196.05324415433799
20
242.83765440361762
30
0
10
196.03858618009482
20
242.42006903069282
30
0
10
195.99829344022666
20
242.26256018059516
30
0
0
SPLINE
5
648
100
AcDbEntity
8
0
100
AcDbSpline
70
0
71
2
72
6
73
3
74
0
42
0.000000001
43
0.0000000001
44
0.0000000001
40
0
40
0
40
0
40
1
40
1
40
1
10
195.99829344022666
20
242.26256018059516
30
0
10
195.9580007003585
20
242.1050513304975
30
0
10
195.840784590129
20
241.98051100151801
30
0
0
SPLINE
5
649
100
AcDbEntity
8
0
100
AcDbSpline
70
0
71
2
72
6
73
3
74
0
42
0.000000001
43
0.0000000001
44
0.0000000001
40
0
40
0
40
0
40
1
40
1
40
1
10
195.840784590129
20
241.98051100151801
30
0
10
195.49646047819053
20
241.62886267082953
30
0
10
194.00195745695029
20
241.62886267082953
30
0
0
SPLINE
5
650
100
AcDbEntity
8
0
100
AcDbSpline
70
0
71
2
72
6
73
3
74
0
42
0.000000001
43
0.0000000001
44
0.0000000001
40
0
40
0
40
0
40
1
40
1
40
1
10
194.00195745695029
20
241.62886267082953
30
0
10
192.66130117643272
20
241.62886267082953
30
0
10
192.22906736600791
20
241.86329489128852
30
0
0
SPLINE
5
651
100
AcDbEntity
8
0
100
AcDbSpline
70
0
71
2
72
6
73
3
74
0
42
0.000000001
43
0.0000000001
44
0.0000000001
40
0
40
0
40
0
40
1
40
1
40
1
10
192.22906736600791
20
241.86329489128852
30
0
10
191.79683355558311
20
242.0977271117475
30
0
10
191.76752714383994
20
242.83765440361762
30
0
0
LINE
5
652
100
AcDbEntity
8
0
100
AcDbLine
10
191.76752714383994
20
242.83765440361762
30
0
11
196.05324415433799
21
242.83765440361762
31
0
0
LINE
5
653
100
AcDbEntity
8
0
100
AcDbLine
10
199.11551145780479
20
242.06109648125434
30
0
11
199.11551145780479
21
240.1636565245893
31
0
0
LINE
5
654
100
AcDbEntity
8
0
100
AcDbLine
10
199.11551145780479
20
240.1636565245893
30
0
11
200.48547415006553
21
240.1636565245893
31
0
0
SPLINE
5
655
100
AcDbEntity
8
0
100
AcDbSpline
70
0
71
2
72
6
73
3
74
0
42
0.000000001
43
0.0000000001
44
0.0000000001
40
0
40
0
40
0
40
1
40
1
40
1
10
200.48547415006553
20
240.1636565245893
30
0
10
200.52210478055869
20
239.03545027153754
30
0
10
200.65396932828818
20
238.58124380486274
30
0
0
SPLINE
5
656
100
AcDbEntity
8
0
100
AcDbSpline
70
0
71
2
72
6
73
3
74
0
42
0.000000001
43
0.0000000001
44
0.0000000001
40
0
40
0
40
0
40
1
40
1
40
1
10
200.65396932828818
20
238.58124380486274
30
0
10
200.78584341276084
20
238.12702780144477
30
0
10
201.18144659269248
20
237.76805525200629
30
0
0
SPLINE
5
657
100
AcDbEntity
8
0
100
AcDbSpline
70
0
71
2
72
6
73
3
74
0
42
0.000000001
43
0.0000000001
44
0.0000000001
40
0
40
0
40
0
40
1
40
1
40
1
10
201.18144659269248
20
237.76805525200629
30
0
10
201.61368040311729
20
237.37245207207465
30
0
10
202.24737791288291
20
237.22959165947699
30
0
0
SPLINE
5
658
100
AcDbEntity
8
0
100
AcDbSpline
70
0
71
2
72
6
73
3
74
0
42
0.000000001
43
0.0000000001
44
0.0000000001
40
0
40
0
40
0
40
1
40
1
40
1
10
202.24737791288291
20
237.22959165947699
30
0
10
202.88107542264854
20
237.08673124687934
30
0
10
204.20708326566611
20
237.08673124687934
30
0
0
SPLINE
5
659
100
AcDbEntity
8
0
100
AcDbSpline
70
0
71
2
72
6
73
3
74
0
42
0.000000001
43
0.0000000001
44
0.0000000001
40
0
40
0
40
0
40
1
40
1
40
1
10
204.20708326566611
20
237.08673124687934
30
0
10
204.8371282027999
20
237.08673124687934
30
0
10
205.54042486417686
20
237.1233618773725
30
0
0
LINE
5
660
100
AcDbEntity
8
0
100
AcDbLine
10
205.54042486417686
20
237.1233618773725
30
0
11
205.54042486417686
21
238.87427931206489
31
0
0
SPLINE
5
661
100
AcDbEntity
8
0
100
AcDbSpline
70
0
71
2
72
6
73
3
74
0
42
0.000000001
43
0.0000000001
44
0.0000000001
40
0
40
0
40
0
40
1
40
1
40
1
10
205.54042486417686
20
238.87427931206489
30
0
10
205.02759603727256
20
238.85963087456489
30
0
10
204.8371282027999
20
238.85963087456489
30
0
0
SPLINE
5
662
100
AcDbEntity
8
0
100
AcDbSpline
70
0
71
2
72
6
73
3
74
0
42
0.000000001
43
0.0000000001
44
0.0000000001
40
0
40
0
40
0
40
1
40
1
40
1
10
204.8371282027999
20
238.85963087456489
30
0
10
203.73089460599815
20
238.85963087456489
30
0
10
203.40122846830283
20
239.1600001372602
30
0
0
SPLINE
5
663
100
AcDbEntity
8
0
100
AcDbSpline
70
0
71
2
72
6
73
3
74
0
42
0.000000001
43
0.0000000001
44
0.0000000001
40
0
40
0
40
0
40
1
40
1
40
1
10
203.40122846830283
20
239.1600001372602
30
0
10
203.25470594633018
20
239.29186468498969
30
0
10
203.20342687833701
20
239.48966627495551
30
0
0
SPLINE
5
664
100
AcDbEntity
8
0
100
AcDbSpline
70
0
71
2
72
6
73
3
74
0
42
0.000000001
43
0.0000000001
44
0.0000000001
40
0
40
0
40
0
40
1
40
1
40
1
10
203.20342687833701
20
239.48966627495551
30
0
10
203.15213827360068
20
239.68746786492133
30
0
10
203.13748983610068
20
240.1636565245893
30
0
0
LINE
5
665
100
AcDbEntity
8
0
100
AcDbLine
10
203.13748983610068
20
240.1636565245893
30
0
11
205.74555067289268
21
240.1636565245893
31
0
0
LINE
5
666
100
AcDbEntity
8
0
100
AcDbLine
10
205.74555067289268
20
240.1636565245893
30
0
11
205.74555067289268
21
242.06109648125434
31
0
0
LINE
5
667
100
AcDbEntity
8
0
100
AcDbLine
10
205.74555067289268
20
242.06109648125434
30
0
11
203.13748983610068
21
242.06109648125434
31
0
0
LINE
5
668
100
AcDbEntity
8
0
100
AcDbLine
10
203.13748983610068
20
242.06109648125434
30
0
11
203.13748983610068
21
247.26256018059516
31
0
0
LINE
5
669
100
AcDbEntity
8
0
100
AcDbLine
10
203.13748983610068
20
247.26256018059516
30
0
11
200.48547415006553
21
247.26256018059516
31
0
0
LINE
5
670
100
AcDbEntity
8
0
100
AcDbLine
10
200.48547415006553
20
247.26256018059516
30
0
11
200.48547415006553
21
242.06109648125434
31
0
0
LINE
5
671
100
AcDbEntity
8
0
100
AcDbLine
10
200.48547415006553
20
242.06109648125434
30
0
11
199.11551145780479
21
242.06109648125434
31
0
0
LWPOLYLINE
5
672
100
AcDbEntity
8
0
100
AcDbPolyline
90
4
70
1
43
0.0
10
206.3829102920333
20
237.26256018059516
10
209.03492597806846
20
237.26256018059516
10
209.03492597806846
20
247.26256018059516
10
206.3829102920333
20
247.26256018059516
0
LINE
5
673
100
AcDbEntity
8
0
100
AcDbLine
10
216.9396844314376
20
244.99149923699164
30
0
11
219.58436636197959
21
244.99149923699164
31
0
0
SPLINE
5
674
100
AcDbEntity
8
0
100
AcDbSpline
70
0
71
2
72
6
73
3
74
0
42
0.000000001
43
0.0000000001
44
0.0000000001
40
0
40
0
40
0
40
1
40
1
40
1
10
219.58436636197959
20
244.99149923699164
30
0
10
219.47448400724326
20
246.1490023650434
30
0
10
218.88106970060264
20
246.65449743645453
30
0
0
SPLINE
5
675
100
AcDbEntity
8
0
100
AcDbSpline
70
0
71
2
72
6
73
3
74
0
42
0.000000001
43
0.0000000001
44
0.0000000001
40
0
40
0
40
0
40
1
40
1
40
1
10
218.88106970060264
20
246.65449743645453
30
0
10
218.3682504104415
20
247.1013892211225
30
0
10
217.43052152860557
20
247.27354650872016
30
0
0
SPLINE
5
676
100
AcDbEntity
8
0
100
AcDbSpline
70
0
71
2
72
6
73
3
74
0
42
0.000000001
43
0.0000000001
44
0.0000000001
40
0
40
0
40
0
40
1
40
1
40
1
10
217.43052152860557
20
247.27354650872016
30
0
10
216.49279264676963
20
247.44571333306098
30
0
10
214.61733488309775
20
247.44571333306098
30
0
0
SPLINE
5
677
100
AcDbEntity
8
0
100
AcDbSpline
70
0
71
2
72
6
73
3
74
0
42
0.000000001
43
0.0000000001
44
0.0000000001
40
0
40
0
40
0
40
1
40
1
40
1
10
214.61733488309775
20
247.44571333306098
30
0
10
213.07155279386436
20
247.44571333306098
30
0
10
212.24370626676475
20
247.29552870171332
30
0
0
SPLINE
5
678
100
AcDbEntity
8
0
100
AcDbSpline
70
0
71
2
72
6
73
3
74
0
42
0.000000001
43
0.0000000001
44
0.0000000001
40
0
40
0
40
0
40
1
40
1
40
1
10
212.24370626676475
20
247.29552870171332
30
0
10
211.4158692764083
20
247.14534407036567
30
0
10
210.93235639799033
20
246.77904730217719
30
0
0
SPLINE
5
679
100
AcDbEntity
8
0
100
AcDbSpline
70
0
71
2
72
6
73
3
74
0
42
0.000000001
43
0.0000000001
44
0.0000000001
40
0
40
0
40
0
40
1
40
1
40
1
10
210.93235639799033
20
246.77904730217719
30
0
10
210.4195371078292
20
246.39076834099555
30
0
10
210.22905973661338
20
245.74241285698676
30
0
0
SPLINE
5
680
100
AcDbEntity
8
0
100
AcDbSpline
70
0
71
2
72
6
73
3
74
0
42
0.000000001
43
0.0000000001
44
0.0000000001
40
0
40
0
40
0
40
1
40
1
40
1
10
210.22905973661338
20
245.74241285698676
30
0
10
210.03858236539756
20
245.09405737297797
30
0
10
210.03858236539756
20
243.74607687371039
30
0
0
SPLINE
5
681
100
AcDbEntity
8
0
100
AcDbSpline
70
0
71
2
72
6
73
3
74
0
42
0.000000001
43
0.0000000001
44
0.0000000001
40
0
40
0
40
0
40
1
40
1
40
1
10
210.03858236539756
20
243.74607687371039
30
0
10
210.03858236539756
20
242.73508673088813
30
0
10
210.11184362638389
20
242.22592955010199
30
0
0
SPLINE
5
682
100
AcDbEntity
8
0
100
AcDbSpline
70
0
71
2
72
6
73
3
74
0
42
0.000000001
43
0.0000000001
44
0.0000000001
40
0
40
0
40
0
40
1
40
1
40
1
10
210.11184362638389
20
242.22592955010199
30
0
10
210.18510488737022
20
241.71677236931586
30
0
10
210.39023069608604
20
241.30651121514106
30
0
0
SPLINE
5
683
100
AcDbEntity
8
0
100
AcDbSpline
70
0
71
2
72
6
73
3
74
0
42
0.000000001
43
0.0000000001
44
0.0000000001
40
0
40
0
40
0
40
1
40
1
40
1
10
210.39023069608604
20
241.30651121514106
30
0
10
210.81514028776084
20
240.45670156853461
30
0
10
211.92868856656943
20
240.20028715508246
30
0
0
SPLINE
5
684
100
AcDbEntity
8
0
100
AcDbSpline
70
0
71
2
72
6
73
3
74
0
42
0.000000001
43
0.0000000001
44
0.0000000001
40
0
40
0
40
0
40
1
40
1
40
1
10
211.92868856656943
20
240.20028715508246
30
0
10
212.88107542264854
20
239.98051290886664
30
0
10
214.8883977340499
20
239.98051290886664
30
0
0
SPLINE
5
685
100
AcDbEntity
8
0
100
AcDbSpline
70
0
71
2
72
6
73
3
74
0
42
0.000000001
43
0.0000000001
44
0.0000000001
40
0
40
0
40
0
40
1
40
1
40
1
10
214.8883977340499
20
239.98051290886664
30
0
10
216.66129736173545
20
239.98051290886664
30
0
10
217.3865666793624
20
240.10505323784614
30
0
0
SPLINE
5
686
100
AcDbEntity
8
0
100
AcDbSpline
70
0
71
2
72
6
73
3
74
0
42
0.000000001
43
0.0000000001
44
0.0000000001
40
0
40
0
40
0
40
1
40
1
40
1
10
217.3865666793624
20
240.10505323784614
30
0
10
218.67594389188682
20
240.32482748406196
30
0
10
219.15946630704795
20
241.06841688530707
30
0
0
SPLINE
5
687
100
AcDbEntity
8
0
100
AcDbSpline
70
0
71
2
72
6
73
3
74
0
42
0.000000001
43
0.0000000001
44
0.0000000001
40
0
40
0
40
0
40
1
40
1
40
1
10
219.15946630704795
20
241.06841688530707
30
0
10
219.64297918546592
20
241.81200628655219
30
0
10
219.64297918546592
20
243.57024793999457
30
0
0
SPLINE
5
688
100
AcDbEntity
8
0
100
AcDbSpline
70
0
71
2
72
6
73
3
74
0
42
0.000000001
43
0.0000000001
44
0.0000000001
40
0
40
0
40
0
40
1
40
1
40
1
10
219.64297918546592
20
243.57024793999457
30
0
10
219.64297918546592
20
243.73875265496039
30
0
10
219.62833074796592
20
244.28820257561469
30
0
0
LINE
5
689
100
AcDbEntity
8
0
100
AcDbLine
10
219.62833074796592
20
244.28820257561469
30
0
11
212.69059805143272
21
244.28820257561469
31
0
0
SPLINE
5
690
100
AcDbEntity
8
0
100
AcDbSpline
70
0
71
2
72
6
73
3
74
0
42
0.000000001
43
0.0000000001
44
0.0000000001
40
0
40
0
40
0
40
1
40
1
40
1
10
212.69059805143272
20
244.28820257561469
30
0
10
212.69059805143272
20
244.83032827751899
30
0
10
212.76019720304404
20
245.06476049797797
30
0
0
SPLINE
5
691
100
AcDbEntity
8
0
100
AcDbSpline
70
0
71
2
72
6
73
3
74
0
42
0.000000001
43
0.0000000001
44
0.0000000001
40
0
40
0
40
0
40
1
40
1
40
1
10
212.76019720304404
20
245.06476049797797
30
0
10
212.82978681791221
20
245.29919271843696
30
0
10
213.03492216337119
20
245.45303945915961
30
0
0
SPLINE
5
692
100
AcDbEntity
8
0
100
AcDbSpline
70
0
71
2
72
6
73
3
74
0
42
0.000000001
43
0.0000000001
44
0.0000000001
40
0
40
0
40
0
40
1
40
1
40
1
10
213.03492216337119
20
245.45303945915961
30
0
10
213.43052534330283
20
245.74607496636176
30
0
10
214.82246069181357
20
245.74607496636176
30
0
0
SPLINE
5
693
100
AcDbEntity
8
0
100
AcDbSpline
70
0
71
2
72
6
73
3
74
0
42
0.000000001
43
0.0000000001
44
0.0000000001
40
0
40
0
40
0
40
1
40
1
40
1
10
214.82246069181357
20
245.74607496636176
30
0
10
215.70891050565635
20
245.74607496636176
30
0
10
216.15213064420615
20
245.67647581475043
30
0
0
SPLINE
5
694
100
AcDbEntity
8
0
100
AcDbSpline
70
0
71
2
72
6
73
3
74
0
42
0.000000001
43
0.0000000001
44
0.0000000001
40
0
40
0
40
0
40
1
40
1
40
1
10
216.15213064420615
20
245.67647581475043
30
0
10
216.59536031949912
20
245.60688619988227
30
0
10
216.75653127897178
20
245.44570570366645
30
0
0
SPLINE
5
695
100
AcDbEntity
8
0
100
AcDbSpline
70
0
71
2
72
6
73
3
74
0
42
0.000000001
43
0.0000000001
44
0.0000000001
40
0
40
0
40
0
40
1
40
1
40
1
10
216.75653127897178
20
245.44570570366645
30
0
10
216.88839582670127
20
245.31384115593696
30
0
10
216.9396844314376
20
244.99149923699164
30
0
0
SPLINE
5
696
100
AcDbEntity
8
0
100
AcDbSpline
70
0
71
2
72
6
73
3
74
0
42
0.000000001
43
0.0000000001
44
0.0000000001
40
0
40
0
40
0
40
1
40
1
40
1
10
216.97631506193076
20
242.83765440361762
30
0
10
216.9616570876876
20
242.42006903069282
30
0
10
216.92136434781943
20
242.26256018059516
30
0
0
SPLINE
5
697
100
AcDbEntity
8
0
100
AcDbSpline
70
0
71
2
72
6
73
3
74
0
42
0.000000001
43
0.0000000001
44
0.0000000001
40
0
40
0
40
0
40
1
40
1
40
1
10
216.92136434781943
20
242.26256018059516
30
0
10
216.88107160795127
20
242.1050513304975
30
0
10
216.76385549772178
20
241.98051100151801
30
0
0
SPLINE
5
698
100
AcDbEntity
8
0
100
AcDbSpline
70
0
71
2
72
6
73
3
74
0
42
0.000000001
43
0.0000000001
44
0.0000000001
40
0
40
0
40
0
40
1
40
1
40
1
10
216.76385549772178
20
241.98051100151801
30
0
10
216.4195313857833
20
241.62886267082953
30
0
10
214.92502836454307
20
241.62886267082953
30
0
0
SPLINE
5
699
100
AcDbEntity
8
0
100
AcDbSpline
70
0
71
2
72
6
73
3
74
0
42
0.000000001
43
0.0000000001
44
0.0000000001
40
0
40
0
40
0
40
1
40
1
40
1
10
214.92502836454307
20
241.62886267082953
30
0
10
213.58437208402549
20
241.62886267082953
30
0
10
213.15213827360068
20
241.86329489128852
30
0
0
SPLINE
5
700
100
AcDbEntity
8
0
100
AcDbSpline
70
0
71
2
72
6
73
3
74
0
42
0.000000001
43
0.0000000001
44
0.0000000001
40
0
40
0
40
0
40
1
40
1
40
1
10
213.15213827360068
20
241.86329489128852
30
0
10
212.71990446317588
20
242.0977271117475
30
0
10
212.69059805143272
20
242.83765440361762
30
0
0
LINE
5
701
100
AcDbEntity
8
0
100
AcDbLine
10
212.69059805143272
20
242.83765440361762
30
0
11
216.97631506193076
21
242.83765440361762
31
0
0
LINE
5
702
100
AcDbEntity
8
0
100
AcDbLine
10
221.55507711637412
20
238.52995520012641
30
0
11
224.20709280240928
21
238.52995520012641
31
0
0
LINE
5
703
100
AcDbEntity
8
0
100
AcDbLine
10
224.20709280240928
20
238.52995520012641
30
0
11
224.20709280240928
21
240.1636565245893
31
0
0
LINE
5
704
100
AcDbEntity
8
0
100
AcDbLine
10
224.20709280240928
20
240.1636565245893
30
0
11
228.40489057767783
21
240.1636565245893
31
0
0
LINE
5
705
100
AcDbEntity
8
0
100
AcDbLine
10
228.40489057767783
20
240.1636565245893
30
0
11
228.40489057767783
21
242.06109648125434
31
0
0
LINE
5
706
100
AcDbEntity
8
0
100
AcDbLine
10
228.40489057767783
20
242.06109648125434
30
0
11
224.20709280240928
21
242.06109648125434
31
0
0
LINE
5
707
100
AcDbEntity
8
0
100
AcDbLine
10
224.20709280240928
20
242.06109648125434
30
0
11
224.20709280240928
21
244.12703161614203
31
0
0
SPLINE
5
708
100
AcDbEntity
8
0
100
AcDbSpline
70
0
71
2
72
6
73
3
74
0
42
0.000000001
43
0.0000000001
44
0.0000000001
40
0
40
0
40
0
40
1
40
1
40
1
10
224.20709280240928
20
244.12703161614203
30
0
10
224.20709280240928
20
244.96219282524848
30
0
10
224.32430891263877
20
245.17465238945746
30
0
0
SPLINE
5
709
100
AcDbEntity
8
0
100
AcDbSpline
70
0
71
2
72
6
73
3
74
0
42
0.000000001
43
0.0000000001
44
0.0000000001
40
0
40
0
40
0
40
1
40
1
40
1
10
224.32430891263877
20
245.17465238945746
30
0
10
224.52211050260459
20
245.54094915764594
30
0
10
225.26203779447471
20
245.54094915764594
30
0
0
SPLINE
5
710
100
AcDbEntity
8
0
100
AcDbSpline
70
0
71
2
72
6
73
3
74
0
42
0.000000001
43
0.0000000001
44
0.0000000001
40
0
40
0
40
0
40
1
40
1
40
1
10
225.26203779447471
20
245.54094915764594
30
0
10
226.03126196134482
20
245.54094915764594
30
0
10
226.21441511381065
20
245.18930082695746
30
0
0
SPLINE
5
711
100
AcDbEntity
8
0
100
AcDbSpline
70
0
71
2
72
6
73
3
74
0
42
0.000000001
43
0.0000000001
44
0.0000000001
40
0
40
0
40
0
40
1
40
1
40
1
10
226.21441511381065
20
245.18930082695746
30
0
10
226.28767637479697
20
245.05010252373481
30
0
10
226.30232481229697
20
244.91457586663032
30
0
0
SPLINE
5
712
100
AcDbEntity
8
0
100
AcDbSpline
70
0
71
2
72
6
73
3
74
0
42
0.000000001
43
0.0000000001
44
0.0000000001
40
0
40
0
40
0
40
1
40
1
40
1
10
226.30232481229697
20
244.91457586663032
30
0
10
226.31698278654014
20
244.77903967278266
30
0
10
226.31698278654014
20
244.22226553337836
30
0
0
LINE
5
713
100
AcDbEntity
8
0
100
AcDbLine
10
226.31698278654014
20
244.22226553337836
30
0
11
228.74189047086631
21
244.22226553337836
31
0
0
SPLINE
5
714
100
AcDbEntity
8
0
100
AcDbSpline
70
0
71
2
72
6
73
3
74
0
42
0.000000001
43
0.0000000001
44
0.0000000001
40
0
40
0
40
0
40
1
40
1
40
1
10
228.74189047086631
20
244.22226553337836
30
0
10
228.72723249662315
20
245.24057989495063
30
0
10
228.62101225126182
20
245.6947958983686
30
0
0
SPLINE
5
715
100
AcDbEntity
8
0
100
AcDbSpline
70
0
71
2
72
6
73
3
74
0
42
0.000000001
43
0.0000000001
44
0.0000000001
40
0
40
0
40
0
40
1
40
1
40
1
10
228.62101225126182
20
245.6947958983686
30
0
10
228.51478246915732
20
246.1490023650434
30
0
10
228.20708898771201
20
246.53728132622504
30
0
0
SPLINE
5
716
100
AcDbEntity
8
0
100
AcDbSpline
70
0
71
2
72
6
73
3
74
0
42
0.000000001
43
0.0000000001
44
0.0000000001
40
0
40
0
40
0
40
1
40
1
40
1
10
228.20708898771201
20
246.53728132622504
30
0
10
227.81148580778037
20
247.04277639763617
30
0
10
227.11185125577842
20
247.24424963372016
30
0
0
SPLINE
5
717
100
AcDbEntity
8
0
100
AcDbSpline
70
0
71
2
72
6
73
3
74
0
42
0.000000001
43
0.0000000001
44
0.0000000001
40
0
40
0
40
0
40
1
40
1
40
1
10
227.11185125577842
20
247.24424963372016
30
0
10
226.41221670377647
20
247.44571333306098
30
0
10
225.03492979276572
20
247.44571333306098
30
0
0
SPLINE
5
718
100
AcDbEntity
8
0
100
AcDbSpline
70
0
71
2
72
6
73
3
74
0
42
0.000000001
43
0.0000000001
44
0.0000000001
40
0
40
0
40
0
40
1
40
1
40
1
10
225.03492979276572
20
247.44571333306098
30
0
10
223.76020101774131
20
247.44571333306098
30
0
10
223.14115194547568
20
247.30651502983832
30
0
0
SPLINE
5
719
100
AcDbEntity
8
0
100
AcDbSpline
70
0
71
2
72
6
73
3
74
0
42
0.000000001
43
0.0000000001
44
0.0000000001
40
0
40
0
40
0
40
1
40
1
40
1
10
223.14115194547568
20
247.30651502983832
30
0
10
222.52211240995322
20
247.16732626335883
30
0
10
222.13383344877158
20
246.78637152092719
30
0
0
SPLINE
5
720
100
AcDbEntity
8
0
100
AcDbSpline
70
0
71
2
72
6
73
3
74
0
42
0.000000001
43
0.0000000001
44
0.0000000001
40
0
40
0
40
0
40
1
40
1
40
1
10
222.13383344877158
20
246.78637152092719
30
0
10
221.84811262357627
20
246.50798445122504
30
0
10
221.72357229459678
20
246.17830877678657
30
0
0
SPLINE
5
721
100
AcDbEntity
8
0
100
AcDbSpline
70
0
71
2
72
6
73
3
74
0
42
0.000000001
43
0.0000000001
44
0.0000000001
40
0
40
0
40
0
40
1
40
1
40
1
10
221.72357229459678
20
246.17830877678657
30
0
10
221.59903196561729
20
245.84864263909125
30
0
10
221.56972555387412
20
245.26988630669379
30
0
0
SPLINE
5
722
100
AcDbEntity
8
0
100
AcDbSpline
70
0
71
2
72
6
73
3
74
0
42
0.000000001
43
0.0000000001
44
0.0000000001
40
0
40
0
40
0
40
1
40
1
40
1
10
221.56972555387412
20
245.26988630669379
30
0
10
221.55507711637412
20
245.05743627922797
30
0
10
221.55507711637412
20
244.12703161614203
30
0
0
LINE
5
723
100
AcDbEntity
8
0
100
AcDbLine
10
221.55507711637412
20
244.12703161614203
30
0
11
221.55507711637412
21
242.06109648125434
31
0
0
LINE
5
724
100
AcDbEntity
8
0
100
AcDbLine
10
221.55507711637412
20
242.06109648125434
30
0
11
220.15580801237022
21
242.06109648125434
31
0
0
LINE
5
725
100
AcDbEntity
8
0
100
AcDbLine
10
220.15580801237022
20
242.06109648125434
30
0
11
220.15580801237022
21
240.1636565245893
31
0
0
LINE
5
726
100
AcDbEntity
8
0
100
AcDbLine
10
220.15580801237022
20
240.1636565245893
30
0
11
221.55507711637412
21
240.1636565245893
31
0
0
LINE
5
727
100
AcDbEntity
8
0
100
AcDbLine
10
221.55507711637412
20
240.1636565245893
30
0
11
221.55507711637412
21
238.52995520012641
31
0
0
LINE
5
728
100
AcDbEntity
8
0
100
AcDbLine
10
229.91405157316123
20
244.29552679436469
30
0
11
233.11551717985068
21
244.29552679436469
31
0
0
LINE
5
729
100
AcDbEntity
8
0
100
AcDbLine
10
233.11551717985068
20
244.29552679436469
30
0
11
233.11551717985068
21
247.21128111260199
31
0
0
SPLINE
5
730
100
AcDbEntity
8
0
100
AcDbSpline
70
0
71
2
72
6
73
3
74
0
42
0.000000001
43
0.0000000001
44
0.0000000001
40
0
40
0
40
0
40
1
40
1
40
1
10
233.11551717985068
20
247.21128111260199
30
0
10
233.11551717985068
20
248.14168577568793
30
0
10
233.03126959073936
20
248.60321646111274
30
0
0
SPLINE
5
731
100
AcDbEntity
8
0
100
AcDbSpline
70
0
71
2
72
6
73
3
74
0
42
0.000000001
43
0.0000000001
44
0.0000000001
40
0
40
0
40
0
40
1
40
1
40
1
10
233.03126959073936
20
248.60321646111274
30
0
10
232.94701246488486
20
249.06475668328071
30
0
10
232.72723821866904
20
249.34314375298285
30
0
0
SPLINE
5
732
100
AcDbEntity
8
0
100
AcDbSpline
70
0
71
2
72
6
73
3
74
0
42
0.000000001
43
0.0000000001
44
0.0000000001
40
0
40
0
40
0
40
1
40
1
40
1
10
232.72723821866904
20
249.34314375298285
30
0
10
232.44151739347373
20
249.70945005791449
30
0
10
231.95800451505576
20
249.82666616814399
30
0
0
SPLINE
5
733
100
AcDbEntity
8
0
100
AcDbSpline
70
0
71
2
72
6
73
3
74
0
42
0.000000001
43
0.0000000001
44
0.0000000001
40
0
40
0
40
0
40
1
40
1
40
1
10
231.95800451505576
20
249.82666616814399
30
0
10
231.47449163663779
20
249.94388227837348
30
0
10
230.26569990384971
20
249.94388227837348
30
0
0
SPLINE
5
734
100
AcDbEntity
8
0
100
AcDbSpline
70
0
71
2
72
6
73
3
74
0
42
0.000000001
43
0.0000000001
44
0.0000000001
40
0
40
0
40
0
40
1
40
1
40
1
10
230.26569990384971
20
249.94388227837348
30
0
10
229.92137579191123
20
249.94388227837348
30
0
10
229.49646620023643
20
249.92922430413032
30
0
0
LINE
5
735
100
AcDbEntity
8
0
100
AcDbLine
10
229.49646620023643
20
249.92922430413032
30
0
11
229.49646620023643
21
248.36146002190375
31
0
0
LINE
5
736
100
AcDbEntity
8
0
100
AcDbLine
10
229.49646620023643
20
248.36146002190375
30
0
11
229.71624998319541
21
248.36146002190375
31
0
0
LINE
5
737
100
AcDbEntity
8
0
100
AcDbLine
10
229.71624998319541
20
248.36146002190375
30
0
11
229.98731283414756
21
248.36146002190375
31
0
0
SPLINE
5
738
100
AcDbEntity
8
0
100
AcDbSpline
70
0
71
2
72
6
73
3
74
0
42
0.000000001
43
0.0000000001
44
0.0000000001
40
0
40
0
40
0
40
1
40
1
40
1
10
229.98731283414756
20
248.36146002190375
30
0
10
230.3902402328292
20
248.36146002190375
30
0
10
230.56972173917686
20
248.17098265068793
30
0
0
SPLINE
5
739
100
AcDbEntity
8
0
100
AcDbSpline
70
0
71
2
72
6
73
3
74
0
42
0.000000001
43
0.0000000001
44
0.0000000001
40
0
40
0
40
0
40
1
40
1
40
1
10
230.56972173917686
20
248.17098265068793
30
0
10
230.74921278226768
20
247.98050527947211
30
0
10
230.74921278226768
20
247.54094725029731
30
0
0
LINE
5
740
100
AcDbEntity
8
0
100
AcDbLine
10
230.74921278226768
20
247.54094725029734
30
0
11
230.74921278226768
21
247.26256018059516
31
0
0
LINE
5
741
100
AcDbEntity
8
0
100
AcDbLine
10
230.74921278226768
20
247.26256018059516
30
0
11
229.91405157316123
21
247.26256018059516
31
0
0
LINE
5
742
100
AcDbEntity
8
0
100
AcDbLine
10
229.91405157316123
20
247.26256018059516
30
0
11
229.91405157316123
21
244.29552679436469
31
0
0
LINE
5
743
100
AcDbEntity
8
0
100
AcDbLine
10
80.646643470410453
20
257.97318106072214
30
0
11
83.298658113364326
21
257.97318106072214
31
0
0
LINE
5
744
100
AcDbEntity
8
0
100
AcDbLine
10
83.298658113364326
20
257.97318106072214
30
0
11
83.298658113364326
21
259.60688238518503
31
0
0
LINE
5
745
100
AcDbEntity
8
0
100
AcDbLine
10
83.298658113364326
20
259.60688238518503
30
0
11
87.496460358981238
21
259.60688238518503
31
0
0
LINE
5
746
100
AcDbEntity
8
0
100
AcDbLine
10
87.496460358981238
20
259.60688238518503
30
0
11
87.496460358981238
21
261.50432234185007
31
0
0
LINE
5
747
100
AcDbEntity
8
0
100
AcDbLine
10
87.496460358981238
20
261.50432234185007
30
0
11
83.298658113364326
21
261.50432234185007
31
0
0
LINE
5
748
100
AcDbEntity
8
0
100
AcDbLine
10
83.298658113364326
20
261.50432234185007
30
0
11
83.298658113364326
21
263.57025747673777
31
0
0
SPLINE
5
749
100
AcDbEntity
8
0
100
AcDbSpline
70
0
71
2
72
6
73
3
74
0
42
0.000000001
43
0.0000000001
44
0.0000000001
40
0
40
0
40
0
40
1
40
1
40
1
10
83.298658113364326
20
263.57025747673777
30
0
10
83.298658113364326
20
264.40541868584421
30
0
10
83.415874223593818
20
264.6178782500532
30
0
0
SPLINE
5
750
100
AcDbEntity
8
0
100
AcDbSpline
70
0
71
2
72
6
73
3
74
0
42
0.000000001
43
0.0000000001
44
0.0000000001
40
0
40
0
40
0
40
1
40
1
40
1
10
83.415874223593818
20
264.6178782500532
30
0
10
83.613676409606086
20
264.98417501824167
30
0
10
84.353603403452979
20
264.98417501824167
30
0
0
SPLINE
5
751
100
AcDbEntity
8
0
100
AcDbSpline
70
0
71
2
72
6
73
3
74
0
42
0.000000001
43
0.0000000001
44
0.0000000001
40
0
40
0
40
0
40
1
40
1
40
1
10
84.353603403452979
20
264.98417501824167
30
0
10
85.122834126834022
20
264.98417501824167
30
0
10
85.305984299067603
20
264.6325266875532
30
0
0
SPLINE
5
752
100
AcDbEntity
8
0
100
AcDbSpline
70
0
71
2
72
6
73
3
74
0
42
0.000000001
43
0.0000000001
44
0.0000000001
40
0
40
0
40
0
40
1
40
1
40
1
10
85.305984299067603
20
264.6325266875532
30
0
10
85.379244367961036
20
264.49332838433054
30
0
10
85.393896381739722
20
264.35780172722605
30
0
0
SPLINE
5
753
100
AcDbEntity
8
0
100
AcDbSpline
70
0
71
2
72
6
73
3
74
0
42
0.000000001
43
0.0000000001
44
0.0000000001
40
0
40
0
40
0
40
1
40
1
40
1
10
85.393896381739722
20
264.35780172722605
30
0
10
85.408548395518409
20
264.22226553337839
30
0
10
85.408548395518409
20
263.66549139397409
30
0
0
LINE
5
754
100
AcDbEntity
8
0
100
AcDbLine
10
85.408548395518409
20
263.66549139397409
30
0
11
87.833456675891028
21
263.66549139397409
31
0
0
SPLINE
5
755
100
AcDbEntity
8
0
100
AcDbSpline
70
0
71
2
72
6
73
3
74
0
42
0.000000001
43
0.0000000001
44
0.0000000001
40
0
40
0
40
0
40
1
40
1
40
1
10
87.833456675891028
20
263.66549139397409
30
0
10
87.818804662112342
20
264.68380575554636
30
0
10
87.712577860240089
20
265.13802175896433
30
0
0
SPLINE
5
756
100
AcDbEntity
8
0
100
AcDbSpline
70
0
71
2
72
6
73
3
74
0
42
0.000000001
43
0.0000000001
44
0.0000000001
40
0
40
0
40
0
40
1
40
1
40
1
10
87.712577860240089
20
265.13802175896433
30
0
10
87.606350462321387
20
265.59222822563913
30
0
10
87.29865817296897
20
265.98050718682077
30
0
0
SPLINE
5
757
100
AcDbEntity
8
0
100
AcDbSpline
70
0
71
2
72
6
73
3
74
0
42
0.000000001
43
0.0000000001
44
0.0000000001
40
0
40
0
40
0
40
1
40
1
40
1
10
87.29865817296897
20
265.98050718682077
30
0
10
86.903053800944434
20
266.48600225823191
30
0
10
86.203419844988929
20
266.68747549431589
30
0
0
SPLINE
5
758
100
AcDbEntity
8
0
100
AcDbSpline
70
0
71
2
72
6
73
3
74
0
42
0.000000001
43
0.0000000001
44
0.0000000001
40
0
40
0
40
0
40
1
40
1
40
1
10
86.203419844988929
20
266.68747549431589
30
0
10
85.503786485079871
20
266.88893919365671
30
0
10
84.126496891860114
20
266.88893919365671
30
0
0
SPLINE
5
759
100
AcDbEntity
8
0
100
AcDbSpline
70
0
71
2
72
6
73
3
74
0
42
0.000000001
43
0.0000000001
44
0.0000000001
40
0
40
0
40
0
40
1
40
1
40
1
10
84.126496891860114
20
266.88893919365671
30
0
10
82.851771693114387
20
266.88893919365671
30
0
10
82.232724110964881
20
266.74974089043405
30
0
0
SPLINE
5
760
100
AcDbEntity
8
0
100
AcDbSpline
70
0
71
2
72
6
73
3
74
0
42
0.000000001
43
0.0000000001
44
0.0000000001
40
0
40
0
40
0
40
1
40
1
40
1
10
82.232724110964881
20
266.74974089043405
30
0
10
81.613676379803763
20
266.61055212395456
30
0
10
81.225398014668571
20
266.22959738152292
30
0
0
SPLINE
5
761
100
AcDbEntity
8
0
100
AcDbSpline
70
0
71
2
72
6
73
3
74
0
42
0.000000001
43
0.0000000001
44
0.0000000001
40
0
40
0
40
0
40
1
40
1
40
1
10
81.225398014668571
20
266.22959738152292
30
0
10
80.939683745984183
20
265.95121031182077
30
0
10
80.815141628865348
20
265.6215346373823
30
0
0
SPLINE
5
762
100
AcDbEntity
8
0
100
AcDbSpline
70
0
71
2
72
6
73
3
74
0
42
0.000000001
43
0.0000000001
44
0.0000000001
40
0
40
0
40
0
40
1
40
1
40
1
10
80.815141628865348
20
265.6215346373823
30
0
10
80.690599511746512
20
265.29186849968698
30
0
10
80.661295484189139
20
264.71311216728952
30
0
0
SPLINE
5
763
100
AcDbEntity
8
0
100
AcDbSpline
70
0
71
2
72
6
73
3
74
0
42
0.000000001
43
0.0000000001
44
0.0000000001
40
0
40
0
40
0
40
1
40
1
40
1
10
80.661295484189139
20
264.71311216728952
30
0
10
80.646643470410453
20
264.5006621398237
30
0
10
80.646643470410453
20
263.57025747673777
30
0
0
LINE
5
764
100
AcDbEntity
8
0
100
AcDbLine
10
80.646643470410453
20
263.57025747673777
30
0
11
80.646643470410453
21
261.50432234185007
31
0
0
LINE
5
765
100
AcDbEntity
8
0
100
AcDbLine
10
80.646643470410453
20
261.50432234185007
30
0
11
79.247376005534278
21
261.50432234185007
31
0
0
LINE
5
766
100
AcDbEntity
8
0
100
AcDbLine
10
79.247376005534278
20
261.50432234185007
30
0
11
79.247376005534278
21
259.60688238518503
31
0
0
LINE
5
767
100
AcDbEntity
8
0
100
AcDbLine
10
79.247376005534278
20
259.60688238518503
30
0
11
80.646643470410453
21
259.60688238518503
31
0
0
LINE
5
768
100
AcDbEntity
8
0
100
AcDbLine
10
80.646643470410453
20
259.60688238518503
30
0
11
80.646643470410453
21
257.97318106072214
31
0
0
LINE
5
769
100
AcDbEntity
8
0
100
AcDbLine
10
98.097192327860938
20
266.70578604119089
30
0
11
95.599024574641334
21
266.70578604119089
31
0
0
LINE
5
770
100
AcDbEntity
8
0
100
AcDbLine
10
95.599024574641334
20
266.70578604119089
30
0
11
95.599024574641334
21
265.64351683037546
31
0
0
LINE
5
771
100
AcDbEntity
8
0
100
AcDbLine
10
95.599024574641334
20
265.64351683037546
30
0
11
95.467156450633155
21
265.64351683037546
31
0
0
SPLINE
5
772
100
AcDbEntity
8
0
100
AcDbSpline
70
0
71
2
72
6
73
3
74
0
42
0.000000001
43
0.0000000001
44
0.0000000001
40
0
40
0
40
0
40
1
40
1
40
1
10
95.467156450633155
20
265.64351683037546
30
0
10
95.152138750437842
20
266.32483129875925
30
0
10
94.46349291074668
20
266.6068804778364
30
0
0
SPLINE
5
773
100
AcDbEntity
8
0
100
AcDbSpline
70
0
71
2
72
6
73
3
74
0
42
0.000000001
43
0.0000000001
44
0.0000000001
40
0
40
0
40
0
40
1
40
1
40
1
10
94.46349291074668
20
266.6068804778364
30
0
10
93.774849455241309
20
266.88893919365671
30
0
10
92.426862995509254
20
266.88893919365671
30
0
0
SPLINE
5
774
100
AcDbEntity
8
0
100
AcDbSpline
70
0
71
2
72
6
73
3
74
0
42
0.000000001
43
0.0000000001
44
0.0000000001
40
0
40
0
40
0
40
1
40
1
40
1
10
92.426862995509254
20
266.88893919365671
30
0
10
91.196093838099586
20
266.88893919365671
30
0
10
90.47081975210105
20
266.68380384819773
30
0
0
SPLINE
5
775
100
AcDbEntity
8
0
100
AcDbSpline
70
0
71
2
72
6
73
3
74
0
42
0.000000001
43
0.0000000001
44
0.0000000001
40
0
40
0
40
0
40
1
40
1
40
1
10
90.47081975210105
20
266.68380384819773
30
0
10
89.74554447400962
20
266.47867803948191
30
0
10
89.269354622248756
20
265.99516516106394
30
0
0
SPLINE
5
776
100
AcDbEntity
8
0
100
AcDbSpline
70
0
71
2
72
6
73
3
74
0
42
0.000000001
43
0.0000000001
44
0.0000000001
40
0
40
0
40
0
40
1
40
1
40
1
10
89.269354622248756
20
265.99516516106394
30
0
10
88.785837571505652
20
265.4969943084028
30
0
10
88.635654728297339
20
264.89992742913034
30
0
0
SPLINE
5
777
100
AcDbEntity
8
0
100
AcDbSpline
70
0
71
2
72
6
73
3
74
0
42
0.000000001
43
0.0000000001
44
0.0000000001
40
0
40
0
40
0
40
1
40
1
40
1
10
88.635654728297339
20
264.89992742913034
30
0
10
88.485471289042579
20
264.30285101311472
30
0
10
88.485471289042579
20
262.85230284111765
30
0
0
LINE
5
778
100
AcDbEntity
8
0
100
AcDbLine
10
88.485471289042579
20
262.85230284111765
30
0
11
88.485471289042579
21
259.60688238518503
31
0
0
LINE
5
779
100
AcDbEntity
8
0
100
AcDbLine
10
88.485471289042579
20
259.60688238518503
30
0
11
91.137485782984839
21
259.60688238518503
31
0
0
LINE
5
780
100
AcDbEntity
8
0
100
AcDbLine
10
91.137485782984839
20
259.60688238518503
30
0
11
91.137485782984839
21
262.85230284111765
31
0
0
SPLINE
5
781
100
AcDbEntity
8
0
100
AcDbSpline
70
0
71
2
72
6
73
3
74
0
42
0.000000001
43
0.0000000001
44
0.0000000001
40
0
40
0
40
0
40
1
40
1
40
1
10
91.137485782984839
20
262.85230284111765
30
0
10
91.137485782984839
20
263.62886076348093
30
0
10
91.210745851878272
20
263.95853643791941
30
0
0
SPLINE
5
782
100
AcDbEntity
8
0
100
AcDbSpline
70
0
71
2
72
6
73
3
74
0
42
0.000000001
43
0.0000000001
44
0.0000000001
40
0
40
0
40
0
40
1
40
1
40
1
10
91.210745851878272
20
263.95853643791941
30
0
10
91.284005920771705
20
264.28820257561472
30
0
10
91.503786127452003
20
264.5006621398237
30
0
0
SPLINE
5
783
100
AcDbEntity
8
0
100
AcDbSpline
70
0
71
2
72
6
73
3
74
0
42
0.000000001
43
0.0000000001
44
0.0000000001
40
0
40
0
40
0
40
1
40
1
40
1
10
91.503786127452003
20
264.5006621398237
30
0
10
91.730892937068091
20
264.72043638603952
30
0
10
92.097193281535255
20
264.80468397515085
30
0
0
SPLINE
5
784
100
AcDbEntity
8
0
100
AcDbSpline
70
0
71
2
72
6
73
3
74
0
42
0.000000001
43
0.0000000001
44
0.0000000001
40
0
40
0
40
0
40
1
40
1
40
1
10
92.097193281535255
20
264.80468397515085
30
0
10
92.463493626002418
20
264.88893156426218
30
0
10
93.225398342494117
20
264.88893156426218
30
0
0
SPLINE
5
785
100
AcDbEntity
8
0
100
AcDbSpline
70
0
71
2
72
6
73
3
74
0
42
0.000000001
43
0.0000000001
44
0.0000000001
40
0
40
0
40
0
40
1
40
1
40
1
10
93.225398342494117
20
264.88893156426218
30
0
10
94.514775555018531
20
264.88893156426218
30
0
10
94.976314585093604
20
264.49332838433054
30
0
0
SPLINE
5
786
100
AcDbEntity
8
0
100
AcDbSpline
70
0
71
2
72
6
73
3
74
0
42
0.000000001
43
0.0000000001
44
0.0000000001
40
0
40
0
40
0
40
1
40
1
40
1
10
94.976314585093604
20
264.49332838433054
30
0
10
95.262028257731544
20
264.24424772637155
30
0
10
95.353602449778663
20
263.85230665581491
30
0
0
SPLINE
5
787
100
AcDbEntity
8
0
100
AcDbSpline
70
0
71
2
72
6
73
3
74
0
42
0.000000001
43
0.0000000001
44
0.0000000001
40
0
40
0
40
0
40
1
40
1
40
1
10
95.353602449778663
20
263.85230665581491
30
0
10
95.445179026011573
20
263.46036558525827
30
0
10
95.445179026011573
20
262.46402387993601
30
0
0
LINE
5
788
100
AcDbEntity
8
0
100
AcDbLine
10
95.445179026011573
20
262.46402387993601
30
0
11
95.445179026011573
21
259.60688238518503
31
0
0
LINE
5
789
100
AcDbEntity
8
0
100
AcDbLine
10
95.445179026011573
20
259.60688238518503
30
0
11
98.097192327860938
21
259.60688238518503
31
0
0
LINE
5
790
100
AcDbEntity
8
0
100
AcDbLine
10
98.097192327860938
20
259.60688238518503
30
0
11
98.097192327860938
21
266.70578604119089
31
0
0
LINE
5
791
100
AcDbEntity
8
0
100
AcDbLine
10
103.04957536924277
20
259.60688238518503
30
0
11
105.54774431455527
21
259.60688238518503
31
0
0
LINE
5
792
100
AcDbEntity
8
0
100
AcDbLine
10
105.54774431455527
20
259.60688238518503
30
0
11
105.54774431455527
21
260.69113378899362
31
0
0
LINE
5
793
100
AcDbEntity
8
0
100
AcDbLine
10
105.54774431455527
20
260.69113378899362
30
0
11
105.68693784940635
21
260.69113378899362
31
0
0
SPLINE
5
794
100
AcDbEntity
8
0
100
AcDbSpline
70
0
71
2
72
6
73
3
74
0
42
0.000000001
43
0.0000000001
44
0.0000000001
40
0
40
0
40
0
40
1
40
1
40
1
10
105.68693784940635
20
260.69113378899362
30
0
10
106.04591278303062
20
259.99516134636667
30
0
10
106.73089412916099
20
259.70945005791452
30
0
0
SPLINE
5
795
100
AcDbEntity
8
0
100
AcDbSpline
70
0
71
2
72
6
73
3
74
0
42
0.000000001
43
0.0000000001
44
0.0000000001
40
0
40
0
40
0
40
1
40
1
40
1
10
106.73089412916099
20
259.70945005791452
30
0
10
107.41587547529136
20
259.42373876946237
30
0
10
108.69792608487998
20
259.42373876946237
30
0
0
SPLINE
5
796
100
AcDbEntity
8
0
100
AcDbSpline
70
0
71
2
72
6
73
3
74
0
42
0.000000001
43
0.0000000001
44
0.0000000001
40
0
40
0
40
0
40
1
40
1
40
1
10
108.69792608487998
20
259.42373876946237
30
0
10
109.9726524757186
20
259.42373876946237
30
0
10
110.70159105527793
20
259.6252024688032
30
0
0
SPLINE
5
797
100
AcDbEntity
8
0
100
AcDbSpline
70
0
71
2
72
6
73
3
74
0
42
0.000000001
43
0.0000000001
44
0.0000000001
40
0
40
0
40
0
40
1
40
1
40
1
10
110.70159105527793
20
259.6252024688032
30
0
10
111.43052725065147
20
259.82666616814402
30
0
10
111.89939169156943
20
260.31750326531198
30
0
0
SPLINE
5
798
100
AcDbEntity
8
0
100
AcDbSpline
70
0
71
2
72
6
73
3
74
0
42
0.000000001
43
0.0000000001
44
0.0000000001
40
0
40
0
40
0
40
1
40
1
40
1
10
111.89939169156943
20
260.31750326531198
30
0
10
112.39023355710898
20
260.81567411797312
30
0
10
112.53675607908164
20
261.41641264336374
30
0
0
SPLINE
5
799
100
AcDbEntity
8
0
100
AcDbSpline
70
0
71
2
72
6
73
3
74
0
42
0.000000001
43
0.0000000001
44
0.0000000001
40
0
40
0
40
0
40
1
40
1
40
1
10
112.53675607908164
20
261.41641264336374
30
0
10
112.68327383268272
20
262.0171416320112
30
0
10
112.68327383268272
20
263.48233824150827
30
0
0
LINE
5
800
100
AcDbEntity
8
0
100
AcDbLine
10
112.68327383268272
20
263.48233824150827
30
0
11
112.68327383268272
21
266.70578604119089
31
0
0
LINE
5
801
100
AcDbEntity
8
0
100
AcDbLine
10
112.68327383268272
20
266.70578604119089
30
0
11
110.03126053083335
21
266.70578604119089
31
0
0
LINE
5
802
100
AcDbEntity
8
0
100
AcDbLine
10
110.03126053083335
20
266.70578604119089
30
0
11
110.03126053083335
21
263.48233824150827
31
0
0
SPLINE
5
803
100
AcDbEntity
8
0
100
AcDbSpline
70
0
71
2
72
6
73
3
74
0
42
0.000000001
43
0.0000000001
44
0.0000000001
40
0
40
0
40
0
40
1
40
1
40
1
10
110.03126053083335
20
263.48233824150827
30
0
10
110.03126053083335
20
262.62520437615183
30
0
10
109.96898798215781
20
262.32117300408152
30
0
0
SPLINE
5
804
100
AcDbEntity
8
0
100
AcDbSpline
70
0
71
2
72
6
73
3
74
0
42
0.000000001
43
0.0000000001
44
0.0000000001
40
0
40
0
40
0
40
1
40
1
40
1
10
109.96898798215781
20
262.32117300408152
30
0
10
109.90671781766807
20
262.0171416320112
30
0
10
109.69426302183066
20
261.80469160454538
30
0
0
SPLINE
5
805
100
AcDbEntity
8
0
100
AcDbSpline
70
0
71
2
72
6
73
3
74
0
42
0.000000001
43
0.0000000001
44
0.0000000001
40
0
40
0
40
0
40
1
40
1
40
1
10
109.69426302183066
20
261.80469160454538
30
0
10
109.30598644483482
20
261.42373686211374
30
0
10
107.9140439437667
20
261.42373686211374
30
0
0
SPLINE
5
806
100
AcDbEntity
8
0
100
AcDbSpline
70
0
71
2
72
6
73
3
74
0
42
0.000000001
43
0.0000000001
44
0.0000000001
40
0
40
0
40
0
40
1
40
1
40
1
10
107.9140439437667
20
261.42373686211374
30
0
10
106.53675464857017
20
261.42373686211374
30
0
10
106.08986763227378
20
261.89260130303171
30
0
0
SPLINE
5
807
100
AcDbEntity
8
0
100
AcDbSpline
70
0
71
2
72
6
73
3
74
0
42
0.000000001
43
0.0000000001
44
0.0000000001
40
0
40
0
40
0
40
1
40
1
40
1
10
106.08986763227378
20
261.89260130303171
30
0
10
105.8481111930648
20
262.1490061797407
30
0
10
105.77484993207847
20
262.52263670342234
30
0
0
SPLINE
5
808
100
AcDbEntity
8
0
100
AcDbSpline
70
0
71
2
72
6
73
3
74
0
42
0.000000001
43
0.0000000001
44
0.0000000001
40
0
40
0
40
0
40
1
40
1
40
1
10
105.77484993207847
20
262.52263670342234
30
0
10
105.70159105527793
20
262.89625769036081
30
0
10
105.70159105527793
20
263.87061720268991
30
0
0
LINE
5
809
100
AcDbEntity
8
0
100
AcDbLine
10
105.70159105527793
20
263.87061720268991
30
0
11
105.70159105527793
21
266.70578604119089
31
0
0
LINE
5
810
100
AcDbEntity
8
0
100
AcDbLine
10
105.70159105527793
20
266.70578604119089
30
0
11
103.04957536924277
21
266.70578604119089
31
0
0
LINE
5
811
100
AcDbEntity
8
0
100
AcDbLine
10
103.04957536924277
20
266.70578604119089
30
0
11
103.04957536924277
21
259.60688238518503
31
0
0
LINE
5
812
100
AcDbEntity
8
0
100
AcDbLine
10
120.53675321805869
20
264.43472509758737
30
0
11
123.18143991697227
21
264.43472509758737
31
0
0
SPLINE
5
813
100
AcDbEntity
8
0
100
AcDbSpline
70
0
71
2
72
6
73
3
74
0
42
0.000000001
43
0.0000000001
44
0.0000000001
40
0
40
0
40
0
40
1
40
1
40
1
10
123.18143991697227
20
264.43472509758737
30
0
10
123.07155279386436
20
265.59222822563913
30
0
10
122.47814325559531
20
266.09772329705027
30
0
0
SPLINE
5
814
100
AcDbEntity
8
0
100
AcDbSpline
70
0
71
2
72
6
73
3
74
0
42
0.000000001
43
0.0000000001
44
0.0000000001
40
0
40
0
40
0
40
1
40
1
40
1
10
122.47814325559531
20
266.09772329705027
30
0
10
121.96532396543418
20
266.54461508171823
30
0
10
121.02759508359824
20
266.71677236931589
30
0
0
SPLINE
5
815
100
AcDbEntity
8
0
100
AcDbSpline
70
0
71
2
72
6
73
3
74
0
42
0.000000001
43
0.0000000001
44
0.0000000001
40
0
40
0
40
0
40
1
40
1
40
1
10
121.02759508359824
20
266.71677236931589
30
0
10
120.08986620176231
20
266.88893919365671
30
0
10
118.21440843809043
20
266.88893919365671
30
0
0
SPLINE
5
816
100
AcDbEntity
8
0
100
AcDbSpline
70
0
71
2
72
6
73
3
74
0
42
0.000000001
43
0.0000000001
44
0.0000000001
40
0
40
0
40
0
40
1
40
1
40
1
10
118.21440843809043
20
266.88893919365671
30
0
10
116.66862158048545
20
266.88893919365671
30
0
10
115.84078220594321
20
266.73875456230905
30
0
0
SPLINE
5
817
100
AcDbEntity
8
0
100
AcDbSpline
70
0
71
2
72
6
73
3
74
0
42
0.000000001
43
0.0000000001
44
0.0000000001
40
0
40
0
40
0
40
1
40
1
40
1
10
115.84078220594321
20
266.73875456230905
30
0
10
115.01294283140098
20
266.5885699309614
30
0
10
114.52942756879722
20
266.22227316277292
30
0
0
SPLINE
5
818
100
AcDbEntity
8
0
100
AcDbSpline
70
0
71
2
72
6
73
3
74
0
42
0.000000001
43
0.0000000001
44
0.0000000001
40
0
40
0
40
0
40
1
40
1
40
1
10
114.52942756879722
20
266.22227316277292
30
0
10
114.01660589445029
20
265.83399420159128
30
0
10
113.82613090742026
20
265.18563871758249
30
0
0
SPLINE
5
819
100
AcDbEntity
8
0
100
AcDbSpline
70
0
71
2
72
6
73
3
74
0
42
0.000000001
43
0.0000000001
44
0.0000000001
40
0
40
0
40
0
40
1
40
1
40
1
10
113.82613090742026
20
265.18563871758249
30
0
10
113.63565353620444
20
264.5372832335737
30
0
10
113.63565353620444
20
263.18930273430612
30
0
0
SPLINE
5
820
100
AcDbEntity
8
0
100
AcDbSpline
70
0
71
2
72
6
73
3
74
0
42
0.000000001
43
0.0000000001
44
0.0000000001
40
0
40
0
40
0
40
1
40
1
40
1
10
113.63565353620444
20
263.18930273430612
30
0
10
113.63565353620444
20
262.17831259148386
30
0
10
113.70891479719077
20
261.66915541069773
30
0
0
SPLINE
5
821
100
AcDbEntity
8
0
100
AcDbSpline
70
0
71
2
72
6
73
3
74
0
42
0.000000001
43
0.0000000001
44
0.0000000001
40
0
40
0
40
0
40
1
40
1
40
1
10
113.70891479719077
20
261.66915541069773
30
0
10
113.78217367399131
20
261.15999822991159
30
0
10
113.98730186689292
20
260.74973707573679
30
0
0
SPLINE
5
822
100
AcDbEntity
8
0
100
AcDbSpline
70
0
71
2
72
6
73
3
74
0
42
0.000000001
43
0.0000000001
44
0.0000000001
40
0
40
0
40
0
40
1
40
1
40
1
10
113.98730186689292
20
260.74973707573679
30
0
10
114.41221145856773
20
259.89992742913034
30
0
10
115.5257645057479
20
259.6435130156782
30
0
0
SPLINE
5
823
100
AcDbEntity
8
0
100
AcDbSpline
70
0
71
2
72
6
73
3
74
0
42
0.000000001
43
0.0000000001
44
0.0000000001
40
0
40
0
40
0
40
1
40
1
40
1
10
115.5257645057479
20
259.6435130156782
30
0
10
116.47814420926963
20
259.42373876946237
30
0
10
118.48547128904258
20
259.42373876946237
30
0
0
SPLINE
5
824
100
AcDbEntity
8
0
100
AcDbSpline
70
0
71
2
72
6
73
3
74
0
42
0.000000001
43
0.0000000001
44
0.0000000001
40
0
40
0
40
0
40
1
40
1
40
1
10
118.48547128904258
20
259.42373876946237
30
0
10
120.25836614835654
20
259.42373876946237
30
0
10
120.98364023435508
20
259.54827909844187
30
0
0
SPLINE
5
825
100
AcDbEntity
8
0
100
AcDbSpline
70
0
71
2
72
6
73
3
74
0
42
0.000000001
43
0.0000000001
44
0.0000000001
40
0
40
0
40
0
40
1
40
1
40
1
10
120.98364023435508
20
259.54827909844187
30
0
10
122.27301744687949
20
259.76805334465769
30
0
10
122.75653509366904
20
260.5116427459028
30
0
0
SPLINE
5
826
100
AcDbEntity
8
0
100
AcDbSpline
70
0
71
2
72
6
73
3
74
0
42
0.000000001
43
0.0000000001
44
0.0000000001
40
0
40
0
40
0
40
1
40
1
40
1
10
122.75653509366904
20
260.5116427459028
30
0
10
123.24004797208701
20
261.25523214714792
30
0
10
123.24004797208701
20
263.0134738005903
30
0
0
SPLINE
5
827
100
AcDbEntity
8
0
100
AcDbSpline
70
0
71
2
72
6
73
3
74
0
42
0.000000001
43
0.0000000001
44
0.0000000001
40
0
40
0
40
0
40
1
40
1
40
1
10
123.24004797208701
20
263.0134738005903
30
0
10
123.24004797208701
20
263.18197851555612
30
0
10
123.22539953458701
20
263.73142843621042
30
0
0
LINE
5
828
100
AcDbEntity
8
0
100
AcDbLine
10
123.22539953458701
20
263.73142843621042
30
0
11
116.2876692222396
21
263.73142843621042
31
0
0
SPLINE
5
829
100
AcDbEntity
8
0
100
AcDbSpline
70
0
71
2
72
6
73
3
74
0
42
0.000000001
43
0.0000000001
44
0.0000000001
40
0
40
0
40
0
40
1
40
1
40
1
10
116.2876692222396
20
263.73142843621042
30
0
10
116.2876692222396
20
264.27355413811472
30
0
10
116.35726598966514
20
264.5079863585737
30
0
0
SPLINE
5
830
100
AcDbEntity
8
0
100
AcDbSpline
70
0
71
2
72
6
73
3
74
0
42
0.000000001
43
0.0000000001
44
0.0000000001
40
0
40
0
40
0
40
1
40
1
40
1
10
116.35726598966514
20
264.5079863585737
30
0
10
116.42686275709067
20
264.74241857903269
30
0
10
116.63199094999229
20
264.89626531975534
30
0
0
SPLINE
5
831
100
AcDbEntity
8
0
100
AcDbSpline
70
0
71
2
72
6
73
3
74
0
42
0.000000001
43
0.0000000001
44
0.0000000001
40
0
40
0
40
0
40
1
40
1
40
1
10
116.63199094999229
20
264.89626531975534
30
0
10
117.02759412992393
20
265.18930082695749
30
0
10
118.41953663099204
20
265.18930082695749
30
0
0
SPLINE
5
832
100
AcDbEntity
8
0
100
AcDbSpline
70
0
71
2
72
6
73
3
74
0
42
0.000000001
43
0.0000000001
44
0.0000000001
40
0
40
0
40
0
40
1
40
1
40
1
10
118.41953663099204
20
265.18930082695749
30
0
10
119.30598406064902
20
265.18930082695749
30
0
10
119.74920896757041
20
265.11970167534616
30
0
0
SPLINE
5
833
100
AcDbEntity
8
0
100
AcDbSpline
70
0
71
2
72
6
73
3
74
0
42
0.000000001
43
0.0000000001
44
0.0000000001
40
0
40
0
40
0
40
1
40
1
40
1
10
119.74920896757041
20
265.11970167534616
30
0
10
120.19242910612022
20
265.050112060478
30
0
10
120.35360006559287
20
264.88893156426218
30
0
0
SPLINE
5
834
100
AcDbEntity
8
0
100
AcDbSpline
70
0
71
2
72
6
73
3
74
0
42
0.000000001
43
0.0000000001
44
0.0000000001
40
0
40
0
40
0
40
1
40
1
40
1
10
120.35360006559287
20
264.88893156426218
30
0
10
120.48546938169395
20
264.75706701653269
30
0
10
120.53675321805869
20
264.43472509758737
30
0
0
SPLINE
5
835
100
AcDbEntity
8
0
100
AcDbSpline
70
0
71
2
72
6
73
3
74
0
42
0.000000001
43
0.0000000001
44
0.0000000001
40
0
40
0
40
0
40
1
40
1
40
1
10
120.57338384855186
20
262.28088026421335
30
0
10
120.55873064268027
20
261.86329489128855
30
0
10
120.51843790281211
20
261.70578604119089
30
0
0
SPLINE
5
836
100
AcDbEntity
8
0
100
AcDbSpline
70
0
71
2
72
6
73
3
74
0
42
0.000000001
43
0.0000000001
44
0.0000000001
40
0
40
0
40
0
40
1
40
1
40
1
10
120.51843790281211
20
261.70578604119089
30
0
10
120.47814516294395
20
261.54827719109323
30
0
10
120.36092905271445
20
261.42373686211374
30
0
0
SPLINE
5
837
100
AcDbEntity
8
0
100
AcDbSpline
70
0
71
2
72
6
73
3
74
0
42
0.000000001
43
0.0000000001
44
0.0000000001
40
0
40
0
40
0
40
1
40
1
40
1
10
120.36092905271445
20
261.42373686211374
30
0
10
120.01660494077598
20
261.07208853142527
30
0
10
118.52209953534995
20
261.07208853142527
30
0
0
SPLINE
5
838
100
AcDbEntity
8
0
100
AcDbSpline
70
0
71
2
72
6
73
3
74
0
42
0.000000001
43
0.0000000001
44
0.0000000001
40
0
40
0
40
0
40
1
40
1
40
1
10
118.52209953534995
20
261.07208853142527
30
0
10
117.18144087064658
20
261.07208853142527
30
0
10
116.74920706022178
20
261.30652075188425
30
0
0
SPLINE
5
839
100
AcDbEntity
8
0
100
AcDbSpline
70
0
71
2
72
6
73
3
74
0
42
0.000000001
43
0.0000000001
44
0.0000000001
40
0
40
0
40
0
40
1
40
1
40
1
10
116.74920706022178
20
261.30652075188425
30
0
10
116.31697324979697
20
261.54095297234323
30
0
10
116.2876692222396
20
262.28088026421335
30
0
0
LINE
5
840
100
AcDbEntity
8
0
100
AcDbLine
10
116.2876692222396
20
262.28088026421335
30
0
11
120.57338384855186
21
262.28088026421335
31
0
0
LINE
5
841
100
AcDbEntity
8
0
100
AcDbLine
10
127.76019720304404
20
264.44937353508737
30
0
11
130.46349195707236
21
264.44937353508737
31
0
0
SPLINE
5
842
100
AcDbEntity
8
0
100
AcDbSpline
70
0
71
2
72
6
73
3
74
0
42
0.000000001
43
0.0000000001
44
0.0000000001
40
0
40
0
40
0
40
1
40
1
40
1
10
130.46349195707236
20
264.44937353508737
30
0
10
130.50012258756553
20
264.90358953850534
30
0
10
130.9689870284835
20
265.072084716728
30
0
0
SPLINE
5
843
100
AcDbEntity
8
0
100
AcDbSpline
70
0
71
2
72
6
73
3
74
0
42
0.000000001
43
0.0000000001
44
0.0000000001
40
0
40
0
40
0
40
1
40
1
40
1
10
130.9689870284835
20
265.072084716728
30
0
10
131.43785146940147
20
265.24057989495066
30
0
10
132.68327383268272
20
265.24057989495066
30
0
0
SPLINE
5
844
100
AcDbEntity
8
0
100
AcDbSpline
70
0
71
2
72
6
73
3
74
0
42
0.000000001
43
0.0000000001
44
0.0000000001
40
0
40
0
40
0
40
1
40
1
40
1
10
132.68327383268272
20
265.24057989495066
30
0
10
133.97265104520713
20
265.24057989495066
30
0
10
134.4378533767501
20
265.10139112847116
30
0
0
SPLINE
5
845
100
AcDbEntity
8
0
100
AcDbSpline
70
0
71
2
72
6
73
3
74
0
42
0.000000001
43
0.0000000001
44
0.0000000001
40
0
40
0
40
0
40
1
40
1
40
1
10
134.4378533767501
20
265.10139112847116
30
0
10
134.90305570829307
20
264.96219282524851
30
0
10
134.90305570829307
20
264.58124761956003
30
0
0
SPLINE
5
846
100
AcDbEntity
8
0
100
AcDbSpline
70
0
71
2
72
6
73
3
74
0
42
0.000000001
43
0.0000000001
44
0.0000000001
40
0
40
0
40
0
40
1
40
1
40
1
10
134.90305570829307
20
264.58124761956003
30
0
10
134.90305570829307
20
264.21494131462839
30
0
10
134.45616869199668
20
264.0904009856489
30
0
0
SPLINE
5
847
100
AcDbEntity
8
0
100
AcDbSpline
70
0
71
2
72
6
73
3
74
0
42
0.000000001
43
0.0000000001
44
0.0000000001
40
0
40
0
40
0
40
1
40
1
40
1
10
134.45616869199668
20
264.0904009856489
30
0
10
134.25103811490928
20
264.03179769890573
30
0
10
132.19243196714316
20
264.00981550591257
30
0
0
SPLINE
5
848
100
AcDbEntity
8
0
100
AcDbSpline
70
0
71
2
72
6
73
3
74
0
42
0.000000001
43
0.0000000001
44
0.0000000001
40
0
40
0
40
0
40
1
40
1
40
1
10
132.19243196714316
20
264.00981550591257
30
0
10
130.27301935422813
20
264.00981550591257
30
0
10
129.82613233793174
20
263.94387846367624
30
0
0
SPLINE
5
849
100
AcDbEntity
8
0
100
AcDbSpline
70
0
71
2
72
6
73
3
74
0
42
0.000000001
43
0.0000000001
44
0.0000000001
40
0
40
0
40
0
40
1
40
1
40
1
10
129.82613233793174
20
263.94387846367624
30
0
10
128.58070997465049
20
263.77538328545359
30
0
10
128.14115194547568
20
263.1306899108198
30
0
0
SPLINE
5
850
100
AcDbEntity
8
0
100
AcDbSpline
70
0
71
2
72
6
73
3
74
0
42
0.000000001
43
0.0000000001
44
0.0000000001
40
0
40
0
40
0
40
1
40
1
40
1
10
128.14115194547568
20
263.1306899108198
30
0
10
127.81148103940879
20
262.64717703240183
30
0
10
127.81148103940879
20
261.82666426079538
30
0
0
SPLINE
5
851
100
AcDbEntity
8
0
100
AcDbSpline
70
0
71
2
72
6
73
3
74
0
42
0.000000001
43
0.0000000001
44
0.0000000001
40
0
40
0
40
0
40
1
40
1
40
1
10
127.81148103940879
20
261.82666426079538
30
0
10
127.81148103940879
20
260.25889997856882
30
0
10
128.96898893583213
20
259.78271131890085
30
0
0
SPLINE
5
852
100
AcDbEntity
8
0
100
AcDbSpline
70
0
71
2
72
6
73
3
74
0
42
0.000000001
43
0.0000000001
44
0.0000000001
40
0
40
0
40
0
40
1
40
1
40
1
10
128.96898893583213
20
259.78271131890085
30
0
10
129.84078554380332
20
259.42373876946237
30
0
10
132.71258024442588
20
259.42373876946237
30
0
0
SPLINE
5
853
100
AcDbEntity
8
0
100
AcDbSpline
70
0
71
2
72
6
73
3
74
0
42
0.000000001
43
0.0000000001
44
0.0000000001
40
0
40
0
40
0
40
1
40
1
40
1
10
132.71258024442588
20
259.42373876946237
30
0
10
134.52210096586143
20
259.42373876946237
30
0
10
135.34261373746787
20
259.55926542656687
30
0
0
SPLINE
5
854
100
AcDbEntity
8
0
100
AcDbSpline
70
0
71
2
72
6
73
3
74
0
42
0.000000001
43
0.0000000001
44
0.0000000001
40
0
40
0
40
0
40
1
40
1
40
1
10
135.34261373746787
20
259.55926542656687
30
0
10
136.16312650907432
20
259.69480162041452
30
0
10
136.61734251249229
20
260.075746826103
30
0
0
SPLINE
5
855
100
AcDbEntity
8
0
100
AcDbSpline
70
0
71
2
72
6
73
3
74
0
42
0.000000001
43
0.0000000001
44
0.0000000001
40
0
40
0
40
0
40
1
40
1
40
1
10
136.61734251249229
20
260.075746826103
30
0
10
136.89572958219443
20
260.31017904656198
30
0
10
137.01660780179893
20
260.63985472100046
30
0
0
SPLINE
5
856
100
AcDbEntity
8
0
100
AcDbSpline
70
0
71
2
72
6
73
3
74
0
42
0.000000001
43
0.0000000001
44
0.0000000001
40
0
40
0
40
0
40
1
40
1
40
1
10
137.01660780179893
20
260.63985472100046
30
0
10
137.13748602140342
20
260.96952085869577
30
0
10
137.18876985776816
20
261.61421423332956
30
0
0
LINE
5
857
100
AcDbEntity
8
0
100
AcDbLine
10
137.18876985776816
20
261.61421423332956
30
0
11
134.48547033536826
21
261.61421423332956
31
0
0
SPLINE
5
858
100
AcDbEntity
8
0
100
AcDbSpline
70
0
71
2
72
6
73
3
74
0
42
0.000000001
43
0.0000000001
44
0.0000000001
40
0
40
0
40
0
40
1
40
1
40
1
10
134.48547033536826
20
261.61421423332956
30
0
10
134.41221384275352
20
261.35047560112741
30
0
10
134.30232195127402
20
261.27721434014109
30
0
0
SPLINE
5
859
100
AcDbEntity
8
0
100
AcDbSpline
70
0
71
2
72
6
73
3
74
0
42
0.000000001
43
0.0000000001
44
0.0000000001
40
0
40
0
40
0
40
1
40
1
40
1
10
134.30232195127402
20
261.27721434014109
30
0
10
133.97265104520713
20
261.07208853142527
30
0
10
132.63198999631797
20
261.07208853142527
30
0
0
SPLINE
5
860
100
AcDbEntity
8
0
100
AcDbSpline
70
0
71
2
72
6
73
3
74
0
42
0.000000001
43
0.0000000001
44
0.0000000001
40
0
40
0
40
0
40
1
40
1
40
1
10
132.63198999631797
20
261.07208853142527
30
0
10
131.3865724014083
20
261.07208853142527
30
0
10
130.92503217924033
20
261.19662886040476
30
0
0
SPLINE
5
861
100
AcDbEntity
8
0
100
AcDbSpline
70
0
71
2
72
6
73
3
74
0
42
0.000000001
43
0.0000000001
44
0.0000000001
40
0
40
0
40
0
40
1
40
1
40
1
10
130.92503217924033
20
261.19662886040476
30
0
10
130.46349195707236
20
261.32116918938425
30
0
10
130.46349195707236
20
261.65084486382273
30
0
0
SPLINE
5
862
100
AcDbEntity
8
0
100
AcDbSpline
70
0
71
2
72
6
73
3
74
0
42
0.000000001
43
0.0000000001
44
0.0000000001
40
0
40
0
40
0
40
1
40
1
40
1
10
130.46349195707236
20
261.65084486382273
30
0
10
130.46349195707236
20
262.08307867424753
30
0
10
131.10085634458457
20
262.1270335234907
30
0
0
SPLINE
5
863
100
AcDbEntity
8
0
100
AcDbSpline
70
0
71
2
72
6
73
3
74
0
42
0.000000001
43
0.0000000001
44
0.0000000001
40
0
40
0
40
0
40
1
40
1
40
1
10
131.10085634458457
20
262.1270335234907
30
0
10
131.5990271972457
20
262.16366415398386
30
0
10
134.71990255582725
20
262.18563681023386
30
0
0
SPLINE
5
864
100
AcDbEntity
8
0
100
AcDbSpline
70
0
71
2
72
6
73
3
74
0
42
0.000000001
43
0.0000000001
44
0.0000000001
40
0
40
0
40
0
40
1
40
1
40
1
10
134.71990255582725
20
262.18563681023386
30
0
10
136.21441034543906
20
262.19296102898386
30
0
10
136.88107637632285
20
262.69113188164499
30
0
0
SPLINE
5
865
100
AcDbEntity
8
0
100
AcDbSpline
70
0
71
2
72
6
73
3
74
0
42
0.000000001
43
0.0000000001
44
0.0000000001
40
0
40
0
40
0
40
1
40
1
40
1
10
136.88107637632285
20
262.69113188164499
30
0
10
137.55507139432822
20
263.18197851555612
30
0
10
137.55507139432822
20
264.39809446709421
30
0
0
SPLINE
5
866
100
AcDbEntity
8
0
100
AcDbSpline
70
0
71
2
72
6
73
3
74
0
42
0.000000001
43
0.0000000001
44
0.0000000001
40
0
40
0
40
0
40
1
40
1
40
1
10
137.55507139432822
20
264.39809446709421
30
0
10
137.55507139432822
20
265.20395880120066
30
0
10
137.29133276212607
20
265.70578222649362
30
0
0
SPLINE
5
867
100
AcDbEntity
8
0
100
AcDbSpline
70
0
71
2
72
6
73
3
74
0
42
0.000000001
43
0.0000000001
44
0.0000000001
40
0
40
0
40
0
40
1
40
1
40
1
10
137.29133276212607
20
265.70578222649362
30
0
10
137.02759412992393
20
266.20761518852976
30
0
10
136.46349577176963
20
266.45670538323191
30
0
0
SPLINE
5
868
100
AcDbEntity
8
0
100
AcDbSpline
70
0
71
2
72
6
73
3
74
0
42
0.000000001
43
0.0000000001
44
0.0000000001
40
0
40
0
40
0
40
1
40
1
40
1
10
136.46349577176963
20
266.45670538323191
30
0
10
135.52576688993369
20
266.88893919365671
30
0
10
132.4927964614669
20
266.88893919365671
30
0
0
SPLINE
5
869
100
AcDbEntity
8
0
100
AcDbSpline
70
0
71
2
72
6
73
3
74
0
42
0.000000001
43
0.0000000001
44
0.0000000001
40
0
40
0
40
0
40
1
40
1
40
1
10
132.4927964614669
20
266.88893919365671
30
0
10
130.55140642393027
20
266.88893919365671
30
0
10
129.70891622770225
20
266.73875456230905
30
0
0
SPLINE
5
870
100
AcDbEntity
8
0
100
AcDbSpline
70
0
71
2
72
6
73
3
74
0
42
0.000000001
43
0.0000000001
44
0.0000000001
40
0
40
0
40
0
40
1
40
1
40
1
10
129.70891622770225
20
266.73875456230905
30
0
10
128.86642603147422
20
266.5885699309614
30
0
10
128.38290838468467
20
266.14901190178659
30
0
0
SPLINE
5
871
100
AcDbEntity
8
0
100
AcDbSpline
70
0
71
2
72
6
73
3
74
0
42
0.000000001
43
0.0000000001
44
0.0000000001
40
0
40
0
40
0
40
1
40
1
40
1
10
128.38290838468467
20
266.14901190178659
30
0
10
127.78217462766563
20
265.6068861998823
30
0
10
127.76019720304404
20
264.44937353508737
30
0
0
LINE
5
872
100
AcDbEntity
8
0
100
AcDbLine
10
145.24005083310996
20
264.43472509758737
30
0
11
147.88474230039512
21
264.43472509758737
31
0
0
SPLINE
5
873
100
AcDbEntity
8
0
100
AcDbSpline
70
0
71
2
72
6
73
3
74
0
42
0.000000001
43
0.0000000001
44
0.0000000001
40
0
40
0
40
0
40
1
40
1
40
1
10
147.88474230039512
20
264.43472509758737
30
0
10
147.77485040891563
20
265.59222822563913
30
0
10
147.18144563901816
20
266.09772329705027
30
0
0
SPLINE
5
874
100
AcDbEntity
8
0
100
AcDbSpline
70
0
71
2
72
6
73
3
74
0
42
0.000000001
43
0.0000000001
44
0.0000000001
40
0
40
0
40
0
40
1
40
1
40
1
10
147.18144563901816
20
266.09772329705027
30
0
10
146.66862158048545
20
266.54461508171823
30
0
10
145.73089269864951
20
266.71677236931589
30
0
0
SPLINE
5
875
100
AcDbEntity
8
0
100
AcDbSpline
70
0
71
2
72
6
73
3
74
0
42
0.000000001
43
0.0000000001
44
0.0000000001
40
0
40
0
40
0
40
1
40
1
40
1
10
145.73089269864951
20
266.71677236931589
30
0
10
144.79316381681357
20
266.88893919365671
30
0
10
142.9177060531417
20
266.88893919365671
30
0
0
SPLINE
5
876
100
AcDbEntity
8
0
100
AcDbSpline
70
0
71
2
72
6
73
3
74
0
42
0.000000001
43
0.0000000001
44
0.0000000001
40
0
40
0
40
0
40
1
40
1
40
1
10
142.9177060531417
20
266.88893919365671
30
0
10
141.37191919553672
20
266.88893919365671
30
0
10
140.54408220518027
20
266.73875456230905
30
0
0
SPLINE
5
877
100
AcDbEntity
8
0
100
AcDbSpline
70
0
71
2
72
6
73
3
74
0
42
0.000000001
43
0.0000000001
44
0.0000000001
40
0
40
0
40
0
40
1
40
1
40
1
10
140.54408220518027
20
266.73875456230905
30
0
10
139.71624521482383
20
266.5885699309614
30
0
10
139.23272756803428
20
266.22227316277292
30
0
0
SPLINE
5
878
100
AcDbEntity
8
0
100
AcDbSpline
70
0
71
2
72
6
73
3
74
0
42
0.000000001
43
0.0000000001
44
0.0000000001
40
0
40
0
40
0
40
1
40
1
40
1
10
139.23272756803428
20
266.22227316277292
30
0
10
138.71990827787315
20
265.83399420159128
30
0
10
138.52943090665732
20
265.18563871758249
30
0
0
SPLINE
5
879
100
AcDbEntity
8
0
100
AcDbSpline
70
0
71
2
72
6
73
3
74
0
42
0.000000001
43
0.0000000001
44
0.0000000001
40
0
40
0
40
0
40
1
40
1
40
1
10
138.52943090665732
20
265.18563871758249
30
0
10
138.3389535354415
20
264.5372832335737
30
0
10
138.3389535354415
20
263.18930273430612
30
0
0
SPLINE
5
880
100
AcDbEntity
8
0
100
AcDbSpline
70
0
71
2
72
6
73
3
74
0
42
0.000000001
43
0.0000000001
44
0.0000000001
40
0
40
0
40
0
40
1
40
1
40
1
10
138.3389535354415
20
263.18930273430612
30
0
10
138.3389535354415
20
262.17831259148386
30
0
10
138.41221479642783
20
261.66915541069773
30
0
0
SPLINE
5
881
100
AcDbEntity
8
0
100
AcDbSpline
70
0
71
2
72
6
73
3
74
0
42
0.000000001
43
0.0000000001
44
0.0000000001
40
0
40
0
40
0
40
1
40
1
40
1
10
138.41221479642783
20
261.66915541069773
30
0
10
138.48547605741416
20
261.15999822991159
30
0
10
138.69060186612998
20
260.74973707573679
30
0
0
SPLINE
5
882
100
AcDbEntity
8
0
100
AcDbSpline
70
0
71
2
72
6
73
3
74
0
42
0.000000001
43
0.0000000001
44
0.0000000001
40
0
40
0
40
0
40
1
40
1
40
1
10
138.69060186612998
20
260.74973707573679
30
0
10
139.11551145780479
20
259.89992742913034
30
0
10
140.22906450498496
20
259.6435130156782
30
0
0
SPLINE
5
883
100
AcDbEntity
8
0
100
AcDbSpline
70
0
71
2
72
6
73
3
74
0
42
0.000000001
43
0.0000000001
44
0.0000000001
40
0
40
0
40
0
40
1
40
1
40
1
10
140.22906450498496
20
259.6435130156782
30
0
10
141.18144659269248
20
259.42373876946237
30
0
10
143.18876890409385
20
259.42373876946237
30
0
0
SPLINE
5
884
100
AcDbEntity
8
0
100
AcDbSpline
70
0
71
2
72
6
73
3
74
0
42
0.000000001
43
0.0000000001
44
0.0000000001
40
0
40
0
40
0
40
1
40
1
40
1
10
143.18876890409385
20
259.42373876946237
30
0
10
144.96166376340781
20
259.42373876946237
30
0
10
145.68693784940635
20
259.54827909844187
30
0
0
SPLINE
5
885
100
AcDbEntity
8
0
100
AcDbSpline
70
0
71
2
72
6
73
3
74
0
42
0.000000001
43
0.0000000001
44
0.0000000001
40
0
40
0
40
0
40
1
40
1
40
1
10
145.68693784940635
20
259.54827909844187
30
0
10
146.97631506193076
20
259.76805334465769
30
0
10
147.45983270872031
20
260.5116427459028
30
0
0
SPLINE
5
886
100
AcDbEntity
8
0
100
AcDbSpline
70
0
71
2
72
6
73
3
74
0
42
0.000000001
43
0.0000000001
44
0.0000000001
40
0
40
0
40
0
40
1
40
1
40
1
10
147.45983270872031
20
260.5116427459028
30
0
10
147.94335035550986
20
261.25523214714792
30
0
10
147.94335035550986
20
263.0134738005903
30
0
0
SPLINE
5
887
100
AcDbEntity
8
0
100
AcDbSpline
70
0
71
2
72
6
73
3
74
0
42
0.000000001
43
0.0000000001
44
0.0000000001
40
0
40
0
40
0
40
1
40
1
40
1
10
147.94335035550986
20
263.0134738005903
30
0
10
147.94335035550986
20
263.18197851555612
30
0
10
147.92869714963828
20
263.73142843621042
30
0
0
LINE
5
888
100
AcDbEntity
8
0
100
AcDbLine
10
147.92869714963828
20
263.73142843621042
30
0
11
140.99096922147666
21
263.73142843621042
31
0
0
SPLINE
5
889
100
AcDbEntity
8
0
100
AcDbSpline
70
0
71
2
72
6
73
3
74
0
42
0.000000001
43
0.0000000001
44
0.0000000001
40
0
40
0
40
0
40
1
40
1
40
1
10
140.99096922147666
20
263.73142843621042
30
0
10
140.99096922147666
20
264.27355413811472
30
0
10
141.06056360471641
20
264.5079863585737
30
0
0
SPLINE
5
890
100
AcDbEntity
8
0
100
AcDbSpline
70
0
71
2
72
6
73
3
74
0
42
0.000000001
43
0.0000000001
44
0.0000000001
40
0
40
0
40
0
40
1
40
1
40
1
10
141.06056360471641
20
264.5079863585737
30
0
10
141.13016275632773
20
264.74241857903269
30
0
10
141.33528856504356
20
264.89626531975534
30
0
0
SPLINE
5
891
100
AcDbEntity
8
0
100
AcDbSpline
70
0
71
2
72
6
73
3
74
0
42
0.000000001
43
0.0000000001
44
0.0000000001
40
0
40
0
40
0
40
1
40
1
40
1
10
141.33528856504356
20
264.89626531975534
30
0
10
141.73089651334678
20
265.18930082695749
30
0
10
143.1228366302291
20
265.18930082695749
30
0
0
SPLINE
5
892
100
AcDbEntity
8
0
100
AcDbSpline
70
0
71
2
72
6
73
3
74
0
42
0.000000001
43
0.0000000001
44
0.0000000001
40
0
40
0
40
0
40
1
40
1
40
1
10
143.1228366302291
20
265.18930082695749
30
0
10
144.00928167570029
20
265.18930082695749
30
0
10
144.45250658262168
20
265.11970167534616
30
0
0
SPLINE
5
893
100
AcDbEntity
8
0
100
AcDbSpline
70
0
71
2
72
6
73
3
74
0
42
0.000000001
43
0.0000000001
44
0.0000000001
40
0
40
0
40
0
40
1
40
1
40
1
10
144.45250658262168
20
265.11970167534616
30
0
10
144.89573148954307
20
265.050112060478
30
0
10
145.05690244901572
20
264.88893156426218
30
0
0
SPLINE
5
894
100
AcDbEntity
8
0
100
AcDbSpline
70
0
71
2
72
6
73
3
74
0
42
0.000000001
43
0.0000000001
44
0.0000000001
40
0
40
0
40
0
40
1
40
1
40
1
10
145.05690244901572
20
264.88893156426218
30
0
10
145.1887717651168
20
264.75706701653269
30
0
10
145.24005083310996
20
264.43472509758737
30
0
0
SPLINE
5
895
100
AcDbEntity
8
0
100
AcDbSpline
70
0
71
2
72
6
73
3
74
0
42
0.000000001
43
0.0000000001
44
0.0000000001
40
0
40
0
40
0
40
1
40
1
40
1
10
145.27668146360313
20
262.28088026421335
30
0
10
145.26202825773154
20
261.86329489128855
30
0
10
145.22173551786338
20
261.70578604119089
30
0
0
SPLINE
5
896
100
AcDbEntity
8
0
100
AcDbSpline
70
0
71
2
72
6
73
3
74
0
42
0.000000001
43
0.0000000001
44
0.0000000001
40
0
40
0
40
0
40
1
40
1
40
1
10
145.22173551786338
20
261.70578604119089
30
0
10
145.18144277799522
20
261.54827719109323
30
0
10
145.06422666776572
20
261.42373686211374
30
0
0
SPLINE
5
897
100
AcDbEntity
8
0
100
AcDbSpline
70
0
71
2
72
6
73
3
74
0
42
0.000000001
43
0.0000000001
44
0.0000000001
40
0
40
0
40
0
40
1
40
1
40
1
10
145.06422666776572
20
261.42373686211374
30
0
10
144.71990732419883
20
261.07208853142527
30
0
10
143.22539953458701
20
261.07208853142527
30
0
0
SPLINE
5
898
100
AcDbEntity
8
0
100
AcDbSpline
70
0
71
2
72
6
73
3
74
0
42
0.000000001
43
0.0000000001
44
0.0000000001
40
0
40
0
40
0
40
1
40
1
40
1
10
143.22539953458701
20
261.07208853142527
30
0
10
141.88474325406943
20
261.07208853142527
30
0
10
141.45250467527305
20
261.30652075188425
30
0
0
SPLINE
5
899
100
AcDbEntity
8
0
100
AcDbSpline
70
0
71
2
72
6
73
3
74
0
42
0.000000001
43
0.0000000001
44
0.0000000001
40
0
40
0
40
0
40
1
40
1
40
1
10
141.45250467527305
20
261.30652075188425
30
0
10
141.02027086484824
20
261.54095297234323
30
0
10
140.99096922147666
20
262.28088026421335
30
0
0
LINE
5
900
100
AcDbEntity
8
0
100
AcDbLine
10
140.99096922147666
20
262.28088026421335
30
0
11
145.27668146360313
21
262.28088026421335
31
0
0
LINE
5
901
100
AcDbEntity
8
0
100
AcDbLine
10
148.93968729246055
20
259.60688238518503
30
0
11
151.43785623777305
21
259.60688238518503
31
0
0
LINE
5
902
100
AcDbEntity
8
0
100
AcDbLine
10
151.43785623777305
20
259.60688238518503
30
0
11
151.43785623777305
21
260.67648535149362
31
0
0
LINE
5
903
100
AcDbEntity
8
0
100
AcDbLine
10
151.43785623777305
20
260.67648535149362
30
0
11
151.56972555387412
21
260.67648535149362
31
0
0
SPLINE
5
904
100
AcDbEntity
8
0
100
AcDbSpline
70
0
71
2
72
6
73
3
74
0
42
0.000000001
43
0.0000000001
44
0.0000000001
40
0
40
0
40
0
40
1
40
1
40
1
10
151.56972555387412
20
260.67648535149362
30
0
10
151.94335130918418
20
259.99516134636667
30
0
10
152.56972460019981
20
259.70945005791452
30
0
0
SPLINE
5
905
100
AcDbEntity
8
0
100
AcDbSpline
70
0
71
2
72
6
73
3
74
0
42
0.000000001
43
0.0000000001
44
0.0000000001
40
0
40
0
40
0
40
1
40
1
40
1
10
152.56972460019981
20
259.70945005791452
30
0
10
153.19609789121543
20
259.42373876946237
30
0
10
154.31697515714561
20
259.42373876946237
30
0
0
SPLINE
5
906
100
AcDbEntity
8
0
100
AcDbSpline
70
0
71
2
72
6
73
3
74
0
42
0.000000001
43
0.0000000001
44
0.0000000001
40
0
40
0
40
0
40
1
40
1
40
1
10
154.31697515714561
20
259.42373876946237
30
0
10
155.92137006986533
20
259.42373876946237
30
0
10
156.55141023862754
20
260.053774169853
30
0
0
SPLINE
5
907
100
AcDbEntity
8
0
100
AcDbSpline
70
0
71
2
72
6
73
3
74
0
42
0.000000001
43
0.0000000001
44
0.0000000001
40
0
40
0
40
0
40
1
40
1
40
1
10
156.55141023862754
20
260.053774169853
30
0
10
157.18144563901816
20
260.68380957024362
30
0
10
157.18144563901816
20
262.28820448296335
30
0
0
SPLINE
5
908
100
AcDbEntity
8
0
100
AcDbSpline
70
0
71
2
72
6
73
3
74
0
42
0.000000001
43
0.0000000001
44
0.0000000001
40
0
40
0
40
0
40
1
40
1
40
1
10
157.18144563901816
20
262.28820448296335
30
0
10
157.18144563901816
20
262.38343840019968
30
0
10
157.16679243314658
20
262.76439314263132
30
0
0
LINE
5
909
100
AcDbEntity
8
0
100
AcDbLine
10
157.16679243314658
20
262.76439314263132
30
0
11
154.66862348783408
21
262.76439314263132
31
0
0
SPLINE
5
910
100
AcDbEntity
8
0
100
AcDbSpline
70
0
71
2
72
6
73
3
74
0
42
0.000000001
43
0.0000000001
44
0.0000000001
40
0
40
0
40
0
40
1
40
1
40
1
10
154.66862348783408
20
262.76439314263132
30
0
10
154.66862348783408
20
262.1416819609907
30
0
10
154.53675894010459
20
261.89260130303171
30
0
0
SPLINE
5
911
100
AcDbEntity
8
0
100
AcDbSpline
70
0
71
2
72
6
73
3
74
0
42
0.000000001
43
0.0000000001
44
0.0000000001
40
0
40
0
40
0
40
1
40
1
40
1
10
154.53675894010459
20
261.89260130303171
30
0
10
154.28034452665244
20
261.42373686211374
30
0
10
153.26935915220176
20
261.42373686211374
30
0
0
SPLINE
5
912
100
AcDbEntity
8
0
100
AcDbSpline
70
0
71
2
72
6
73
3
74
0
42
0.000000001
43
0.0000000001
44
0.0000000001
40
0
40
0
40
0
40
1
40
1
40
1
10
153.26935915220176
20
261.42373686211374
30
0
10
152.32430128324424
20
261.42373686211374
30
0
10
151.9286981033126
20
261.93655615227487
30
0
0
SPLINE
5
913
100
AcDbEntity
8
0
100
AcDbSpline
70
0
71
2
72
6
73
3
74
0
42
0.000000001
43
0.0000000001
44
0.0000000001
40
0
40
0
40
0
40
1
40
1
40
1
10
151.9286981033126
20
261.93655615227487
30
0
10
151.73089651334678
20
262.19296102898386
30
0
10
151.66129736173545
20
262.5702536620405
30
0
0
SPLINE
5
914
100
AcDbEntity
8
0
100
AcDbSpline
70
0
71
2
72
6
73
3
74
0
42
0.000000001
43
0.0000000001
44
0.0000000001
40
0
40
0
40
0
40
1
40
1
40
1
10
151.66129736173545
20
262.5702536620405
30
0
10
151.5917029784957
20
262.94754629509714
30
0
10
151.5917029784957
20
263.76073484795359
30
0
0
LINE
5
915
100
AcDbEntity
8
0
100
AcDbLine
10
151.5917029784957
20
263.76073484795359
30
0
11
151.5917029784957
21
266.70578604119089
31
0
0
LINE
5
916
100
AcDbEntity
8
0
100
AcDbLine
10
151.5917029784957
20
266.70578604119089
30
0
11
148.93968729246055
21
266.70578604119089
31
0
0
LINE
5
917
100
AcDbEntity
8
0
100
AcDbLine
10
148.93968729246055
20
266.70578604119089
30
0
11
148.93968729246055
21
259.60688238518503
31
0
0
LINE
5
918
100
AcDbEntity
8
0
100
AcDbLine
10
160.58804182279502
20
261.83398847954538
30
0
11
157.94335035550986
21
261.83398847954538
31
0
0
SPLINE
5
919
100
AcDbEntity
8
0
100
AcDbSpline
70
0
71
2
72
6
73
3
74
0
42
0.000000001
43
0.0000000001
44
0.0000000001
40
0
40
0
40
0
40
1
40
1
40
1
10
157.94335035550986
20
261.83398847954538
30
0
10
157.99462942350303
20
261.00615148918894
30
0
10
158.29499868619834
20
260.58124189751413
30
0
0
SPLINE
5
920
100
AcDbEntity
8
0
100
AcDbSpline
70
0
71
2
72
6
73
3
74
0
42
0.000000001
43
0.0000000001
44
0.0000000001
40
0
40
0
40
0
40
1
40
1
40
1
10
158.29499868619834
20
260.58124189751413
30
0
10
158.77118734586631
20
259.89992742913034
30
0
10
159.77119116056357
20
259.65817098992136
30
0
0
SPLINE
5
921
100
AcDbEntity
8
0
100
AcDbSpline
70
0
71
2
72
6
73
3
74
0
42
0.000000001
43
0.0000000001
44
0.0000000001
40
0
40
0
40
0
40
1
40
1
40
1
10
159.77119116056357
20
259.65817098992136
30
0
10
160.77118543851768
20
259.41640501396921
30
0
10
163.15213827360068
20
259.41640501396921
30
0
0
SPLINE
5
922
100
AcDbEntity
8
0
100
AcDbSpline
70
0
71
2
72
6
73
3
74
0
42
0.000000001
43
0.0000000001
44
0.0000000001
40
0
40
0
40
0
40
1
40
1
40
1
10
163.15213827360068
20
259.41640501396921
30
0
10
164.90305570829307
20
259.41640501396921
30
0
10
165.54041532743369
20
259.54827909844187
30
0
0
SPLINE
5
923
100
AcDbEntity
8
0
100
AcDbSpline
70
0
71
2
72
6
73
3
74
0
42
0.000000001
43
0.0000000001
44
0.0000000001
40
0
40
0
40
0
40
1
40
1
40
1
10
165.54041532743369
20
259.54827909844187
30
0
10
166.17778448331748
20
259.68014364617136
30
0
10
166.62466673124229
20
260.12703543083933
30
0
0
SPLINE
5
924
100
AcDbEntity
8
0
100
AcDbSpline
70
0
71
2
72
6
73
3
74
0
42
0.000000001
43
0.0000000001
44
0.0000000001
40
0
40
0
40
0
40
1
40
1
40
1
10
166.62466673124229
20
260.12703543083933
30
0
10
166.97631506193076
20
260.4786837615278
30
0
10
167.10451750028525
20
260.97318296807077
30
0
0
SPLINE
5
925
100
AcDbEntity
8
0
100
AcDbSpline
70
0
71
2
72
6
73
3
74
0
42
0.000000001
43
0.0000000001
44
0.0000000001
40
0
40
0
40
0
40
1
40
1
40
1
10
167.10451750028525
20
260.97318296807077
30
0
10
167.23272947538291
20
261.46769171135691
30
0
10
167.23272947538291
20
262.43472700493601
30
0
0
LINE
5
926
100
AcDbEntity
8
0
100
AcDbLine
10
167.23272947538291
20
262.43472700493595
30
0
11
167.23272947538291
21
266.70578604119089
31
0
0
LINE
5
927
100
AcDbEntity
8
0
100
AcDbLine
10
167.23272947538291
20
266.70578604119089
30
0
11
164.68327192533408
21
266.70578604119089
31
0
0
LINE
5
928
100
AcDbEntity
8
0
100
AcDbLine
10
164.68327192533408
20
266.70578604119089
30
0
11
164.68327192533408
21
265.73875074761179
31
0
0
LINE
5
929
100
AcDbEntity
8
0
100
AcDbLine
10
164.68327192533408
20
265.73875074761179
30
0
11
164.55873159635459
21
265.73875074761179
31
0
0
SPLINE
5
930
100
AcDbEntity
8
0
100
AcDbSpline
70
0
71
2
72
6
73
3
74
0
42
0.000000001
43
0.0000000001
44
0.0000000001
40
0
40
0
40
0
40
1
40
1
40
1
10
164.55873159635459
20
265.73875074761179
30
0
10
164.26569608915244
20
266.35413771050241
30
0
10
163.62832693326865
20
266.63252478020456
30
0
0
SPLINE
5
931
100
AcDbEntity
8
0
100
AcDbSpline
70
0
71
2
72
6
73
3
74
0
42
0.000000001
43
0.0000000001
44
0.0000000001
40
0
40
0
40
0
40
1
40
1
40
1
10
163.62832693326865
20
266.63252478020456
30
0
10
163.29133657682334
20
266.77904730217722
30
0
10
162.68327383268272
20
266.83398847954538
30
0
0
SPLINE
5
932
100
AcDbEntity
8
0
100
AcDbSpline
70
0
71
2
72
6
73
3
74
0
42
0.000000001
43
0.0000000001
44
0.0000000001
40
0
40
0
40
0
40
1
40
1
40
1
10
162.68327383268272
20
266.83398847954538
30
0
10
162.07522062528525
20
266.88893919365671
30
0
10
160.74921278226768
20
266.88893919365671
30
0
0
SPLINE
5
933
100
AcDbEntity
8
0
100
AcDbSpline
70
0
71
2
72
6
73
3
74
0
42
0.000000001
43
0.0000000001
44
0.0000000001
40
0
40
0
40
0
40
1
40
1
40
1
10
160.74921278226768
20
266.88893919365671
30
0
10
159.67960981595908
20
266.88893919365671
30
0
10
159.1008582519332
20
266.75340299980905
30
0
0
SPLINE
5
934
100
AcDbEntity
8
0
100
AcDbSpline
70
0
71
2
72
6
73
3
74
0
42
0.000000001
43
0.0000000001
44
0.0000000001
40
0
40
0
40
0
40
1
40
1
40
1
10
159.1008582519332
20
266.75340299980905
30
0
10
158.52210191953574
20
266.61787634270456
30
0
10
158.17045358884727
20
266.28820066826609
30
0
0
SPLINE
5
935
100
AcDbEntity
8
0
100
AcDbSpline
70
0
71
2
72
6
73
3
74
0
42
0.000000001
43
0.0000000001
44
0.0000000001
40
0
40
0
40
0
40
1
40
1
40
1
10
158.17045358884727
20
266.28820066826609
30
0
10
157.65763429868613
20
265.79736357109812
30
0
10
157.65763429868613
20
264.68380575554636
30
0
0
SPLINE
5
936
100
AcDbEntity
8
0
100
AcDbSpline
70
0
71
2
72
6
73
3
74
0
42
0.000000001
43
0.0000000001
44
0.0000000001
40
0
40
0
40
0
40
1
40
1
40
1
10
157.65763429868613
20
264.68380575554636
30
0
10
157.65763429868613
20
263.44571714775827
30
0
10
158.26569227445518
20
262.89625769036081
30
0
0
SPLINE
5
937
100
AcDbEntity
8
0
100
AcDbSpline
70
0
71
2
72
6
73
3
74
0
42
0.000000001
43
0.0000000001
44
0.0000000001
40
0
40
0
40
0
40
1
40
1
40
1
10
158.26569227445518
20
262.89625769036081
30
0
10
158.74920992124473
20
262.46402387993601
30
0
10
159.54042104947959
20
262.33215933220652
30
0
0
SPLINE
5
938
100
AcDbEntity
8
0
100
AcDbSpline
70
0
71
2
72
6
73
3
74
0
42
0.000000001
43
0.0000000001
44
0.0000000001
40
0
40
0
40
0
40
1
40
1
40
1
10
159.54042104947959
20
262.33215933220652
30
0
10
160.33162740934287
20
262.20029478447702
30
0
10
162.45616583097373
20
262.20029478447702
30
0
0
SPLINE
5
939
100
AcDbEntity
8
0
100
AcDbSpline
70
0
71
2
72
6
73
3
74
0
42
0.000000001
43
0.0000000001
44
0.0000000001
40
0
40
0
40
0
40
1
40
1
40
1
10
162.45616583097373
20
262.20029478447702
30
0
10
163.37192205655967
20
262.20029478447702
30
0
10
163.76386312711631
20
262.30651502983835
30
0
0
SPLINE
5
940
100
AcDbEntity
8
0
100
AcDbSpline
70
0
71
2
72
6
73
3
74
0
42
0.000000001
43
0.0000000001
44
0.0000000001
40
0
40
0
40
0
40
1
40
1
40
1
10
163.76386312711631
20
262.30651502983835
30
0
10
164.15580419767295
20
262.41274481194284
30
0
10
164.46349767911826
20
262.75706892388132
30
0
0
LINE
5
941
100
AcDbEntity
8
0
100
AcDbLine
10
164.46349767911826
20
262.75706892388132
30
0
11
164.58071378934775
21
262.75706892388132
31
0
0
LINE
5
942
100
AcDbEntity
8
0
100
AcDbLine
10
164.58071378934775
20
262.75706892388132
30
0
11
164.58071378934775
21
262.38343840019968
31
0
0
SPLINE
5
943
100
AcDbEntity
8
0
100
AcDbSpline
70
0
71
2
72
6
73
3
74
0
42
0.000000001
43
0.0000000001
44
0.0000000001
40
0
40
0
40
0
40
1
40
1
40
1
10
164.58071378934775
20
262.38343840019968
30
0
10
164.58071378934775
20
261.54827719109323
30
0
10
164.27302030790244
20
261.33582716362741
30
0
0
SPLINE
5
944
100
AcDbEntity
8
0
100
AcDbSpline
70
0
71
2
72
6
73
3
74
0
42
0.000000001
43
0.0000000001
44
0.0000000001
40
0
40
0
40
0
40
1
40
1
40
1
10
164.27302030790244
20
261.33582716362741
30
0
10
163.96532682645713
20
261.12336759941843
30
0
10
162.75653509366904
20
261.12336759941843
30
0
0
SPLINE
5
945
100
AcDbEntity
8
0
100
AcDbSpline
70
0
71
2
72
6
73
3
74
0
42
0.000000001
43
0.0000000001
44
0.0000000001
40
0
40
0
40
0
40
1
40
1
40
1
10
162.75653509366904
20
261.12336759941843
30
0
10
161.32795957792197
20
261.12336759941843
30
0
10
160.99096922147666
20
261.23325949089792
30
0
0
SPLINE
5
946
100
AcDbEntity
8
0
100
AcDbSpline
70
0
71
2
72
6
73
3
74
0
42
0.000000001
43
0.0000000001
44
0.0000000001
40
0
40
0
40
0
40
1
40
1
40
1
10
160.99096922147666
20
261.23325949089792
30
0
10
160.65396932828818
20
261.34315138237741
30
0
10
160.58804182279502
20
261.83398847954538
30
0
0
SPLINE
5
947
100
AcDbEntity
8
0
100
AcDbSpline
70
0
71
2
72
6
73
3
74
0
42
0.000000001
43
0.0000000001
44
0.0000000001
40
0
40
0
40
0
40
1
40
1
40
1
10
162.3609319137374
20
263.70944624321726
30
0
10
161.02027563321982
20
263.70944624321726
30
0
10
160.69792417753135
20
263.87061720268991
30
0
0
SPLINE
5
948
100
AcDbEntity
8
0
100
AcDbSpline
70
0
71
2
72
6
73
3
74
0
42
0.000000001
43
0.0000000001
44
0.0000000001
40
0
40
0
40
0
40
1
40
1
40
1
10
160.69792417753135
20
263.87061720268991
30
0
10
160.30964521634971
20
264.06109457390573
30
0
10
160.30964521634971
20
264.44937353508737
30
0
0
SPLINE
5
949
100
AcDbEntity
8
0
100
AcDbSpline
70
0
71
2
72
6
73
3
74
0
42
0.000000001
43
0.0000000001
44
0.0000000001
40
0
40
0
40
0
40
1
40
1
40
1
10
160.30964521634971
20
264.44937353508737
30
0
10
160.30964521634971
20
264.88160734551218
30
0
10
160.69059995878135
20
265.03545408623484
30
0
0
SPLINE
5
950
100
AcDbEntity
8
0
100
AcDbSpline
70
0
71
2
72
6
73
3
74
0
42
0.000000001
43
0.0000000001
44
0.0000000001
40
0
40
0
40
0
40
1
40
1
40
1
10
160.69059995878135
20
265.03545408623484
30
0
10
161.07155470121299
20
265.18930082695749
30
0
10
162.14114813077842
20
265.18930082695749
30
0
0
SPLINE
5
951
100
AcDbEntity
8
0
100
AcDbSpline
70
0
71
2
72
6
73
3
74
0
42
0.000000001
43
0.0000000001
44
0.0000000001
40
0
40
0
40
0
40
1
40
1
40
1
10
162.14114813077842
20
265.18930082695749
30
0
10
163.53309301603232
20
265.18930082695749
30
0
10
164.03126386869346
20
265.02080564873484
30
0
0
SPLINE
5
952
100
AcDbEntity
8
0
100
AcDbSpline
70
0
71
2
72
6
73
3
74
0
42
0.000000001
43
0.0000000001
44
0.0000000001
40
0
40
0
40
0
40
1
40
1
40
1
10
164.03126386869346
20
265.02080564873484
30
0
10
164.52942518461143
20
264.85231047051218
30
0
10
164.52942518461143
20
264.38344602959421
30
0
0
SPLINE
5
953
100
AcDbEntity
8
0
100
AcDbSpline
70
0
71
2
72
6
73
3
74
0
42
0.000000001
43
0.0000000001
44
0.0000000001
40
0
40
0
40
0
40
1
40
1
40
1
10
164.52942518461143
20
264.38344602959421
30
0
10
164.52942518461143
20
263.95853643791941
30
0
10
164.09719137418662
20
263.79736547844675
30
0
0
SPLINE
5
954
100
AcDbEntity
8
0
100
AcDbSpline
70
0
71
2
72
6
73
3
74
0
42
0.000000001
43
0.0000000001
44
0.0000000001
40
0
40
0
40
0
40
1
40
1
40
1
10
164.09719137418662
20
263.79736547844675
30
0
10
163.8993897842208
20
263.72410421746042
30
0
10
162.3609319137374
20
263.70944624321726
30
0
0
LINE
5
955
100
AcDbEntity
8
0
100
AcDbLine
10
168.15580991971885
20
264.44937353508737
30
0
11
170.85910467374717
21
264.44937353508737
31
0
0
SPLINE
5
956
100
AcDbEntity
8
0
100
AcDbSpline
70
0
71
2
72
6
73
3
74
0
42
0.000000001
43
0.0000000001
44
0.0000000001
40
0
40
0
40
0
40
1
40
1
40
1
10
170.85910467374717
20
264.44937353508737
30
0
10
170.89573530424033
20
264.90358953850534
30
0
10
171.3645997451583
20
265.072084716728
30
0
0
SPLINE
5
957
100
AcDbEntity
8
0
100
AcDbSpline
70
0
71
2
72
6
73
3
74
0
42
0.000000001
43
0.0000000001
44
0.0000000001
40
0
40
0
40
0
40
1
40
1
40
1
10
171.3645997451583
20
265.072084716728
30
0
10
171.83346418607627
20
265.24057989495066
30
0
10
173.07888654935752
20
265.24057989495066
30
0
0
SPLINE
5
958
100
AcDbEntity
8
0
100
AcDbSpline
70
0
71
2
72
6
73
3
74
0
42
0.000000001
43
0.0000000001
44
0.0000000001
40
0
40
0
40
0
40
1
40
1
40
1
10
173.07888654935752
20
265.24057989495066
30
0
10
174.36826376188193
20
265.24057989495066
30
0
10
174.8334660934249
20
265.10139112847116
30
0
0
SPLINE
5
959
100
AcDbEntity
8
0
100
AcDbSpline
70
0
71
2
72
6
73
3
74
0
42
0.000000001
43
0.0000000001
44
0.0000000001
40
0
40
0
40
0
40
1
40
1
40
1
10
174.8334660934249
20
265.10139112847116
30
0
10
175.29866842496787
20
264.96219282524851
30
0
10
175.29866842496787
20
264.58124761956003
30
0
0
SPLINE
5
960
100
AcDbEntity
8
0
100
AcDbSpline
70
0
71
2
72
6
73
3
74
0
42
0.000000001
43
0.0000000001
44
0.0000000001
40
0
40
0
40
0
40
1
40
1
40
1
10
175.29866842496787
20
264.58124761956003
30
0
10
175.29866842496787
20
264.21494131462839
30
0
10
174.8517766402999
20
264.0904009856489
30
0
0
SPLINE
5
961
100
AcDbEntity
8
0
100
AcDbSpline
70
0
71
2
72
6
73
3
74
0
42
0.000000001
43
0.0000000001
44
0.0000000001
40
0
40
0
40
0
40
1
40
1
40
1
10
174.8517766402999
20
264.0904009856489
30
0
10
174.64665083158408
20
264.03179769890573
30
0
10
172.58803991544639
20
264.00981550591257
30
0
0
SPLINE
5
962
100
AcDbEntity
8
0
100
AcDbSpline
70
0
71
2
72
6
73
3
74
0
42
0.000000001
43
0.0000000001
44
0.0000000001
40
0
40
0
40
0
40
1
40
1
40
1
10
172.58803991544639
20
264.00981550591257
30
0
10
170.66862730253135
20
264.00981550591257
30
0
10
170.22174505460654
20
263.94387846367624
30
0
0
SPLINE
5
963
100
AcDbEntity
8
0
100
AcDbSpline
70
0
71
2
72
6
73
3
74
0
42
0.000000001
43
0.0000000001
44
0.0000000001
40
0
40
0
40
0
40
1
40
1
40
1
10
170.22174505460654
20
263.94387846367624
30
0
10
168.97632269132529
20
263.77538328545359
30
0
10
168.53676466215049
20
263.1306899108198
30
0
0
SPLINE
5
964
100
AcDbEntity
8
0
100
AcDbSpline
70
0
71
2
72
6
73
3
74
0
42
0.000000001
43
0.0000000001
44
0.0000000001
40
0
40
0
40
0
40
1
40
1
40
1
10
168.53676466215049
20
263.1306899108198
30
0
10
168.20708898771201
20
262.64717703240183
30
0
10
168.20708898771201
20
261.82666426079538
30
0
0
SPLINE
5
965
100
AcDbEntity
8
0
100
AcDbSpline
70
0
71
2
72
6
73
3
74
0
42
0.000000001
43
0.0000000001
44
0.0000000001
40
0
40
0
40
0
40
1
40
1
40
1
10
168.20708898771201
20
261.82666426079538
30
0
10
168.20708898771201
20
260.25889997856882
30
0
10
169.36460165250693
20
259.78271131890085
30
0
0
SPLINE
5
966
100
AcDbEntity
8
0
100
AcDbSpline
70
0
71
2
72
6
73
3
74
0
42
0.000000001
43
0.0000000001
44
0.0000000001
40
0
40
0
40
0
40
1
40
1
40
1
10
169.36460165250693
20
259.78271131890085
30
0
10
170.23639349210654
20
259.42373876946237
30
0
10
173.10819296110068
20
259.42373876946237
30
0
0
SPLINE
5
967
100
AcDbEntity
8
0
100
AcDbSpline
70
0
71
2
72
6
73
3
74
0
42
0.000000001
43
0.0000000001
44
0.0000000001
40
0
40
0
40
0
40
1
40
1
40
1
10
173.10819296110068
20
259.42373876946237
30
0
10
174.91771368253623
20
259.42373876946237
30
0
10
175.73822645414268
20
259.55926542656687
30
0
0
SPLINE
5
968
100
AcDbEntity
8
0
100
AcDbSpline
70
0
71
2
72
6
73
3
74
0
42
0.000000001
43
0.0000000001
44
0.0000000001
40
0
40
0
40
0
40
1
40
1
40
1
10
175.73822645414268
20
259.55926542656687
30
0
10
176.55873922574912
20
259.69480162041452
30
0
10
177.01295522916709
20
260.075746826103
30
0
0
SPLINE
5
969
100
AcDbEntity
8
0
100
AcDbSpline
70
0
71
2
72
6
73
3
74
0
42
0.000000001
43
0.0000000001
44
0.0000000001
40
0
40
0
40
0
40
1
40
1
40
1
10
177.01295522916709
20
260.075746826103
30
0
10
177.29134229886924
20
260.31017904656198
30
0
10
177.41222051847373
20
260.63985472100046
30
0
0
SPLINE
5
970
100
AcDbEntity
8
0
100
AcDbSpline
70
0
71
2
72
6
73
3
74
0
42
0.000000001
43
0.0000000001
44
0.0000000001
40
0
40
0
40
0
40
1
40
1
40
1
10
177.41222051847373
20
260.63985472100046
30
0
10
177.53309873807822
20
260.96952085869577
30
0
10
177.58437780607139
20
261.61421423332956
30
0
0
LINE
5
971
100
AcDbEntity
8
0
100
AcDbLine
10
177.58437780607142
20
261.61421423332956
30
0
11
174.88108305204307
21
261.61421423332956
31
0
0
SPLINE
5
972
100
AcDbEntity
8
0
100
AcDbSpline
70
0
71
2
72
6
73
3
74
0
42
0.000000001
43
0.0000000001
44
0.0000000001
40
0
40
0
40
0
40
1
40
1
40
1
10
174.88108305204307
20
261.61421423332956
30
0
10
174.80782179105674
20
261.35047560112741
30
0
10
174.69792989957725
20
261.27721434014109
30
0
0
SPLINE
5
973
100
AcDbEntity
8
0
100
AcDbSpline
70
0
71
2
72
6
73
3
74
0
42
0.000000001
43
0.0000000001
44
0.0000000001
40
0
40
0
40
0
40
1
40
1
40
1
10
174.69792989957725
20
261.27721434014109
30
0
10
174.36826376188193
20
261.07208853142527
30
0
10
173.02760748136436
20
261.07208853142527
30
0
0
SPLINE
5
974
100
AcDbEntity
8
0
100
AcDbSpline
70
0
71
2
72
6
73
3
74
0
42
0.000000001
43
0.0000000001
44
0.0000000001
40
0
40
0
40
0
40
1
40
1
40
1
10
173.02760748136436
20
261.07208853142527
30
0
10
171.78218511808311
20
261.07208853142527
30
0
10
171.32064489591514
20
261.19662886040476
30
0
0
SPLINE
5
975
100
AcDbEntity
8
0
100
AcDbSpline
70
0
71
2
72
6
73
3
74
0
42
0.000000001
43
0.0000000001
44
0.0000000001
40
0
40
0
40
0
40
1
40
1
40
1
10
171.32064489591514
20
261.19662886040476
30
0
10
170.85910467374717
20
261.32116918938425
30
0
10
170.85910467374717
20
261.65084486382273
30
0
0
SPLINE
5
976
100
AcDbEntity
8
0
100
AcDbSpline
70
0
71
2
72
6
73
3
74
0
42
0.000000001
43
0.0000000001
44
0.0000000001
40
0
40
0
40
0
40
1
40
1
40
1
10
170.85910467374717
20
261.65084486382273
30
0
10
170.85910467374717
20
262.08307867424753
30
0
10
171.49647382963096
20
262.1270335234907
30
0
0
SPLINE
5
977
100
AcDbEntity
8
0
100
AcDbSpline
70
0
71
2
72
6
73
3
74
0
42
0.000000001
43
0.0000000001
44
0.0000000001
40
0
40
0
40
0
40
1
40
1
40
1
10
171.49647382963096
20
262.1270335234907
30
0
10
171.99463514554893
20
262.16366415398386
30
0
10
175.11551527250205
20
262.18563681023386
30
0
0
SPLINE
5
978
100
AcDbEntity
8
0
100
AcDbSpline
70
0
71
2
72
6
73
3
74
0
42
0.000000001
43
0.0000000001
44
0.0000000001
40
0
40
0
40
0
40
1
40
1
40
1
10
175.11551527250205
20
262.18563681023386
30
0
10
176.61001829374229
20
262.19296102898386
30
0
10
177.27668432462607
20
262.69113188164499
30
0
0
SPLINE
5
979
100
AcDbEntity
8
0
100
AcDbSpline
70
0
71
2
72
6
73
3
74
0
42
0.000000001
43
0.0000000001
44
0.0000000001
40
0
40
0
40
0
40
1
40
1
40
1
10
177.27668432462607
20
262.69113188164499
30
0
10
177.95068411100303
20
263.18197851555612
30
0
10
177.95068411100303
20
264.39809446709421
30
0
0
SPLINE
5
980
100
AcDbEntity
8
0
100
AcDbSpline
70
0
71
2
72
6
73
3
74
0
42
0.000000001
43
0.0000000001
44
0.0000000001
40
0
40
0
40
0
40
1
40
1
40
1
10
177.95068411100303
20
264.39809446709421
30
0
10
177.95068411100303
20
265.20395880120066
30
0
10
177.68694547880088
20
265.70578222649362
30
0
0
SPLINE
5
981
100
AcDbEntity
8
0
100
AcDbSpline
70
0
71
2
72
6
73
3
74
0
42
0.000000001
43
0.0000000001
44
0.0000000001
40
0
40
0
40
0
40
1
40
1
40
1
10
177.68694547880088
20
265.70578222649362
30
0
10
177.42320684659873
20
266.20761518852976
30
0
10
176.85910848844443
20
266.45670538323191
30
0
0
SPLINE
5
982
100
AcDbEntity
8
0
100
AcDbSpline
70
0
71
2
72
6
73
3
74
0
42
0.000000001
43
0.0000000001
44
0.0000000001
40
0
40
0
40
0
40
1
40
1
40
1
10
176.85910848844443
20
266.45670538323191
30
0
10
175.9213796066085
20
266.88893919365671
30
0
10
172.8884091781417
20
266.88893919365671
30
0
0
SPLINE
5
983
100
AcDbEntity
8
0
100
AcDbSpline
70
0
71
2
72
6
73
3
74
0
42
0.000000001
43
0.0000000001
44
0.0000000001
40
0
40
0
40
0
40
1
40
1
40
1
10
172.8884091781417
20
266.88893919365671
30
0
10
170.9470143722335
20
266.88893919365671
30
0
10
170.10452894437705
20
266.73875456230905
30
0
0
SPLINE
5
984
100
AcDbEntity
8
0
100
AcDbSpline
70
0
71
2
72
6
73
3
74
0
42
0.000000001
43
0.0000000001
44
0.0000000001
40
0
40
0
40
0
40
1
40
1
40
1
10
170.10452894437705
20
266.73875456230905
30
0
10
169.26203397977744
20
266.5885699309614
30
0
10
168.77852110135947
20
266.14901190178659
30
0
0
SPLINE
5
985
100
AcDbEntity
8
0
100
AcDbSpline
70
0
71
2
72
6
73
3
74
0
42
0.000000001
43
0.0000000001
44
0.0000000001
40
0
40
0
40
0
40
1
40
1
40
1
10
168.77852110135947
20
266.14901190178659
30
0
10
168.17779211271201
20
265.6068861998823
30
0
10
168.15580991971885
20
264.44937353508737
30
0
0
LINE
5
986
100
AcDbEntity
8
0
100
AcDbLine
10
182.68327383268272
20
269.65817098992136
30
0
11
182.68327383268272
21
259.60688238518503
31
0
0
LINE
5
987
100
AcDbEntity
8
0
100
AcDbLine
10
182.68327383268272
20
259.60688238518503
30
0
11
185.18144277799522
21
259.60688238518503
31
0
0
LINE
5
988
100
AcDbEntity
8
0
100
AcDbLine
10
185.18144277799522
20
259.60688238518503
30
0
11
185.18144277799522
21
260.56659346001413
31
0
0
LINE
5
989
100
AcDbEntity
8
0
100
AcDbLine
10
185.18144277799522
20
260.56659346001413
30
0
11
185.32796529996787
21
260.56659346001413
31
0
0
SPLINE
5
990
100
AcDbEntity
8
0
100
AcDbSpline
70
0
71
2
72
6
73
3
74
0
42
0.000000001
43
0.0000000001
44
0.0000000001
40
0
40
0
40
0
40
1
40
1
40
1
10
185.32796529996787
20
260.56659346001413
30
0
10
185.66495565641318
20
259.90725164788034
30
0
10
186.35726598966514
20
259.66549520867136
30
0
0
SPLINE
5
991
100
AcDbEntity
8
0
100
AcDbSpline
70
0
71
2
72
6
73
3
74
0
42
0.000000001
43
0.0000000001
44
0.0000000001
40
0
40
0
40
0
40
1
40
1
40
1
10
186.35726598966514
20
259.66549520867136
30
0
10
187.04957632291709
20
259.42373876946237
30
0
10
188.58070997465049
20
259.42373876946237
30
0
0
SPLINE
5
992
100
AcDbEntity
8
0
100
AcDbSpline
70
0
71
2
72
6
73
3
74
0
42
0.000000001
43
0.0000000001
44
0.0000000001
40
0
40
0
40
0
40
1
40
1
40
1
10
188.58070997465049
20
259.42373876946237
30
0
10
189.95067266691123
20
259.42373876946237
30
0
10
190.72723058927451
20
259.60322027581003
30
0
0
SPLINE
5
993
100
AcDbEntity
8
0
100
AcDbSpline
70
0
71
2
72
6
73
3
74
0
42
0.000000001
43
0.0000000001
44
0.0000000001
40
0
40
0
40
0
40
1
40
1
40
1
10
190.72723058927451
20
259.60322027581003
30
0
10
191.50378851163779
20
259.78271131890085
30
0
10
191.9579949783126
20
260.20028715508249
30
0
0
SPLINE
5
994
100
AcDbEntity
8
0
100
AcDbSpline
70
0
71
2
72
6
73
3
74
0
42
0.000000001
43
0.0000000001
44
0.0000000001
40
0
40
0
40
0
40
1
40
1
40
1
10
191.9579949783126
20
260.20028715508249
30
0
10
192.3829045699874
20
260.58856611626413
30
0
10
192.53675131071006
20
261.21493940727976
30
0
0
SPLINE
5
995
100
AcDbEntity
8
0
100
AcDbSpline
70
0
71
2
72
6
73
3
74
0
42
0.000000001
43
0.0000000001
44
0.0000000001
40
0
40
0
40
0
40
1
40
1
40
1
10
192.53675131071006
20
261.21493940727976
30
0
10
192.69059805143272
20
261.84131269829538
30
0
10
192.69059805143272
20
263.18930273430612
30
0
0
SPLINE
5
996
100
AcDbEntity
8
0
100
AcDbSpline
70
0
71
2
72
6
73
3
74
0
42
0.000000001
43
0.0000000001
44
0.0000000001
40
0
40
0
40
0
40
1
40
1
40
1
10
192.69059805143272
20
263.18930273430612
30
0
10
192.69059805143272
20
264.0904009856489
30
0
10
192.62099889982139
20
264.59589605706003
30
0
0
SPLINE
5
997
100
AcDbEntity
8
0
100
AcDbSpline
70
0
71
2
72
6
73
3
74
0
42
0.000000001
43
0.0000000001
44
0.0000000001
40
0
40
0
40
0
40
1
40
1
40
1
10
192.62099889982139
20
264.59589605706003
30
0
10
192.55140928495322
20
265.10139112847116
30
0
10
192.3755803512374
20
265.51897650139597
30
0
0
SPLINE
5
998
100
AcDbEntity
8
0
100
AcDbSpline
70
0
71
2
72
6
73
3
74
0
42
0.000000001
43
0.0000000001
44
0.0000000001
40
0
40
0
40
0
40
1
40
1
40
1
10
192.3755803512374
20
265.51897650139597
30
0
10
192.04591421354209
20
266.29552488701609
30
0
10
191.19609503019248
20
266.5922320403364
30
0
0
SPLINE
5
999
100
AcDbEntity
8
0
100
AcDbSpline
70
0
71
2
72
6
73
3
74
0
42
0.000000001
43
0.0000000001
44
0.0000000001
40
0
40
0
40
0
40
1
40
1
40
1
10
191.19609503019248
20
266.5922320403364
30
0
10
190.34627584684287
20
266.88893919365671
30
0
10
188.463493864421
20
266.88893919365671
30
0
0
SPLINE
5
1000
100
AcDbEntity
8
0
100
AcDbSpline
70
0
71
2
72
6
73
3
74
0
42
0.000000001
43
0.0000000001
44
0.0000000001
40
0
40
0
40
0
40
1
40
1
40
1
10
188.463493864421
20
266.88893919365671
30
0
10
187.10817960966025
20
266.88893919365671
30
0
10
186.47814420926963
20
266.65816908257273
30
0
0
SPLINE
5
1001
100
AcDbEntity
8
0
100
AcDbSpline
70
0
71
2
72
6
73
3
74
0
42
0.000000001
43
0.0000000001
44
0.0000000001
40
0
40
0
40
0
40
1
40
1
40
1
10
186.47814420926963
20
266.65816908257273
30
0
10
185.848108808879
20
266.42739897148874
30
0
10
185.45982984769736
20
265.79003935234812
30
0
0
LINE
5
1002
100
AcDbEntity
8
0
100
AcDbLine
10
185.45982984769734
20
265.79003935234812
30
0
11
185.33528951871787
21
265.79003935234812
31
0
0
LINE
5
1003
100
AcDbEntity
8
0
100
AcDbLine
10
185.33528951871787
20
265.79003935234812
30
0
11
185.33528951871787
21
269.65817098992136
31
0
0
LINE
5
1004
100
AcDbEntity
8
0
100
AcDbLine
10
185.33528951871787
20
269.65817098992136
30
0
11
182.68327383268272
21
269.65817098992136
31
0
0
SPLINE
5
1005
100
AcDbEntity
8
0
100
AcDbSpline
70
0
71
2
72
6
73
3
74
0
42
0.000000001
43
0.0000000001
44
0.0000000001
40
0
40
0
40
0
40
1
40
1
40
1
10
187.78217939603721
20
261.42373686211374
30
0
10
186.11184744108115
20
261.42373686211374
30
0
10
185.72356847989951
20
261.76072721855905
30
0
0
SPLINE
5
1006
100
AcDbEntity
8
0
100
AcDbSpline
70
0
71
2
72
6
73
3
74
0
42
0.000000001
43
0.0000000001
44
0.0000000001
40
0
40
0
40
0
40
1
40
1
40
1
10
185.72356847989951
20
261.76072721855905
30
0
10
185.33528951871787
20
262.09772711174753
30
0
10
185.33528951871787
20
263.23325758354929
30
0
0
SPLINE
5
1007
100
AcDbEntity
8
0
100
AcDbSpline
70
0
71
2
72
6
73
3
74
0
42
0.000000001
43
0.0000000001
44
0.0000000001
40
0
40
0
40
0
40
1
40
1
40
1
10
185.33528951871787
20
263.23325758354929
30
0
10
185.33528951871787
20
263.84132032768991
30
0
10
185.44518141019736
20
264.15267591851023
30
0
0
SPLINE
5
1008
100
AcDbEntity
8
0
100
AcDbSpline
70
0
71
2
72
6
73
3
74
0
42
0.000000001
43
0.0000000001
44
0.0000000001
40
0
40
0
40
0
40
1
40
1
40
1
10
185.44518141019736
20
264.15267591851023
30
0
10
185.55507330167686
20
264.46403150933054
30
0
10
185.82612661588584
20
264.6178782500532
30
0
0
SPLINE
5
1009
100
AcDbEntity
8
0
100
AcDbSpline
70
0
71
2
72
6
73
3
74
0
42
0.000000001
43
0.0000000001
44
0.0000000001
40
0
40
0
40
0
40
1
40
1
40
1
10
185.82612661588584
20
264.6178782500532
30
0
10
186.28766683805381
20
264.88893156426218
30
0
10
187.70158437955772
20
264.88893156426218
30
0
0
SPLINE
5
1010
100
AcDbEntity
8
0
100
AcDbSpline
70
0
71
2
72
6
73
3
74
0
42
0.000000001
43
0.0000000001
44
0.0000000001
40
0
40
0
40
0
40
1
40
1
40
1
10
187.70158437955772
20
264.88893156426218
30
0
10
189.16679052579795
20
264.88893156426218
30
0
10
189.60634855497275
20
264.59589605706003
30
0
0
SPLINE
5
1011
100
AcDbEntity
8
0
100
AcDbSpline
70
0
71
2
72
6
73
3
74
0
42
0.000000001
43
0.0000000001
44
0.0000000001
40
0
40
0
40
0
40
1
40
1
40
1
10
189.60634855497275
20
264.59589605706003
30
0
10
189.8554387496749
20
264.42740087883737
30
0
10
189.94701055753623
20
264.0940630950239
30
0
0
SPLINE
5
1012
100
AcDbEntity
8
0
100
AcDbSpline
70
0
71
2
72
6
73
3
74
0
42
0.000000001
43
0.0000000001
44
0.0000000001
40
0
40
0
40
0
40
1
40
1
40
1
10
189.94701055753623
20
264.0940630950239
30
0
10
190.03858236539756
20
263.76073484795359
30
0
10
190.03858236539756
20
263.05010443108347
30
0
0
SPLINE
5
1013
100
AcDbEntity
8
0
100
AcDbSpline
70
0
71
2
72
6
73
3
74
0
42
0.000000001
43
0.0000000001
44
0.0000000001
40
0
40
0
40
0
40
1
40
1
40
1
10
190.03858236539756
20
263.05010443108347
30
0
10
190.03858236539756
20
262.39809637444284
30
0
10
189.92870001066123
20
262.11237554924753
30
0
0
SPLINE
5
1014
100
AcDbEntity
8
0
100
AcDbSpline
70
0
71
2
72
6
73
3
74
0
42
0.000000001
43
0.0000000001
44
0.0000000001
40
0
40
0
40
0
40
1
40
1
40
1
10
189.92870001066123
20
262.11237554924753
30
0
10
189.81880811918174
20
261.82666426079538
30
0
10
189.51111463773643
20
261.66549330132273
30
0
0
SPLINE
5
1015
100
AcDbEntity
8
0
100
AcDbSpline
70
0
71
2
72
6
73
3
74
0
42
0.000000001
43
0.0000000001
44
0.0000000001
40
0
40
0
40
0
40
1
40
1
40
1
10
189.51111463773643
20
261.66549330132273
30
0
10
189.05689863431846
20
261.43106108086374
30
0
10
187.78217939603721
20
261.42373686211374
30
0
0
LINE
5
1016
100
AcDbEntity
8
0
100
AcDbLine
10
196.39756826627647
20
261.83398847954538
30
0
11
193.75287679899131
21
261.83398847954538
31
0
0
SPLINE
5
1017
100
AcDbEntity
8
0
100
AcDbSpline
70
0
71
2
72
6
73
3
74
0
42
0.000000001
43
0.0000000001
44
0.0000000001
40
0
40
0
40
0
40
1
40
1
40
1
10
193.75287679899131
20
261.83398847954538
30
0
10
193.80416540372764
20
261.00615148918894
30
0
10
194.10452512967979
20
260.58124189751413
30
0
0
SPLINE
5
1018
100
AcDbEntity
8
0
100
AcDbSpline
70
0
71
2
72
6
73
3
74
0
42
0.000000001
43
0.0000000001
44
0.0000000001
40
0
40
0
40
0
40
1
40
1
40
1
10
194.10452512967979
20
260.58124189751413
30
0
10
194.58072332609092
20
259.89992742913034
30
0
10
195.58071760404502
20
259.65817098992136
30
0
0
SPLINE
5
1019
100
AcDbEntity
8
0
100
AcDbSpline
70
0
71
2
72
6
73
3
74
0
42
0.000000001
43
0.0000000001
44
0.0000000001
40
0
40
0
40
0
40
1
40
1
40
1
10
195.58071760404502
20
259.65817098992136
30
0
10
196.58072141874229
20
259.41640501396921
30
0
10
198.96167425382529
20
259.41640501396921
30
0
0
SPLINE
5
1020
100
AcDbEntity
8
0
100
AcDbSpline
70
0
71
2
72
6
73
3
74
0
42
0.000000001
43
0.0000000001
44
0.0000000001
40
0
40
0
40
0
40
1
40
1
40
1
10
198.96167425382529
20
259.41640501396921
30
0
10
200.71258215177451
20
259.41640501396921
30
0
10
201.3499513076583
20
259.54827909844187
30
0
0
SPLINE
5
1021
100
AcDbEntity
8
0
100
AcDbSpline
70
0
71
2
72
6
73
3
74
0
42
0.000000001
43
0.0000000001
44
0.0000000001
40
0
40
0
40
0
40
1
40
1
40
1
10
201.3499513076583
20
259.54827909844187
30
0
10
201.98731092679893
20
259.68014364617136
30
0
10
202.4342027114669
20
260.12703543083933
30
0
0
SPLINE
5
1022
100
AcDbEntity
8
0
100
AcDbSpline
70
0
71
2
72
6
73
3
74
0
42
0.000000001
43
0.0000000001
44
0.0000000001
40
0
40
0
40
0
40
1
40
1
40
1
10
202.4342027114669
20
260.12703543083933
30
0
10
202.78585104215537
20
260.4786837615278
30
0
10
202.91405348050986
20
260.97318296807077
30
0
0
SPLINE
5
1023
100
AcDbEntity
8
0
100
AcDbSpline
70
0
71
2
72
6
73
3
74
0
42
0.000000001
43
0.0000000001
44
0.0000000001
40
0
40
0
40
0
40
1
40
1
40
1
10
202.91405348050986
20
260.97318296807077
30
0
10
203.04225591886436
20
261.46769171135691
30
0
10
203.04225591886436
20
262.43472700493601
30
0
0
LINE
5
1024
100
AcDbEntity
8
0
100
AcDbLine
10
203.04225591886436
20
262.43472700493595
30
0
11
203.04225591886436
21
266.70578604119089
31
0
0
LINE
5
1025
100
AcDbEntity
8
0
100
AcDbLine
10
203.04225591886436
20
266.70578604119089
30
0
11
200.49280790555869
21
266.70578604119089
31
0
0
LINE
5
1026
100
AcDbEntity
8
0
100
AcDbLine
10
200.49280790555869
20
266.70578604119089
30
0
11
200.49280790555869
21
265.73875074761179
31
0
0
LINE
5
1027
100
AcDbEntity
8
0
100
AcDbLine
10
200.49280790555869
20
265.73875074761179
30
0
11
200.3682675765792
21
265.73875074761179
31
0
0
SPLINE
5
1028
100
AcDbEntity
8
0
100
AcDbSpline
70
0
71
2
72
6
73
3
74
0
42
0.000000001
43
0.0000000001
44
0.0000000001
40
0
40
0
40
0
40
1
40
1
40
1
10
200.3682675765792
20
265.73875074761179
30
0
10
200.07522253263389
20
266.35413771050241
30
0
10
199.43786291349326
20
266.63252478020456
30
0
0
SPLINE
5
1029
100
AcDbEntity
8
0
100
AcDbSpline
70
0
71
2
72
6
73
3
74
0
42
0.000000001
43
0.0000000001
44
0.0000000001
40
0
40
0
40
0
40
1
40
1
40
1
10
199.43786291349326
20
266.63252478020456
30
0
10
199.10086302030479
20
266.77904730217722
30
0
10
198.49280981290732
20
266.83398847954538
30
0
0
SPLINE
5
1030
100
AcDbEntity
8
0
100
AcDbSpline
70
0
71
2
72
6
73
3
74
0
42
0.000000001
43
0.0000000001
44
0.0000000001
40
0
40
0
40
0
40
1
40
1
40
1
10
198.49280981290732
20
266.83398847954538
30
0
10
197.8847470687667
20
266.88893919365671
30
0
10
196.55873922574912
20
266.88893919365671
30
0
0
SPLINE
5
1031
100
AcDbEntity
8
0
100
AcDbSpline
70
0
71
2
72
6
73
3
74
0
42
0.000000001
43
0.0000000001
44
0.0000000001
40
0
40
0
40
0
40
1
40
1
40
1
10
196.55873922574912
20
266.88893919365671
30
0
10
195.48914579618369
20
266.88893919365671
30
0
10
194.91038946378623
20
266.75340299980905
30
0
0
SPLINE
5
1032
100
AcDbEntity
8
0
100
AcDbSpline
70
0
71
2
72
6
73
3
74
0
42
0.000000001
43
0.0000000001
44
0.0000000001
40
0
40
0
40
0
40
1
40
1
40
1
10
194.91038946378623
20
266.75340299980905
30
0
10
194.33163313138877
20
266.61787634270456
30
0
10
193.97998480070029
20
266.28820066826609
30
0
0
SPLINE
5
1033
100
AcDbEntity
8
0
100
AcDbSpline
70
0
71
2
72
6
73
3
74
0
42
0.000000001
43
0.0000000001
44
0.0000000001
40
0
40
0
40
0
40
1
40
1
40
1
10
193.97998480070029
20
266.28820066826609
30
0
10
193.46716551053916
20
265.79736357109812
30
0
10
193.46716551053916
20
264.68380575554636
30
0
0
SPLINE
5
1034
100
AcDbEntity
8
0
100
AcDbSpline
70
0
71
2
72
6
73
3
74
0
42
0.000000001
43
0.0000000001
44
0.0000000001
40
0
40
0
40
0
40
1
40
1
40
1
10
193.46716551053916
20
264.68380575554636
30
0
10
193.46716551053916
20
263.44571714775827
30
0
10
194.07522825467979
20
262.89625769036081
30
0
0
SPLINE
5
1035
100
AcDbEntity
8
0
100
AcDbSpline
70
0
71
2
72
6
73
3
74
0
42
0.000000001
43
0.0000000001
44
0.0000000001
40
0
40
0
40
0
40
1
40
1
40
1
10
194.07522825467979
20
262.89625769036081
30
0
10
194.55874113309775
20
262.46402387993601
30
0
10
195.34994749296104
20
262.33215933220652
30
0
0
SPLINE
5
1036
100
AcDbEntity
8
0
100
AcDbSpline
70
0
71
2
72
6
73
3
74
0
42
0.000000001
43
0.0000000001
44
0.0000000001
40
0
40
0
40
0
40
1
40
1
40
1
10
195.34994749296104
20
262.33215933220652
30
0
10
196.14115385282432
20
262.20029478447702
30
0
10
198.26570181119834
20
262.20029478447702
30
0
0
SPLINE
5
1037
100
AcDbEntity
8
0
100
AcDbSpline
70
0
71
2
72
6
73
3
74
0
42
0.000000001
43
0.0000000001
44
0.0000000001
40
0
40
0
40
0
40
1
40
1
40
1
10
198.26570181119834
20
262.20029478447702
30
0
10
199.18144850004111
20
262.20029478447702
30
0
10
199.57338957059775
20
262.30651502983835
30
0
0
SPLINE
5
1038
100
AcDbEntity
8
0
100
AcDbSpline
70
0
71
2
72
6
73
3
74
0
42
0.000000001
43
0.0000000001
44
0.0000000001
40
0
40
0
40
0
40
1
40
1
40
1
10
199.57338957059775
20
262.30651502983835
30
0
10
199.9653306411544
20
262.41274481194284
30
0
10
200.27302412259971
20
262.75706892388132
30
0
0
LINE
5
1039
100
AcDbEntity
8
0
100
AcDbLine
10
200.27302412259971
20
262.75706892388132
30
0
11
200.3902402328292
21
262.75706892388132
31
0
0
LINE
5
1040
100
AcDbEntity
8
0
100
AcDbLine
10
200.3902402328292
20
262.75706892388132
30
0
11
200.3902402328292
21
262.38343840019968
31
0
0
SPLINE
5
1041
100
AcDbEntity
8
0
100
AcDbSpline
70
0
71
2
72
6
73
3
74
0
42
0.000000001
43
0.0000000001
44
0.0000000001
40
0
40
0
40
0
40
1
40
1
40
1
10
200.3902402328292
20
262.38343840019968
30
0
10
200.3902402328292
20
261.54827719109323
30
0
10
200.08254675138389
20
261.33582716362741
30
0
0
SPLINE
5
1042
100
AcDbEntity
8
0
100
AcDbSpline
70
0
71
2
72
6
73
3
74
0
42
0.000000001
43
0.0000000001
44
0.0000000001
40
0
40
0
40
0
40
1
40
1
40
1
10
200.08254675138389
20
261.33582716362741
30
0
10
199.77485326993857
20
261.12336759941843
30
0
10
198.56607107389365
20
261.12336759941843
30
0
0
SPLINE
5
1043
100
AcDbEntity
8
0
100
AcDbSpline
70
0
71
2
72
6
73
3
74
0
42
0.000000001
43
0.0000000001
44
0.0000000001
40
0
40
0
40
0
40
1
40
1
40
1
10
198.56607107389365
20
261.12336759941843
30
0
10
197.13749555814658
20
261.12336759941843
30
0
10
196.80049566495811
20
261.23325949089792
30
0
0
SPLINE
5
1044
100
AcDbEntity
8
0
100
AcDbSpline
70
0
71
2
72
6
73
3
74
0
42
0.000000001
43
0.0000000001
44
0.0000000001
40
0
40
0
40
0
40
1
40
1
40
1
10
196.80049566495811
20
261.23325949089792
30
0
10
196.46350530851279
20
261.34315138237741
30
0
10
196.39756826627647
20
261.83398847954538
30
0
0
SPLINE
5
1045
100
AcDbEntity
8
0
100
AcDbSpline
70
0
71
2
72
6
73
3
74
0
42
0.000000001
43
0.0000000001
44
0.0000000001
40
0
40
0
40
0
40
1
40
1
40
1
10
198.17045835721885
20
263.70944624321726
30
0
10
196.82980207670127
20
263.70944624321726
30
0
10
196.50746015775596
20
263.87061720268991
30
0
0
SPLINE
5
1046
100
AcDbEntity
8
0
100
AcDbSpline
70
0
71
2
72
6
73
3
74
0
42
0.000000001
43
0.0000000001
44
0.0000000001
40
0
40
0
40
0
40
1
40
1
40
1
10
196.50746015775596
20
263.87061720268991
30
0
10
196.11918119657432
20
264.06109457390573
30
0
10
196.11918119657432
20
264.44937353508737
30
0
0
SPLINE
5
1047
100
AcDbEntity
8
0
100
AcDbSpline
70
0
71
2
72
6
73
3
74
0
42
0.000000001
43
0.0000000001
44
0.0000000001
40
0
40
0
40
0
40
1
40
1
40
1
10
196.11918119657432
20
264.44937353508737
30
0
10
196.11918119657432
20
264.88160734551218
30
0
10
196.50013593900596
20
265.03545408623484
30
0
0
SPLINE
5
1048
100
AcDbEntity
8
0
100
AcDbSpline
70
0
71
2
72
6
73
3
74
0
42
0.000000001
43
0.0000000001
44
0.0000000001
40
0
40
0
40
0
40
1
40
1
40
1
10
196.50013593900596
20
265.03545408623484
30
0
10
196.88108114469443
20
265.18930082695749
30
0
10
197.95068411100303
20
265.18930082695749
30
0
0
SPLINE
5
1049
100
AcDbEntity
8
0
100
AcDbSpline
70
0
71
2
72
6
73
3
74
0
42
0.000000001
43
0.0000000001
44
0.0000000001
40
0
40
0
40
0
40
1
40
1
40
1
10
197.95068411100303
20
265.18930082695749
30
0
10
199.34261945951377
20
265.18930082695749
30
0
10
199.8407903121749
20
265.02080564873484
30
0
0
SPLINE
5
1050
100
AcDbEntity
8
0
100
AcDbSpline
70
0
71
2
72
6
73
3
74
0
42
0.000000001
43
0.0000000001
44
0.0000000001
40
0
40
0
40
0
40
1
40
1
40
1
10
199.8407903121749
20
265.02080564873484
30
0
10
200.33896116483604
20
264.85231047051218
30
0
10
200.33896116483604
20
264.38344602959421
30
0
0
SPLINE
5
1051
100
AcDbEntity
8
0
100
AcDbSpline
70
0
71
2
72
6
73
3
74
0
42
0.000000001
43
0.0000000001
44
0.0000000001
40
0
40
0
40
0
40
1
40
1
40
1
10
200.33896116483604
20
264.38344602959421
30
0
10
200.33896116483604
20
263.95853643791941
30
0
10
199.90672735441123
20
263.79736547844675
30
0
0
SPLINE
5
1052
100
AcDbEntity
8
0
100
AcDbSpline
70
0
71
2
72
6
73
3
74
0
42
0.000000001
43
0.0000000001
44
0.0000000001
40
0
40
0
40
0
40
1
40
1
40
1
10
199.90672735441123
20
263.79736547844675
30
0
10
199.70892576444541
20
263.72410421746042
30
0
10
198.17045835721885
20
263.70944624321726
30
0
0
LINE
5
1053
100
AcDbEntity
8
0
100
AcDbLine
10
203.96532682645713
20
264.44937353508737
30
0
11
206.66862158048545
21
264.44937353508737
31
0
0
SPLINE
5
1054
100
AcDbEntity
8
0
100
AcDbSpline
70
0
71
2
72
6
73
3
74
0
42
0.000000001
43
0.0000000001
44
0.0000000001
40
0
40
0
40
0
40
1
40
1
40
1
10
206.66862158048545
20
264.44937353508737
30
0
10
206.70525221097861
20
264.90358953850534
30
0
10
207.17411665189658
20
265.072084716728
30
0
0
SPLINE
5
1055
100
AcDbEntity
8
0
100
AcDbSpline
70
0
71
2
72
6
73
3
74
0
42
0.000000001
43
0.0000000001
44
0.0000000001
40
0
40
0
40
0
40
1
40
1
40
1
10
207.17411665189658
20
265.072084716728
30
0
10
207.64298109281455
20
265.24057989495066
30
0
10
208.8884034560958
20
265.24057989495066
30
0
0
SPLINE
5
1056
100
AcDbEntity
8
0
100
AcDbSpline
70
0
71
2
72
6
73
3
74
0
42
0.000000001
43
0.0000000001
44
0.0000000001
40
0
40
0
40
0
40
1
40
1
40
1
10
208.8884034560958
20
265.24057989495066
30
0
10
210.17778066862022
20
265.24057989495066
30
0
10
210.64298300016318
20
265.10139112847116
30
0
0
SPLINE
5
1057
100
AcDbEntity
8
0
100
AcDbSpline
70
0
71
2
72
6
73
3
74
0
42
0.000000001
43
0.0000000001
44
0.0000000001
40
0
40
0
40
0
40
1
40
1
40
1
10
210.64298300016318
20
265.10139112847116
30
0
10
211.10818533170615
20
264.96219282524851
30
0
10
211.10818533170615
20
264.58124761956003
30
0
0
SPLINE
5
1058
100
AcDbEntity
8
0
100
AcDbSpline
70
0
71
2
72
6
73
3
74
0
42
0.000000001
43
0.0000000001
44
0.0000000001
40
0
40
0
40
0
40
1
40
1
40
1
10
211.10818533170615
20
264.58124761956003
30
0
10
211.10818533170615
20
264.21494131462839
30
0
10
210.66129354703818
20
264.0904009856489
30
0
0
SPLINE
5
1059
100
AcDbEntity
8
0
100
AcDbSpline
70
0
71
2
72
6
73
3
74
0
42
0.000000001
43
0.0000000001
44
0.0000000001
40
0
40
0
40
0
40
1
40
1
40
1
10
210.66129354703818
20
264.0904009856489
30
0
10
210.45616773832236
20
264.03179769890573
30
0
10
208.39755682218467
20
264.00981550591257
30
0
0
SPLINE
5
1060
100
AcDbEntity
8
0
100
AcDbSpline
70
0
71
2
72
6
73
3
74
0
42
0.000000001
43
0.0000000001
44
0.0000000001
40
0
40
0
40
0
40
1
40
1
40
1
10
208.39755682218467
20
264.00981550591257
30
0
10
206.47814420926963
20
264.00981550591257
30
0
10
206.03126196134482
20
263.94387846367624
30
0
0
SPLINE
5
1061
100
AcDbEntity
8
0
100
AcDbSpline
70
0
71
2
72
6
73
3
74
0
42
0.000000001
43
0.0000000001
44
0.0000000001
40
0
40
0
40
0
40
1
40
1
40
1
10
206.03126196134482
20
263.94387846367624
30
0
10
204.78583959806357
20
263.77538328545359
30
0
10
204.34628156888877
20
263.1306899108198
30
0
0
SPLINE
5
1062
100
AcDbEntity
8
0
100
AcDbSpline
70
0
71
2
72
6
73
3
74
0
42
0.000000001
43
0.0000000001
44
0.0000000001
40
0
40
0
40
0
40
1
40
1
40
1
10
204.34628156888877
20
263.1306899108198
30
0
10
204.01660589445029
20
262.64717703240183
30
0
10
204.01660589445029
20
261.82666426079538
30
0
0
SPLINE
5
1063
100
AcDbEntity
8
0
100
AcDbSpline
70
0
71
2
72
6
73
3
74
0
42
0.000000001
43
0.0000000001
44
0.0000000001
40
0
40
0
40
0
40
1
40
1
40
1
10
204.01660589445029
20
261.82666426079538
30
0
10
204.01660589445029
20
260.25889997856882
30
0
10
205.17411855924522
20
259.78271131890085
30
0
0
SPLINE
5
1064
100
AcDbEntity
8
0
100
AcDbSpline
70
0
71
2
72
6
73
3
74
0
42
0.000000001
43
0.0000000001
44
0.0000000001
40
0
40
0
40
0
40
1
40
1
40
1
10
205.17411855924522
20
259.78271131890085
30
0
10
206.04591039884482
20
259.42373876946237
30
0
10
208.91770986783897
20
259.42373876946237
30
0
0
SPLINE
5
1065
100
AcDbEntity
8
0
100
AcDbSpline
70
0
71
2
72
6
73
3
74
0
42
0.000000001
43
0.0000000001
44
0.0000000001
40
0
40
0
40
0
40
1
40
1
40
1
10
208.91770986783897
20
259.42373876946237
30
0
10
210.72723058927451
20
259.42373876946237
30
0
10
211.54774336088096
20
259.55926542656687
30
0
0
SPLINE
5
1066
100
AcDbEntity
8
0
100
AcDbSpline
70
0
71
2
72
6
73
3
74
0
42
0.000000001
43
0.0000000001
44
0.0000000001
40
0
40
0
40
0
40
1
40
1
40
1
10
211.54774336088096
20
259.55926542656687
30
0
10
212.3682561324874
20
259.69480162041452
30
0
10
212.82247213590537
20
260.075746826103
30
0
0
SPLINE
5
1067
100
AcDbEntity
8
0
100
AcDbSpline
70
0
71
2
72
6
73
3
74
0
42
0.000000001
43
0.0000000001
44
0.0000000001
40
0
40
0
40
0
40
1
40
1
40
1
10
212.82247213590537
20
260.075746826103
30
0
10
213.10085920560752
20
260.31017904656198
30
0
10
213.22173742521201
20
260.63985472100046
30
0
0
SPLINE
5
1068
100
AcDbEntity
8
0
100
AcDbSpline
70
0
71
2
72
6
73
3
74
0
42
0.000000001
43
0.0000000001
44
0.0000000001
40
0
40
0
40
0
40
1
40
1
40
1
10
213.22173742521201
20
260.63985472100046
30
0
10
213.3426156448165
20
260.96952085869577
30
0
10
213.39389471280967
20
261.61421423332956
30
0
0
LINE
5
1069
100
AcDbEntity
8
0
100
AcDbLine
10
213.3938947128097
20
261.61421423332956
30
0
11
210.69059995878135
21
261.61421423332956
31
0
0
SPLINE
5
1070
100
AcDbEntity
8
0
100
AcDbSpline
70
0
71
2
72
6
73
3
74
0
42
0.000000001
43
0.0000000001
44
0.0000000001
40
0
40
0
40
0
40
1
40
1
40
1
10
210.69059995878135
20
261.61421423332956
30
0
10
210.61733869779502
20
261.35047560112741
30
0
10
210.50744680631553
20
261.27721434014109
30
0
0
SPLINE
5
1071
100
AcDbEntity
8
0
100
AcDbSpline
70
0
71
2
72
6
73
3
74
0
42
0.000000001
43
0.0000000001
44
0.0000000001
40
0
40
0
40
0
40
1
40
1
40
1
10
210.50744680631553
20
261.27721434014109
30
0
10
210.17778066862022
20
261.07208853142527
30
0
10
208.83712438810264
20
261.07208853142527
30
0
0
SPLINE
5
1072
100
AcDbEntity
8
0
100
AcDbSpline
70
0
71
2
72
6
73
3
74
0
42
0.000000001
43
0.0000000001
44
0.0000000001
40
0
40
0
40
0
40
1
40
1
40
1
10
208.83712438810264
20
261.07208853142527
30
0
10
207.59170202482139
20
261.07208853142527
30
0
10
207.13016180265342
20
261.19662886040476
30
0
0
SPLINE
5
1073
100
AcDbEntity
8
0
100
AcDbSpline
70
0
71
2
72
6
73
3
74
0
42
0.000000001
43
0.0000000001
44
0.0000000001
40
0
40
0
40
0
40
1
40
1
40
1
10
207.13016180265342
20
261.19662886040476
30
0
10
206.66862158048545
20
261.32116918938425
30
0
10
206.66862158048545
20
261.65084486382273
30
0
0
SPLINE
5
1074
100
AcDbEntity
8
0
100
AcDbSpline
70
0
71
2
72
6
73
3
74
0
42
0.000000001
43
0.0000000001
44
0.0000000001
40
0
40
0
40
0
40
1
40
1
40
1
10
206.66862158048545
20
261.65084486382273
30
0
10
206.66862158048545
20
262.08307867424753
30
0
10
207.30599073636924
20
262.1270335234907
30
0
0
SPLINE
5
1075
100
AcDbEntity
8
0
100
AcDbSpline
70
0
71
2
72
6
73
3
74
0
42
0.000000001
43
0.0000000001
44
0.0000000001
40
0
40
0
40
0
40
1
40
1
40
1
10
207.30599073636924
20
262.1270335234907
30
0
10
207.80415205228721
20
262.16366415398386
30
0
10
210.92503217924033
20
262.18563681023386
30
0
0
SPLINE
5
1076
100
AcDbEntity
8
0
100
AcDbSpline
70
0
71
2
72
6
73
3
74
0
42
0.000000001
43
0.0000000001
44
0.0000000001
40
0
40
0
40
0
40
1
40
1
40
1
10
210.92503217924033
20
262.18563681023386
30
0
10
212.41953520048057
20
262.19296102898386
30
0
10
213.08620123136436
20
262.69113188164499
30
0
0
SPLINE
5
1077
100
AcDbEntity
8
0
100
AcDbSpline
70
0
71
2
72
6
73
3
74
0
42
0.000000001
43
0.0000000001
44
0.0000000001
40
0
40
0
40
0
40
1
40
1
40
1
10
213.08620123136436
20
262.69113188164499
30
0
10
213.76020101774131
20
263.18197851555612
30
0
10
213.76020101774131
20
264.39809446709421
30
0
0
SPLINE
5
1078
100
AcDbEntity
8
0
100
AcDbSpline
70
0
71
2
72
6
73
3
74
0
42
0.000000001
43
0.0000000001
44
0.0000000001
40
0
40
0
40
0
40
1
40
1
40
1
10
213.76020101774131
20
264.39809446709421
30
0
10
213.76020101774131
20
265.20395880120066
30
0
10
213.49646238553916
20
265.70578222649362
30
0
0
SPLINE
5
1079
100
AcDbEntity
8
0
100
AcDbSpline
70
0
71
2
72
6
73
3
74
0
42
0.000000001
43
0.0000000001
44
0.0000000001
40
0
40
0
40
0
40
1
40
1
40
1
10
213.49646238553916
20
265.70578222649362
30
0
10
213.23272375333701
20
266.20761518852976
30
0
10
212.66862539518272
20
266.45670538323191
30
0
0
SPLINE
5
1080
100
AcDbEntity
8
0
100
AcDbSpline
70
0
71
2
72
6
73
3
74
0
42
0.000000001
43
0.0000000001
44
0.0000000001
40
0
40
0
40
0
40
1
40
1
40
1
10
212.66862539518272
20
266.45670538323191
30
0
10
211.73089651334678
20
266.88893919365671
30
0
10
208.69792608487998
20
266.88893919365671
30
0
0
SPLINE
5
1081
100
AcDbEntity
8
0
100
AcDbSpline
70
0
71
2
72
6
73
3
74
0
42
0.000000001
43
0.0000000001
44
0.0000000001
40
0
40
0
40
0
40
1
40
1
40
1
10
208.69792608487998
20
266.88893919365671
30
0
10
206.75653127897178
20
266.88893919365671
30
0
10
205.91404585111533
20
266.73875456230905
30
0
0
SPLINE
5
1082
100
AcDbEntity
8
0
100
AcDbSpline
70
0
71
2
72
6
73
3
74
0
42
0.000000001
43
0.0000000001
44
0.0000000001
40
0
40
0
40
0
40
1
40
1
40
1
10
205.91404585111533
20
266.73875456230905
30
0
10
205.07155088651572
20
266.5885699309614
30
0
10
204.58803800809775
20
266.14901190178659
30
0
0
SPLINE
5
1083
100
AcDbEntity
8
0
100
AcDbSpline
70
0
71
2
72
6
73
3
74
0
42
0.000000001
43
0.0000000001
44
0.0000000001
40
0
40
0
40
0
40
1
40
1
40
1
10
204.58803800809775
20
266.14901190178659
30
0
10
203.98730901945029
20
265.6068861998823
30
0
10
203.96532682645713
20
264.44937353508737
30
0
0
LINE
5
1084
100
AcDbEntity
8
0
100
AcDbLine
10
79.621002394143687
20
283.89258985893991
30
0
11
82.324299197081672
21
283.89258985893991
31
0
0
SPLINE
5
1085
100
AcDbEntity
8
0
100
AcDbSpline
70
0
71
2
72
6
73
3
74
0
42
0.000000001
43
0.0000000001
44
0.0000000001
40
0
40
0
40
0
40
1
40
1
40
1
10
82.324299197081672
20
283.89258985893991
30
0
10
82.360929231528388
20
284.34680586235788
30
0
10
82.829793672446357
20
284.51530104058054
30
0
0
SPLINE
5
1086
100
AcDbEntity
8
0
100
AcDbSpline
70
0
71
2
72
6
73
3
74
0
42
0.000000001
43
0.0000000001
44
0.0000000001
40
0
40
0
40
0
40
1
40
1
40
1
10
82.829793672446357
20
284.51530104058054
30
0
10
83.298658113364326
20
284.6837962188032
30
0
10
84.544079582575904
20
284.6837962188032
30
0
0
SPLINE
5
1087
100
AcDbEntity
8
0
100
AcDbSpline
70
0
71
2
72
6
73
3
74
0
42
0.000000001
43
0.0000000001
44
0.0000000001
40
0
40
0
40
0
40
1
40
1
40
1
10
84.544079582575904
20
284.6837962188032
30
0
10
85.833456795100318
20
284.6837962188032
30
0
10
86.298657934550391
20
284.5446074523237
30
0
0
SPLINE
5
1088
100
AcDbEntity
8
0
100
AcDbSpline
70
0
71
2
72
6
73
3
74
0
42
0.000000001
43
0.0000000001
44
0.0000000001
40
0
40
0
40
0
40
1
40
1
40
1
10
86.298657934550391
20
284.5446074523237
30
0
10
86.763859670046912
20
284.40540914910105
30
0
10
86.763859670046912
20
284.02446394341257
30
0
0
SPLINE
5
1089
100
AcDbEntity
8
0
100
AcDbSpline
70
0
71
2
72
6
73
3
74
0
42
0.000000001
43
0.0000000001
44
0.0000000001
40
0
40
0
40
0
40
1
40
1
40
1
10
86.763859670046912
20
284.02446394341257
30
0
10
86.763859670046912
20
283.65815763848093
30
0
10
86.316973249796973
20
283.53361730950144
30
0
0
SPLINE
5
1090
100
AcDbEntity
8
0
100
AcDbSpline
70
0
71
2
72
6
73
3
74
0
42
0.000000001
43
0.0000000001
44
0.0000000001
40
0
40
0
40
0
40
1
40
1
40
1
10
86.316973249796973
20
283.53361730950144
30
0
10
86.111845056895362
20
283.47501402275827
30
0
10
84.053236822966682
20
283.45303182976511
30
0
0
SPLINE
5
1091
100
AcDbEntity
8
0
100
AcDbSpline
70
0
71
2
72
6
73
3
74
0
42
0.000000001
43
0.0000000001
44
0.0000000001
40
0
40
0
40
0
40
1
40
1
40
1
10
84.053236822966682
20
283.45303182976511
30
0
10
82.133823017958747
20
283.45303182976511
30
0
10
81.686936448697196
20
283.38709478752878
30
0
0
SPLINE
5
1092
100
AcDbEntity
8
0
100
AcDbSpline
70
0
71
2
72
6
73
3
74
0
42
0.000000001
43
0.0000000001
44
0.0000000001
40
0
40
0
40
0
40
1
40
1
40
1
10
81.686936448697196
20
283.38709478752878
30
0
10
80.441515277508842
20
283.21859960930612
30
0
10
80.00195478964244
20
282.57390623467234
30
0
0
SPLINE
5
1093
100
AcDbEntity
8
0
100
AcDbSpline
70
0
71
2
72
6
73
3
74
0
42
0.000000001
43
0.0000000001
44
0.0000000001
40
0
40
0
40
0
40
1
40
1
40
1
10
80.00195478964244
20
282.57390623467234
30
0
10
79.67228444236909
20
282.09039335625437
30
0
10
79.67228444236909
20
281.26988058464792
30
0
0
SPLINE
5
1094
100
AcDbEntity
8
0
100
AcDbSpline
70
0
71
2
72
6
73
3
74
0
42
0.000000001
43
0.0000000001
44
0.0000000001
40
0
40
0
40
0
40
1
40
1
40
1
10
79.67228444236909
20
281.26988058464792
30
0
10
79.67228444236909
20
279.70211630242136
30
0
10
80.829793642644034
20
279.22592764275339
30
0
0
SPLINE
5
1095
100
AcDbEntity
8
0
100
AcDbSpline
70
0
71
2
72
6
73
3
74
0
42
0.000000001
43
0.0000000001
44
0.0000000001
40
0
40
0
40
0
40
1
40
1
40
1
10
80.829793642644034
20
279.22592764275339
30
0
10
81.701588462475883
20
278.86695509331491
30
0
10
84.573383610133277
20
278.86695509331491
30
0
0
SPLINE
5
1096
100
AcDbEntity
8
0
100
AcDbSpline
70
0
71
2
72
6
73
3
74
0
42
0.000000001
43
0.0000000001
44
0.0000000001
40
0
40
0
40
0
40
1
40
1
40
1
10
84.573383610133277
20
278.86695509331491
30
0
10
86.382907311801063
20
278.86695509331491
30
0
10
87.203420083407508
20
279.00248175041941
30
0
0
SPLINE
5
1097
100
AcDbEntity
8
0
100
AcDbSpline
70
0
71
2
72
6
73
3
74
0
42
0.000000001
43
0.0000000001
44
0.0000000001
40
0
40
0
40
0
40
1
40
1
40
1
10
87.203420083407508
20
279.00248175041941
30
0
10
88.023932855013953
20
279.1380084075239
30
0
10
88.478145282153235
20
279.51896314995554
30
0
0
SPLINE
5
1098
100
AcDbEntity
8
0
100
AcDbSpline
70
0
71
2
72
6
73
3
74
0
42
0.000000001
43
0.0000000001
44
0.0000000001
40
0
40
0
40
0
40
1
40
1
40
1
10
88.478145282153235
20
279.51896314995554
30
0
10
88.756533543948279
20
279.75339537041452
30
0
10
88.877412955645667
20
280.083071044853
30
0
0
SPLINE
5
1099
100
AcDbEntity
8
0
100
AcDbSpline
70
0
71
2
72
6
73
3
74
0
42
0.000000001
43
0.0000000001
44
0.0000000001
40
0
40
0
40
0
40
1
40
1
40
1
10
88.877412955645667
20
280.083071044853
30
0
10
88.998291771296607
20
280.41273718254831
30
0
10
89.04957381952201
20
281.0574305571821
30
0
0
LINE
5
1100
100
AcDbEntity
8
0
100
AcDbLine
10
89.049573819521996
20
281.0574305571821
30
0
11
86.346277277354346
21
281.0574305571821
31
0
0
SPLINE
5
1101
100
AcDbEntity
8
0
100
AcDbSpline
70
0
71
2
72
6
73
3
74
0
42
0.000000001
43
0.0000000001
44
0.0000000001
40
0
40
0
40
0
40
1
40
1
40
1
10
86.346277277354346
20
281.0574305571821
30
0
10
86.273017208460914
20
280.79369192497995
30
0
10
86.163127105120765
20
280.72043066399362
30
0
0
SPLINE
5
1102
100
AcDbEntity
8
0
100
AcDbSpline
70
0
71
2
72
6
73
3
74
0
42
0.000000001
43
0.0000000001
44
0.0000000001
40
0
40
0
40
0
40
1
40
1
40
1
10
86.163127105120765
20
280.72043066399362
30
0
10
85.833456795100318
20
280.5153048552778
30
0
10
84.492797534350501
20
280.5153048552778
30
0
0
SPLINE
5
1103
100
AcDbEntity
8
0
100
AcDbSpline
70
0
71
2
72
6
73
3
74
0
42
0.000000001
43
0.0000000001
44
0.0000000001
40
0
40
0
40
0
40
1
40
1
40
1
10
84.492797534350501
20
280.5153048552778
30
0
10
83.247376065138923
20
280.5153048552778
30
0
10
82.785837631110297
20
280.6398451842573
30
0
0
SPLINE
5
1104
100
AcDbEntity
8
0
100
AcDbSpline
70
0
71
2
72
6
73
3
74
0
42
0.000000001
43
0.0000000001
44
0.0000000001
40
0
40
0
40
0
40
1
40
1
40
1
10
82.785837631110297
20
280.6398451842573
30
0
10
82.324299197081672
20
280.76438551323679
30
0
10
82.324299197081672
20
281.09406118767527
30
0
0
SPLINE
5
1105
100
AcDbEntity
8
0
100
AcDbSpline
70
0
71
2
72
6
73
3
74
0
42
0.000000001
43
0.0000000001
44
0.0000000001
40
0
40
0
40
0
40
1
40
1
40
1
10
82.324299197081672
20
281.09406118767527
30
0
10
82.324299197081672
20
281.52629499810007
30
0
10
82.961661796454536
20
281.57024984734323
30
0
0
SPLINE
5
1106
100
AcDbEntity
8
0
100
AcDbSpline
70
0
71
2
72
6
73
3
74
0
42
0.000000001
43
0.0000000001
44
0.0000000001
40
0
40
0
40
0
40
1
40
1
40
1
10
82.961661796454536
20
281.57024984734323
30
0
10
83.459830264929877
20
281.6068804778364
30
0
10
86.580709497813331
20
281.6288531340864
30
0
0
SPLINE
5
1107
100
AcDbEntity
8
0
100
AcDbSpline
70
0
71
2
72
6
73
3
74
0
42
0.000000001
43
0.0000000001
44
0.0000000001
40
0
40
0
40
0
40
1
40
1
40
1
10
86.580709497813331
20
281.6288531340864
30
0
10
88.075214903239356
20
281.6361773528364
30
0
10
88.741881530169593
20
282.13434820549753
30
0
0
SPLINE
5
1108
100
AcDbEntity
8
0
100
AcDbSpline
70
0
71
2
72
6
73
3
74
0
42
0.000000001
43
0.0000000001
44
0.0000000001
40
0
40
0
40
0
40
1
40
1
40
1
10
88.741881530169593
20
282.13434820549753
30
0
10
89.415874760035621
20
282.62519483940866
30
0
10
89.415874760035621
20
283.84131079094675
30
0
0
SPLINE
5
1109
100
AcDbEntity
8
0
100
AcDbSpline
70
0
71
2
72
6
73
3
74
0
42
0.000000001
43
0.0000000001
44
0.0000000001
40
0
40
0
40
0
40
1
40
1
40
1
10
89.415874760035621
20
283.84131079094675
30
0
10
89.415874760035621
20
284.6471751250532
30
0
10
89.152137915972816
20
285.14899855034616
30
0
0
SPLINE
5
1110
100
AcDbEntity
8
0
100
AcDbSpline
70
0
71
2
72
6
73
3
74
0
42
0.000000001
43
0.0000000001
44
0.0000000001
40
0
40
0
40
0
40
1
40
1
40
1
10
89.152137915972816
20
285.14899855034616
30
0
10
88.888401667956458
20
285.65084104912546
30
0
10
88.324299137477027
20
285.89992170708445
30
0
0
SPLINE
5
1111
100
AcDbEntity
8
0
100
AcDbSpline
70
0
71
2
72
6
73
3
74
0
42
0.000000001
43
0.0000000001
44
0.0000000001
40
0
40
0
40
0
40
1
40
1
40
1
10
88.324299137477027
20
285.89992170708445
30
0
10
87.386570255641089
20
286.33214598076609
30
0
10
84.353603403452979
20
286.33214598076609
30
0
0
SPLINE
5
1112
100
AcDbEntity
8
0
100
AcDbSpline
70
0
71
2
72
6
73
3
74
0
42
0.000000001
43
0.0000000001
44
0.0000000001
40
0
40
0
40
0
40
1
40
1
40
1
10
84.353603403452979
20
286.33214598076609
30
0
10
82.412211279753791
20
286.33214598076609
30
0
10
81.569720338467704
20
286.18196134941843
30
0
0
SPLINE
5
1113
100
AcDbEntity
8
0
100
AcDbSpline
70
0
71
2
72
6
73
3
74
0
42
0.000000001
43
0.0000000001
44
0.0000000001
40
0
40
0
40
0
40
1
40
1
40
1
10
81.569720338467704
20
286.18196134941843
30
0
10
80.727229546193229
20
286.0317957915571
30
0
10
80.243713016990768
20
285.59222822563913
30
0
0
SPLINE
5
1114
100
AcDbEntity
8
0
100
AcDbSpline
70
0
71
2
72
6
73
3
74
0
42
0.000000001
43
0.0000000001
44
0.0000000001
40
0
40
0
40
0
40
1
40
1
40
1
10
80.243713016990768
20
285.59222822563913
30
0
10
79.642980414811717
20
285.05010252373484
30
0
10
79.621002394143687
20
283.89258985893991
30
0
0
LINE
5
1115
100
AcDbEntity
8
0
100
AcDbLine
10
99.957999269847022
20
286.14900236504343
30
0
11
97.459831516627418
21
286.14900236504343
31
0
0
LINE
5
1116
100
AcDbEntity
8
0
100
AcDbLine
10
97.459831516627418
20
286.14900236504343
30
0
11
97.459831516627418
21
285.08672361748484
31
0
0
LINE
5
1117
100
AcDbEntity
8
0
100
AcDbLine
10
97.459831516627418
20
285.08672361748484
30
0
11
97.327963392619239
21
285.08672361748484
31
0
0
SPLINE
5
1118
100
AcDbEntity
8
0
100
AcDbSpline
70
0
71
2
72
6
73
3
74
0
42
0.000000001
43
0.0000000001
44
0.0000000001
40
0
40
0
40
0
40
1
40
1
40
1
10
97.327963392619239
20
285.08672361748484
30
0
10
97.012945692423926
20
285.76804762261179
30
0
10
96.324299852732764
20
286.0501063384321
30
0
0
SPLINE
5
1119
100
AcDbEntity
8
0
100
AcDbSpline
70
0
71
2
72
6
73
3
74
0
42
0.000000001
43
0.0000000001
44
0.0000000001
40
0
40
0
40
0
40
1
40
1
40
1
10
96.324299852732764
20
286.0501063384321
30
0
10
95.635656397227393
20
286.33214598076609
30
0
10
94.287669937495338
20
286.33214598076609
30
0
0
SPLINE
5
1120
100
AcDbEntity
8
0
100
AcDbSpline
70
0
71
2
72
6
73
3
74
0
42
0.000000001
43
0.0000000001
44
0.0000000001
40
0
40
0
40
0
40
1
40
1
40
1
10
94.287669937495338
20
286.33214598076609
30
0
10
93.05690078008567
20
286.33214598076609
30
0
10
92.331626694087134
20
286.12702970879343
30
0
0
SPLINE
5
1121
100
AcDbEntity
8
0
100
AcDbSpline
70
0
71
2
72
6
73
3
74
0
42
0.000000001
43
0.0000000001
44
0.0000000001
40
0
40
0
40
0
40
1
40
1
40
1
10
92.331626694087134
20
286.12702970879343
30
0
10
91.606351415995704
20
285.92189436333445
30
0
10
91.130161564234839
20
285.43838148491648
30
0
0
SPLINE
5
1122
100
AcDbEntity
8
0
100
AcDbSpline
70
0
71
2
72
6
73
3
74
0
42
0.000000001
43
0.0000000001
44
0.0000000001
40
0
40
0
40
0
40
1
40
1
40
1
10
91.130161564234839
20
285.43838148491648
30
0
10
90.646645109538184
20
284.94021063225534
30
0
10
90.496461670283423
20
284.34314375298288
30
0
0
SPLINE
5
1123
100
AcDbEntity
8
0
100
AcDbSpline
70
0
71
2
72
6
73
3
74
0
42
0.000000001
43
0.0000000001
44
0.0000000001
40
0
40
0
40
0
40
1
40
1
40
1
10
90.496461670283423
20
284.34314375298288
30
0
10
90.346278231028663
20
283.74606733696726
30
0
10
90.346278231028663
20
282.29551916497019
30
0
0
LINE
5
1124
100
AcDbEntity
8
0
100
AcDbLine
10
90.346278231028663
20
282.29551916497019
30
0
11
90.346278231028663
21
279.05009870903757
31
0
0
LINE
5
1125
100
AcDbEntity
8
0
100
AcDbLine
10
90.346278231028663
20
279.05009870903757
30
0
11
92.998292724970923
21
279.05009870903757
31
0
0
LINE
5
1126
100
AcDbEntity
8
0
100
AcDbLine
10
92.998292724970923
20
279.05009870903757
30
0
11
92.998292724970923
21
282.29551916497019
31
0
0
SPLINE
5
1127
100
AcDbEntity
8
0
100
AcDbSpline
70
0
71
2
72
6
73
3
74
0
42
0.000000001
43
0.0000000001
44
0.0000000001
40
0
40
0
40
0
40
1
40
1
40
1
10
92.998292724970923
20
282.29551916497019
30
0
10
92.998292724970923
20
283.07207708733347
30
0
10
93.071552793864356
20
283.40175276177195
30
0
0
SPLINE
5
1128
100
AcDbEntity
8
0
100
AcDbSpline
70
0
71
2
72
6
73
3
74
0
42
0.000000001
43
0.0000000001
44
0.0000000001
40
0
40
0
40
0
40
1
40
1
40
1
10
93.071552793864356
20
283.40175276177195
30
0
10
93.144812862757789
20
283.73141889946726
30
0
10
93.364593069438087
20
283.94387846367624
30
0
0
SPLINE
5
1129
100
AcDbEntity
8
0
100
AcDbSpline
70
0
71
2
72
6
73
3
74
0
42
0.000000001
43
0.0000000001
44
0.0000000001
40
0
40
0
40
0
40
1
40
1
40
1
10
93.364593069438087
20
283.94387846367624
30
0
10
93.591699879054175
20
284.16365270989206
30
0
10
93.958000223521339
20
284.24790029900339
30
0
0
SPLINE
5
1130
100
AcDbEntity
8
0
100
AcDbSpline
70
0
71
2
72
6
73
3
74
0
42
0.000000001
43
0.0000000001
44
0.0000000001
40
0
40
0
40
0
40
1
40
1
40
1
10
93.958000223521339
20
284.24790029900339
30
0
10
94.324300567988502
20
284.33214788811472
30
0
10
95.086205284480201
20
284.33214788811472
30
0
0
SPLINE
5
1131
100
AcDbEntity
8
0
100
AcDbSpline
70
0
71
2
72
6
73
3
74
0
42
0.000000001
43
0.0000000001
44
0.0000000001
40
0
40
0
40
0
40
1
40
1
40
1
10
95.086205284480201
20
284.33214788811472
30
0
10
96.375582497004615
20
284.33214788811472
30
0
10
96.837121527079688
20
283.93654470818308
30
0
0
SPLINE
5
1132
100
AcDbEntity
8
0
100
AcDbSpline
70
0
71
2
72
6
73
3
74
0
42
0.000000001
43
0.0000000001
44
0.0000000001
40
0
40
0
40
0
40
1
40
1
40
1
10
96.837121527079688
20
283.93654470818308
30
0
10
97.122835199717628
20
283.68746405022409
30
0
10
97.214409391764747
20
283.29552297966745
30
0
0
SPLINE
5
1133
100
AcDbEntity
8
0
100
AcDbSpline
70
0
71
2
72
6
73
3
74
0
42
0.000000001
43
0.0000000001
44
0.0000000001
40
0
40
0
40
0
40
1
40
1
40
1
10
97.214409391764747
20
283.29552297966745
30
0
10
97.305985967997657
20
282.90358190911081
30
0
10
97.305985967997657
20
281.90724020378855
30
0
0
LINE
5
1134
100
AcDbEntity
8
0
100
AcDbLine
10
97.305985967997657
20
281.90724020378855
30
0
11
97.305985967997657
21
279.05009870903757
31
0
0
LINE
5
1135
100
AcDbEntity
8
0
100
AcDbLine
10
97.305985967997657
20
279.05009870903757
30
0
11
99.957999269847022
21
279.05009870903757
31
0
0
LINE
5
1136
100
AcDbEntity
8
0
100
AcDbLine
10
99.957999269847022
20
279.05009870903757
30
0
11
99.957999269847022
21
286.14900236504343
31
0
0
LINE
5
1137
100
AcDbEntity
8
0
100
AcDbLine
10
101.15946439969932
20
279.05009870903757
30
0
11
103.65763334501182
21
279.05009870903757
31
0
0
LINE
5
1138
100
AcDbEntity
8
0
100
AcDbLine
10
103.65763334501182
20
279.05009870903757
30
0
11
103.65763334501182
21
280.11970167534616
31
0
0
LINE
5
1139
100
AcDbEntity
8
0
100
AcDbLine
10
103.65763334501182
20
280.11970167534616
30
0
11
103.7895002769271
21
280.11970167534616
31
0
0
SPLINE
5
1140
100
AcDbEntity
8
0
100
AcDbSpline
70
0
71
2
72
6
73
3
74
0
42
0.000000001
43
0.0000000001
44
0.0000000001
40
0
40
0
40
0
40
1
40
1
40
1
10
103.7895002769271
20
280.11970167534616
30
0
10
104.16312841642295
20
279.43837767021921
30
0
10
104.78950170743857
20
279.15266638176706
30
0
0
SPLINE
5
1141
100
AcDbEntity
8
0
100
AcDbSpline
70
0
71
2
72
6
73
3
74
0
42
0.000000001
43
0.0000000001
44
0.0000000001
40
0
40
0
40
0
40
1
40
1
40
1
10
104.78950170743857
20
279.15266638176706
30
0
10
105.4158749984542
20
278.86695509331491
30
0
10
106.53675464857017
20
278.86695509331491
30
0
0
SPLINE
5
1142
100
AcDbEntity
8
0
100
AcDbSpline
70
0
71
2
72
6
73
3
74
0
42
0.000000001
43
0.0000000001
44
0.0000000001
40
0
40
0
40
0
40
1
40
1
40
1
10
106.53675464857017
20
278.86695509331491
30
0
10
108.14114956128989
20
278.86695509331491
30
0
10
108.77118734586631
20
279.49699049370554
30
0
0
SPLINE
5
1143
100
AcDbEntity
8
0
100
AcDbSpline
70
0
71
2
72
6
73
3
74
0
42
0.000000001
43
0.0000000001
44
0.0000000001
40
0
40
0
40
0
40
1
40
1
40
1
10
108.77118734586631
20
279.49699049370554
30
0
10
109.40122274625693
20
280.12702589409616
30
0
10
109.40122274625693
20
281.73142080681589
30
0
0
SPLINE
5
1144
100
AcDbEntity
8
0
100
AcDbSpline
70
0
71
2
72
6
73
3
74
0
42
0.000000001
43
0.0000000001
44
0.0000000001
40
0
40
0
40
0
40
1
40
1
40
1
10
109.40122274625693
20
281.73142080681589
30
0
10
109.40122274625693
20
281.82665472405222
30
0
10
109.38656954038535
20
282.20760946648386
30
0
0
LINE
5
1145
100
AcDbEntity
8
0
100
AcDbLine
10
109.38656954038535
20
282.20760946648386
30
0
11
106.88840297925864
21
282.20760946648386
31
0
0
SPLINE
5
1146
100
AcDbEntity
8
0
100
AcDbSpline
70
0
71
2
72
6
73
3
74
0
42
0.000000001
43
0.0000000001
44
0.0000000001
40
0
40
0
40
0
40
1
40
1
40
1
10
106.88840297925864
20
282.20760946648386
30
0
10
106.88840297925864
20
281.58489828484323
30
0
10
106.75653366315757
20
281.33581762688425
30
0
0
SPLINE
5
1147
100
AcDbEntity
8
0
100
AcDbSpline
70
0
71
2
72
6
73
3
74
0
42
0.000000001
43
0.0000000001
44
0.0000000001
40
0
40
0
40
0
40
1
40
1
40
1
10
106.75653366315757
20
281.33581762688425
30
0
10
106.500124018077
20
280.86695318596628
30
0
10
105.48913387525474
20
280.86695318596628
30
0
0
SPLINE
5
1148
100
AcDbEntity
8
0
100
AcDbSpline
70
0
71
2
72
6
73
3
74
0
42
0.000000001
43
0.0000000001
44
0.0000000001
40
0
40
0
40
0
40
1
40
1
40
1
10
105.48913387525474
20
280.86695318596628
30
0
10
104.5440807746688
20
280.86695318596628
30
0
10
104.14847521055137
20
281.37977247612741
30
0
0
SPLINE
5
1149
100
AcDbEntity
8
0
100
AcDbSpline
70
0
71
2
72
6
73
3
74
0
42
0.000000001
43
0.0000000001
44
0.0000000001
40
0
40
0
40
0
40
1
40
1
40
1
10
104.14847521055137
20
281.37977247612741
30
0
10
103.95067362058555
20
281.6361773528364
30
0
10
103.88107685316001
20
282.01346998589304
30
0
0
SPLINE
5
1150
100
AcDbEntity
8
0
100
AcDbSpline
70
0
71
2
72
6
73
3
74
0
42
0.000000001
43
0.0000000001
44
0.0000000001
40
0
40
0
40
0
40
1
40
1
40
1
10
103.88107685316001
20
282.01346998589304
30
0
10
103.81148008573447
20
282.39076261894968
30
0
10
103.81148008573447
20
283.20395117180612
30
0
0
LINE
5
1151
100
AcDbEntity
8
0
100
AcDbLine
10
103.81148008573447
20
283.20395117180612
30
0
11
103.81148008573447
21
286.14900236504343
31
0
0
LINE
5
1152
100
AcDbEntity
8
0
100
AcDbLine
10
103.81148008573447
20
286.14900236504343
30
0
11
101.15946439969932
21
286.14900236504343
31
0
0
LINE
5
1153
100
AcDbEntity
8
0
100
AcDbLine
10
101.15946439969932
20
286.14900236504343
30
0
11
101.15946439969932
21
279.05009870903757
31
0
0
LWPOLYLINE
5
1154
100
AcDbEntity
8
0
100
AcDbPolyline
90
4
70
1
43
0.0
10
113.84811071622764
20
276.14900236504343
10
116.50012640226279
20
276.14900236504343
10
116.50012640226279
20
286.14900236504343
10
113.84811071622764
20
286.14900236504343
0
LINE
5
1155
100
AcDbEntity
8
0
100
AcDbLine
10
120.4048886703292
20
281.27720480339792
30
0
11
117.76019720304404
21
281.27720480339792
31
0
0
SPLINE
5
1156
100
AcDbEntity
8
0
100
AcDbSpline
70
0
71
2
72
6
73
3
74
0
42
0.000000001
43
0.0000000001
44
0.0000000001
40
0
40
0
40
0
40
1
40
1
40
1
10
117.76019720304404
20
281.27720480339792
30
0
10
117.81148103940879
20
280.44936781304148
30
0
10
118.11184553373252
20
280.02445822136667
30
0
0
SPLINE
5
1157
100
AcDbEntity
8
0
100
AcDbSpline
70
0
71
2
72
6
73
3
74
0
42
0.000000001
43
0.0000000001
44
0.0000000001
40
0
40
0
40
0
40
1
40
1
40
1
10
118.11184553373252
20
280.02445822136667
30
0
10
118.58803657758628
20
279.34314375298288
30
0
10
119.58803800809775
20
279.1013873137739
30
0
0
SPLINE
5
1158
100
AcDbEntity
8
0
100
AcDbSpline
70
0
71
2
72
6
73
3
74
0
42
0.000000001
43
0.0000000001
44
0.0000000001
40
0
40
0
40
0
40
1
40
1
40
1
10
119.58803800809775
20
279.1013873137739
30
0
10
120.58803705442344
20
278.85962133782175
30
0
10
122.96898988950645
20
278.85962133782175
30
0
0
SPLINE
5
1159
100
AcDbEntity
8
0
100
AcDbSpline
70
0
71
2
72
6
73
3
74
0
42
0.000000001
43
0.0000000001
44
0.0000000001
40
0
40
0
40
0
40
1
40
1
40
1
10
122.96898988950645
20
278.85962133782175
30
0
10
124.71990255582725
20
278.85962133782175
30
0
10
125.35726694333945
20
278.99149542229441
30
0
0
SPLINE
5
1160
100
AcDbEntity
8
0
100
AcDbSpline
70
0
71
2
72
6
73
3
74
0
42
0.000000001
43
0.0000000001
44
0.0000000001
40
0
40
0
40
0
40
1
40
1
40
1
10
125.35726694333945
20
278.99149542229441
30
0
10
125.99463133085166
20
279.1233599700239
30
0
10
126.44151834714805
20
279.57025175469187
30
0
0
SPLINE
5
1161
100
AcDbEntity
8
0
100
AcDbSpline
70
0
71
2
72
6
73
3
74
0
42
0.000000001
43
0.0000000001
44
0.0000000001
40
0
40
0
40
0
40
1
40
1
40
1
10
126.44151834714805
20
279.57025175469187
30
0
10
126.79316667783652
20
279.92190008538034
30
0
10
126.92136911619102
20
280.41639929192331
30
0
0
SPLINE
5
1162
100
AcDbEntity
8
0
100
AcDbSpline
70
0
71
2
72
6
73
3
74
0
42
0.000000001
43
0.0000000001
44
0.0000000001
40
0
40
0
40
0
40
1
40
1
40
1
10
126.92136911619102
20
280.41639929192331
30
0
10
127.04957632291709
20
280.91090803520945
30
0
10
127.04957632291709
20
281.87794332878855
30
0
0
LINE
5
1163
100
AcDbEntity
8
0
100
AcDbLine
10
127.04957632291709
20
281.87794332878849
30
0
11
127.04957632291709
21
286.14900236504343
31
0
0
LINE
5
1164
100
AcDbEntity
8
0
100
AcDbLine
10
127.04957632291709
20
286.14900236504343
30
0
11
124.50012354123984
21
286.14900236504343
31
0
0
LINE
5
1165
100
AcDbEntity
8
0
100
AcDbLine
10
124.50012354123984
20
286.14900236504343
30
0
11
124.50012354123984
21
285.18197660820749
31
0
0
LINE
5
1166
100
AcDbEntity
8
0
100
AcDbLine
10
124.50012354123984
20
285.18197660820749
30
0
11
124.37558321226035
21
285.18197660820749
31
0
0
SPLINE
5
1167
100
AcDbEntity
8
0
100
AcDbSpline
70
0
71
2
72
6
73
3
74
0
42
0.000000001
43
0.0000000001
44
0.0000000001
40
0
40
0
40
0
40
1
40
1
40
1
10
124.37558321226035
20
285.18197660820749
30
0
10
124.08254293668662
20
285.79734449761179
30
0
10
123.44517854917441
20
286.0757411040571
30
0
0
SPLINE
5
1168
100
AcDbEntity
8
0
100
AcDbSpline
70
0
71
2
72
6
73
3
74
0
42
0.000000001
43
0.0000000001
44
0.0000000001
40
0
40
0
40
0
40
1
40
1
40
1
10
123.44517854917441
20
286.0757411040571
30
0
10
123.10818342435752
20
286.22226362602976
30
0
10
122.50012544858848
20
286.27721434014109
30
0
0
SPLINE
5
1169
100
AcDbEntity
8
0
100
AcDbSpline
70
0
71
2
72
6
73
3
74
0
42
0.000000001
43
0.0000000001
44
0.0000000001
40
0
40
0
40
0
40
1
40
1
40
1
10
122.50012544858848
20
286.27721434014109
30
0
10
121.89206747281943
20
286.33214598076609
30
0
10
120.56605962980186
20
286.33214598076609
30
0
0
SPLINE
5
1170
100
AcDbEntity
8
0
100
AcDbSpline
70
0
71
2
72
6
73
3
74
0
42
0.000000001
43
0.0000000001
44
0.0000000001
40
0
40
0
40
0
40
1
40
1
40
1
10
120.56605962980186
20
286.33214598076609
30
0
10
119.49646143186484
20
286.33214598076609
30
0
10
118.91770748365317
20
286.19662886040476
30
0
0
SPLINE
5
1171
100
AcDbEntity
8
0
100
AcDbSpline
70
0
71
2
72
6
73
3
74
0
42
0.000000001
43
0.0000000001
44
0.0000000001
40
0
40
0
40
0
40
1
40
1
40
1
10
118.91770748365317
20
286.19662886040476
30
0
10
118.3389535354415
20
286.0610926665571
30
0
10
117.98730520475303
20
285.73142652886179
30
0
0
SPLINE
5
1172
100
AcDbEntity
8
0
100
AcDbSpline
70
0
71
2
72
6
73
3
74
0
42
0.000000001
43
0.0000000001
44
0.0000000001
40
0
40
0
40
0
40
1
40
1
40
1
10
117.98730520475303
20
285.73142652886179
30
0
10
117.4744835304061
20
285.24057035820749
30
0
10
117.4744835304061
20
284.1270220793989
30
0
0
SPLINE
5
1173
100
AcDbEntity
8
0
100
AcDbSpline
70
0
71
2
72
6
73
3
74
0
42
0.000000001
43
0.0000000001
44
0.0000000001
40
0
40
0
40
0
40
1
40
1
40
1
10
117.4744835304061
20
284.1270220793989
30
0
10
117.4744835304061
20
282.88893347161081
30
0
10
118.08254150617515
20
282.33947401421335
30
0
0
SPLINE
5
1174
100
AcDbEntity
8
0
100
AcDbSpline
70
0
71
2
72
6
73
3
74
0
42
0.000000001
43
0.0000000001
44
0.0000000001
40
0
40
0
40
0
40
1
40
1
40
1
10
118.08254150617515
20
282.33947401421335
30
0
10
118.5660591529647
20
281.90724020378855
30
0
10
119.35726789701377
20
281.77537565605905
30
0
0
SPLINE
5
1175
100
AcDbEntity
8
0
100
AcDbSpline
70
0
71
2
72
6
73
3
74
0
42
0.000000001
43
0.0000000001
44
0.0000000001
40
0
40
0
40
0
40
1
40
1
40
1
10
119.35726789701377
20
281.77537565605905
30
0
10
120.14847425687705
20
281.64351110832956
30
0
10
122.27301744687949
20
281.64351110832956
30
0
0
SPLINE
5
1176
100
AcDbEntity
8
0
100
AcDbSpline
70
0
71
2
72
6
73
3
74
0
42
0.000000001
43
0.0000000001
44
0.0000000001
40
0
40
0
40
0
40
1
40
1
40
1
10
122.27301744687949
20
281.64351110832956
30
0
10
123.18876890409385
20
281.64351110832956
30
0
10
123.58070997465049
20
281.74973135369089
30
0
0
SPLINE
5
1177
100
AcDbEntity
8
0
100
AcDbSpline
70
0
71
2
72
6
73
3
74
0
42
0.000000001
43
0.0000000001
44
0.0000000001
40
0
40
0
40
0
40
1
40
1
40
1
10
123.58070997465049
20
281.74973135369089
30
0
10
123.97265104520713
20
281.85596113579538
30
0
10
124.28034452665244
20
282.20028524773386
30
0
0
LINE
5
1178
100
AcDbEntity
8
0
100
AcDbLine
10
124.28034452665244
20
282.20028524773386
30
0
11
124.39756063688193
21
282.20028524773386
31
0
0
LINE
5
1179
100
AcDbEntity
8
0
100
AcDbLine
10
124.39756063688193
20
282.20028524773386
30
0
11
124.39756063688193
21
281.82665472405222
31
0
0
SPLINE
5
1180
100
AcDbEntity
8
0
100
AcDbSpline
70
0
71
2
72
6
73
3
74
0
42
0.000000001
43
0.0000000001
44
0.0000000001
40
0
40
0
40
0
40
1
40
1
40
1
10
124.39756063688193
20
281.82665472405222
30
0
10
124.39756063688193
20
280.99149351494577
30
0
10
124.08986715543662
20
280.77903395073679
30
0
0
SPLINE
5
1181
100
AcDbEntity
8
0
100
AcDbSpline
70
0
71
2
72
6
73
3
74
0
42
0.000000001
43
0.0000000001
44
0.0000000001
40
0
40
0
40
0
40
1
40
1
40
1
10
124.08986715543662
20
280.77903395073679
30
0
10
123.78217367399131
20
280.56658392327097
30
0
10
122.57338670957481
20
280.56658392327097
30
0
0
SPLINE
5
1182
100
AcDbEntity
8
0
100
AcDbSpline
70
0
71
2
72
6
73
3
74
0
42
0.000000001
43
0.0000000001
44
0.0000000001
40
0
40
0
40
0
40
1
40
1
40
1
10
122.57338670957481
20
280.56658392327097
30
0
10
121.14481119382773
20
280.56658392327097
30
0
10
120.80781606901084
20
280.67647581475046
30
0
0
SPLINE
5
1183
100
AcDbEntity
8
0
100
AcDbSpline
70
0
71
2
72
6
73
3
74
0
42
0.000000001
43
0.0000000001
44
0.0000000001
40
0
40
0
40
0
40
1
40
1
40
1
10
120.80781606901084
20
280.67647581475046
30
0
10
120.47082094419395
20
280.78636770622995
30
0
10
120.4048886703292
20
281.27720480339792
30
0
0
SPLINE
5
1184
100
AcDbEntity
8
0
100
AcDbSpline
70
0
71
2
72
6
73
3
74
0
42
0.000000001
43
0.0000000001
44
0.0000000001
40
0
40
0
40
0
40
1
40
1
40
1
10
122.17777876127158
20
283.1526625670698
30
0
10
120.837122480754
20
283.1526625670698
30
0
10
120.51477579343711
20
283.31383352654245
30
0
0
SPLINE
5
1185
100
AcDbEntity
8
0
100
AcDbSpline
70
0
71
2
72
6
73
3
74
0
42
0.000000001
43
0.0000000001
44
0.0000000001
40
0
40
0
40
0
40
1
40
1
40
1
10
120.51477579343711
20
283.31383352654245
30
0
10
120.12649683225547
20
283.50431089775827
30
0
10
120.12649683225547
20
283.89258985893991
30
0
0
SPLINE
5
1186
100
AcDbEntity
8
0
100
AcDbSpline
70
0
71
2
72
6
73
3
74
0
42
0.000000001
43
0.0000000001
44
0.0000000001
40
0
40
0
40
0
40
1
40
1
40
1
10
120.12649683225547
20
283.89258985893991
30
0
10
120.12649683225547
20
284.32482366936472
30
0
10
120.50745157468711
20
284.47867041008737
30
0
0
SPLINE
5
1187
100
AcDbEntity
8
0
100
AcDbSpline
70
0
71
2
72
6
73
3
74
0
42
0.000000001
43
0.0000000001
44
0.0000000001
40
0
40
0
40
0
40
1
40
1
40
1
10
120.50745157468711
20
284.47867041008737
30
0
10
120.88840154874717
20
284.63251715081003
30
0
10
121.95799974668418
20
284.63251715081003
30
0
0
SPLINE
5
1188
100
AcDbEntity
8
0
100
AcDbSpline
70
0
71
2
72
6
73
3
74
0
42
0.000000001
43
0.0000000001
44
0.0000000001
40
0
40
0
40
0
40
1
40
1
40
1
10
121.95799974668418
20
284.63251715081003
30
0
10
123.3499398635665
20
284.63251715081003
30
0
10
123.84811071622764
20
284.46402197258737
30
0
0
SPLINE
5
1189
100
AcDbEntity
8
0
100
AcDbSpline
70
0
71
2
72
6
73
3
74
0
42
0.000000001
43
0.0000000001
44
0.0000000001
40
0
40
0
40
0
40
1
40
1
40
1
10
123.84811071622764
20
284.46402197258737
30
0
10
124.34627680051719
20
284.29552679436472
30
0
10
124.34627680051719
20
283.82666235344675
30
0
0
SPLINE
5
1190
100
AcDbEntity
8
0
100
AcDbSpline
70
0
71
2
72
6
73
3
74
0
42
0.000000001
43
0.0000000001
44
0.0000000001
40
0
40
0
40
0
40
1
40
1
40
1
10
124.34627680051719
20
283.82666235344675
30
0
10
124.34627680051719
20
283.40175276177195
30
0
10
123.91404299009238
20
283.24058180229929
30
0
0
SPLINE
5
1191
100
AcDbEntity
8
0
100
AcDbSpline
70
0
71
2
72
6
73
3
74
0
42
0.000000001
43
0.0000000001
44
0.0000000001
40
0
40
0
40
0
40
1
40
1
40
1
10
123.91404299009238
20
283.24058180229929
30
0
10
123.71624140012656
20
283.16732054131296
30
0
10
122.17777876127158
20
283.1526625670698
30
0
0
LINE
5
1192
100
AcDbEntity
8
0
100
AcDbLine
10
131.95067552793418
20
289.1013873137739
30
0
11
131.95067552793418
21
279.05009870903757
31
0
0
LINE
5
1193
100
AcDbEntity
8
0
100
AcDbLine
10
131.95067552793418
20
279.05009870903757
30
0
11
134.44884447324668
21
279.05009870903757
31
0
0
LINE
5
1194
100
AcDbEntity
8
0
100
AcDbLine
10
134.44884447324668
20
279.05009870903757
30
0
11
134.44884447324668
21
280.00980978386667
31
0
0
LINE
5
1195
100
AcDbEntity
8
0
100
AcDbLine
10
134.44884447324668
20
280.00980978386667
30
0
11
134.59536222684775
21
280.00980978386667
31
0
0
SPLINE
5
1196
100
AcDbEntity
8
0
100
AcDbSpline
70
0
71
2
72
6
73
3
74
0
42
0.000000001
43
0.0000000001
44
0.0000000001
40
0
40
0
40
0
40
1
40
1
40
1
10
134.59536222684775
20
280.00980978386667
30
0
10
134.93236212003623
20
279.35046797173288
30
0
10
135.6246676849166
20
279.1087115325239
30
0
0
SPLINE
5
1197
100
AcDbEntity
8
0
100
AcDbSpline
70
0
71
2
72
6
73
3
74
0
42
0.000000001
43
0.0000000001
44
0.0000000001
40
0
40
0
40
0
40
1
40
1
40
1
10
135.6246676849166
20
279.1087115325239
30
0
10
136.31697801816856
20
278.86695509331491
30
0
10
137.84811166990195
20
278.86695509331491
30
0
0
SPLINE
5
1198
100
AcDbEntity
8
0
100
AcDbSpline
70
0
71
2
72
6
73
3
74
0
42
0.000000001
43
0.0000000001
44
0.0000000001
40
0
40
0
40
0
40
1
40
1
40
1
10
137.84811166990195
20
278.86695509331491
30
0
10
139.2180743621627
20
278.86695509331491
30
0
10
139.99463228452598
20
279.04643659966257
30
0
0
SPLINE
5
1199
100
AcDbEntity
8
0
100
AcDbSpline
70
0
71
2
72
6
73
3
74
0
42
0.000000001
43
0.0000000001
44
0.0000000001
40
0
40
0
40
0
40
1
40
1
40
1
10
139.99463228452598
20
279.04643659966257
30
0
10
140.77119020688926
20
279.22592764275339
30
0
10
141.22540144193565
20
279.6435130156782
30
0
0
SPLINE
5
1200
100
AcDbEntity
8
0
100
AcDbSpline
70
0
71
2
72
6
73
3
74
0
42
0.000000001
43
0.0000000001
44
0.0000000001
40
0
40
0
40
0
40
1
40
1
40
1
10
141.22540144193565
20
279.6435130156782
30
0
10
141.65031103361045
20
280.03178244011667
30
0
10
141.80415777433311
20
280.6581557311323
30
0
0
SPLINE
5
1201
100
AcDbEntity
8
0
100
AcDbSpline
70
0
71
2
72
6
73
3
74
0
42
0.000000001
43
0.0000000001
44
0.0000000001
40
0
40
0
40
0
40
1
40
1
40
1
10
141.80415777433311
20
280.6581557311323
30
0
10
141.95800451505576
20
281.28452902214792
30
0
10
141.95800451505576
20
282.63251905815866
30
0
0
SPLINE
5
1202
100
AcDbEntity
8
0
100
AcDbSpline
70
0
71
2
72
6
73
3
74
0
42
0.000000001
43
0.0000000001
44
0.0000000001
40
0
40
0
40
0
40
1
40
1
40
1
10
141.95800451505576
20
282.63251905815866
30
0
10
141.95800451505576
20
283.53361730950144
30
0
10
141.88840536344443
20
284.03911238091257
30
0
0
SPLINE
5
1203
100
AcDbEntity
8
0
100
AcDbSpline
70
0
71
2
72
6
73
3
74
0
42
0.000000001
43
0.0000000001
44
0.0000000001
40
0
40
0
40
0
40
1
40
1
40
1
10
141.88840536344443
20
284.03911238091257
30
0
10
141.81880621183311
20
284.5446074523237
30
0
10
141.64298204648887
20
284.96219282524851
30
0
0
SPLINE
5
1204
100
AcDbEntity
8
0
100
AcDbSpline
70
0
71
2
72
6
73
3
74
0
42
0.000000001
43
0.0000000001
44
0.0000000001
40
0
40
0
40
0
40
1
40
1
40
1
10
141.64298204648887
20
284.96219282524851
30
0
10
141.31331114042197
20
285.73875074761179
30
0
10
140.46349672544395
20
286.0354579009321
30
0
0
SPLINE
5
1205
100
AcDbEntity
8
0
100
AcDbSpline
70
0
71
2
72
6
73
3
74
0
42
0.000000001
43
0.0000000001
44
0.0000000001
40
0
40
0
40
0
40
1
40
1
40
1
10
140.46349672544395
20
286.0354579009321
30
0
10
139.61367754209434
20
286.33214598076609
30
0
10
137.73089555967246
20
286.33214598076609
30
0
0
SPLINE
5
1206
100
AcDbEntity
8
0
100
AcDbSpline
70
0
71
2
72
6
73
3
74
0
42
0.000000001
43
0.0000000001
44
0.0000000001
40
0
40
0
40
0
40
1
40
1
40
1
10
137.73089555967246
20
286.33214598076609
30
0
10
136.3755860732833
20
286.33214598076609
30
0
10
135.74554590452109
20
286.1013758696821
30
0
0
SPLINE
5
1207
100
AcDbEntity
8
0
100
AcDbSpline
70
0
71
2
72
6
73
3
74
0
42
0.000000001
43
0.0000000001
44
0.0000000001
40
0
40
0
40
0
40
1
40
1
40
1
10
135.74554590452109
20
286.1013758696821
30
0
10
135.11551050413047
20
285.87060575859812
30
0
10
134.72723154294883
20
285.23324613945749
30
0
0
LINE
5
1208
100
AcDbEntity
8
0
100
AcDbLine
10
134.72723154294883
20
285.23324613945749
30
0
11
134.60269121396934
21
285.23324613945749
31
0
0
LINE
5
1209
100
AcDbEntity
8
0
100
AcDbLine
10
134.60269121396934
20
285.23324613945749
30
0
11
134.60269121396934
21
289.1013873137739
31
0
0
LINE
5
1210
100
AcDbEntity
8
0
100
AcDbLine
10
134.60269121396934
20
289.1013873137739
30
0
11
131.95067552793418
21
289.1013873137739
31
0
0
SPLINE
5
1211
100
AcDbEntity
8
0
100
AcDbSpline
70
0
71
2
72
6
73
3
74
0
42
0.000000001
43
0.0000000001
44
0.0000000001
40
0
40
0
40
0
40
1
40
1
40
1
10
137.04957632291709
20
280.86695318596628
30
0
10
135.37924913633262
20
280.86695318596628
30
0
10
134.99097017515098
20
281.20394354241159
30
0
0
SPLINE
5
1212
100
AcDbEntity
8
0
100
AcDbSpline
70
0
71
2
72
6
73
3
74
0
42
0.000000001
43
0.0000000001
44
0.0000000001
40
0
40
0
40
0
40
1
40
1
40
1
10
134.99097017515098
20
281.20394354241159
30
0
10
134.60269121396934
20
281.54094343560007
30
0
10
134.60269121396934
20
282.67647390740183
30
0
0
SPLINE
5
1213
100
AcDbEntity
8
0
100
AcDbSpline
70
0
71
2
72
6
73
3
74
0
42
0.000000001
43
0.0000000001
44
0.0000000001
40
0
40
0
40
0
40
1
40
1
40
1
10
134.60269121396934
20
282.67647390740183
30
0
10
134.60269121396934
20
283.28453665154245
30
0
10
134.71257833707725
20
283.59589224236277
30
0
0
SPLINE
5
1214
100
AcDbEntity
8
0
100
AcDbSpline
70
0
71
2
72
6
73
3
74
0
42
0.000000001
43
0.0000000001
44
0.0000000001
40
0
40
0
40
0
40
1
40
1
40
1
10
134.71257833707725
20
283.59589224236277
30
0
10
134.82247022855674
20
283.90724783318308
30
0
10
135.09353307950889
20
284.06109457390573
30
0
0
SPLINE
5
1215
100
AcDbEntity
8
0
100
AcDbSpline
70
0
71
2
72
6
73
3
74
0
42
0.000000001
43
0.0000000001
44
0.0000000001
40
0
40
0
40
0
40
1
40
1
40
1
10
135.09353307950889
20
284.06109457390573
30
0
10
135.55507330167686
20
284.33215742485788
30
0
10
136.96899084318076
20
284.33215742485788
30
0
0
SPLINE
5
1216
100
AcDbEntity
8
0
100
AcDbSpline
70
0
71
2
72
6
73
3
74
0
42
0.000000001
43
0.0000000001
44
0.0000000001
40
0
40
0
40
0
40
1
40
1
40
1
10
136.96899084318076
20
284.33215742485788
30
0
10
138.43419222104941
20
284.33215742485788
30
0
10
138.8737550185958
20
284.03911238091257
30
0
0
SPLINE
5
1217
100
AcDbEntity
8
0
100
AcDbSpline
70
0
71
2
72
6
73
3
74
0
42
0.000000001
43
0.0000000001
44
0.0000000001
40
0
40
0
40
0
40
1
40
1
40
1
10
138.8737550185958
20
284.03911238091257
30
0
10
139.12283567655479
20
283.87061720268991
30
0
10
139.2144122527877
20
283.53727941887644
30
0
0
SPLINE
5
1218
100
AcDbEntity
8
0
100
AcDbSpline
70
0
71
2
72
6
73
3
74
0
42
0.000000001
43
0.0000000001
44
0.0000000001
40
0
40
0
40
0
40
1
40
1
40
1
10
139.2144122527877
20
283.53727941887644
30
0
10
139.30598882902061
20
283.20395117180612
30
0
10
139.30598882902061
20
282.49332075493601
30
0
0
SPLINE
5
1219
100
AcDbEntity
8
0
100
AcDbSpline
70
0
71
2
72
6
73
3
74
0
42
0.000000001
43
0.0000000001
44
0.0000000001
40
0
40
0
40
0
40
1
40
1
40
1
10
139.30598882902061
20
282.49332075493601
30
0
10
139.30598882902061
20
281.84131269829538
30
0
10
139.19609693754111
20
281.55559187310007
30
0
0
SPLINE
5
1220
100
AcDbEntity
8
0
100
AcDbSpline
70
0
71
2
72
6
73
3
74
0
42
0.000000001
43
0.0000000001
44
0.0000000001
40
0
40
0
40
0
40
1
40
1
40
1
10
139.19609693754111
20
281.55559187310007
30
0
10
139.08620504606162
20
281.26988058464792
30
0
10
138.77851633298789
20
281.10870962517527
30
0
0
SPLINE
5
1221
100
AcDbEntity
8
0
100
AcDbSpline
70
0
71
2
72
6
73
3
74
0
42
0.000000001
43
0.0000000001
44
0.0000000001
40
0
40
0
40
0
40
1
40
1
40
1
10
138.77851633298789
20
281.10870962517527
30
0
10
138.32430032956992
20
280.87427740471628
30
0
10
137.04957632291709
20
280.86695318596628
30
0
0
LINE
5
1222
100
AcDbEntity
8
0
100
AcDbLine
10
142.96166567075645
20
276.14900236504343
30
0
11
145.6136813567916
21
276.14900236504343
31
0
0
LINE
5
1223
100
AcDbEntity
8
0
100
AcDbLine
10
145.6136813567916
20
276.14900236504343
30
0
11
145.6136813567916
21
280.13435011284616
31
0
0
LINE
5
1224
100
AcDbEntity
8
0
100
AcDbLine
10
145.6136813567916
20
280.13435011284616
30
0
11
145.73089746702109
21
280.13435011284616
31
0
0
SPLINE
5
1225
100
AcDbEntity
8
0
100
AcDbSpline
70
0
71
2
72
6
73
3
74
0
42
0.000000001
43
0.0000000001
44
0.0000000001
40
0
40
0
40
0
40
1
40
1
40
1
10
145.73089746702109
20
280.13435011284616
30
0
10
146.06056837308799
20
279.46035986321237
30
0
10
146.76020292508994
20
279.16365270989206
30
0
0
SPLINE
5
1226
100
AcDbEntity
8
0
100
AcDbSpline
70
0
71
2
72
6
73
3
74
0
42
0.000000001
43
0.0000000001
44
0.0000000001
40
0
40
0
40
0
40
1
40
1
40
1
10
146.76020292508994
20
279.16365270989206
30
0
10
147.45983270872031
20
278.86695509331491
30
0
10
148.71990827787315
20
278.86695509331491
30
0
0
SPLINE
5
1227
100
AcDbEntity
8
0
100
AcDbSpline
70
0
71
2
72
6
73
3
74
0
42
0.000000001
43
0.0000000001
44
0.0000000001
40
0
40
0
40
0
40
1
40
1
40
1
10
148.71990827787315
20
278.86695509331491
30
0
10
149.89939359891807
20
278.86695509331491
30
0
10
150.6173434661666
20
279.07208090203073
30
0
0
SPLINE
5
1228
100
AcDbEntity
8
0
100
AcDbSpline
70
0
71
2
72
6
73
3
74
0
42
0.000000001
43
0.0000000001
44
0.0000000001
40
0
40
0
40
0
40
1
40
1
40
1
10
150.6173434661666
20
279.07208090203073
30
0
10
151.33529333341514
20
279.27720671074655
30
0
10
151.78950456846152
20
279.75339537041452
30
0
0
SPLINE
5
1229
100
AcDbEntity
8
0
100
AcDbSpline
70
0
71
2
72
6
73
3
74
0
42
0.000000001
43
0.0000000001
44
0.0000000001
40
0
40
0
40
0
40
1
40
1
40
1
10
151.78950456846152
20
279.75339537041452
30
0
10
152.25104479062949
20
280.22958403008249
30
0
10
152.41221575010215
20
280.83398466484812
30
0
0
SPLINE
5
1230
100
AcDbEntity
8
0
100
AcDbSpline
70
0
71
2
72
6
73
3
74
0
42
0.000000001
43
0.0000000001
44
0.0000000001
40
0
40
0
40
0
40
1
40
1
40
1
10
152.41221575010215
20
280.83398466484812
30
0
10
152.57338670957481
20
281.43837576287058
30
0
10
152.57338670957481
20
282.69112234490183
30
0
0
LINE
5
1231
100
AcDbEntity
8
0
100
AcDbLine
10
152.57338670957481
20
282.69112234490183
30
0
11
152.57338670957481
21
286.14900236504343
31
0
0
LINE
5
1232
100
AcDbEntity
8
0
100
AcDbLine
10
152.57338670957481
20
286.14900236504343
30
0
11
149.92137102353965
21
286.14900236504343
31
0
0
LINE
5
1233
100
AcDbEntity
8
0
100
AcDbLine
10
149.92137102353965
20
286.14900236504343
30
0
11
149.92137102353965
21
282.69112234490183
31
0
0
SPLINE
5
1234
100
AcDbEntity
8
0
100
AcDbSpline
70
0
71
2
72
6
73
3
74
0
42
0.000000001
43
0.0000000001
44
0.0000000001
40
0
40
0
40
0
40
1
40
1
40
1
10
149.92137102353965
20
282.69112234490183
30
0
10
149.92137102353965
20
282.0610869445112
30
0
10
149.8591008590499
20
281.76438932793405
30
0
0
SPLINE
5
1235
100
AcDbEntity
8
0
100
AcDbSpline
70
0
71
2
72
6
73
3
74
0
42
0.000000001
43
0.0000000001
44
0.0000000001
40
0
40
0
40
0
40
1
40
1
40
1
10
149.8591008590499
20
281.76438932793405
30
0
10
149.79683069456016
20
281.46768217461374
30
0
10
149.62100652921592
20
281.28452902214792
30
0
0
SPLINE
5
1236
100
AcDbEntity
8
0
100
AcDbSpline
70
0
71
2
72
6
73
3
74
0
42
0.000000001
43
0.0000000001
44
0.0000000001
40
0
40
0
40
0
40
1
40
1
40
1
10
149.62100652921592
20
281.28452902214792
30
0
10
149.24005178678428
20
280.86695318596628
30
0
10
147.87008909452354
20
280.86695318596628
30
0
0
SPLINE
5
1237
100
AcDbEntity
8
0
100
AcDbSpline
70
0
71
2
72
6
73
3
74
0
42
0.000000001
43
0.0000000001
44
0.0000000001
40
0
40
0
40
0
40
1
40
1
40
1
10
147.87008909452354
20
280.86695318596628
30
0
10
146.47082475889121
20
280.86695318596628
30
0
10
146.01660875547324
20
281.32115965264109
30
0
0
SPLINE
5
1238
100
AcDbEntity
8
0
100
AcDbSpline
70
0
71
2
72
6
73
3
74
0
42
0.000000001
43
0.0000000001
44
0.0000000001
40
0
40
0
40
0
40
1
40
1
40
1
10
146.01660875547324
20
281.32115965264109
30
0
10
145.78217653501426
20
281.54826765435007
30
0
10
145.69792894590293
20
281.92556028740671
30
0
0
SPLINE
5
1239
100
AcDbEntity
8
0
100
AcDbSpline
70
0
71
2
72
6
73
3
74
0
42
0.000000001
43
0.0000000001
44
0.0000000001
40
0
40
0
40
0
40
1
40
1
40
1
10
145.69792894590293
20
281.92556028740671
30
0
10
145.6136813567916
20
282.30285292046335
30
0
10
145.6136813567916
20
283.11603193657663
30
0
0
LINE
5
1240
100
AcDbEntity
8
0
100
AcDbLine
10
145.6136813567916
20
283.11603193657663
30
0
11
145.6136813567916
21
286.14900236504343
31
0
0
LINE
5
1241
100
AcDbEntity
8
0
100
AcDbLine
10
145.6136813567916
20
286.14900236504343
30
0
11
142.96166567075645
21
286.14900236504343
31
0
0
LINE
5
1242
100
AcDbEntity
8
0
100
AcDbLine
10
142.96166567075645
20
286.14900236504343
30
0
11
142.96166567075645
21
276.14900236504343
31
0
0
SPLINE
5
1243
100
AcDbEntity
8
0
100
AcDbSpline
70
0
71
2
72
6
73
3
74
0
42
0.000000001
43
0.0000000001
44
0.0000000001
40
0
40
0
40
0
40
1
40
1
40
1
10
158.55873255002891
20
278.86695509331491
30
0
10
160.36825803983604
20
278.86695509331491
30
0
10
161.26569418180381
20
279.00980596916941
30
0
0
SPLINE
5
1244
100
AcDbEntity
8
0
100
AcDbSpline
70
0
71
2
72
6
73
3
74
0
42
0.000000001
43
0.0000000001
44
0.0000000001
40
0
40
0
40
0
40
1
40
1
40
1
10
161.26569418180381
20
279.00980596916941
30
0
10
162.16313032377158
20
279.15266638176706
30
0
10
162.66862539518272
20
279.51896314995554
30
0
0
SPLINE
5
1245
100
AcDbEntity
8
0
100
AcDbSpline
70
0
71
2
72
6
73
3
74
0
42
0.000000001
43
0.0000000001
44
0.0000000001
40
0
40
0
40
0
40
1
40
1
40
1
10
162.66862539518272
20
279.51896314995554
30
0
10
163.19609312284385
20
279.89991789238718
30
0
10
163.38657049405967
20
280.5153048552778
30
0
0
SPLINE
5
1246
100
AcDbEntity
8
0
100
AcDbSpline
70
0
71
2
72
6
73
3
74
0
42
0.000000001
43
0.0000000001
44
0.0000000001
40
0
40
0
40
0
40
1
40
1
40
1
10
163.38657049405967
20
280.5153048552778
30
0
10
163.57704786527549
20
281.13069181816843
30
0
10
163.57704786527549
20
282.46402387993601
30
0
0
SPLINE
5
1247
100
AcDbEntity
8
0
100
AcDbSpline
70
0
71
2
72
6
73
3
74
0
42
0.000000001
43
0.0000000001
44
0.0000000001
40
0
40
0
40
0
40
1
40
1
40
1
10
163.57704786527549
20
282.46402387993601
30
0
10
163.57704786527549
20
283.45303182976511
30
0
10
163.52210668790732
20
283.94754057305124
30
0
0
SPLINE
5
1248
100
AcDbEntity
8
0
100
AcDbSpline
70
0
71
2
72
6
73
3
74
0
42
0.000000001
43
0.0000000001
44
0.0000000001
40
0
40
0
40
0
40
1
40
1
40
1
10
163.52210668790732
20
283.94754057305124
30
0
10
163.467155973796
20
284.44203977959421
30
0
10
163.3206429885665
20
284.83764295952585
30
0
0
SPLINE
5
1249
100
AcDbEntity
8
0
100
AcDbSpline
70
0
71
2
72
6
73
3
74
0
42
0.000000001
43
0.0000000001
44
0.0000000001
40
0
40
0
40
0
40
1
40
1
40
1
10
163.3206429885665
20
284.83764295952585
30
0
10
162.93968824613486
20
285.83398466484812
30
0
10
161.77485136258994
20
286.1050379790571
30
0
0
SPLINE
5
1250
100
AcDbEntity
8
0
100
AcDbSpline
70
0
71
2
72
6
73
3
74
0
42
0.000000001
43
0.0000000001
44
0.0000000001
40
0
40
0
40
0
40
1
40
1
40
1
10
161.77485136258994
20
286.1050379790571
30
0
10
160.80781606901084
20
286.33214598076609
30
0
10
158.56606153715049
20
286.33214598076609
30
0
0
SPLINE
5
1251
100
AcDbEntity
8
0
100
AcDbSpline
70
0
71
2
72
6
73
3
74
0
42
0.000000001
43
0.0000000001
44
0.0000000001
40
0
40
0
40
0
40
1
40
1
40
1
10
158.56606153715049
20
286.33214598076609
30
0
10
156.58071188199912
20
286.33214598076609
30
0
10
155.72356847989951
20
286.18930464165476
30
0
0
SPLINE
5
1252
100
AcDbEntity
8
0
100
AcDbSpline
70
0
71
2
72
6
73
3
74
0
42
0.000000001
43
0.0000000001
44
0.0000000001
40
0
40
0
40
0
40
1
40
1
40
1
10
155.72356847989951
20
286.18930464165476
30
0
10
154.8664250777999
20
286.0464442290571
30
0
10
154.35360578763877
20
285.62152510063913
30
0
0
SPLINE
5
1253
100
AcDbEntity
8
0
100
AcDbSpline
70
0
71
2
72
6
73
3
74
0
42
0.000000001
43
0.0000000001
44
0.0000000001
40
0
40
0
40
0
40
1
40
1
40
1
10
154.35360578763877
20
285.62152510063913
30
0
10
153.86276392209922
20
285.21859770195749
30
0
10
153.69792608487998
20
284.5665801085737
30
0
0
SPLINE
5
1254
100
AcDbEntity
8
0
100
AcDbSpline
70
0
71
2
72
6
73
3
74
0
42
0.000000001
43
0.0000000001
44
0.0000000001
40
0
40
0
40
0
40
1
40
1
40
1
10
153.69792608487998
20
284.5665801085737
30
0
10
153.53309301603232
20
283.91457205193308
30
0
10
153.53309301603232
20
282.36878042595652
30
0
0
SPLINE
5
1255
100
AcDbEntity
8
0
100
AcDbSpline
70
0
71
2
72
6
73
3
74
0
42
0.000000001
43
0.0000000001
44
0.0000000001
40
0
40
0
40
0
40
1
40
1
40
1
10
153.53309301603232
20
282.36878042595652
30
0
10
153.53309301603232
20
281.48966436760691
30
0
10
153.60269216764365
20
281.03178625481394
30
0
0
SPLINE
5
1256
100
AcDbEntity
8
0
100
AcDbSpline
70
0
71
2
72
6
73
3
74
0
42
0.000000001
43
0.0000000001
44
0.0000000001
40
0
40
0
40
0
40
1
40
1
40
1
10
153.60269216764365
20
281.03178625481394
30
0
10
153.6722865508834
20
280.57390814202097
30
0
10
153.87008814084922
20
280.19296293633249
30
0
0
SPLINE
5
1257
100
AcDbEntity
8
0
100
AcDbSpline
70
0
71
2
72
6
73
3
74
0
42
0.000000001
43
0.0000000001
44
0.0000000001
40
0
40
0
40
0
40
1
40
1
40
1
10
153.87008814084922
20
280.19296293633249
30
0
10
154.27302030790244
20
279.41640501396921
30
0
10
155.23272661435996
20
279.14534216301706
30
0
0
SPLINE
5
1258
100
AcDbEntity
8
0
100
AcDbSpline
70
0
71
2
72
6
73
3
74
0
42
0.000000001
43
0.0000000001
44
0.0000000001
40
0
40
0
40
0
40
1
40
1
40
1
10
155.23272661435996
20
279.14534216301706
30
0
10
156.19243292081748
20
278.87427931206491
30
0
10
158.55873255002891
20
278.86695509331491
30
0
0
SPLINE
5
1259
100
AcDbEntity
8
0
100
AcDbSpline
70
0
71
2
72
6
73
3
74
0
42
0.000000001
43
0.0000000001
44
0.0000000001
40
0
40
0
40
0
40
1
40
1
40
1
10
158.58070997465049
20
280.86695318596628
30
0
10
157.26203111875449
20
280.86695318596628
30
0
10
156.80049089658652
20
281.0720789946821
30
0
0
SPLINE
5
1260
100
AcDbEntity
8
0
100
AcDbSpline
70
0
71
2
72
6
73
3
74
0
42
0.000000001
43
0.0000000001
44
0.0000000001
40
0
40
0
40
0
40
1
40
1
40
1
10
156.80049089658652
20
281.0720789946821
30
0
10
156.46349577176963
20
281.22592573540476
30
0
10
156.32430223691856
20
281.58489828484323
30
0
0
SPLINE
5
1261
100
AcDbEntity
8
0
100
AcDbSpline
70
0
71
2
72
6
73
3
74
0
42
0.000000001
43
0.0000000001
44
0.0000000001
40
0
40
0
40
0
40
1
40
1
40
1
10
156.32430223691856
20
281.58489828484323
30
0
10
156.18510870206748
20
281.94387083428171
30
0
10
156.18510870206748
20
282.64716749565866
30
0
0
SPLINE
5
1262
100
AcDbEntity
8
0
100
AcDbSpline
70
0
71
2
72
6
73
3
74
0
42
0.000000001
43
0.0000000001
44
0.0000000001
40
0
40
0
40
0
40
1
40
1
40
1
10
156.18510870206748
20
282.64716749565866
30
0
10
156.18510870206748
20
283.34313993828562
30
0
10
156.30232481229697
20
283.64350920098093
30
0
0
SPLINE
5
1263
100
AcDbEntity
8
0
100
AcDbSpline
70
0
71
2
72
6
73
3
74
0
42
0.000000001
43
0.0000000001
44
0.0000000001
40
0
40
0
40
0
40
1
40
1
40
1
10
156.30232481229697
20
283.64350920098093
30
0
10
156.41954092252647
20
283.94387846367624
30
0
10
156.74921182859336
20
284.09771566765573
30
0
0
SPLINE
5
1264
100
AcDbEntity
8
0
100
AcDbSpline
70
0
71
2
72
6
73
3
74
0
42
0.000000001
43
0.0000000001
44
0.0000000001
40
0
40
0
40
0
40
1
40
1
40
1
10
156.74921182859336
20
284.09771566765573
30
0
10
157.25470690000449
20
284.33214788811472
30
0
10
158.57338575590049
20
284.33214788811472
30
0
0
SPLINE
5
1265
100
AcDbEntity
8
0
100
AcDbSpline
70
0
71
2
72
6
73
3
74
0
42
0.000000001
43
0.0000000001
44
0.0000000001
40
0
40
0
40
0
40
1
40
1
40
1
10
158.57338575590049
20
284.33214788811472
30
0
10
160.08254675138389
20
284.33214788811472
30
0
10
160.50378469694053
20
284.01713018791941
30
0
0
SPLINE
5
1266
100
AcDbEntity
8
0
100
AcDbSpline
70
0
71
2
72
6
73
3
74
0
42
0.000000001
43
0.0000000001
44
0.0000000001
40
0
40
0
40
0
40
1
40
1
40
1
10
160.50378469694053
20
284.01713018791941
30
0
10
160.92503217924033
20
283.70211248772409
30
0
10
160.92503217924033
20
282.5812399901655
30
0
0
SPLINE
5
1267
100
AcDbEntity
8
0
100
AcDbSpline
70
0
71
2
72
6
73
3
74
0
42
0.000000001
43
0.0000000001
44
0.0000000001
40
0
40
0
40
0
40
1
40
1
40
1
10
160.92503217924033
20
282.5812399901655
30
0
10
160.92503217924033
20
281.87794332878855
30
0
10
160.79316763151084
20
281.55559187310007
30
0
0
SPLINE
5
1268
100
AcDbEntity
8
0
100
AcDbSpline
70
0
71
2
72
6
73
3
74
0
42
0.000000001
43
0.0000000001
44
0.0000000001
40
0
40
0
40
0
40
1
40
1
40
1
10
160.79316763151084
20
281.55559187310007
30
0
10
160.66129354703818
20
281.23324995415476
30
0
10
160.31697897184287
20
281.0867274321821
30
0
0
SPLINE
5
1269
100
AcDbEntity
8
0
100
AcDbSpline
70
0
71
2
72
6
73
3
74
0
42
0.000000001
43
0.0000000001
44
0.0000000001
40
0
40
0
40
0
40
1
40
1
40
1
10
160.31697897184287
20
281.0867274321821
30
0
10
159.81148390043174
20
280.86695318596628
30
0
10
158.58070997465049
20
280.86695318596628
30
0
0
LINE
5
1270
100
AcDbEntity
8
0
100
AcDbLine
10
165.51844267118369
20
277.41639738457468
30
0
11
168.17045835721885
21
277.41639738457468
31
0
0
LINE
5
1271
100
AcDbEntity
8
0
100
AcDbLine
10
168.17045835721885
20
277.41639738457468
30
0
11
168.17045835721885
21
279.05009870903757
31
0
0
LINE
5
1272
100
AcDbEntity
8
0
100
AcDbLine
10
168.17045835721885
20
279.05009870903757
30
0
11
172.3682561324874
21
279.05009870903757
31
0
0
LINE
5
1273
100
AcDbEntity
8
0
100
AcDbLine
10
172.3682561324874
20
279.05009870903757
30
0
11
172.3682561324874
21
280.94753866570261
31
0
0
LINE
5
1274
100
AcDbEntity
8
0
100
AcDbLine
10
172.3682561324874
20
280.94753866570261
30
0
11
168.17045835721885
21
280.94753866570261
31
0
0
LINE
5
1275
100
AcDbEntity
8
0
100
AcDbLine
10
168.17045835721885
20
280.94753866570261
30
0
11
168.17045835721885
21
283.0134738005903
31
0
0
SPLINE
5
1276
100
AcDbEntity
8
0
100
AcDbSpline
70
0
71
2
72
6
73
3
74
0
42
0.000000001
43
0.0000000001
44
0.0000000001
40
0
40
0
40
0
40
1
40
1
40
1
10
168.17045835721885
20
283.0134738005903
30
0
10
168.17045835721885
20
283.84863500969675
30
0
10
168.28767446744834
20
284.06109457390573
30
0
0
SPLINE
5
1277
100
AcDbEntity
8
0
100
AcDbSpline
70
0
71
2
72
6
73
3
74
0
42
0.000000001
43
0.0000000001
44
0.0000000001
40
0
40
0
40
0
40
1
40
1
40
1
10
168.28767446744834
20
284.06109457390573
30
0
10
168.48547605741416
20
284.42739134209421
30
0
10
169.22540334928428
20
284.42739134209421
30
0
0
SPLINE
5
1278
100
AcDbEntity
8
0
100
AcDbSpline
70
0
71
2
72
6
73
3
74
0
42
0.000000001
43
0.0000000001
44
0.0000000001
40
0
40
0
40
0
40
1
40
1
40
1
10
169.22540334928428
20
284.42739134209421
30
0
10
169.9946275161544
20
284.42739134209421
30
0
10
170.17778066862022
20
284.07574301140573
30
0
0
SPLINE
5
1279
100
AcDbEntity
8
0
100
AcDbSpline
70
0
71
2
72
6
73
3
74
0
42
0.000000001
43
0.0000000001
44
0.0000000001
40
0
40
0
40
0
40
1
40
1
40
1
10
170.17778066862022
20
284.07574301140573
30
0
10
170.25104192960654
20
283.93654470818308
30
0
10
170.26569036710654
20
283.80101805107859
30
0
0
SPLINE
5
1280
100
AcDbEntity
8
0
100
AcDbSpline
70
0
71
2
72
6
73
3
74
0
42
0.000000001
43
0.0000000001
44
0.0000000001
40
0
40
0
40
0
40
1
40
1
40
1
10
170.26569036710654
20
283.80101805107859
30
0
10
170.28034834134971
20
283.66548185723093
30
0
10
170.28034834134971
20
283.10870771782663
30
0
0
LINE
5
1281
100
AcDbEntity
8
0
100
AcDbLine
10
170.28034834134971
20
283.10870771782663
30
0
11
172.70525602567588
21
283.10870771782663
31
0
0
SPLINE
5
1282
100
AcDbEntity
8
0
100
AcDbSpline
70
0
71
2
72
6
73
3
74
0
42
0.000000001
43
0.0000000001
44
0.0000000001
40
0
40
0
40
0
40
1
40
1
40
1
10
172.70525602567588
20
283.10870771782663
30
0
10
172.69059805143272
20
284.1270220793989
30
0
10
172.58437780607139
20
284.58123808281687
30
0
0
SPLINE
5
1283
100
AcDbEntity
8
0
100
AcDbSpline
70
0
71
2
72
6
73
3
74
0
42
0.000000001
43
0.0000000001
44
0.0000000001
40
0
40
0
40
0
40
1
40
1
40
1
10
172.58437780607139
20
284.58123808281687
30
0
10
172.4781480239669
20
285.03545408623484
30
0
10
172.17045454252158
20
285.42373304741648
30
0
0
SPLINE
5
1284
100
AcDbEntity
8
0
100
AcDbSpline
70
0
71
2
72
6
73
3
74
0
42
0.000000001
43
0.0000000001
44
0.0000000001
40
0
40
0
40
0
40
1
40
1
40
1
10
172.17045454252158
20
285.42373304741648
30
0
10
171.77485136258994
20
285.92921858208445
30
0
10
171.07521681058799
20
286.13069181816843
30
0
0
SPLINE
5
1285
100
AcDbEntity
8
0
100
AcDbSpline
70
0
71
2
72
6
73
3
74
0
42
0.000000001
43
0.0000000001
44
0.0000000001
40
0
40
0
40
0
40
1
40
1
40
1
10
171.07521681058799
20
286.13069181816843
30
0
10
170.37558225858604
20
286.33214598076609
30
0
10
168.99829534757529
20
286.33214598076609
30
0
0
SPLINE
5
1286
100
AcDbEntity
8
0
100
AcDbSpline
70
0
71
2
72
6
73
3
74
0
42
0.000000001
43
0.0000000001
44
0.0000000001
40
0
40
0
40
0
40
1
40
1
40
1
10
168.99829534757529
20
286.33214598076609
30
0
10
167.72356657255088
20
286.33214598076609
30
0
10
167.10451750028525
20
286.19296675102976
30
0
0
SPLINE
5
1287
100
AcDbEntity
8
0
100
AcDbSpline
70
0
71
2
72
6
73
3
74
0
42
0.000000001
43
0.0000000001
44
0.0000000001
40
0
40
0
40
0
40
1
40
1
40
1
10
167.10451750028525
20
286.19296675102976
30
0
10
166.48547796476279
20
286.0537684478071
30
0
10
166.09719900358115
20
285.67281370537546
30
0
0
SPLINE
5
1288
100
AcDbEntity
8
0
100
AcDbSpline
70
0
71
2
72
6
73
3
74
0
42
0.000000001
43
0.0000000001
44
0.0000000001
40
0
40
0
40
0
40
1
40
1
40
1
10
166.09719900358115
20
285.67281370537546
30
0
10
165.81147817838584
20
285.39441709893015
30
0
10
165.68693784940635
20
285.06475096123484
30
0
0
SPLINE
5
1289
100
AcDbEntity
8
0
100
AcDbSpline
70
0
71
2
72
6
73
3
74
0
42
0.000000001
43
0.0000000001
44
0.0000000001
40
0
40
0
40
0
40
1
40
1
40
1
10
165.68693784940635
20
285.06475096123484
30
0
10
165.56239752042686
20
284.73508482353952
30
0
10
165.53309110868369
20
284.15632849114206
30
0
0
SPLINE
5
1290
100
AcDbEntity
8
0
100
AcDbSpline
70
0
71
2
72
6
73
3
74
0
42
0.000000001
43
0.0000000001
44
0.0000000001
40
0
40
0
40
0
40
1
40
1
40
1
10
165.53309110868369
20
284.15632849114206
30
0
10
165.51844267118369
20
283.94387846367624
30
0
10
165.51844267118369
20
283.0134738005903
30
0
0
LINE
5
1291
100
AcDbEntity
8
0
100
AcDbLine
10
165.51844267118369
20
283.0134738005903
30
0
11
165.51844267118369
21
280.94753866570261
31
0
0
LINE
5
1292
100
AcDbEntity
8
0
100
AcDbLine
10
165.51844267118369
20
280.94753866570261
30
0
11
164.11917356717979
21
280.94753866570261
31
0
0
LINE
5
1293
100
AcDbEntity
8
0
100
AcDbLine
10
164.11917356717979
20
280.94753866570261
30
0
11
164.11917356717979
21
279.05009870903757
31
0
0
LINE
5
1294
100
AcDbEntity
8
0
100
AcDbLine
10
164.11917356717979
20
279.05009870903757
30
0
11
165.51844267118369
21
279.05009870903757
31
0
0
LINE
5
1295
100
AcDbEntity
8
0
100
AcDbLine
10
165.51844267118369
20
279.05009870903757
30
0
11
165.51844267118369
21
277.41639738457468
31
0
0
SPLINE
5
1296
100
AcDbEntity
8
0
100
AcDbSpline
70
0
71
2
72
6
73
3
74
0
42
0.000000001
43
0.0000000001
44
0.0000000001
40
0
40
0
40
0
40
1
40
1
40
1
10
178.3536019729415
20
278.86695509331491
30
0
10
180.16312269437705
20
278.86695509331491
30
0
10
181.06055883634482
20
279.00980596916941
30
0
0
SPLINE
5
1297
100
AcDbEntity
8
0
100
AcDbSpline
70
0
71
2
72
6
73
3
74
0
42
0.000000001
43
0.0000000001
44
0.0000000001
40
0
40
0
40
0
40
1
40
1
40
1
10
181.06055883634482
20
279.00980596916941
30
0
10
181.9579949783126
20
279.15266638176706
30
0
10
182.46349004972373
20
279.51896314995554
30
0
0
SPLINE
5
1298
100
AcDbEntity
8
0
100
AcDbSpline
70
0
71
2
72
6
73
3
74
0
42
0.000000001
43
0.0000000001
44
0.0000000001
40
0
40
0
40
0
40
1
40
1
40
1
10
182.46349004972373
20
279.51896314995554
30
0
10
182.99095777738486
20
279.89991789238718
30
0
10
183.18143514860068
20
280.5153048552778
30
0
0
SPLINE
5
1299
100
AcDbEntity
8
0
100
AcDbSpline
70
0
71
2
72
6
73
3
74
0
42
0.000000001
43
0.0000000001
44
0.0000000001
40
0
40
0
40
0
40
1
40
1
40
1
10
183.18143514860068
20
280.5153048552778
30
0
10
183.3719125198165
20
281.13069181816843
30
0
10
183.3719125198165
20
282.46402387993601
30
0
0
SPLINE
5
1300
100
AcDbEntity
8
0
100
AcDbSpline
70
0
71
2
72
6
73
3
74
0
42
0.000000001
43
0.0000000001
44
0.0000000001
40
0
40
0
40
0
40
1
40
1
40
1
10
183.3719125198165
20
282.46402387993601
30
0
10
183.3719125198165
20
283.45303182976511
30
0
10
183.31697134244834
20
283.94754057305124
30
0
0
SPLINE
5
1301
100
AcDbEntity
8
0
100
AcDbSpline
70
0
71
2
72
6
73
3
74
0
42
0.000000001
43
0.0000000001
44
0.0000000001
40
0
40
0
40
0
40
1
40
1
40
1
10
183.31697134244834
20
283.94754057305124
30
0
10
183.26202062833701
20
284.44203977959421
30
0
10
183.11550764310752
20
284.83764295952585
30
0
0
SPLINE
5
1302
100
AcDbEntity
8
0
100
AcDbSpline
70
0
71
2
72
6
73
3
74
0
42
0.000000001
43
0.0000000001
44
0.0000000001
40
0
40
0
40
0
40
1
40
1
40
1
10
183.11550764310752
20
284.83764295952585
30
0
10
182.73455290067588
20
285.83398466484812
30
0
10
181.56971601713096
20
286.1050379790571
30
0
0
SPLINE
5
1303
100
AcDbEntity
8
0
100
AcDbSpline
70
0
71
2
72
6
73
3
74
0
42
0.000000001
43
0.0000000001
44
0.0000000001
40
0
40
0
40
0
40
1
40
1
40
1
10
181.56971601713096
20
286.1050379790571
30
0
10
180.60268072355186
20
286.33214598076609
30
0
10
178.3609261916915
20
286.33214598076609
30
0
0
SPLINE
5
1304
100
AcDbEntity
8
0
100
AcDbSpline
70
0
71
2
72
6
73
3
74
0
42
0.000000001
43
0.0000000001
44
0.0000000001
40
0
40
0
40
0
40
1
40
1
40
1
10
178.3609261916915
20
286.33214598076609
30
0
10
176.37557653654014
20
286.33214598076609
30
0
10
175.51843313444053
20
286.18930464165476
30
0
0
SPLINE
5
1305
100
AcDbEntity
8
0
100
AcDbSpline
70
0
71
2
72
6
73
3
74
0
42
0.000000001
43
0.0000000001
44
0.0000000001
40
0
40
0
40
0
40
1
40
1
40
1
10
175.51843313444053
20
286.18930464165476
30
0
10
174.66128973234092
20
286.0464442290571
30
0
10
174.14847044217979
20
285.62152510063913
30
0
0
SPLINE
5
1306
100
AcDbEntity
8
0
100
AcDbSpline
70
0
71
2
72
6
73
3
74
0
42
0.000000001
43
0.0000000001
44
0.0000000001
40
0
40
0
40
0
40
1
40
1
40
1
10
174.14847044217979
20
285.62152510063913
30
0
10
173.65762380826865
20
285.21859770195749
30
0
10
173.492790739421
20
284.5665801085737
30
0
0
SPLINE
5
1307
100
AcDbEntity
8
0
100
AcDbSpline
70
0
71
2
72
6
73
3
74
0
42
0.000000001
43
0.0000000001
44
0.0000000001
40
0
40
0
40
0
40
1
40
1
40
1
10
173.492790739421
20
284.5665801085737
30
0
10
173.32795767057334
20
283.91457205193308
30
0
10
173.32795767057334
20
282.36878042595652
30
0
0
SPLINE
5
1308
100
AcDbEntity
8
0
100
AcDbSpline
70
0
71
2
72
6
73
3
74
0
42
0.000000001
43
0.0000000001
44
0.0000000001
40
0
40
0
40
0
40
1
40
1
40
1
10
173.32795767057334
20
282.36878042595652
30
0
10
173.32795767057334
20
281.48966436760691
30
0
10
173.39755682218467
20
281.03178625481394
30
0
0
SPLINE
5
1309
100
AcDbEntity
8
0
100
AcDbSpline
70
0
71
2
72
6
73
3
74
0
42
0.000000001
43
0.0000000001
44
0.0000000001
40
0
40
0
40
0
40
1
40
1
40
1
10
173.39755682218467
20
281.03178625481394
30
0
10
173.467155973796
20
280.57390814202097
30
0
10
173.66495756376182
20
280.19296293633249
30
0
0
SPLINE
5
1310
100
AcDbEntity
8
0
100
AcDbSpline
70
0
71
2
72
6
73
3
74
0
42
0.000000001
43
0.0000000001
44
0.0000000001
40
0
40
0
40
0
40
1
40
1
40
1
10
173.66495756376182
20
280.19296293633249
30
0
10
174.06788496244346
20
279.41640501396921
30
0
10
175.02759603727256
20
279.14534216301706
30
0
0
SPLINE
5
1311
100
AcDbEntity
8
0
100
AcDbSpline
70
0
71
2
72
6
73
3
74
0
42
0.000000001
43
0.0000000001
44
0.0000000001
40
0
40
0
40
0
40
1
40
1
40
1
10
175.02759603727256
20
279.14534216301706
30
0
10
175.9872975753585
20
278.87427931206491
30
0
10
178.3536019729415
20
278.86695509331491
30
0
0
SPLINE
5
1312
100
AcDbEntity
8
0
100
AcDbSpline
70
0
71
2
72
6
73
3
74
0
42
0.000000001
43
0.0000000001
44
0.0000000001
40
0
40
0
40
0
40
1
40
1
40
1
10
178.3755746291915
20
280.86695318596628
30
0
10
177.05689100492393
20
280.86695318596628
30
0
10
176.59536031949912
20
281.0720789946821
30
0
0
SPLINE
5
1313
100
AcDbEntity
8
0
100
AcDbSpline
70
0
71
2
72
6
73
3
74
0
42
0.000000001
43
0.0000000001
44
0.0000000001
40
0
40
0
40
0
40
1
40
1
40
1
10
176.59536031949912
20
281.0720789946821
30
0
10
176.25836042631065
20
281.22592573540476
30
0
10
176.11916212308799
20
281.58489828484323
30
0
0
SPLINE
5
1314
100
AcDbEntity
8
0
100
AcDbSpline
70
0
71
2
72
6
73
3
74
0
42
0.000000001
43
0.0000000001
44
0.0000000001
40
0
40
0
40
0
40
1
40
1
40
1
10
176.11916212308799
20
281.58489828484323
30
0
10
175.9799733566085
20
281.94387083428171
30
0
10
175.9799733566085
20
282.64716749565866
30
0
0
SPLINE
5
1315
100
AcDbEntity
8
0
100
AcDbSpline
70
0
71
2
72
6
73
3
74
0
42
0.000000001
43
0.0000000001
44
0.0000000001
40
0
40
0
40
0
40
1
40
1
40
1
10
175.9799733566085
20
282.64716749565866
30
0
10
175.9799733566085
20
283.34313993828562
30
0
10
176.09718946683799
20
283.64350920098093
30
0
0
SPLINE
5
1316
100
AcDbEntity
8
0
100
AcDbSpline
70
0
71
2
72
6
73
3
74
0
42
0.000000001
43
0.0000000001
44
0.0000000001
40
0
40
0
40
0
40
1
40
1
40
1
10
176.09718946683799
20
283.64350920098093
30
0
10
176.21440557706748
20
283.94387846367624
30
0
10
176.54407171476279
20
284.09771566765573
30
0
0
SPLINE
5
1317
100
AcDbEntity
8
0
100
AcDbSpline
70
0
71
2
72
6
73
3
74
0
42
0.000000001
43
0.0000000001
44
0.0000000001
40
0
40
0
40
0
40
1
40
1
40
1
10
176.54407171476279
20
284.09771566765573
30
0
10
177.04956678617393
20
284.33214788811472
30
0
10
178.3682504104415
20
284.33214788811472
30
0
0
SPLINE
5
1318
100
AcDbEntity
8
0
100
AcDbSpline
70
0
71
2
72
6
73
3
74
0
42
0.000000001
43
0.0000000001
44
0.0000000001
40
0
40
0
40
0
40
1
40
1
40
1
10
178.3682504104415
20
284.33214788811472
30
0
10
179.8774114059249
20
284.33214788811472
30
0
10
180.29864935148154
20
284.01713018791941
30
0
0
SPLINE
5
1319
100
AcDbEntity
8
0
100
AcDbSpline
70
0
71
2
72
6
73
3
74
0
42
0.000000001
43
0.0000000001
44
0.0000000001
40
0
40
0
40
0
40
1
40
1
40
1
10
180.29864935148154
20
284.01713018791941
30
0
10
180.71989683378135
20
283.70211248772409
30
0
10
180.71989683378135
20
282.5812399901655
30
0
0
SPLINE
5
1320
100
AcDbEntity
8
0
100
AcDbSpline
70
0
71
2
72
6
73
3
74
0
42
0.000000001
43
0.0000000001
44
0.0000000001
40
0
40
0
40
0
40
1
40
1
40
1
10
180.71989683378135
20
282.5812399901655
30
0
10
180.71989683378135
20
281.87794332878855
30
0
10
180.58803228605186
20
281.55559187310007
30
0
0
SPLINE
5
1321
100
AcDbEntity
8
0
100
AcDbSpline
70
0
71
2
72
6
73
3
74
0
42
0.000000001
43
0.0000000001
44
0.0000000001
40
0
40
0
40
0
40
1
40
1
40
1
10
180.58803228605186
20
281.55559187310007
30
0
10
180.4561582015792
20
281.23324995415476
30
0
10
180.11184362638389
20
281.0867274321821
30
0
0
SPLINE
5
1322
100
AcDbEntity
8
0
100
AcDbSpline
70
0
71
2
72
6
73
3
74
0
42
0.000000001
43
0.0000000001
44
0.0000000001
40
0
40
0
40
0
40
1
40
1
40
1
10
180.11184362638389
20
281.0867274321821
30
0
10
179.60634855497275
20
280.86695318596628
30
0
10
178.3755746291915
20
280.86695318596628
30
0
0
LWPOLYLINE
5
1323
100
AcDbEntity
8
0
100
AcDbPolyline
90
4
70
1
43
0.0
10
184.62466863859092
20
283.48966246025827
10
187.82613424528037
20
283.48966246025827
10
187.82613424528037
20
286.14900236504343
10
184.62466863859092
20
286.14900236504343
0
ENDSEC
0
SECTION
2
OBJECTS
0
DICTIONARY
5
C
100
AcDbDictionary
3
ACAD_GROUP
350
D
3
ACAD_MLINESTYLE
350
17
0
DICTIONARY
5
D
100
AcDbDictionary
0
DICTIONARY
5
1A
330
C
100
AcDbDictionary
0
DICTIONARY
5
17
100
AcDbDictionary
0
ENDSEC
0
EOF
